model,strategy,fold,repeat,fold_in_repeat,outer_random_state,inner_random_state,search_random_state,estimator_random_state,threshold_random_state,threshold,accuracy,balanced_accuracy,precision,recall,f1,roc_auc,pr_auc,mcc,tn,fp,fn,tp
Logistic Regression,No handling,0,0,0.0,2684470948.0,4029279179.0,4105897265.0,102725933.0,3512649701.0,0.5,0.898936170212766,0.7064927059790426,0.9285714285714286,0.41935483870967744,0.5777777777777777,0.870351345798233,0.7503079392409212,0.5837497966918951,156,1,18,13
Logistic Regression,No handling,1,0,1.0,2684470948.0,1907587041.0,1825371592.0,2549310062.0,2096371409.0,0.5,0.8670212765957447,0.6097185124306554,0.875,0.22580645161290322,0.358974358974359,0.7780973905896855,0.5694461356819117,0.4034217728037728,156,1,24,7
Logistic Regression,No handling,2,0,2.0,2684470948.0,550160846.0,2049507875.0,4055454050.0,2719828950.0,0.5,0.8563829787234043,0.6445147679324894,0.5882352941176471,0.3333333333333333,0.425531914893617,0.8651898734177216,0.617493915934586,0.36907011523618055,151,7,20,10
Logistic Regression,No handling,3,0,3.0,2684470948.0,456733724.0,996297436.0,1996296376.0,1673607927.0,0.5,0.851063829787234,0.5468354430379747,0.75,0.1,0.17647058823529413,0.7772151898734176,0.6034601253894181,0.2377140723371707,157,1,27,3
Logistic Regression,No handling,4,0,4.0,2684470948.0,3899025672.0,587376926.0,1446288183.0,30325782.0,0.5,0.8617021276595744,0.580168776371308,0.8333333333333334,0.16666666666666666,0.2777777777777778,0.7732067510548523,0.5656943815698682,0.3340512508171713,157,1,25,5
Logistic Regression,No handling,5,1,0.0,4091952314.0,2709696717.0,1354799501.0,1282762961.0,3021396993.0,0.5,0.8776595744680851,0.6549208958290528,0.8333333333333334,0.3225806451612903,0.46511627906976744,0.7947400862954592,0.5763464626375245,0.47035277592089136,155,2,21,10
Logistic Regression,No handling,6,1,1.0,4091952314.0,241719485.0,1780566804.0,2836972548.0,8076297.0,0.5,0.8723404255319149,0.6517361824532566,0.7692307692307693,0.3225806451612903,0.45454545454545453,0.7780973905896856,0.5975977623424564,0.44387340189353125,154,3,21,10
Logistic Regression,No handling,7,1,2.0,4091952314.0,3113315634.0,4286836222.0,3854364186.0,1215598099.0,0.5,0.8670212765957447,0.5833333333333334,1.0,0.16666666666666666,0.2857142857142857,0.7763713080168776,0.595260861164422,0.3793388938100241,158,0,25,5
Logistic Regression,No handling,8,1,3.0,4091952314.0,523556381.0,1231798989.0,2059904202.0,4262543476.0,0.5,0.898936170212766,0.6833333333333333,1.0,0.36666666666666664,0.5365853658536586,0.8827004219409283,0.7879486481692516,0.5721074793995741,158,0,19,11
Logistic Regression,No handling,9,1,4.0,4091952314.0,3458391536.0,2810828935.0,2274104450.0,1108222719.0,0.5,0.8882978723404256,0.7310126582278481,0.7142857142857143,0.5,0.5882352941176471,0.8687763713080169,0.6649946125045519,0.5371394635115445,152,6,15,15
Logistic Regression,No handling,10,2,0.0,233227757.0,1292076234.0,3726408516.0,987977475.0,58586804.0,0.5,0.8670212765957447,0.6226628313129238,0.8,0.25806451612903225,0.3902439024390244,0.7575508526813232,0.5398434776524834,0.40566136952842236,155,2,23,8
Logistic Regression,No handling,11,2,1.0,233227757.0,2243896038.0,1041210226.0,1899091447.0,633121232.0,0.5,0.8723404255319149,0.62584754468872,0.8888888888888888,0.25806451612903225,0.4,0.8346003698376824,0.6953421166015277,0.4374794378336286,156,1,23,8
Logistic Regression,No handling,12,2,2.0,233227757.0,851682062.0,1600918877.0,1034908438.0,2798009526.0,0.5,0.9042553191489362,0.7270042194092827,0.875,0.4666666666666667,0.6086956521739131,0.830168776371308,0.6873296015465711,0.595838938657362,156,2,16,14
Logistic Regression,No handling,13,2,3.0,233227757.0,3834429963.0,227082451.0,3049643630.0,2164872562.0,0.5,0.9042553191489362,0.740506329113924,0.8333333333333334,0.5,0.625,0.8776371308016877,0.7000630217680159,0.5986665085700842,155,3,15,15
Logistic Regression,No handling,14,2,4.0,233227757.0,3941955730.0,2992679058.0,3519463932.0,2981777899.0,0.5,0.8776595744680851,0.6976793248945148,0.6842105263157895,0.43333333333333335,0.5306122448979592,0.8597046413502111,0.6747171685737705,0.48035272961365366,152,6,17,13
Logistic Regression,No handling,15,3,0.0,3276785861.0,2794086942.0,147147267.0,2218480298.0,3556488226.0,0.5,0.8670212765957447,0.6744401068419972,0.6666666666666666,0.3870967741935484,0.4897959183673469,0.8046024244914731,0.5873414650926577,0.4399935393299529,151,6,19,12
Logistic Regression,No handling,16,3,1.0,3276785861.0,3337176271.0,3796056824.0,1902015802.0,2923402021.0,0.5,0.8936170212765957,0.690363673720978,0.9230769230769231,0.3870967741935484,0.5454545454545454,0.8247380316416684,0.6800990575220393,0.5568702868711668,156,1,19,12
Logistic Regression,No handling,17,3,2.0,3276785861.0,3176062672.0,832713721.0,3294419568.0,4202614995.0,0.5,0.8776595744680851,0.670675105485232,0.7333333333333333,0.36666666666666664,0.4888888888888889,0.8620253164556961,0.6632779881999981,0.4613395262888917,154,4,19,11
Logistic Regression,No handling,18,3,3.0,3276785861.0,615075798.0,3334185844.0,1763243628.0,912752722.0,0.5,0.8936170212765957,0.6936708860759494,0.8571428571428571,0.4,0.5454545454545454,0.8242616033755275,0.6388771937409178,0.5403123122552212,156,2,18,12
Logistic Regression,No handling,19,3,4.0,3276785861.0,2328857014.0,1459638097.0,1647295201.0,797155491.0,0.5,0.8776595744680851,0.6436708860759494,0.8181818181818182,0.3,0.43902439024390244,0.829324894514768,0.5945807208142213,0.4483373917964441,156,2,21,9
Logistic Regression,No handling,20,4,0.0,3644269654.0,481961022.0,2839206609.0,2091361037.0,1946746461.0,0.5,0.8776595744680851,0.6419765769467844,0.9,0.2903225806451613,0.43902439024390244,0.8832956646805012,0.6530978918572423,0.4695343489851589,156,1,22,9
Logistic Regression,No handling,21,4,1.0,3644269654.0,934175084.0,3183020046.0,475801026.0,1854495165.0,0.5,0.8829787234042553,0.6710499280871174,0.8461538461538461,0.3548387096774194,0.5,0.8500102732689543,0.7017628636406231,0.500371844382349,155,2,20,11
Logistic Regression,No handling,22,4,2.0,3644269654.0,2927577421.0,1568982788.0,3770254680.0,2994343970.0,0.5,0.8936170212765957,0.6936708860759494,0.8571428571428571,0.4,0.5454545454545454,0.768987341772152,0.6259282743468468,0.5403123122552212,156,2,18,12
Logistic Regression,No handling,23,4,3.0,3644269654.0,3330064557.0,3043601057.0,1930510766.0,1646885381.0,0.5,0.8882978723404256,0.6770042194092827,0.8461538461538461,0.36666666666666664,0.5116279069767442,0.8166666666666667,0.6452525594218808,0.5109896282199619,156,2,19,11
Logistic Regression,No handling,24,4,4.0,3644269654.0,492020271.0,475713260.0,320877373.0,3460163443.0,0.5,0.8936170212765957,0.7341772151898734,0.75,0.5,0.6,0.8056962025316456,0.617239121199029,0.5562809208749439,153,5,15,15
Logistic Regression,No handling,25,5,0.0,1206282609.0,181252727.0,3107249164.0,3511083446.0,524789662.0,0.5,0.8936170212765957,0.6774193548387097,1.0,0.3548387096774194,0.5238095238095238,0.8354222313540169,0.702530333318599,0.5610204454584019,157,0,20,11
Logistic Regression,No handling,26,5,1.0,1206282609.0,3588477321.0,1174190087.0,1813139592.0,2232401927.0,0.5,0.8670212765957447,0.6356071501951921,0.75,0.2903225806451613,0.4186046511627907,0.7832340250667762,0.5574958504919111,0.41171463144269005,154,3,22,9
Logistic Regression,No handling,27,5,2.0,1206282609.0,3175067715.0,3536080506.0,4183277440.0,2357202639.0,0.5,0.8617021276595744,0.580168776371308,0.8333333333333334,0.16666666666666666,0.2777777777777778,0.8113924050632911,0.6086097574126376,0.3340512508171713,157,1,25,5
Logistic Regression,No handling,28,5,3.0,1206282609.0,4174702542.0,1869386975.0,2230514642.0,712305334.0,0.5,0.8882978723404256,0.6770042194092827,0.8461538461538461,0.36666666666666664,0.5116279069767442,0.8725738396624474,0.6936957457723265,0.5109896282199619,156,2,19,11
Logistic Regression,No handling,29,5,4.0,1206282609.0,135446164.0,3793653848.0,3640131406.0,502493845.0,0.5,0.8829787234042553,0.6603375527426161,0.8333333333333334,0.3333333333333333,0.47619047619047616,0.8255274261603375,0.63290593683649,0.48040493510680926,156,2,20,10
Logistic Regression,No handling,30,6,0.0,3543069911.0,1403774233.0,3191492848.0,1383768417.0,1373173770.0,0.5,0.8776595744680851,0.6290322580645161,1.0,0.25806451612903225,0.41025641025641024,0.8290528046024245,0.6485509787430596,0.47443609236099127,157,0,23,8
Logistic Regression,No handling,31,6,1.0,3543069911.0,4175944194.0,1063966064.0,1502733096.0,1545324914.0,0.5,0.8936170212765957,0.6774193548387097,1.0,0.3548387096774194,0.5238095238095238,0.89171974522293,0.7619222326700842,0.5610204454584019,157,0,20,11
Logistic Regression,No handling,32,6,2.0,3543069911.0,1089924410.0,2363346933.0,2016140418.0,1731057428.0,0.5,0.8829787234042553,0.7413502109704642,0.6666666666666666,0.5333333333333333,0.5925925925925926,0.9025316455696204,0.7284478856552917,0.5297113815217009,150,8,14,16
Logistic Regression,No handling,33,6,3.0,3543069911.0,1853925516.0,1599642231.0,3001251445.0,2649495488.0,0.5,0.8776595744680851,0.630168776371308,0.8888888888888888,0.26666666666666666,0.41025641025641024,0.8202531645569621,0.636515618210955,0.446558354307258,157,1,22,8
Logistic Regression,No handling,34,6,4.0,3543069911.0,3501807147.0,1101380660.0,1394027998.0,474720043.0,0.5,0.851063829787234,0.5603375527426161,0.6666666666666666,0.13333333333333333,0.2222222222222222,0.6839662447257384,0.4515215712675174,0.25141752035187104,156,2,26,4
Logistic Regression,No handling,35,7,0.0,3479688010.0,3236768435.0,3553760210.0,3486706467.0,2764408333.0,0.5,0.8776595744680851,0.6549208958290528,0.8333333333333334,0.3225806451612903,0.46511627906976744,0.8282309430860901,0.649342951539291,0.47035277592089136,155,2,21,10
Logistic Regression,No handling,36,7,1.0,3479688010.0,2305656012.0,2198022862.0,2726190120.0,2460832305.0,0.5,0.8670212765957447,0.6614957879597287,0.6875,0.3548387096774194,0.46808510638297873,0.8446681734127799,0.6593951990949886,0.42953410627561633,152,5,20,11
Logistic Regression,No handling,37,7,2.0,3479688010.0,2356649683.0,4204990199.0,2545175595.0,2150890744.0,0.5,0.8776595744680851,0.6841772151898735,0.7058823529411765,0.4,0.5106382978723404,0.8379746835443037,0.6684873606690188,0.4703623512426067,153,5,18,12
Logistic Regression,No handling,38,7,3.0,3479688010.0,2893281512.0,354418776.0,3601843743.0,3194252189.0,0.5,0.8457446808510638,0.530168776371308,0.6666666666666666,0.06666666666666667,0.12121212121212122,0.819831223628692,0.5507157781470384,0.1763316903364669,157,1,28,2
Logistic Regression,No handling,39,7,4.0,3479688010.0,4199500584.0,4127229505.0,1942477657.0,2674241733.0,0.5,0.8936170212765957,0.7206751054852321,0.7777777777777778,0.4666666666666667,0.5833333333333334,0.7976793248945148,0.6446800960846432,0.5493027789160597,154,4,16,14
Logistic Regression,No handling,40,8,0.0,877132087.0,1103542793.0,728814022.0,3527629406.0,1310678433.0,0.5,0.8829787234042553,0.7098828847339224,0.7368421052631579,0.45161290322580644,0.56,0.7980275323607972,0.6487596187561795,0.5167940926841177,152,5,17,14
Logistic Regression,No handling,41,8,1.0,877132087.0,3056684009.0,1930106700.0,3402069737.0,300342950.0,0.5,0.851063829787234,0.5613314156564619,0.8,0.12903225806451613,0.2222222222222222,0.8017259091843024,0.5743385541046226,0.2829001065154713,156,1,27,4
Logistic Regression,No handling,42,8,2.0,877132087.0,3791339622.0,3782686043.0,4254954840.0,1510845177.0,0.5,0.8829787234042553,0.6468354430379747,0.9,0.3,0.45,0.8145569620253164,0.6358258346785034,0.4792256590137332,157,1,21,9
Logistic Regression,No handling,43,8,3.0,877132087.0,3127342568.0,1457129337.0,2223020235.0,2259852070.0,0.5,0.8829787234042553,0.6468354430379747,0.9,0.3,0.45,0.9088607594936708,0.753420989542726,0.4792256590137332,157,1,21,9
Logistic Regression,No handling,44,8,4.0,877132087.0,1127828914.0,2744310346.0,4018874258.0,119216594.0,0.5,0.8457446808510638,0.5436708860759494,0.6,0.1,0.17142857142857143,0.7793248945147679,0.4890420519352449,0.1987927873890506,156,2,27,3
Logistic Regression,No handling,45,9,0.0,1244265337.0,3338291230.0,3317520330.0,1771909187.0,2502150942.0,0.5,0.8936170212765957,0.7033079926032464,0.8666666666666667,0.41935483870967744,0.5652173913043478,0.8280254777070063,0.6851176161189759,0.556860534604024,155,2,18,13
Logistic Regression,No handling,46,9,1.0,1244265337.0,624068715.0,1465829182.0,3978800159.0,1231311829.0,0.5,0.8936170212765957,0.6774193548387097,1.0,0.3548387096774194,0.5238095238095238,0.9009656872816929,0.8104618048320649,0.5610204454584019,157,0,20,11
Logistic Regression,No handling,47,9,2.0,1244265337.0,2744585060.0,1769336027.0,2200827156.0,3785256400.0,0.5,0.8936170212765957,0.680168776371308,0.9166666666666666,0.36666666666666664,0.5238095238095238,0.889662447257384,0.7113851783862861,0.539823440238441,157,1,19,11
Logistic Regression,No handling,48,9,3.0,1244265337.0,1970194164.0,664304608.0,3966907083.0,2000522260.0,0.5,0.8723404255319149,0.640506329113924,0.75,0.3,0.42857142857142855,0.7649789029535866,0.4654478859412905,0.4209864299751776,155,3,21,9
Logistic Regression,No handling,49,9,4.0,1244265337.0,173601491.0,4021953158.0,360463785.0,2298159398.0,0.5,0.851063829787234,0.5333333333333333,1.0,0.06666666666666667,0.125,0.7457805907172996,0.5682650293094723,0.23797231850103878,158,0,28,2
Logistic Regression,Class weight,0,0,0.0,2684470948.0,4029279179.0,1003961512.0,4274209957.0,1190844966.0,0.5,0.824468085106383,0.7913499075405794,0.4791666666666667,0.7419354838709677,0.5822784810126582,0.8576124922950482,0.7328028571456777,0.4958963558742593,132,25,8,23
Logistic Regression,Class weight,1,0,1.0,2684470948.0,1907587041.0,2945931455.0,2620989842.0,2515509848.0,0.5,0.7287234042553191,0.7081364290117115,0.3387096774193548,0.6774193548387096,0.45161290322580644,0.7783028559687692,0.5395271720562625,0.32856980543712344,116,41,10,21
Logistic Regression,Class weight,2,0,2.0,2684470948.0,550160846.0,1849226273.0,3843203930.0,1807798019.0,0.5,0.7340425531914894,0.7337552742616034,0.34375,0.7333333333333333,0.46808510638297873,0.8485232067510549,0.6026358271688236,0.3613098119099278,116,42,8,22
Logistic Regression,Class weight,3,0,3.0,2684470948.0,456733724.0,977137299.0,2951548202.0,4012095733.0,0.5,0.7074468085106383,0.6909282700421941,0.3076923076923077,0.6666666666666666,0.42105263157894735,0.7622362869198311,0.562565044011756,0.29402223192240623,113,45,10,20
Logistic Regression,Class weight,4,0,4.0,2684470948.0,3899025672.0,3546528190.0,521448777.0,3124820892.0,0.5,0.7659574468085106,0.7257383966244726,0.37037037037037035,0.6666666666666666,0.47619047619047616,0.7664556962025316,0.5642817600183084,0.3654057048344844,124,34,10,20
Logistic Regression,Class weight,5,1,0.0,4091952314.0,2709696717.0,957323461.0,2691067540.0,1422198014.0,0.5,0.7021276595744681,0.6922128621327306,0.31343283582089554,0.6774193548387096,0.42857142857142855,0.7774809944524348,0.5589590772426123,0.29786057796450793,111,46,10,21
Logistic Regression,Class weight,6,1,1.0,4091952314.0,241719485.0,594052520.0,3181279295.0,1575560408.0,0.5,0.7925531914893617,0.7463529895212657,0.42,0.6774193548387096,0.5185185185185185,0.7850832134785288,0.6120801360302602,0.41380331001961185,128,29,10,21
Logistic Regression,Class weight,7,1,2.0,4091952314.0,3113315634.0,1842068043.0,859899040.0,4215222046.0,0.5,0.7287234042553191,0.7440928270042194,0.34328358208955223,0.7666666666666667,0.4742268041237113,0.7658227848101267,0.5695004164954734,0.3732880586886382,114,44,7,23
Logistic Regression,Class weight,8,1,3.0,4091952314.0,523556381.0,2286203142.0,1190208763.0,1561752405.0,0.5,0.7659574468085106,0.7932489451476794,0.390625,0.8333333333333334,0.5319148936170213,0.8778481012658228,0.7625333342661429,0.45326772432743645,119,39,5,25
Logistic Regression,Class weight,9,1,4.0,4091952314.0,3458391536.0,3459213072.0,4262935927.0,1064033893.0,0.5,0.75,0.7567510548523206,0.36507936507936506,0.7666666666666667,0.4946236559139785,0.8588607594936709,0.6483297236647158,0.39838788389511176,118,40,7,23
Logistic Regression,Class weight,10,2,0.0,233227757.0,1292076234.0,242029037.0,2908590786.0,2475464927.0,0.5,0.7606382978723404,0.7143003903842202,0.37037037037037035,0.6451612903225806,0.47058823529411764,0.7448119991781385,0.515570893846232,0.35150730252976725,123,34,11,20
Logistic Regression,Class weight,11,2,1.0,233227757.0,2243896038.0,3857682750.0,3182108843.0,204510430.0,0.5,0.75,0.7338196013971646,0.36666666666666664,0.7096774193548387,0.4835164835164835,0.8208341894390795,0.665330523241253,0.3722725161018172,119,38,9,22
Logistic Regression,Class weight,12,2,2.0,233227757.0,851682062.0,4152737003.0,752062676.0,773691371.0,0.5,0.7340425531914894,0.7337552742616034,0.34375,0.7333333333333333,0.46808510638297873,0.8278481012658228,0.6825210748100939,0.3613098119099278,116,42,8,22
Logistic Regression,Class weight,13,2,3.0,233227757.0,3834429963.0,1338780941.0,1138116918.0,3803552851.0,0.5,0.7553191489361702,0.7869198312236287,0.3787878787878788,0.8333333333333334,0.5208333333333334,0.8780590717299578,0.6957182939414611,0.4402788770200003,117,41,5,25
Logistic Regression,Class weight,14,2,4.0,233227757.0,3941955730.0,2303551520.0,3864556028.0,2907730403.0,0.5,0.7925531914893617,0.7685654008438818,0.41509433962264153,0.7333333333333333,0.5301204819277109,0.8419831223628693,0.6327777440701732,0.4371841511127929,127,31,8,22
Logistic Regression,Class weight,15,3,0.0,3276785861.0,2794086942.0,534009078.0,2228644780.0,3446112102.0,0.5,0.7553191489361702,0.7240599958906924,0.3684210526315789,0.6774193548387096,0.4772727272727273,0.8021368399424696,0.5953454847456661,0.3617861331186441,121,36,10,21
Logistic Regression,Class weight,16,3,1.0,3276785861.0,3337176271.0,314990811.0,1293432476.0,753604176.0,0.5,0.7606382978723404,0.7531333470310253,0.38333333333333336,0.7419354838709677,0.5054945054945055,0.8401479350729404,0.6801222260964702,0.40302261848632587,120,37,8,23
Logistic Regression,Class weight,17,3,2.0,3276785861.0,3176062672.0,2321942526.0,2578464736.0,3255480947.0,0.5,0.7659574468085106,0.779746835443038,0.3870967741935484,0.8,0.5217391304347826,0.8497890295358651,0.6271041240183376,0.4358160614585321,120,38,6,24
Logistic Regression,Class weight,18,3,3.0,3276785861.0,615075798.0,2627955233.0,1682640094.0,2441640373.0,0.5,0.7180851063829787,0.7242616033755274,0.3283582089552239,0.7333333333333333,0.4536082474226804,0.809282700421941,0.5826618230958558,0.342960420385499,113,45,8,22
Logistic Regression,Class weight,19,3,4.0,3276785861.0,2328857014.0,2527636565.0,2995716889.0,2876386581.0,0.5,0.7393617021276596,0.7639240506329115,0.3582089552238806,0.8,0.4948453608247423,0.8181434599156119,0.5659720347520023,0.4036156969917773,115,43,6,24
Logistic Regression,Class weight,20,4,0.0,3644269654.0,481961022.0,967627849.0,41030039.0,2537513979.0,0.5,0.7606382978723404,0.8049106225600986,0.39705882352941174,0.8709677419354839,0.5454545454545454,0.8814464762687487,0.6439361510706576,0.4709644692684647,116,41,4,27
Logistic Regression,Class weight,21,4,1.0,3644269654.0,934175084.0,2082134178.0,3886920948.0,2079863272.0,0.5,0.7659574468085106,0.7433737415245532,0.38596491228070173,0.7096774193548387,0.5,0.8413807273474418,0.6718213890562106,0.39297173285560194,122,35,9,22
Logistic Regression,Class weight,22,4,2.0,3644269654.0,2927577421.0,4039291973.0,3783127.0,4109176149.0,0.5,0.7606382978723404,0.7225738396624473,0.36363636363636365,0.6666666666666666,0.47058823529411764,0.7681434599156118,0.6052740089490523,0.3583324337339431,123,35,10,20
Logistic Regression,Class weight,23,4,3.0,3644269654.0,3330064557.0,2580345639.0,2680939555.0,728600247.0,0.5,0.7606382978723404,0.7360759493670885,0.3684210526315789,0.7,0.4827586206896552,0.8175105485232068,0.6366577732727393,0.37618184808243477,122,36,9,21
Logistic Regression,Class weight,24,4,4.0,3644269654.0,492020271.0,1575701.0,526518406.0,3149013352.0,0.5,0.7180851063829787,0.7242616033755274,0.3283582089552239,0.7333333333333333,0.4536082474226804,0.8012658227848101,0.5990522312352919,0.342960420385499,113,45,8,22
Logistic Regression,Class weight,25,5,0.0,1206282609.0,181252727.0,122577959.0,692510364.0,405561764.0,0.5,0.7659574468085106,0.7692623792890898,0.39344262295081966,0.7741935483870968,0.5217391304347826,0.8356276967331004,0.7124555660927319,0.4268443821004439,120,37,7,24
Logistic Regression,Class weight,26,5,1.0,1206282609.0,3588477321.0,2868397878.0,3803688230.0,1050921738.0,0.5,0.7074468085106383,0.7212862132730635,0.32857142857142857,0.7419354838709677,0.45544554455445546,0.7659749332237518,0.542729192694804,0.33972304037593754,110,47,8,23
Logistic Regression,Class weight,27,5,2.0,1206282609.0,3175067715.0,3602989722.0,2004453466.0,3659830878.0,0.5,0.7819148936170213,0.7487341772151899,0.39622641509433965,0.7,0.5060240963855421,0.799789029535865,0.5824728808484857,0.404901896435179,126,32,9,21
Logistic Regression,Class weight,28,5,3.0,1206282609.0,4174702542.0,1601855446.0,1070417594.0,1864117223.0,0.5,0.7712765957446809,0.809915611814346,0.4,0.8666666666666667,0.5473684210526316,0.8717299578059072,0.6731443197807583,0.4772581864022262,119,39,4,26
Logistic Regression,Class weight,29,5,4.0,1206282609.0,135446164.0,1278862993.0,3542173144.0,2079357081.0,0.5,0.776595744680851,0.7725738396624473,0.39655172413793105,0.7666666666666667,0.5227272727272727,0.8364978902953587,0.6643171352540173,0.43223274556224545,123,35,7,23
Logistic Regression,Class weight,30,6,0.0,3543069911.0,1403774233.0,3404095904.0,1847751949.0,1232411042.0,0.5,0.7819148936170213,0.76587220053421,0.4107142857142857,0.7419354838709677,0.5287356321839081,0.8280254777070064,0.6243808486257694,0.4314720019529665,124,33,8,23
Logistic Regression,Class weight,31,6,1.0,3543069911.0,4175944194.0,3232897752.0,2358236580.0,1566393990.0,0.5,0.776595744680851,0.7885761249229505,0.4098360655737705,0.8064516129032258,0.5434782608695652,0.8888432299157593,0.7519858930238309,0.4574612244640011,121,36,6,25
Logistic Regression,Class weight,32,6,2.0,3543069911.0,1089924410.0,3182563847.0,3679840457.0,3024492640.0,0.5,0.7446808510638298,0.8075949367088608,0.375,0.9,0.5294117647058824,0.9040084388185654,0.7263138078122061,0.46345023421984444,113,45,3,27
Logistic Regression,Class weight,33,6,3.0,3543069911.0,1853925516.0,277948992.0,4156840694.0,522532021.0,0.5,0.7659574468085106,0.7527426160337553,0.3793103448275862,0.7333333333333333,0.5,0.8069620253164557,0.61554176457078,0.4007854715043112,122,36,8,22
Logistic Regression,Class weight,34,6,4.0,3543069911.0,3501807147.0,3141570294.0,1007071193.0,1650957769.0,0.5,0.7127659574468085,0.680590717299578,0.3064516129032258,0.6333333333333333,0.41304347826086957,0.6869198312236287,0.4377749890465122,0.28134128854336615,115,43,11,19
Logistic Regression,Class weight,35,7,0.0,3479688010.0,3236768435.0,4185276846.0,3387778548.0,2265651650.0,0.5,0.75,0.7338196013971646,0.36666666666666664,0.7096774193548387,0.4835164835164835,0.8208341894390795,0.6118430304801582,0.3722725161018172,119,38,9,22
Logistic Regression,Class weight,36,7,1.0,3479688010.0,2305656012.0,1757867621.0,92310930.0,1259339386.0,0.5,0.7925531914893617,0.7851859461680707,0.42857142857142855,0.7741935483870968,0.5517241379310345,0.8323402506677624,0.6432731513314203,0.46281540858633496,125,32,7,24
Logistic Regression,Class weight,37,7,2.0,3479688010.0,2356649683.0,2474920802.0,1008432422.0,3632889916.0,0.5,0.776595744680851,0.79957805907173,0.4032258064516129,0.8333333333333334,0.5434782608695652,0.8348101265822785,0.6659935689722802,0.4667110160415653,121,37,5,25
Logistic Regression,Class weight,38,7,3.0,3479688010.0,2893281512.0,2744767792.0,833236082.0,4265455703.0,0.5,0.6968085106382979,0.7116033755274261,0.30985915492957744,0.7333333333333333,0.43564356435643564,0.8255274261603376,0.5908666790436089,0.319683081339955,109,49,8,22
Logistic Regression,Class weight,39,7,4.0,3479688010.0,4199500584.0,4129990074.0,988126918.0,2975192826.0,0.5,0.7925531914893617,0.7415611814345991,0.40816326530612246,0.6666666666666666,0.5063291139240507,0.7869198312236287,0.6329591672639575,0.40303324509044836,129,29,10,20
Logistic Regression,Class weight,40,8,0.0,877132087.0,1103542793.0,2292519782.0,650463077.0,4092219779.0,0.5,0.6914893617021277,0.7117320731456749,0.3150684931506849,0.7419354838709677,0.4423076923076923,0.794329155537292,0.6511577679340924,0.3224311323076231,107,50,8,23
Logistic Regression,Class weight,41,8,1.0,877132087.0,3056684009.0,828376954.0,3387953314.0,3778237800.0,0.5,0.7446808510638298,0.7435792069036367,0.36507936507936506,0.7419354838709677,0.48936170212765956,0.8013149784261352,0.6101087073028916,0.38297956332181027,117,40,8,23
Logistic Regression,Class weight,42,8,2.0,877132087.0,3791339622.0,801250749.0,2524915007.0,3492662419.0,0.5,0.7606382978723404,0.7495780590717299,0.3728813559322034,0.7333333333333333,0.4943820224719101,0.8162447257383967,0.6315942220742196,0.3939169861477784,121,37,8,22
Logistic Regression,Class weight,43,8,3.0,877132087.0,3127342568.0,451772945.0,466843846.0,2342459323.0,0.5,0.7872340425531915,0.819409282700422,0.41935483870967744,0.8666666666666667,0.5652173913043478,0.9016877637130802,0.713032437506085,0.4976059706245985,122,36,4,26
Logistic Regression,Class weight,44,8,4.0,877132087.0,1127828914.0,2108267552.0,411373643.0,3936412712.0,0.5,0.7712765957446809,0.7424050632911392,0.38181818181818183,0.7,0.49411764705882355,0.7578059071729957,0.44955030186130734,0.3902596837538394,124,34,9,21
Logistic Regression,Class weight,45,9,0.0,1244265337.0,3338291230.0,3341462895.0,1688884084.0,3790178701.0,0.5,0.7127659574468085,0.737415245531128,0.3380281690140845,0.7741935483870968,0.47058823529411764,0.8204232586809123,0.6496284461388159,0.3634520871138415,110,47,7,24
Logistic Regression,Class weight,46,9,1.0,1244265337.0,624068715.0,430694734.0,3609618794.0,959459011.0,0.5,0.7393617021276596,0.7792274501746456,0.37142857142857144,0.8387096774193549,0.5148514851485149,0.8732278611054037,0.7477121317012281,0.42867559133788213,113,44,5,26
Logistic Regression,Class weight,47,9,2.0,1244265337.0,2744585060.0,1941501548.0,3783483304.0,960549776.0,0.5,0.7606382978723404,0.7900843881856541,0.38461538461538464,0.8333333333333334,0.5263157894736842,0.8736286919831224,0.6591975688062531,0.4467188606555896,118,40,5,25
Logistic Regression,Class weight,48,9,3.0,1244265337.0,1970194164.0,2494384293.0,3762506552.0,255970405.0,0.5,0.7819148936170213,0.681223628691983,0.37209302325581395,0.5333333333333333,0.4383561643835616,0.7620253164556962,0.4653592957107522,0.3160208666548646,131,27,14,16
Logistic Regression,Class weight,49,9,4.0,1244265337.0,173601491.0,2326733242.0,4001303683.0,1946730814.0,0.5,0.7606382978723404,0.6820675105485232,0.3469387755102041,0.5666666666666667,0.43037974683544306,0.7565400843881857,0.5686100228380958,0.30377090874502793,126,32,13,17
Logistic Regression,SMOTE-NC,0,0,0.0,2684470948.0,4029279179.0,1940131830.0,2589018594.0,835683276.0,0.5,0.8670212765957447,0.8168276145469489,0.575,0.7419354838709677,0.647887323943662,0.8814464762687487,0.721719154742071,0.5745434036901961,140,17,8,23
Logistic Regression,SMOTE-NC,1,0,1.0,2684470948.0,1907587041.0,438564525.0,1964706876.0,2684742819.0,0.5,0.723404255319149,0.6272858023423054,0.29411764705882354,0.4838709677419355,0.36585365853658536,0.7337168687076226,0.4191870502045518,0.2124688472451831,121,36,16,15
Logistic Regression,SMOTE-NC,2,0,2.0,2684470948.0,550160846.0,2425325085.0,1885638759.0,2034382024.0,0.5,0.7659574468085106,0.7122362869198312,0.36538461538461536,0.6333333333333333,0.4634146341463415,0.8407172995780591,0.5973148673684026,0.34751029855613436,125,33,11,19
Logistic Regression,SMOTE-NC,3,0,3.0,2684470948.0,456733724.0,4056021112.0,1480764330.0,3833442139.0,0.5,0.7819148936170213,0.7082278481012658,0.3829787234042553,0.6,0.4675324675324675,0.7972573839662447,0.6132992209530365,0.3522082237986393,129,29,12,18
Logistic Regression,SMOTE-NC,4,0,4.0,2684470948.0,3899025672.0,3545531724.0,1681206389.0,1660908854.0,0.5,0.7819148936170213,0.7082278481012658,0.3829787234042553,0.6,0.4675324675324675,0.770042194092827,0.609525401735688,0.3522082237986393,129,29,12,18
Logistic Regression,SMOTE-NC,5,1,0.0,4091952314.0,2709696717.0,576964997.0,3945639892.0,2161510343.0,0.5,0.7180851063829787,0.6499897267310458,0.30357142857142855,0.5483870967741935,0.39080459770114945,0.7507704951715637,0.4681770780321632,0.24341156215275545,118,39,14,17
Logistic Regression,SMOTE-NC,6,1,1.0,4091952314.0,241719485.0,1182123724.0,2849939526.0,2325222427.0,0.5,0.7819148936170213,0.7140949250051367,0.3958333333333333,0.6129032258064516,0.4810126582278481,0.7737826176289295,0.5937257261834995,0.3644033870387717,128,29,12,19
Logistic Regression,SMOTE-NC,7,1,2.0,4091952314.0,3113315634.0,3821201220.0,607797539.0,4185918705.0,0.5,0.7446808510638298,0.69957805907173,0.3392857142857143,0.6333333333333333,0.4418604651162791,0.7843881856540085,0.5734031160985948,0.3196325371587324,121,37,11,19
Logistic Regression,SMOTE-NC,8,1,3.0,4091952314.0,523556381.0,2083539345.0,4027699665.0,1156544529.0,0.5,0.7978723404255319,0.7987341772151899,0.42857142857142855,0.8,0.5581395348837209,0.8546413502109704,0.7088050587398071,0.4784351718993288,126,32,6,24
Logistic Regression,SMOTE-NC,9,1,4.0,4091952314.0,3458391536.0,3882655913.0,1276335423.0,390623639.0,0.5,0.7553191489361702,0.7059071729957807,0.35185185185185186,0.6333333333333333,0.4523809523809524,0.8139240506329114,0.5866797357644935,0.33330464291444556,123,35,11,19
Logistic Regression,SMOTE-NC,10,2,0.0,233227757.0,1292076234.0,597742721.0,2958133555.0,263310577.0,0.5,0.7712765957446809,0.6818368604890076,0.3695652173913043,0.5483870967741935,0.44155844155844154,0.760427367988494,0.5424780019057069,0.31392037551481583,128,29,14,17
Logistic Regression,SMOTE-NC,11,2,1.0,233227757.0,2243896038.0,3167126354.0,3009350946.0,2749558087.0,0.5,0.8085106382978723,0.7688514485309226,0.4489795918367347,0.7096774193548387,0.55,0.8296692007396753,0.6682723510062225,0.4545352920940727,130,27,9,22
Logistic Regression,SMOTE-NC,12,2,2.0,233227757.0,851682062.0,1787626417.0,2396586846.0,2936560824.0,0.5,0.75,0.7162447257383966,0.3508771929824561,0.6666666666666666,0.45977011494252873,0.809915611814346,0.6467691784487692,0.3445812281362785,121,37,10,20
Logistic Regression,SMOTE-NC,13,2,3.0,233227757.0,3834429963.0,2540425711.0,1575900915.0,3417578568.0,0.5,0.7819148936170213,0.7622362869198311,0.4,0.7333333333333333,0.5176470588235295,0.8755274261603375,0.6673942280341529,0.4221869337737358,125,33,8,22
Logistic Regression,SMOTE-NC,14,2,4.0,233227757.0,3941955730.0,3357318134.0,4249938539.0,4165384493.0,0.5,0.824468085106383,0.7875527426160338,0.46808510638297873,0.7333333333333333,0.5714285714285714,0.8364978902953587,0.6176490716367715,0.48638278524574,133,25,8,22
Logistic Regression,SMOTE-NC,15,3,0.0,3276785861.0,2794086942.0,3704749685.0,1971273154.0,4047764566.0,0.5,0.7819148936170213,0.6882062872406,0.38636363636363635,0.5483870967741935,0.4533333333333333,0.7748099445243476,0.5331558367914,0.32990371941841534,130,27,14,17
Logistic Regression,SMOTE-NC,16,3,1.0,3276785861.0,3337176271.0,4260302499.0,1444680185.0,639450560.0,0.5,0.8031914893617021,0.7656667351551264,0.44,0.7096774193548387,0.5432098765432098,0.8436408465173618,0.7009756988454455,0.4462449373272378,129,28,9,22
Logistic Regression,SMOTE-NC,17,3,2.0,3276785861.0,3176062672.0,209085262.0,3664415953.0,3962972938.0,0.5,0.7659574468085106,0.7662447257383966,0.38333333333333336,0.7666666666666667,0.5111111111111111,0.8394514767932489,0.6087536641413765,0.41833053859573804,121,37,7,23
Logistic Regression,SMOTE-NC,18,3,3.0,3276785861.0,615075798.0,3876135860.0,3437958509.0,2263601863.0,0.5,0.7606382978723404,0.7090717299578059,0.3584905660377358,0.6333333333333333,0.4578313253012048,0.8067510548523207,0.5615964657096431,0.3403373870799511,124,34,11,19
Logistic Regression,SMOTE-NC,19,3,4.0,3276785861.0,2328857014.0,1850190115.0,2757664481.0,2935572714.0,0.5,0.7978723404255319,0.7717299578059071,0.4230769230769231,0.7333333333333333,0.5365853658536586,0.8151898734177215,0.5910560608348346,0.4449237222070587,128,30,8,22
Logistic Regression,SMOTE-NC,20,4,0.0,3644269654.0,481961022.0,1543887316.0,1894892289.0,9164889.0,0.5,0.7659574468085106,0.7304294226422847,0.38181818181818183,0.6774193548387096,0.4883720930232558,0.8730223957263201,0.6536163852962865,0.3759165404481975,123,34,10,21
Logistic Regression,SMOTE-NC,21,4,1.0,3644269654.0,934175084.0,1605641428.0,2542092278.0,1818112530.0,0.5,0.7872340425531915,0.7561125950277379,0.41509433962264153,0.7096774193548387,0.5238095238095238,0.850626669406205,0.677391897377156,0.42246115916195337,126,31,9,22
Logistic Regression,SMOTE-NC,22,4,2.0,3644269654.0,2927577421.0,392066935.0,778000391.0,1823403956.0,0.5,0.8191489361702128,0.7573839662447257,0.45454545454545453,0.6666666666666666,0.5405405405405406,0.7829113924050634,0.6158983313805101,0.44523886933790535,134,24,10,20
Logistic Regression,SMOTE-NC,23,4,3.0,3644269654.0,3330064557.0,4006950215.0,380738948.0,8674761.0,0.5,0.776595744680851,0.7050632911392405,0.375,0.6,0.46153846153846156,0.7808016877637131,0.5741998422537589,0.3444470370056754,128,30,12,18
Logistic Regression,SMOTE-NC,24,4,4.0,3644269654.0,492020271.0,2347473781.0,3950770380.0,2342168012.0,0.5,0.7925531914893617,0.7685654008438818,0.41509433962264153,0.7333333333333333,0.5301204819277109,0.8084388185654008,0.5916897967027871,0.4371841511127929,127,31,8,22
Logistic Regression,SMOTE-NC,25,5,0.0,1206282609.0,181252727.0,196667620.0,2096635027.0,2440940098.0,0.5,0.7659574468085106,0.7692623792890898,0.39344262295081966,0.7741935483870968,0.5217391304347826,0.8370659543866859,0.7024226699503391,0.4268443821004439,120,37,7,24
Logistic Regression,SMOTE-NC,26,5,1.0,1206282609.0,3588477321.0,1919356770.0,841897108.0,3803400039.0,0.5,0.7287234042553191,0.6951921101294432,0.3333333333333333,0.6451612903225806,0.43956043956043955,0.757139921923156,0.4944130891672873,0.3107723113328,117,40,11,20
Logistic Regression,SMOTE-NC,27,5,2.0,1206282609.0,3175067715.0,534440860.0,1680152628.0,1872906491.0,0.5,0.7925531914893617,0.7145569620253165,0.4,0.6,0.48,0.7719409282700421,0.5656853784916576,0.3682879438157869,131,27,12,18
Logistic Regression,SMOTE-NC,28,5,3.0,1206282609.0,4174702542.0,2567971122.0,706557470.0,1118103703.0,0.5,0.7925531914893617,0.7685654008438818,0.41509433962264153,0.7333333333333333,0.5301204819277109,0.8706751054852321,0.689588388531781,0.4371841511127929,127,31,8,22
Logistic Regression,SMOTE-NC,29,5,4.0,1206282609.0,135446164.0,2835585416.0,2155240780.0,568395840.0,0.5,0.7712765957446809,0.7559071729957806,0.38596491228070173,0.7333333333333333,0.5057471264367817,0.8177215189873418,0.6332635166605333,0.4077824680285911,123,35,8,22
Logistic Regression,SMOTE-NC,30,6,0.0,3543069911.0,1403774233.0,2467679289.0,3328438420.0,3651763265.0,0.5,0.8138297872340425,0.7720361619067188,0.4583333333333333,0.7096774193548387,0.5569620253164557,0.8128210396548181,0.5866006192609041,0.4630231136653874,131,26,9,22
Logistic Regression,SMOTE-NC,31,6,1.0,3543069911.0,4175944194.0,1793648370.0,2304427448.0,232433151.0,0.5,0.8031914893617021,0.791555372919663,0.4444444444444444,0.7741935483870968,0.5647058823529412,0.8750770495171565,0.7340943440112889,0.4782251795683027,127,30,7,24
Logistic Regression,SMOTE-NC,32,6,2.0,3543069911.0,1089924410.0,1570173762.0,3807122787.0,154235817.0,0.5,0.7659574468085106,0.8067510548523207,0.3939393939393939,0.8666666666666667,0.5416666666666666,0.8932489451476793,0.7195335668909124,0.47070991704932386,118,40,4,26
Logistic Regression,SMOTE-NC,33,6,3.0,3543069911.0,1853925516.0,3924494101.0,3012113694.0,3084476886.0,0.5,0.8351063829787234,0.780379746835443,0.4883720930232558,0.7,0.5753424657534246,0.8234177215189873,0.6599029709775458,0.4889310032413447,136,22,9,21
Logistic Regression,SMOTE-NC,34,6,4.0,3543069911.0,3501807147.0,707252176.0,1427554376.0,3290631367.0,0.5,0.7287234042553191,0.6495780590717299,0.3018867924528302,0.5333333333333333,0.3855421686746988,0.669831223628692,0.4034994960578516,0.24349062304710933,121,37,14,16
Logistic Regression,SMOTE-NC,35,7,0.0,3479688010.0,3236768435.0,1032962142.0,2444512635.0,3310446285.0,0.5,0.7446808510638298,0.7047462502568318,0.3508771929824561,0.6451612903225806,0.45454545454545453,0.7896034518183687,0.6059484066864633,0.3306005333816862,120,37,11,20
Logistic Regression,SMOTE-NC,36,7,1.0,3479688010.0,2305656012.0,3247800347.0,2924669095.0,1389772032.0,0.5,0.8191489361702128,0.7881651941647833,0.46938775510204084,0.7419354838709677,0.575,0.8267926854325046,0.6277753715457652,0.4871881904179877,131,26,8,23
Logistic Regression,SMOTE-NC,37,7,2.0,3479688010.0,2356649683.0,3126640835.0,617853063.0,2958454195.0,0.5,0.7606382978723404,0.7765822784810127,0.38095238095238093,0.8,0.5161290322580645,0.8177215189873417,0.6113360629149754,0.4291590105065665,119,39,6,24
Logistic Regression,SMOTE-NC,38,7,3.0,3479688010.0,2893281512.0,3406727698.0,3443785590.0,311786200.0,0.5,0.7340425531914894,0.679746835443038,0.32142857142857145,0.6,0.4186046511627907,0.7924050632911391,0.5468001485866654,0.2878720102106131,120,38,12,18
Logistic Regression,SMOTE-NC,39,7,4.0,3479688010.0,4199500584.0,3805140447.0,511756147.0,746929078.0,0.5,0.7659574468085106,0.7257383966244726,0.37037037037037035,0.6666666666666666,0.47619047619047616,0.7540084388185654,0.5814071660087254,0.3654057048344844,124,34,10,20
Logistic Regression,SMOTE-NC,40,8,0.0,877132087.0,1103542793.0,2444660524.0,626775689.0,3485945514.0,0.5,0.7659574468085106,0.7304294226422847,0.38181818181818183,0.6774193548387096,0.4883720930232558,0.8171358126155742,0.6865819415089776,0.3759165404481975,123,34,10,21
Logistic Regression,SMOTE-NC,41,8,1.0,877132087.0,3056684009.0,951223749.0,144247911.0,3400476690.0,0.5,0.7712765957446809,0.733614136018081,0.3888888888888889,0.6774193548387096,0.49411764705882355,0.7939182247791248,0.6016979848857416,0.3831867717894011,124,33,10,21
Logistic Regression,SMOTE-NC,42,8,2.0,877132087.0,3791339622.0,595958022.0,3835758851.0,1105811925.0,0.5,0.7819148936170213,0.7352320675105485,0.39215686274509803,0.6666666666666666,0.49382716049382713,0.7938818565400845,0.5951506509968278,0.38749876311054304,127,31,10,20
Logistic Regression,SMOTE-NC,43,8,3.0,877132087.0,3127342568.0,3071616298.0,2873577927.0,1090274050.0,0.5,0.8191489361702128,0.7978902953586497,0.46,0.7666666666666667,0.575,0.8862869198312235,0.7125551582616932,0.4937998755856016,131,27,7,23
Logistic Regression,SMOTE-NC,44,8,4.0,877132087.0,1127828914.0,1434901922.0,1578110847.0,1166692186.0,0.5,0.7712765957446809,0.7018987341772152,0.3673469387755102,0.6,0.45569620253164556,0.7367088607594936,0.38898140613513643,0.3368583541935014,127,31,12,18
Logistic Regression,SMOTE-NC,45,9,0.0,1244265337.0,3338291230.0,3978908621.0,2326970086.0,2121237948.0,0.5,0.7606382978723404,0.7531333470310253,0.38333333333333336,0.7419354838709677,0.5054945054945055,0.8241216355044175,0.6757219638025641,0.40302261848632587,120,37,8,23
Logistic Regression,SMOTE-NC,46,9,1.0,1244265337.0,624068715.0,3035878466.0,333743334.0,1201239186.0,0.5,0.7712765957446809,0.7853914115471543,0.4032258064516129,0.8064516129032258,0.5376344086021505,0.871995068830902,0.7504472211571732,0.450526613773114,120,37,6,25
Logistic Regression,SMOTE-NC,47,9,2.0,1244265337.0,2744585060.0,2039781380.0,3349836075.0,1523057945.0,0.5,0.7872340425531915,0.778902953586498,0.4107142857142857,0.7666666666666667,0.5348837209302325,0.8430379746835444,0.6285734515370739,0.4466746449512095,125,33,7,23
Logistic Regression,SMOTE-NC,48,9,3.0,1244265337.0,1970194164.0,974556983.0,1283015817.0,228493356.0,0.5,0.776595744680851,0.6780590717299578,0.36363636363636365,0.5333333333333333,0.43243243243243246,0.7550632911392405,0.47033410804766995,0.3080177096075345,130,28,14,16
Logistic Regression,SMOTE-NC,49,9,4.0,1244265337.0,173601491.0,737635838.0,3692992592.0,664430757.0,0.5,0.8085106382978723,0.7375527426160338,0.4318181818181818,0.6333333333333333,0.5135135135135135,0.7818565400843882,0.5961111606289465,0.4109335794053126,133,25,11,19
Logistic Regression,Random undersampling,0,0,0.0,2684470948.0,4029279179.0,2760053715.0,3291039050.0,2555809418.0,0.5,0.7819148936170213,0.8047051571810151,0.41935483870967744,0.8387096774193549,0.5591397849462365,0.8804191493733307,0.7575603348001216,0.4810158158571116,121,36,5,26
Logistic Regression,Random undersampling,1,0,1.0,2684470948.0,1907587041.0,1707303629.0,4111900003.0,1017251375.0,0.5,0.7180851063829787,0.7276556400246559,0.3382352941176471,0.7419354838709677,0.46464646464646464,0.7752208752825149,0.5272944996981224,0.3516365444403362,112,45,8,23
Logistic Regression,Random undersampling,2,0,2.0,2684470948.0,550160846.0,677783689.0,2131075795.0,2389997028.0,0.5,0.7021276595744681,0.7417721518987341,0.32432432432432434,0.8,0.46153846153846156,0.8343881856540084,0.5328341646963423,0.3624575553221687,108,50,6,24
Logistic Regression,Random undersampling,3,0,3.0,2684470948.0,456733724.0,1324952582.0,1542518038.0,3973388053.0,0.5,0.7393617021276596,0.7234177215189873,0.3442622950819672,0.7,0.46153846153846156,0.8105485232067511,0.5984750171003586,0.34951837048556406,118,40,9,21
Logistic Regression,Random undersampling,4,0,4.0,2684470948.0,3899025672.0,3143297705.0,2738574463.0,2557268617.0,0.5,0.7127659574468085,0.721097046413502,0.3235294117647059,0.7333333333333333,0.4489795918367347,0.7487341772151899,0.5477922999994252,0.3370210506031952,112,46,8,22
Logistic Regression,Random undersampling,5,1,0.0,4091952314.0,2709696717.0,3876456620.0,491804835.0,1407007054.0,0.5,0.675531914893617,0.689233614136018,0.2972972972972973,0.7096774193548387,0.41904761904761906,0.7832340250667763,0.5719106246892393,0.28746876765170254,105,52,9,22
Logistic Regression,Random undersampling,6,1,1.0,4091952314.0,241719485.0,3267244141.0,157023131.0,2622371564.0,0.5,0.7180851063829787,0.7147113211423874,0.3333333333333333,0.7096774193548387,0.4536082474226804,0.7468666529689747,0.4463207984339296,0.33385949327341347,113,44,9,22
Logistic Regression,Random undersampling,7,1,2.0,4091952314.0,3113315634.0,2942685823.0,1165752702.0,672728203.0,0.5,0.7021276595744681,0.7147679324894515,0.3142857142857143,0.7333333333333333,0.44,0.7664556962025316,0.5709231445693839,0.32538578725020645,110,48,8,22
Logistic Regression,Random undersampling,8,1,3.0,4091952314.0,523556381.0,33600539.0,701522250.0,1691661104.0,0.5,0.7074468085106383,0.7449367088607595,0.3287671232876712,0.8,0.46601941747572817,0.8419831223628693,0.7467420787255367,0.36809735291209233,109,49,6,24
Logistic Regression,Random undersampling,9,1,4.0,4091952314.0,3458391536.0,2547615828.0,822920510.0,2525975860.0,0.5,0.75,0.7972573839662447,0.37681159420289856,0.8666666666666667,0.5252525252525253,0.8681434599156118,0.649913397518339,0.4517038496663546,115,43,4,26
Logistic Regression,Random undersampling,10,2,0.0,233227757.0,1292076234.0,2914937049.0,3994784419.0,3033935536.0,0.5,0.7393617021276596,0.7145058557633039,0.35,0.6774193548387096,0.46153846153846156,0.7513868913088144,0.48872887721674735,0.3415224137173086,118,39,10,21
Logistic Regression,Random undersampling,11,2,1.0,233227757.0,2243896038.0,861405978.0,4059751099.0,480359600.0,0.5,0.6914893617021277,0.7117320731456749,0.3150684931506849,0.7419354838709677,0.4423076923076923,0.8136429011711526,0.6891959032606358,0.3224311323076231,107,50,8,23
Logistic Regression,Random undersampling,12,2,2.0,233227757.0,851682062.0,621900253.0,61538364.0,4023525737.0,0.5,0.6436170212765957,0.6934599156118144,0.27710843373493976,0.7666666666666667,0.40707964601769914,0.7936708860759494,0.6093126020364007,0.28534907218433075,98,60,7,23
Logistic Regression,Random undersampling,13,2,3.0,233227757.0,3834429963.0,4222542465.0,308201672.0,3017894836.0,0.5,0.7340425531914894,0.7877637130801688,0.3611111111111111,0.8666666666666667,0.5098039215686274,0.8487341772151898,0.5986550953987989,0.4335707266638325,112,46,4,26
Logistic Regression,Random undersampling,14,2,4.0,233227757.0,3941955730.0,1355317780.0,3425188596.0,3227665839.0,0.5,0.6914893617021277,0.748945147679325,0.32051282051282054,0.8333333333333334,0.46296296296296297,0.8257383966244726,0.626546267062012,0.37006600196398115,105,53,5,25
Logistic Regression,Random undersampling,15,3,0.0,3276785861.0,2794086942.0,1169890543.0,4220017381.0,73400693.0,0.5,0.6861702127659575,0.6826587220053421,0.3,0.6774193548387096,0.4158415841584158,0.766385863981919,0.5339978221480021,0.28042133973464106,108,49,10,21
Logistic Regression,Random undersampling,16,3,1.0,3276785861.0,3337176271.0,1695219539.0,2129334858.0,2499463872.0,0.5,0.7446808510638298,0.7306348880213684,0.36065573770491804,0.7096774193548387,0.4782608695652174,0.8087117320731456,0.584056221102916,0.36561069737332946,118,39,9,22
Logistic Regression,Random undersampling,17,3,2.0,3276785861.0,3176062672.0,4070900216.0,2852876623.0,1682665257.0,0.5,0.723404255319149,0.7544303797468355,0.34285714285714286,0.8,0.48,0.8225738396624472,0.5849594802799604,0.38547667919818174,112,46,6,24
Logistic Regression,Random undersampling,18,3,3.0,3276785861.0,615075798.0,341470162.0,3472067114.0,4254526975.0,0.5,0.6276595744680851,0.6434599156118144,0.25,0.6666666666666666,0.36363636363636365,0.7586497890295358,0.5168587576661001,0.21251660350824894,98,60,10,20
Logistic Regression,Random undersampling,19,3,4.0,3276785861.0,2328857014.0,1983964306.0,790577426.0,1717493812.0,0.5,0.7127659574468085,0.7616033755274262,0.33783783783783783,0.8333333333333334,0.4807692307692308,0.8217299578059072,0.6118374955176469,0.39218793071508656,109,49,5,25
Logistic Regression,Random undersampling,20,4,0.0,3644269654.0,481961022.0,3166016764.0,2668902670.0,2416934364.0,0.5,0.6808510638297872,0.7700842408054243,0.32941176470588235,0.9032258064516129,0.4827586206896552,0.8732278611054037,0.616074334154397,0.4027465582655385,100,57,3,28
Logistic Regression,Random undersampling,21,4,1.0,3644269654.0,934175084.0,2692237616.0,1335438992.0,1287099118.0,0.5,0.7340425531914894,0.763098417916581,0.36231884057971014,0.8064516129032258,0.5,0.7953564824327101,0.5868432105772733,0.4051173837008631,113,44,6,25
Logistic Regression,Random undersampling,22,4,2.0,3644269654.0,2927577421.0,2777641383.0,2430919291.0,4046241735.0,0.5,0.7446808510638298,0.7265822784810126,0.35,0.7,0.4666666666666667,0.7793248945147678,0.6330834029358208,0.3560118846686392,119,39,9,21
Logistic Regression,Random undersampling,23,4,3.0,3644269654.0,3330064557.0,386493467.0,917033501.0,3952108058.0,0.5,0.7340425531914894,0.7607594936708861,0.35294117647058826,0.8,0.4897959183673469,0.8067510548523207,0.5582574310876678,0.39747902532972257,114,44,6,24
Logistic Regression,Random undersampling,24,4,4.0,3644269654.0,492020271.0,1565897592.0,2533575481.0,3073635664.0,0.5,0.6648936170212766,0.6926160337552743,0.2857142857142857,0.7333333333333333,0.411214953271028,0.7793248945147679,0.5111313344849153,0.2868829581361017,103,55,8,22
Logistic Regression,Random undersampling,25,5,0.0,1206282609.0,181252727.0,585389068.0,3446100376.0,3591719833.0,0.5,0.7180851063829787,0.7535442777891925,0.3472222222222222,0.8064516129032258,0.4854368932038835,0.8224779124717485,0.6676539268549841,0.3870964953850632,110,47,6,25
Logistic Regression,Random undersampling,26,5,1.0,1206282609.0,3588477321.0,3337181119.0,668126509.0,1321286495.0,0.5,0.6861702127659575,0.7085473597698788,0.3108108108108108,0.7419354838709677,0.4380952380952381,0.7474830491062256,0.5216575801875353,0.3168086853056223,106,51,8,23
Logistic Regression,Random undersampling,27,5,2.0,1206282609.0,3175067715.0,1513584796.0,2310662371.0,3114905917.0,0.5,0.7393617021276596,0.7099156118143459,0.3389830508474576,0.6666666666666666,0.449438202247191,0.7947257383966245,0.5459467050220851,0.3313164845452574,119,39,10,20
Logistic Regression,Random undersampling,28,5,3.0,1206282609.0,4174702542.0,3808877510.0,2423160319.0,2715497274.0,0.5,0.7712765957446809,0.7829113924050632,0.39344262295081966,0.8,0.5274725274725275,0.8432489451476795,0.6254640797263394,0.44259125101146496,121,37,6,24
Logistic Regression,Random undersampling,29,5,4.0,1206282609.0,135446164.0,1929755248.0,4189443369.0,3409031950.0,0.5,0.6914893617021277,0.6949367088607594,0.3,0.7,0.42,0.7940928270042195,0.564193561879091,0.29534034127621883,109,49,9,21
Logistic Regression,Random undersampling,30,6,0.0,3543069911.0,1403774233.0,1295515288.0,4232873050.0,3290467369.0,0.5,0.7021276595744681,0.7439901376618039,0.3333333333333333,0.8064516129032258,0.4716981132075472,0.8202177933018286,0.6330236234940725,0.36979674779222604,107,50,6,25
Logistic Regression,Random undersampling,31,6,1.0,3543069911.0,4175944194.0,3776273128.0,2453552440.0,3006965901.0,0.5,0.7659574468085106,0.7822066981713581,0.3968253968253968,0.8064516129032258,0.5319148936170213,0.8643928498048079,0.6983771126304978,0.44371356408477974,119,38,6,25
Logistic Regression,Random undersampling,32,6,2.0,3543069911.0,1089924410.0,2100308794.0,2344794903.0,1603716148.0,0.5,0.6914893617021277,0.748945147679325,0.32051282051282054,0.8333333333333334,0.46296296296296297,0.8848101265822785,0.6564843650679348,0.37006600196398115,105,53,5,25
Logistic Regression,Random undersampling,33,6,3.0,3543069911.0,1853925516.0,2291785722.0,2774120713.0,4161138748.0,0.5,0.7446808510638298,0.7265822784810126,0.35,0.7,0.4666666666666667,0.7740506329113923,0.4592391804330681,0.3560118846686392,119,39,9,21
Logistic Regression,Random undersampling,34,6,4.0,3543069911.0,3501807147.0,3095151406.0,3281994782.0,494764695.0,0.5,0.675531914893617,0.6449367088607595,0.26865671641791045,0.6,0.3711340206185567,0.6824894514767932,0.4312456542884665,0.22164986717294247,109,49,12,18
Logistic Regression,Random undersampling,35,7,0.0,3479688010.0,3236768435.0,639136452.0,3486000707.0,1971154989.0,0.5,0.6702127659574468,0.686048900760222,0.29333333333333333,0.7096774193548387,0.41509433962264153,0.800904047667968,0.582399279795331,0.28197975168493533,104,53,9,22
Logistic Regression,Random undersampling,36,7,1.0,3479688010.0,2305656012.0,1492087018.0,1906748490.0,545616122.0,0.5,0.7553191489361702,0.7887815903020341,0.3880597014925373,0.8387096774193549,0.5306122448979592,0.8089171974522292,0.5815242714869806,0.4475072606404232,116,41,5,26
Logistic Regression,Random undersampling,37,7,2.0,3479688010.0,2356649683.0,3694757735.0,252332285.0,2838073615.0,0.5,0.6914893617021277,0.7354430379746836,0.3157894736842105,0.8,0.4528301886792453,0.8229957805907173,0.6269314246880956,0.3513898494639138,106,52,6,24
Logistic Regression,Random undersampling,38,7,3.0,3479688010.0,2893281512.0,3065200641.0,953512080.0,460833914.0,0.5,0.7021276595744681,0.7552742616033755,0.32894736842105265,0.8333333333333334,0.4716981132075472,0.8284810126582279,0.5452931274263144,0.38098720237574885,107,51,5,25
Logistic Regression,Random undersampling,39,7,4.0,3479688010.0,4199500584.0,439727612.0,2711742697.0,746708850.0,0.5,0.7074468085106383,0.7044303797468354,0.31343283582089554,0.7,0.4329896907216495,0.800632911392405,0.5883257712214259,0.3126327820823599,112,46,9,21
Logistic Regression,Random undersampling,40,8,0.0,877132087.0,1103542793.0,3128554885.0,2906054769.0,4119913184.0,0.5,0.7127659574468085,0.737415245531128,0.3380281690140845,0.7741935483870968,0.47058823529411764,0.8159030203410725,0.639830818396983,0.3634520871138415,110,47,7,24
Logistic Regression,Random undersampling,41,8,1.0,877132087.0,3056684009.0,2505567871.0,42180692.0,3317709780.0,0.5,0.675531914893617,0.7151222519005547,0.3076923076923077,0.7741935483870968,0.44036697247706424,0.7914526402301213,0.5636823013924303,0.3240427881469683,103,54,7,24
Logistic Regression,Random undersampling,42,8,2.0,877132087.0,3791339622.0,4055868149.0,1470641322.0,187811268.0,0.5,0.7287234042553191,0.7440928270042194,0.34328358208955223,0.7666666666666667,0.4742268041237113,0.8099156118143459,0.55611497650674,0.3732880586886382,114,44,7,23
Logistic Regression,Random undersampling,43,8,3.0,877132087.0,3127342568.0,2142556943.0,1884200458.0,2898786429.0,0.5,0.7712765957446809,0.7964135021097047,0.3968253968253968,0.8333333333333334,0.5376344086021505,0.8909282700421941,0.7154478019487642,0.45993013711802133,120,38,5,25
Logistic Regression,Random undersampling,44,8,4.0,877132087.0,1127828914.0,1216502529.0,55744832.0,3278355227.0,0.5,0.7553191489361702,0.7194092827004219,0.35714285714285715,0.6666666666666666,0.46511627906976744,0.7097046413502108,0.36458638995030385,0.35139306410685167,122,36,10,20
Logistic Regression,Random undersampling,45,9,0.0,1244265337.0,3338291230.0,1852482216.0,1793080349.0,2879086209.0,0.5,0.6382978723404256,0.6798849393877131,0.27710843373493976,0.7419354838709677,0.40350877192982454,0.7487158413807273,0.5002272413610539,0.26885726553243433,97,60,8,23
Logistic Regression,Random undersampling,46,9,1.0,1244265337.0,624068715.0,3652168957.0,973170560.0,2676680139.0,0.5,0.6329787234042553,0.7414218204232587,0.2978723404255319,0.9032258064516129,0.448,0.8590507499486336,0.6571441582302475,0.3583515898210377,91,66,3,28
Logistic Regression,Random undersampling,47,9,2.0,1244265337.0,2744585060.0,4248467742.0,2551012144.0,2608649888.0,0.5,0.723404255319149,0.7814345991561182,0.35135135135135137,0.8666666666666667,0.5,0.8767932489451477,0.6874478227763541,0.4219183061080044,110,48,4,26
Logistic Regression,Random undersampling,48,9,3.0,1244265337.0,1970194164.0,594009858.0,528242201.0,3215144021.0,0.5,0.7659574468085106,0.6987341772151898,0.36,0.6,0.45,0.7569620253164557,0.439187093274978,0.329433061474247,126,32,12,18
Logistic Regression,Random undersampling,49,9,4.0,1244265337.0,173601491.0,3086124443.0,2853100054.0,2797909746.0,0.5,0.7606382978723404,0.7090717299578059,0.3584905660377358,0.6333333333333333,0.4578313253012048,0.709493670886076,0.4913996196304096,0.3403373870799511,124,34,11,19
Logistic Regression,Threshold tuning,0,0,0.0,2684470948.0,4029279179.0,4053490478.0,2873181299.0,3104279283.0,0.35123972328799624,0.898936170212766,0.7841586192726526,0.7307692307692307,0.6129032258064516,0.6666666666666666,0.8715841380727348,0.7547125619612519,0.6109101227014231,150,7,12,19
Logistic Regression,Threshold tuning,1,0,1.0,2684470948.0,1907587041.0,3042774529.0,2256714295.0,3004386087.0,0.34745596428996794,0.851063829787234,0.6648859667146085,0.5714285714285714,0.3870967741935484,0.46153846153846156,0.7758372714197657,0.564690895017723,0.3884869911988517,148,9,19,12
Logistic Regression,Threshold tuning,2,0,2.0,2684470948.0,550160846.0,709602701.0,2202751764.0,1094827670.0,0.38122106462928274,0.8723404255319149,0.7215189873417722,0.625,0.5,0.5555555555555556,0.869409282700422,0.627543053892472,0.48618614562743534,149,9,15,15
Logistic Regression,Threshold tuning,3,0,3.0,2684470948.0,456733724.0,969662186.0,4161471298.0,2924848487.0,0.3400658782159099,0.8882978723404256,0.7310126582278481,0.7142857142857143,0.5,0.5882352941176471,0.7744725738396625,0.5986122240871066,0.5371394635115445,152,6,15,15
Logistic Regression,Threshold tuning,4,0,4.0,2684470948.0,3899025672.0,2512315106.0,717583664.0,3024434913.0,0.30947927145562976,0.8457446808510638,0.7191983122362869,0.5161290322580645,0.5333333333333333,0.5245901639344263,0.7736286919831223,0.5671531731471066,0.4326390330357445,143,15,14,16
Logistic Regression,Threshold tuning,5,1,0.0,4091952314.0,2709696717.0,1949858456.0,4158149711.0,2352355125.0,0.3189998302001352,0.8457446808510638,0.7005342099856174,0.5357142857142857,0.4838709677419355,0.5084745762711864,0.7945346209163756,0.5748679680138686,0.4180325826180583,144,13,16,15
Logistic Regression,Threshold tuning,6,1,1.0,4091952314.0,241719485.0,2309905274.0,1201801149.0,3590330219.0,0.3229451954828876,0.8723404255319149,0.7552907335114034,0.6206896551724138,0.5806451612903226,0.6,0.7780973905896856,0.5942118275310571,0.5245636092671271,146,11,13,18
Logistic Regression,Threshold tuning,7,1,2.0,4091952314.0,3113315634.0,4228984763.0,2706208516.0,3812448431.0,0.34306734558666563,0.8563829787234043,0.6715189873417722,0.5714285714285714,0.4,0.47058823529411764,0.7645569620253164,0.5722371060250122,0.3988076564702152,149,9,18,12
Logistic Regression,Threshold tuning,8,1,3.0,4091952314.0,523556381.0,1456016481.0,3326338932.0,624095705.0,0.2624995350262485,0.8563829787234043,0.8200421940928271,0.5348837209302325,0.7666666666666667,0.6301369863013698,0.8827004219409283,0.7879486481692516,0.5580950578759367,138,20,7,23
Logistic Regression,Threshold tuning,9,1,4.0,4091952314.0,3458391536.0,416954186.0,2012762475.0,3650663311.0,0.37659521672727353,0.8723404255319149,0.7485232067510548,0.6071428571428571,0.5666666666666667,0.5862068965517241,0.8713080168776371,0.666713826176742,0.5112662305778022,147,11,13,17
Logistic Regression,Threshold tuning,10,2,0.0,233227757.0,1292076234.0,287767988.0,812547949.0,3506987819.0,0.2878580285958131,0.8191489361702128,0.6975549619889049,0.45714285714285713,0.5161290322580645,0.48484848484848486,0.7563180604068215,0.5297623856834316,0.3766768010855792,138,19,15,16
Logistic Regression,Threshold tuning,11,2,1.0,233227757.0,2243896038.0,3966433836.0,3669487208.0,3750902341.0,0.3396751765117419,0.8936170212765957,0.7939182247791248,0.6896551724137931,0.6451612903225806,0.6666666666666666,0.8395315389356892,0.6902676179711806,0.6039341996431592,148,9,11,20
Logistic Regression,Threshold tuning,12,2,2.0,233227757.0,851682062.0,2256373188.0,410557184.0,3320739341.0,0.31396648003259353,0.8457446808510638,0.7327004219409283,0.5151515151515151,0.5666666666666667,0.5396825396825397,0.8312236286919831,0.6877392450785218,0.4480159938152291,142,16,13,17
Logistic Regression,Threshold tuning,13,2,3.0,233227757.0,3834429963.0,996630962.0,4026914959.0,3615207224.0,0.34678137792814595,0.8776595744680851,0.7651898734177215,0.6206896551724138,0.6,0.6101694915254238,0.8776371308016877,0.7006005706902794,0.5377476750625699,147,11,12,18
Logistic Regression,Threshold tuning,14,2,4.0,233227757.0,3941955730.0,4165405983.0,3908392037.0,3345245437.0,0.35397474602758977,0.8829787234042553,0.7548523206751054,0.6538461538461539,0.5666666666666667,0.6071428571428571,0.860337552742616,0.6695836081432014,0.5407089744386416,149,9,13,17
Logistic Regression,Threshold tuning,15,3,0.0,3276785861.0,2794086942.0,3947983022.0,3064721647.0,1583443684.0,0.3207062755240659,0.8457446808510638,0.7005342099856174,0.5357142857142857,0.4838709677419355,0.5084745762711864,0.8039860283542223,0.5952989010375637,0.4180325826180583,144,13,16,15
Logistic Regression,Threshold tuning,16,3,1.0,3276785861.0,3337176271.0,449738862.0,3001934316.0,32141403.0,0.36163384005214505,0.8670212765957447,0.7262173823710705,0.6153846153846154,0.5161290322580645,0.5614035087719298,0.8257653585370864,0.6805451488735385,0.48634276579484226,147,10,15,16
Logistic Regression,Threshold tuning,17,3,2.0,3276785861.0,3176062672.0,3725925446.0,2044442297.0,2933684229.0,0.3003280079025421,0.8670212765957447,0.8128691983122363,0.5641025641025641,0.7333333333333333,0.6376811594202898,0.8639240506329114,0.670022867120953,0.5651406387414366,141,17,8,22
Logistic Regression,Threshold tuning,18,3,3.0,3276785861.0,615075798.0,2122003572.0,656791210.0,356485825.0,0.3778011868547114,0.8936170212765957,0.7746835443037974,0.6923076923076923,0.6,0.6428571428571429,0.8248945147679325,0.6380652711627632,0.5827840105290657,150,8,12,18
Logistic Regression,Threshold tuning,19,3,4.0,3276785861.0,2328857014.0,3540487196.0,1536525663.0,521169640.0,0.3572004147913616,0.8617021276595744,0.6881856540084388,0.5909090909090909,0.43333333333333335,0.5,0.8282700421940927,0.5940029127710236,0.42878570154371093,149,9,17,13
Logistic Regression,Threshold tuning,20,4,0.0,3644269654.0,481961022.0,2792962778.0,1432926970.0,686588464.0,0.34409751818057793,0.8617021276595744,0.6971440312307376,0.6086956521739131,0.45161290322580644,0.5185185185185185,0.8806246147524143,0.6446887391921592,0.4465174249318154,148,9,17,14
Logistic Regression,Threshold tuning,21,4,1.0,3644269654.0,934175084.0,323961972.0,121450711.0,2996657004.0,0.35086431098841464,0.8936170212765957,0.7680295870145881,0.72,0.5806451612903226,0.6428571428571429,0.8510376001643722,0.7030583213876421,0.5858407801120011,150,7,13,18
Logistic Regression,Threshold tuning,22,4,2.0,3644269654.0,2927577421.0,2125254121.0,3828374428.0,1098920827.0,0.3144086627734212,0.8563829787234043,0.7525316455696203,0.5454545454545454,0.6,0.5714285714285714,0.7679324894514769,0.626142816530268,0.4861968672682042,143,15,12,18
Logistic Regression,Threshold tuning,23,4,3.0,3644269654.0,3330064557.0,2801410290.0,1627399095.0,1109541337.0,0.38557602235095856,0.8829787234042553,0.7413502109704642,0.6666666666666666,0.5333333333333333,0.5925925925925926,0.8145569620253165,0.6409529529397278,0.5297113815217009,150,8,14,16
Logistic Regression,Threshold tuning,24,4,4.0,3644269654.0,492020271.0,781687103.0,2038743981.0,124522572.0,0.3418319695064042,0.8882978723404256,0.7850210970464135,0.6551724137931034,0.6333333333333333,0.6440677966101694,0.7983122362869198,0.6158974465254063,0.5779611050195163,148,10,11,19
Logistic Regression,Threshold tuning,25,5,0.0,1206282609.0,181252727.0,2221663840.0,3820989941.0,367543668.0,0.3321241658444052,0.8829787234042553,0.7616601602629958,0.6666666666666666,0.5806451612903226,0.6206896551724138,0.823299773988083,0.6941441114072737,0.5537368830311924,148,9,13,18
Logistic Regression,Threshold tuning,26,5,1.0,1206282609.0,3588477321.0,1103947845.0,2809598749.0,3619297698.0,0.35089019341099537,0.851063829787234,0.6907746044791453,0.56,0.45161290322580644,0.5,0.7729607561125951,0.5784865980223992,0.41698211140973024,146,11,17,14
Logistic Regression,Threshold tuning,27,5,2.0,1206282609.0,3175067715.0,2754201569.0,2879895672.0,2104545787.0,0.27813655073283994,0.8670212765957447,0.7723628691983122,0.5757575757575758,0.6333333333333333,0.6031746031746031,0.8135021097046413,0.6349462592283627,0.5243777407211793,144,14,11,19
Logistic Regression,Threshold tuning,28,5,3.0,1206282609.0,4174702542.0,1098581416.0,2967404318.0,2222599571.0,0.337710256030414,0.8882978723404256,0.7445147679324895,0.6956521739130435,0.5333333333333333,0.6037735849056604,0.8727848101265823,0.6827575689312276,0.5465354925051601,151,7,14,16
Logistic Regression,Threshold tuning,29,5,4.0,1206282609.0,135446164.0,2429150126.0,3039340390.0,458573709.0,0.3508068910572655,0.898936170212766,0.7778481012658227,0.72,0.6,0.6545454545454545,0.8316455696202532,0.6578300569891437,0.5993255508846211,151,7,12,18
Logistic Regression,Threshold tuning,30,6,0.0,3543069911.0,1403774233.0,4227047343.0,4246458080.0,3459626933.0,0.4065459318419811,0.8617021276595744,0.6841997123484693,0.6190476190476191,0.41935483870967744,0.5,0.8323402506677625,0.6301586273032459,0.4339920094825801,149,8,18,13
Logistic Regression,Threshold tuning,31,6,1.0,3543069911.0,4175944194.0,2756028229.0,1278670334.0,3120436317.0,0.31299744013480135,0.9095744680851063,0.8164166837887816,0.75,0.6774193548387096,0.711864406779661,0.8902814875693446,0.7596667317919883,0.6596005914260346,150,7,10,21
Logistic Regression,Threshold tuning,32,6,2.0,3543069911.0,1089924410.0,2272968064.0,413308048.0,1445587104.0,0.2859421206404212,0.8351063829787234,0.8073839662447257,0.48936170212765956,0.7666666666666667,0.5974025974025974,0.9052742616033755,0.7286729009755885,0.5199264256075152,134,24,7,23
Logistic Regression,Threshold tuning,33,6,3.0,3543069911.0,1853925516.0,1462708909.0,895471164.0,3555509679.0,0.31662133495902756,0.8776595744680851,0.7651898734177215,0.6206896551724138,0.6,0.6101694915254238,0.8196202531645569,0.6285614392024762,0.5377476750625699,147,11,12,18
Logistic Regression,Threshold tuning,34,6,4.0,3543069911.0,3501807147.0,3265745924.0,3521464887.0,2720496883.0,0.42265846025723486,0.8670212765957447,0.6373417721518987,0.6923076923076923,0.3,0.4186046511627907,0.6964135021097047,0.46969328577910446,0.39648897255208004,154,4,21,9
Logistic Regression,Threshold tuning,35,7,0.0,3479688010.0,3236768435.0,1087429471.0,460149778.0,3039311312.0,0.3232974638316186,0.8723404255319149,0.7682350523936716,0.6129032258064516,0.6129032258064516,0.6129032258064516,0.8282309430860901,0.6479184604632185,0.5364701047873434,145,12,12,19
Logistic Regression,Threshold tuning,36,7,1.0,3479688010.0,2305656012.0,3074524332.0,3054833457.0,4280276821.0,0.3577040126062428,0.8670212765957447,0.7391617012533388,0.6071428571428571,0.5483870967741935,0.576271186440678,0.8401479350729402,0.6347691741027849,0.49855525222071706,146,11,14,17
Logistic Regression,Threshold tuning,37,7,2.0,3479688010.0,2356649683.0,353392124.0,446960840.0,3821989555.0,0.2969780897929026,0.8723404255319149,0.8160337552742616,0.5789473684210527,0.7333333333333333,0.6470588235294118,0.8379746835443038,0.6681864180029103,0.5763883713844848,142,16,8,22
Logistic Regression,Threshold tuning,38,7,3.0,3479688010.0,2893281512.0,3257107979.0,3099169257.0,3642674215.0,0.35360643139276327,0.8776595744680851,0.6841772151898735,0.7058823529411765,0.4,0.5106382978723404,0.8183544303797469,0.5472345670730563,0.4703623512426067,153,5,18,12
Logistic Regression,Threshold tuning,39,7,4.0,3479688010.0,4199500584.0,1876284403.0,4288739103.0,731892129.0,0.3566132045068699,0.8670212765957447,0.7048523206751055,0.6086956521739131,0.4666666666666667,0.5283018867924528,0.7894514767932489,0.6412446095416726,0.4578826257312429,149,9,16,14
Logistic Regression,Threshold tuning,40,8,0.0,877132087.0,1103542793.0,474469859.0,4130177078.0,1761783234.0,0.29741365381033386,0.824468085106383,0.7525169508937744,0.47619047619047616,0.6451612903225806,0.547945205479452,0.7998767207725499,0.6606502208776396,0.4499353672860139,135,22,11,20
Logistic Regression,Threshold tuning,41,8,1.0,877132087.0,3056684009.0,3172734666.0,498408084.0,2012208041.0,0.2866712308001156,0.8457446808510638,0.7652558043969591,0.5263157894736842,0.6451612903225806,0.5797101449275363,0.8089171974522293,0.6051480947231855,0.490216739373961,139,18,11,20
Logistic Regression,Threshold tuning,42,8,2.0,877132087.0,3791339622.0,392332907.0,1505642934.0,3936175703.0,0.30930412905896654,0.8723404255319149,0.7485232067510548,0.6071428571428571,0.5666666666666667,0.5862068965517241,0.8160337552742616,0.6388656206014068,0.5112662305778022,147,11,13,17
Logistic Regression,Threshold tuning,43,8,3.0,877132087.0,3127342568.0,321268097.0,4028482067.0,1954234339.0,0.3401770730641257,0.8882978723404256,0.7715189873417722,0.6666666666666666,0.6,0.631578947368421,0.909704641350211,0.7587012762877805,0.5670541740919111,149,9,12,18
Logistic Regression,Threshold tuning,44,8,4.0,877132087.0,1127828914.0,1312000817.0,3539951182.0,4210004942.0,0.34379519950561,0.8457446808510638,0.6381856540084389,0.5263157894736842,0.3333333333333333,0.40816326530612246,0.779535864978903,0.4886248012527328,0.3357855260372926,149,9,20,10
Logistic Regression,Threshold tuning,45,9,0.0,1244265337.0,3338291230.0,966011049.0,3450926845.0,1925538267.0,0.3114928426478077,0.8563829787234043,0.7716252311485514,0.5555555555555556,0.6451612903225806,0.5970149253731343,0.8302855968769263,0.6948355642398357,0.5123393740429539,141,16,11,20
Logistic Regression,Threshold tuning,46,9,1.0,1244265337.0,624068715.0,3377763259.0,1690169113.0,1144052206.0,0.2971154050652572,0.8617021276595744,0.8136429011711527,0.5609756097560976,0.7419354838709677,0.6388888888888888,0.8882268337785083,0.7744257671001894,0.563696755899621,139,18,8,23
Logistic Regression,Threshold tuning,47,9,2.0,1244265337.0,2744585060.0,2508707136.0,1024753476.0,3170006404.0,0.3164341160651119,0.8670212765957447,0.7723628691983122,0.5757575757575758,0.6333333333333333,0.6031746031746031,0.8928270042194092,0.7239811129656071,0.5243777407211793,144,14,11,19
Logistic Regression,Threshold tuning,48,9,3.0,1244265337.0,1970194164.0,471270299.0,1612424652.0,2930403394.0,0.3853310208167148,0.8563829787234043,0.6310126582278481,0.6,0.3,0.4,0.7651898734177216,0.4650404619880236,0.35413083538368567,152,6,21,9
Logistic Regression,Threshold tuning,49,9,4.0,1244265337.0,173601491.0,1743689500.0,2800945712.0,98905990.0,0.31830458776307513,0.8829787234042553,0.7143459915611814,0.7,0.4666666666666667,0.56,0.7379746835443038,0.5440329827316116,0.5091724464945432,152,6,16,14
Logistic Regression,Calibrated sigmoid + threshold,0,0,0.0,2684470948.0,4029279179.0,166347139.0,3468871304.0,3468849857.0,0.23760225469193022,0.8670212765957447,0.8038832956646805,0.5789473684210527,0.7096774193548387,0.6376811594202898,0.8648037805629752,0.7364727535152904,0.5616038400728802,141,16,9,22
Logistic Regression,Calibrated sigmoid + threshold,1,0,1.0,2684470948.0,1907587041.0,3000094519.0,1271229866.0,3469766510.0,0.3152815240805481,0.8563829787234043,0.6939593178549415,0.5833333333333334,0.45161290322580644,0.509090909090909,0.7780973905896856,0.5711647307355163,0.43136387509721635,147,10,17,14
Logistic Regression,Calibrated sigmoid + threshold,2,0,2.0,2684470948.0,550160846.0,1685836894.0,1394089510.0,2592425617.0,0.3385274365172768,0.8617021276595744,0.7151898734177216,0.5769230769230769,0.5,0.5357142857142857,0.8702531645569621,0.6308842566890362,0.45655890225779344,147,11,15,15
Logistic Regression,Calibrated sigmoid + threshold,3,0,3.0,2684470948.0,456733724.0,3556101316.0,3079484381.0,725024733.0,0.305183314744359,0.8776595744680851,0.7651898734177215,0.6206896551724138,0.6,0.6101694915254238,0.7845991561181435,0.6097942164718367,0.5377476750625699,147,11,12,18
Logistic Regression,Calibrated sigmoid + threshold,4,0,4.0,2684470948.0,3899025672.0,1294008639.0,2683218155.0,3619375958.0,0.351627522728208,0.8723404255319149,0.7080168776371307,0.6363636363636364,0.4666666666666667,0.5384615384615384,0.7751054852320676,0.5627346678732091,0.4739716387019047,150,8,16,14
Logistic Regression,Calibrated sigmoid + threshold,5,1,0.0,4091952314.0,2709696717.0,3231426690.0,2345669441.0,4204341283.0,0.298640700285582,0.8404255319148937,0.6973494966098213,0.5172413793103449,0.4838709677419355,0.5,0.8015204438052188,0.5835726904359362,0.4055077237030789,143,14,16,15
Logistic Regression,Calibrated sigmoid + threshold,6,1,1.0,4091952314.0,241719485.0,947042279.0,74253176.0,1641039234.0,0.3214900412506874,0.8829787234042553,0.7616601602629958,0.6666666666666666,0.5806451612903226,0.6206896551724138,0.7659749332237518,0.5660445815460363,0.5537368830311924,148,9,13,18
Logistic Regression,Calibrated sigmoid + threshold,7,1,2.0,4091952314.0,3113315634.0,2273646528.0,81836197.0,2953299187.0,0.34161667084571473,0.8563829787234043,0.6850210970464135,0.5652173913043478,0.43333333333333335,0.49056603773584906,0.7687763713080168,0.5817267805039928,0.41355619234428426,148,10,17,13
Logistic Regression,Calibrated sigmoid + threshold,8,1,3.0,4091952314.0,523556381.0,3134142742.0,2696525105.0,2334888904.0,0.21487144022214869,0.8457446808510638,0.8407172995780591,0.5102040816326531,0.8333333333333334,0.6329113924050633,0.8926160337552743,0.7877298787558369,0.5684704723328159,134,24,5,25
Logistic Regression,Calibrated sigmoid + threshold,9,1,4.0,4091952314.0,3458391536.0,1314097044.0,3135966789.0,3339596767.0,0.31811111502140443,0.8617021276595744,0.7556962025316456,0.5625,0.6,0.5806451612903226,0.8675105485232069,0.6722882450504117,0.49831751979590316,144,14,12,18
Logistic Regression,Calibrated sigmoid + threshold,10,2,0.0,233227757.0,1292076234.0,3043383815.0,742227215.0,2553061399.0,0.32667112347953875,0.8457446808510638,0.7005342099856174,0.5357142857142857,0.4838709677419355,0.5084745762711864,0.7589891103349086,0.5363799552593533,0.4180325826180583,144,13,16,15
Logistic Regression,Calibrated sigmoid + threshold,11,2,1.0,233227757.0,2243896038.0,3579391433.0,2133703340.0,3781048639.0,0.31826463033940694,0.898936170212766,0.7712143003903842,0.75,0.5806451612903226,0.6545454545454545,0.8115882473803164,0.6989061766054517,0.6031782999240738,151,6,13,18
Logistic Regression,Calibrated sigmoid + threshold,12,2,2.0,233227757.0,851682062.0,3518288819.0,2005557174.0,4021517125.0,0.3162706161301739,0.8563829787234043,0.7390295358649789,0.5483870967741935,0.5666666666666667,0.5573770491803278,0.8318565400843881,0.6908669410884275,0.471780581741577,144,14,13,17
Logistic Regression,Calibrated sigmoid + threshold,13,2,3.0,233227757.0,3834429963.0,470907255.0,1629039206.0,2304053890.0,0.34983935290129625,0.8776595744680851,0.7516877637130801,0.6296296296296297,0.5666666666666667,0.5964912280701754,0.880590717299578,0.6971059303736052,0.5256376299080419,148,10,13,17
Logistic Regression,Calibrated sigmoid + threshold,14,2,4.0,233227757.0,3941955730.0,523912814.0,3352421330.0,1877071241.0,0.3242549652189037,0.8670212765957447,0.7453586497890295,0.5862068965517241,0.5666666666666667,0.576271186440678,0.8580168776371307,0.6739765375360334,0.49753424510562355,146,12,13,17
Logistic Regression,Calibrated sigmoid + threshold,15,3,0.0,3276785861.0,2794086942.0,1032334205.0,1963675991.0,2866703636.0,0.28983868130283796,0.8404255319148937,0.7102938154920896,0.5161290322580645,0.5161290322580645,0.5161290322580645,0.8021368399424696,0.5853176637870787,0.4205876309841792,142,15,15,16
Logistic Regression,Calibrated sigmoid + threshold,16,3,1.0,3276785861.0,3337176271.0,1477276013.0,3566947146.0,3095716204.0,0.246632489574902,0.8351063829787234,0.7459420587630985,0.5,0.6129032258064516,0.5507246376811594,0.8228888432299158,0.6839969279571136,0.4545231890245014,138,19,12,19
Logistic Regression,Calibrated sigmoid + threshold,17,3,2.0,3276785861.0,3176062672.0,4097803507.0,1142274672.0,1118003991.0,0.3752693274442458,0.8670212765957447,0.6913502109704641,0.6190476190476191,0.43333333333333335,0.5098039215686274,0.8616033755274262,0.6606520844711536,0.444918258817325,150,8,17,13
Logistic Regression,Calibrated sigmoid + threshold,18,3,3.0,3276785861.0,615075798.0,3538684189.0,774707695.0,3953044926.0,0.3004605810004926,0.8670212765957447,0.799367088607595,0.5675675675675675,0.7,0.6268656716417911,0.8267932489451477,0.65869656476648,0.551485228785657,142,16,9,21
Logistic Regression,Calibrated sigmoid + threshold,19,3,4.0,3276785861.0,2328857014.0,4127296106.0,3919719990.0,3416234389.0,0.27921030113574524,0.8351063829787234,0.7533755274261603,0.48717948717948717,0.6333333333333333,0.5507246376811594,0.829746835443038,0.5934188441826561,0.45767626913584986,138,20,11,19
Logistic Regression,Calibrated sigmoid + threshold,20,4,0.0,3644269654.0,481961022.0,704460561.0,2312913995.0,2520583222.0,0.3109881510901095,0.8457446808510638,0.7005342099856174,0.5357142857142857,0.4838709677419355,0.5084745762711864,0.8810355455105814,0.6459947772979671,0.4180325826180583,144,13,16,15
Logistic Regression,Calibrated sigmoid + threshold,21,4,1.0,3644269654.0,934175084.0,2984061834.0,171144164.0,3335974.0,0.3209854753837796,0.898936170212766,0.7841586192726526,0.7307692307692307,0.6129032258064516,0.6666666666666666,0.8471337579617835,0.6963384690876361,0.6109101227014231,150,7,12,19
Logistic Regression,Calibrated sigmoid + threshold,22,4,2.0,3644269654.0,2927577421.0,3404182082.0,490809247.0,2608284019.0,0.33300220731392477,0.8670212765957447,0.7453586497890295,0.5862068965517241,0.5666666666666667,0.576271186440678,0.7696202531645571,0.6006006213352763,0.49753424510562355,146,12,13,17
Logistic Regression,Calibrated sigmoid + threshold,23,4,3.0,3644269654.0,3330064557.0,1066203821.0,3385115188.0,2467887443.0,0.2519132571249581,0.8563829787234043,0.7660337552742615,0.5428571428571428,0.6333333333333333,0.5846153846153846,0.8164556962025317,0.6424014491295083,0.5005830888782052,142,16,11,19
Logistic Regression,Calibrated sigmoid + threshold,24,4,4.0,3644269654.0,492020271.0,3200550523.0,1476784881.0,1274171575.0,0.2873732223161654,0.8563829787234043,0.7795358649789029,0.5405405405405406,0.6666666666666666,0.5970149253731343,0.8048523206751054,0.6152710497042376,0.5149527330098629,141,17,10,20
Logistic Regression,Calibrated sigmoid + threshold,25,5,0.0,1206282609.0,181252727.0,266049833.0,1600685579.0,1297315088.0,0.33817379442593815,0.8882978723404256,0.7777891925210603,0.6785714285714286,0.6129032258064516,0.6440677966101694,0.8222724470926649,0.6946859231206756,0.5790779218233758,148,9,12,19
Logistic Regression,Calibrated sigmoid + threshold,26,5,1.0,1206282609.0,3588477321.0,2320626684.0,1999515706.0,3501908740.0,0.3574490983095924,0.8617021276595744,0.6971440312307376,0.6086956521739131,0.45161290322580644,0.5185185185185185,0.7692623792890898,0.5846193349584569,0.4465174249318154,148,9,17,14
Logistic Regression,Calibrated sigmoid + threshold,27,5,2.0,1206282609.0,3175067715.0,219892978.0,3521145214.0,595677241.0,0.32715697181129083,0.8936170212765957,0.7476793248945148,0.7272727272727273,0.5333333333333333,0.6153846153846154,0.8139240506329113,0.6160563112255981,0.5643435130182922,152,6,14,16
Logistic Regression,Calibrated sigmoid + threshold,28,5,3.0,1206282609.0,4174702542.0,624681791.0,4173759579.0,1077293226.0,0.29821184988312677,0.8723404255319149,0.7890295358649788,0.5882352941176471,0.6666666666666666,0.625,0.870253164556962,0.6812920933968255,0.5499985861048714,144,14,10,20
Logistic Regression,Calibrated sigmoid + threshold,29,5,4.0,1206282609.0,135446164.0,1627766159.0,1427099482.0,1232188444.0,0.330361638433959,0.8829787234042553,0.7413502109704642,0.6666666666666666,0.5333333333333333,0.5925925925925926,0.8270042194092827,0.6306289430647956,0.5297113815217009,150,8,14,16
Logistic Regression,Calibrated sigmoid + threshold,30,6,0.0,3543069911.0,1403774233.0,4007396546.0,3606805708.0,1441045810.0,0.2785658058232212,0.8563829787234043,0.7327922745017464,0.5666666666666667,0.5483870967741935,0.5573770491803278,0.8325457160468461,0.6351672565268804,0.471780581741577,144,13,14,17
Logistic Regression,Calibrated sigmoid + threshold,31,6,1.0,3543069911.0,4175944194.0,2853436135.0,3098970162.0,504667507.0,0.29449152228672065,0.8936170212765957,0.806862543661393,0.6774193548387096,0.6774193548387096,0.6774193548387096,0.8843229915759194,0.7565810150951708,0.6137250873227861,147,10,10,21
Logistic Regression,Calibrated sigmoid + threshold,32,6,2.0,3543069911.0,1089924410.0,1759923565.0,2002211679.0,265801270.0,0.3001669669230323,0.8297872340425532,0.7637130801687764,0.47619047619047616,0.6666666666666666,0.5555555555555556,0.9029535864978904,0.729112403501319,0.46371352683664385,136,22,10,20
Logistic Regression,Calibrated sigmoid + threshold,33,6,3.0,3543069911.0,1853925516.0,3476593716.0,2880133240.0,3147248472.0,0.3247702112338176,0.8776595744680851,0.7381856540084388,0.64,0.5333333333333333,0.5818181818181818,0.8189873417721518,0.6377034526186243,0.5137726248661634,149,9,14,16
Logistic Regression,Calibrated sigmoid + threshold,34,6,4.0,3543069911.0,3501807147.0,3482086196.0,226296100.0,4263534345.0,0.35750273248779724,0.8404255319148937,0.6620253164556962,0.5,0.4,0.4444444444444444,0.6949367088607595,0.4597481891241484,0.3556104379446384,146,12,18,12
Logistic Regression,Calibrated sigmoid + threshold,35,7,0.0,3479688010.0,3236768435.0,3704012290.0,1370223142.0,3542834782.0,0.3379178979186533,0.8829787234042553,0.7487158413807273,0.68,0.5483870967741935,0.6071428571428571,0.8263817546743374,0.6556468232886173,0.5436261129364334,149,8,14,17
Logistic Regression,Calibrated sigmoid + threshold,36,7,1.0,3479688010.0,2305656012.0,977584152.0,2052054138.0,1002163727.0,0.3342486652410677,0.8882978723404256,0.7777891925210603,0.6785714285714286,0.6129032258064516,0.6440677966101694,0.8442572426546128,0.6654891240070805,0.5790779218233758,148,9,12,19
Logistic Regression,Calibrated sigmoid + threshold,37,7,2.0,3479688010.0,2356649683.0,3417008304.0,1519375895.0,509017196.0,0.3581117512025975,0.8776595744680851,0.7111814345991561,0.6666666666666666,0.4666666666666667,0.5490196078431373,0.8358649789029535,0.6620247811229827,0.4910288611644347,151,7,16,14
Logistic Regression,Calibrated sigmoid + threshold,38,7,3.0,3479688010.0,2893281512.0,1723253121.0,415962919.0,1365911932.0,0.3229369449403499,0.8670212765957447,0.7183544303797469,0.6,0.5,0.5454545454545454,0.8194092827004219,0.5350267699332794,0.47099616185693455,148,10,15,15
Logistic Regression,Calibrated sigmoid + threshold,39,7,4.0,3479688010.0,4199500584.0,2029289587.0,1246198815.0,3798673117.0,0.30471549523589486,0.8563829787234043,0.7120253164556962,0.5555555555555556,0.5,0.5263157894736842,0.7991561181434599,0.6437269672494268,0.4428045415403035,146,12,15,15
Logistic Regression,Calibrated sigmoid + threshold,40,8,0.0,877132087.0,1103542793.0,1345878775.0,2141955940.0,3200868421.0,0.2658439115280233,0.8031914893617021,0.7397780973905896,0.43478260869565216,0.6451612903225806,0.5194805194805194,0.7982329977398808,0.6496830922272787,0.41394924093309615,131,26,11,20
Logistic Regression,Calibrated sigmoid + threshold,41,8,1.0,877132087.0,3056684009.0,2820260724.0,2518507641.0,888727922.0,0.3013082682886582,0.8457446808510638,0.7523114855146908,0.5277777777777778,0.6129032258064516,0.5671641791044776,0.8095335935894802,0.5984862676816951,0.4759097967660722,140,17,12,19
Logistic Regression,Calibrated sigmoid + threshold,42,8,2.0,877132087.0,3791339622.0,48135275.0,2686977254.0,814174515.0,0.3402239425785354,0.8723404255319149,0.7215189873417722,0.625,0.5,0.5555555555555556,0.8128691983122364,0.6364731920128226,0.48618614562743534,149,9,15,15
Logistic Regression,Calibrated sigmoid + threshold,43,8,3.0,877132087.0,3127342568.0,4132537796.0,580359147.0,641750587.0,0.25847745971929886,0.8829787234042553,0.8223628691983123,0.6111111111111112,0.7333333333333333,0.6666666666666666,0.9113924050632911,0.7843284644500196,0.6000551047642794,144,14,8,22
Logistic Regression,Calibrated sigmoid + threshold,44,8,4.0,877132087.0,1127828914.0,43215560.0,3826202535.0,1119529259.0,0.31753296566377204,0.851063829787234,0.6683544303797468,0.5454545454545454,0.4,0.46153846153846156,0.7833333333333333,0.49769299575250575,0.3835997643855172,148,10,18,12
Logistic Regression,Calibrated sigmoid + threshold,45,9,0.0,1244265337.0,3338291230.0,927661336.0,3346713163.0,783849042.0,0.33712990351972666,0.8723404255319149,0.7682350523936716,0.6129032258064516,0.6129032258064516,0.6129032258064516,0.8348058352167659,0.6982570644194026,0.5364701047873434,145,12,12,19
Logistic Regression,Calibrated sigmoid + threshold,46,9,1.0,1244265337.0,624068715.0,1950481135.0,1931195356.0,3665494957.0,0.2979181853789233,0.8829787234042553,0.8263817546743374,0.6216216216216216,0.7419354838709677,0.6764705882352942,0.8824738031641669,0.7621296320484949,0.6092523401946914,143,14,8,23
Logistic Regression,Calibrated sigmoid + threshold,47,9,2.0,1244265337.0,2744585060.0,1209339281.0,3694969272.0,3250455429.0,0.3030124936493341,0.8723404255319149,0.7755274261603375,0.59375,0.6333333333333333,0.6129032258064516,0.8921940928270041,0.7192601837773975,0.5369659082949254,145,13,11,19
Logistic Regression,Calibrated sigmoid + threshold,48,9,3.0,1244265337.0,1970194164.0,4217702566.0,3080102402.0,294785031.0,0.3211541167413996,0.824468085106383,0.6255274261603375,0.43478260869565216,0.3333333333333333,0.37735849056603776,0.7630801687763713,0.4684518846760307,0.28057689218340837,145,13,20,10
Logistic Regression,Calibrated sigmoid + threshold,49,9,4.0,1244265337.0,173601491.0,2516547233.0,3206224108.0,882592052.0,0.31176380281201777,0.8617021276595744,0.7016877637130802,0.5833333333333334,0.4666666666666667,0.5185185185185185,0.7584388185654009,0.5882287855785825,0.4426609097331697,148,10,16,14
Logistic Regression,Calibrated isotonic + threshold,0,0,0.0,2684470948.0,4029279179.0,3848767543.0,1795990820.0,2142573988.0,0.27485380116959063,0.8936170212765957,0.7680295870145881,0.72,0.5806451612903226,0.6428571428571429,0.8711732073145676,0.7278715373043554,0.5858407801120011,150,7,13,18
Logistic Regression,Calibrated isotonic + threshold,1,0,1.0,2684470948.0,1907587041.0,1378840125.0,213488355.0,3758714426.0,0.3059770114942529,0.8617021276595744,0.6971440312307376,0.6086956521739131,0.45161290322580644,0.5185185185185185,0.7674131908773372,0.5438649227055341,0.4465174249318154,148,9,17,14
Logistic Regression,Calibrated isotonic + threshold,2,0,2.0,2684470948.0,550160846.0,1512281611.0,1769895838.0,57394594.0,0.2949843260188088,0.8723404255319149,0.7350210970464135,0.6153846153846154,0.5333333333333333,0.5714285714285714,0.854746835443038,0.6027796256005135,0.4986339383482175,148,10,14,16
Logistic Regression,Calibrated isotonic + threshold,3,0,3.0,2684470948.0,456733724.0,1556980102.0,2961139605.0,3014845715.0,0.3138888888888889,0.8776595744680851,0.7246835443037974,0.6521739130434783,0.5,0.5660377358490566,0.7829113924050634,0.5643935895180467,0.5022090591182015,150,8,15,15
Logistic Regression,Calibrated isotonic + threshold,4,0,4.0,2684470948.0,3899025672.0,2110674359.0,1317767699.0,3750759971.0,0.31014612627515853,0.8617021276595744,0.7151898734177216,0.5769230769230769,0.5,0.5357142857142857,0.7747890295358649,0.5549386126312992,0.45655890225779344,147,11,15,15
Logistic Regression,Calibrated isotonic + threshold,5,1,0.0,4091952314.0,2709696717.0,4087130213.0,3600984314.0,1800833100.0,0.3927759460476798,0.8457446808510638,0.6228682966920074,0.5625,0.2903225806451613,0.3829787234042553,0.7579617834394904,0.5014112181287236,0.32679566864226284,150,7,22,9
Logistic Regression,Calibrated isotonic + threshold,6,1,1.0,4091952314.0,241719485.0,2128454458.0,3904808816.0,868796176.0,0.2021072796934866,0.8457446808510638,0.7393671666324224,0.5294117647058824,0.5806451612903226,0.5538461538461539,0.7491267721388946,0.5112548273045918,0.46155709254292526,141,16,13,18
Logistic Regression,Calibrated isotonic + threshold,7,1,2.0,4091952314.0,3113315634.0,3906402811.0,3753920349.0,2393047997.0,0.3068871547132417,0.8670212765957447,0.7183544303797469,0.6,0.5,0.5454545454545454,0.7897679324894515,0.6198001163321878,0.47099616185693455,148,10,15,15
Logistic Regression,Calibrated isotonic + threshold,8,1,3.0,4091952314.0,523556381.0,2998671039.0,3731135046.0,2294433307.0,0.31513970110461337,0.9042553191489362,0.8350210970464135,0.6875,0.7333333333333333,0.7096774193548387,0.8718354430379747,0.7694152080882573,0.652911073791992,148,10,8,22
Logistic Regression,Calibrated isotonic + threshold,9,1,4.0,4091952314.0,3458391536.0,4173015458.0,4178663001.0,2766244927.0,0.3287037037037037,0.8936170212765957,0.7746835443037974,0.6923076923076923,0.6,0.6428571428571429,0.8774261603375527,0.6676065958594614,0.5827840105290657,150,8,12,18
Logistic Regression,Calibrated isotonic + threshold,10,2,0.0,233227757.0,1292076234.0,1966692913.0,827330569.0,966127557.0,0.28245280280193175,0.8351063829787234,0.6941647832340251,0.5,0.4838709677419355,0.4918032786885246,0.7506677624820216,0.5227597470544749,0.393497484329912,142,15,16,15
Logistic Regression,Calibrated isotonic + threshold,11,2,1.0,233227757.0,2243896038.0,144910229.0,2760853824.0,2032874492.0,0.2898155227975981,0.8670212765957447,0.7779946579001438,0.5882352941176471,0.6451612903225806,0.6153846153846154,0.8244298335730429,0.6581766313646067,0.536040125502642,143,14,11,20
Logistic Regression,Calibrated isotonic + threshold,12,2,2.0,233227757.0,851682062.0,2589533499.0,3936156685.0,3888982407.0,0.3343360803594715,0.8723404255319149,0.7485232067510548,0.6071428571428571,0.5666666666666667,0.5862068965517241,0.8349156118143459,0.6810734970320484,0.5112662305778022,147,11,13,17
Logistic Regression,Calibrated isotonic + threshold,13,2,3.0,233227757.0,3834429963.0,2679307533.0,2309030245.0,738330764.0,0.33397784435381467,0.8723404255319149,0.7755274261603375,0.59375,0.6333333333333333,0.6129032258064516,0.8598101265822784,0.6513192957079725,0.5369659082949254,145,13,11,19
Logistic Regression,Calibrated isotonic + threshold,14,2,4.0,233227757.0,3941955730.0,3183929788.0,3476523724.0,1341942030.0,0.38472964943553184,0.8829787234042553,0.7008438818565401,0.7222222222222222,0.43333333333333335,0.5416666666666666,0.8490506329113925,0.6110959912246816,0.4999390492620352,153,5,17,13
Logistic Regression,Calibrated isotonic + threshold,15,3,0.0,3276785861.0,2794086942.0,1709056870.0,4080000294.0,1656497637.0,0.2729442970822281,0.8457446808510638,0.7134785288678858,0.5333333333333333,0.5161290322580645,0.5245901639344263,0.808506266694062,0.5790279470150658,0.4326390330357445,143,14,15,16
Logistic Regression,Calibrated isotonic + threshold,16,3,1.0,3276785861.0,3337176271.0,3480803036.0,1307563858.0,4030593041.0,0.1786030061892131,0.8138297872340425,0.7590918430244504,0.45652173913043476,0.6774193548387096,0.5454545454545454,0.8279227450174645,0.6697347228086368,0.4472921960725229,132,25,10,21
Logistic Regression,Calibrated isotonic + threshold,17,3,2.0,3276785861.0,3176062672.0,1213196046.0,989449369.0,2409291640.0,0.29163372859025033,0.8670212765957447,0.7723628691983122,0.5757575757575758,0.6333333333333333,0.6031746031746031,0.8512658227848102,0.6358958695270452,0.5243777407211793,144,14,11,19
Logistic Regression,Calibrated isotonic + threshold,18,3,3.0,3276785861.0,615075798.0,3860873257.0,3998638616.0,462060610.0,0.3055555555555555,0.8723404255319149,0.7620253164556963,0.6,0.6,0.6,0.8292194092827004,0.5887530429892649,0.5240506329113924,146,12,12,18
Logistic Regression,Calibrated isotonic + threshold,19,3,4.0,3276785861.0,2328857014.0,1174190446.0,388876284.0,438620270.0,0.36693548387096775,0.8404255319148937,0.689029535864979,0.5,0.4666666666666667,0.4827586206896552,0.8126582278481012,0.6039451938762479,0.3888748239369362,144,14,16,14
Logistic Regression,Calibrated isotonic + threshold,20,4,0.0,3644269654.0,481961022.0,2380125070.0,2146074520.0,3023645045.0,0.29365079365079366,0.8563829787234043,0.7327922745017464,0.5666666666666667,0.5483870967741935,0.5573770491803278,0.8658311074583933,0.6376419316836222,0.471780581741577,144,13,14,17
Logistic Regression,Calibrated isotonic + threshold,21,4,1.0,3644269654.0,934175084.0,3657681025.0,171496697.0,1454414609.0,0.41190476190476194,0.8882978723404256,0.7260119169919869,0.75,0.4838709677419355,0.5882352941176471,0.8438463118964453,0.6782624978241696,0.5440293985963678,152,5,16,15
Logistic Regression,Calibrated isotonic + threshold,22,4,2.0,3644269654.0,2927577421.0,1431541109.0,2908655217.0,2052423922.0,0.2961068485365161,0.8617021276595744,0.7421940928270042,0.5666666666666667,0.5666666666666667,0.5666666666666667,0.7677215189873419,0.5935608688744264,0.48438818565400843,145,13,13,17
Logistic Regression,Calibrated isotonic + threshold,23,4,3.0,3644269654.0,3330064557.0,2227403258.0,1852249215.0,2953093230.0,0.26233842538190366,0.8670212765957447,0.7588607594936709,0.5806451612903226,0.6,0.5901639344262295,0.818565400843882,0.6540591163456885,0.5109221304474095,145,13,12,18
Logistic Regression,Calibrated isotonic + threshold,24,4,4.0,3644269654.0,492020271.0,3825412570.0,1771292201.0,1013694520.0,0.30050505050505044,0.8723404255319149,0.7620253164556963,0.6,0.6,0.6,0.7831223628691982,0.5924519683814149,0.5240506329113924,146,12,12,18
Logistic Regression,Calibrated isotonic + threshold,25,5,0.0,1206282609.0,181252727.0,108375924.0,881536434.0,1345977567.0,0.25925925925925924,0.8776595744680851,0.7714197657694679,0.6333333333333333,0.6129032258064516,0.6229508196721312,0.8156975549619889,0.6770817017635907,0.5500636791532421,146,11,12,19
Logistic Regression,Calibrated isotonic + threshold,26,5,1.0,1206282609.0,3588477321.0,3093462548.0,4241036623.0,3787230843.0,0.19267061663375026,0.824468085106383,0.7266283131292377,0.47368421052631576,0.5806451612903226,0.5217391304347826,0.7797411136223547,0.5563216694428909,0.4188296386750418,137,20,13,18
Logistic Regression,Calibrated isotonic + threshold,27,5,2.0,1206282609.0,3175067715.0,3899267606.0,2354253000.0,2174362389.0,0.34814814814814815,0.8829787234042553,0.7008438818565401,0.7222222222222222,0.43333333333333335,0.5416666666666666,0.8108649789029536,0.604234330770396,0.4999390492620352,153,5,17,13
Logistic Regression,Calibrated isotonic + threshold,28,5,3.0,1206282609.0,4174702542.0,1970320070.0,665416982.0,3671260853.0,0.3054054054054054,0.8829787234042553,0.7683544303797468,0.6428571428571429,0.6,0.6206896551724138,0.8657172995780591,0.6641060004427257,0.5520633661247576,148,10,12,18
Logistic Regression,Calibrated isotonic + threshold,29,5,4.0,1206282609.0,135446164.0,556257041.0,501578980.0,2332179684.0,0.27777777777777773,0.8723404255319149,0.7755274261603375,0.59375,0.6333333333333333,0.6129032258064516,0.8239451476793249,0.5898481192513578,0.5369659082949254,145,13,11,19
Logistic Regression,Calibrated isotonic + threshold,30,6,0.0,3543069911.0,1403774233.0,4159033935.0,1449715002.0,3382078655.0,0.26685405695457387,0.8457446808510638,0.7652558043969591,0.5263157894736842,0.6451612903225806,0.5797101449275363,0.8161084857201562,0.6067124846185257,0.490216739373961,139,18,11,20
Logistic Regression,Calibrated isotonic + threshold,31,6,1.0,3543069911.0,4175944194.0,1358550066.0,3016803674.0,2851295506.0,0.32393822393822397,0.898936170212766,0.7582699815081159,0.7727272727272727,0.5483870967741935,0.6415094339622641,0.862132730634888,0.6996189625575302,0.5963060502271134,152,5,14,17
Logistic Regression,Calibrated isotonic + threshold,32,6,2.0,3543069911.0,1089924410.0,3047955187.0,1541546890.0,1041442146.0,0.32303921568627453,0.851063829787234,0.7628691983122362,0.5277777777777778,0.6333333333333333,0.5757575757575758,0.8958860759493671,0.7182229765342723,0.4893119506127566,141,17,11,19
Logistic Regression,Calibrated isotonic + threshold,33,6,3.0,3543069911.0,1853925516.0,3417239273.0,3072581133.0,196039426.0,0.2795772854596384,0.8776595744680851,0.7651898734177215,0.6206896551724138,0.6,0.6101694915254238,0.8156118143459915,0.6088011762219964,0.5377476750625699,147,11,12,18
Logistic Regression,Calibrated isotonic + threshold,34,6,4.0,3543069911.0,3501807147.0,1893478230.0,3944457294.0,1128483614.0,0.40873015873015867,0.8617021276595744,0.6746835443037975,0.6,0.4,0.48,0.7010548523206751,0.4530364978638499,0.4149554977337419,150,8,18,12
Logistic Regression,Calibrated isotonic + threshold,35,7,0.0,3479688010.0,3236768435.0,2359271090.0,4263203871.0,1260031929.0,0.3495827843653931,0.8723404255319149,0.7294020957468667,0.64,0.5161290322580645,0.5714285714285714,0.8143620299979453,0.6401560209625246,0.5014114457608657,148,9,15,16
Logistic Regression,Calibrated isotonic + threshold,36,7,1.0,3479688010.0,2305656012.0,3557524988.0,2197862576.0,3747487112.0,0.2687074829931973,0.8776595744680851,0.7843640846517361,0.625,0.6451612903225806,0.6349206349206349,0.8405588658311074,0.6721504078785825,0.5615625330201344,145,12,11,20
Logistic Regression,Calibrated isotonic + threshold,37,7,2.0,3479688010.0,2356649683.0,3138111348.0,2641587579.0,350743990.0,0.3055555555555556,0.8723404255319149,0.7485232067510548,0.6071428571428571,0.5666666666666667,0.5862068965517241,0.8340717299578059,0.6410134441355452,0.5112662305778022,147,11,13,17
Logistic Regression,Calibrated isotonic + threshold,38,7,3.0,3479688010.0,2893281512.0,4010529114.0,3078180827.0,521549725.0,0.35000000000000003,0.898936170212766,0.7238396624472574,0.8235294117647058,0.4666666666666667,0.5957446808510638,0.8214135021097048,0.5764604992810608,0.571654587249033,155,3,16,14
Logistic Regression,Calibrated isotonic + threshold,39,7,4.0,3479688010.0,4199500584.0,175227954.0,3135417682.0,2565015418.0,0.32469135802469135,0.8563829787234043,0.7120253164556962,0.5555555555555556,0.5,0.5263157894736842,0.8186708860759494,0.6510792505158361,0.4428045415403035,146,12,15,15
Logistic Regression,Calibrated isotonic + threshold,40,8,0.0,877132087.0,1103542793.0,3774840207.0,2757472980.0,1779730552.0,0.2647058823529412,0.8297872340425532,0.7557016642695706,0.4878048780487805,0.6451612903225806,0.5555555555555556,0.7839531538935689,0.6600555114398478,0.4595614888418462,136,21,11,20
Logistic Regression,Calibrated isotonic + threshold,41,8,1.0,877132087.0,3056684009.0,3188605076.0,488416897.0,3718960879.0,0.26957915273132665,0.824468085106383,0.7136839942469694,0.4722222222222222,0.5483870967741935,0.5074626865671642,0.7983357304294226,0.5499598808070743,0.40305064221230874,138,19,14,17
Logistic Regression,Calibrated isotonic + threshold,42,8,2.0,877132087.0,3791339622.0,2608428014.0,1753248382.0,1833489036.0,0.3074074074074074,0.8670212765957447,0.7318565400843882,0.5925925925925926,0.5333333333333333,0.5614035087719298,0.814662447257384,0.6250407986422274,0.4842210857241727,147,11,14,16
Logistic Regression,Calibrated isotonic + threshold,43,8,3.0,877132087.0,3127342568.0,1668542275.0,2489102095.0,28277664.0,0.23565323565323562,0.8829787234042553,0.7818565400843882,0.6333333333333333,0.6333333333333333,0.6333333333333333,0.8984177215189872,0.7518588309637341,0.5637130801687764,147,11,11,19
Logistic Regression,Calibrated isotonic + threshold,44,8,4.0,877132087.0,1127828914.0,985574272.0,4039131109.0,1591787686.0,0.2048185926339552,0.8297872340425532,0.669198312236287,0.4642857142857143,0.43333333333333335,0.4482758620689655,0.7564345991561181,0.47241058948147086,0.3480776883899808,143,15,17,13
Logistic Regression,Calibrated isotonic + threshold,45,9,0.0,1244265337.0,3338291230.0,80300669.0,2426153335.0,2726879608.0,0.21794871794871795,0.8351063829787234,0.7718306965276351,0.5,0.6774193548387096,0.5753424657534246,0.8286418738442571,0.6756950194762499,0.4843486500564657,136,21,10,21
Logistic Regression,Calibrated isotonic + threshold,46,9,1.0,1244265337.0,624068715.0,993949939.0,175608893.0,62335716.0,0.20976915575589827,0.8776595744680851,0.8361413601808095,0.6,0.7741935483870968,0.676056338028169,0.8805218820628724,0.7521979676718662,0.6095674503483532,141,16,7,24
Logistic Regression,Calibrated isotonic + threshold,47,9,2.0,1244265337.0,2744585060.0,3001246383.0,2105502618.0,1974796016.0,0.23426748689906585,0.8404255319148937,0.7835443037974683,0.5,0.7,0.5833333333333334,0.894198312236287,0.7003410712662834,0.4985847840547595,137,21,9,21
Logistic Regression,Calibrated isotonic + threshold,48,9,3.0,1244265337.0,1970194164.0,1454938252.0,1791849840.0,430262585.0,0.2705116489914219,0.8191489361702128,0.6223628691983122,0.4166666666666667,0.3333333333333333,0.37037037037037035,0.7727848101265823,0.4637342191950027,0.26855996615610717,144,14,20,10
Logistic Regression,Calibrated isotonic + threshold,49,9,4.0,1244265337.0,173601491.0,162506881.0,1353889269.0,2283660363.0,0.32362708015383707,0.8776595744680851,0.6976793248945148,0.6842105263157895,0.43333333333333335,0.5306122448979592,0.7455696202531644,0.5411452831448771,0.48035272961365366,152,6,17,13
Random Forest,No handling,0,0,0.0,2684470948.0,4029279179.0,3395475071.0,3898172799.0,2576132864.0,0.5,0.8723404255319149,0.62584754468872,0.8888888888888888,0.25806451612903225,0.4,0.8493938771317033,0.6829282222876659,0.4374794378336286,156,1,23,8
Random Forest,No handling,1,0,1.0,2684470948.0,1907587041.0,1415571853.0,1876676426.0,2107738235.0,0.5,0.851063829787234,0.5872200534209986,0.6666666666666666,0.1935483870967742,0.3,0.7289911649886994,0.38682199481305013,0.3032000348740822,154,3,25,6
Random Forest,No handling,2,0,2.0,2684470948.0,550160846.0,113661774.0,3261873589.0,2766846563.0,0.5,0.8617021276595744,0.6071729957805907,0.7,0.23333333333333334,0.35,0.8234177215189874,0.5815410784236483,0.3497796476709432,155,3,23,7
Random Forest,No handling,3,0,3.0,2684470948.0,456733724.0,1331850046.0,344406898.0,3717489072.0,0.5,0.851063829787234,0.5468354430379747,0.75,0.1,0.17647058823529413,0.7759493670886076,0.48278248536758706,0.2377140723371707,157,1,27,3
Random Forest,No handling,4,0,4.0,2684470948.0,3899025672.0,1095540498.0,1642796316.0,2980318875.0,0.5,0.8670212765957447,0.5968354430379746,0.8571428571428571,0.2,0.32432432432432434,0.7626582278481012,0.5258567234489389,0.37459778315654035,157,1,24,6
Random Forest,No handling,5,1,0.0,4091952314.0,2709696717.0,859921928.0,4276632976.0,1515208791.0,0.5,0.8723404255319149,0.6387918635709883,0.8181818181818182,0.2903225806451613,0.42857142857142855,0.7873433326484486,0.584201742838564,0.4388758667135501,155,2,22,9
Random Forest,No handling,6,1,1.0,4091952314.0,241719485.0,812156507.0,833332923.0,1940727231.0,0.5,0.8457446808510638,0.5581467022806657,0.6666666666666666,0.12903225806451613,0.21621621621621623,0.7507704951715636,0.4465982907320505,0.24551296934199285,155,2,27,4
Random Forest,No handling,7,1,2.0,4091952314.0,3113315634.0,2379548057.0,1342537366.0,2902724235.0,0.5,0.8563829787234043,0.5905063291139241,0.6666666666666666,0.2,0.3076923076923077,0.7679324894514767,0.4633148664590709,0.31049195137409025,155,3,24,6
Random Forest,No handling,8,1,3.0,4091952314.0,523556381.0,351728750.0,243645292.0,2925765690.0,0.5,0.8936170212765957,0.6666666666666666,1.0,0.3333333333333333,0.5,0.8662447257383966,0.7270254694918384,0.5439486646851283,158,0,20,10
Random Forest,No handling,9,1,4.0,4091952314.0,3458391536.0,3954258034.0,941370343.0,4062362160.0,0.5,0.8404255319148937,0.5135021097046414,0.5,0.03333333333333333,0.0625,0.8637130801687763,0.6080471523748465,0.09639385053206635,157,1,29,1
Random Forest,No handling,10,2,0.0,233227757.0,1292076234.0,1112899313.0,3199974888.0,2015056643.0,0.5,0.8617021276595744,0.5806451612903226,1.0,0.16129032258064516,0.2777777777777778,0.7666940620505445,0.505796337071043,0.3719875772439615,157,0,26,5
Random Forest,No handling,11,2,1.0,233227757.0,2243896038.0,3869388574.0,1735067966.0,3797233912.0,0.5,0.8617021276595744,0.5806451612903226,1.0,0.16129032258064516,0.2777777777777778,0.8352167659749333,0.6908212415824355,0.3719875772439615,157,0,26,5
Random Forest,No handling,12,2,2.0,233227757.0,851682062.0,2583096389.0,1784418974.0,1723359192.0,0.5,0.8457446808510638,0.5571729957805908,0.5714285714285714,0.13333333333333333,0.21621621621621623,0.7894514767932489,0.4616762784323218,0.22116775432553906,155,3,26,4
Random Forest,No handling,13,2,3.0,233227757.0,3834429963.0,3628781816.0,3879169082.0,2812279029.0,0.5,0.8457446808510638,0.5571729957805908,0.5714285714285714,0.13333333333333333,0.21621621621621623,0.7666666666666667,0.43506676094101904,0.22116775432553906,155,3,26,4
Random Forest,No handling,14,2,4.0,233227757.0,3941955730.0,131692524.0,2669001376.0,2044867880.0,0.5,0.8563829787234043,0.5770042194092827,0.7142857142857143,0.16666666666666666,0.2702702702702703,0.8639240506329113,0.66152049620335,0.2978827687410397,156,2,25,5
Random Forest,No handling,15,3,0.0,3276785861.0,2794086942.0,2462893504.0,153343919.0,3806625897.0,0.5,0.851063829787234,0.6001643723032669,0.6363636363636364,0.22580645161290322,0.3333333333333333,0.7618656256420794,0.4628123745331203,0.31673128796869826,153,4,24,7
Random Forest,No handling,16,3,1.0,3276785861.0,3337176271.0,2319934449.0,3347011129.0,2933831945.0,0.5,0.851063829787234,0.5742757345387303,0.7142857142857143,0.16129032258064516,0.2631578947368421,0.7922745017464558,0.5388056211039042,0.2911516909401959,155,2,26,5
Random Forest,No handling,17,3,2.0,3276785861.0,3176062672.0,4101279731.0,2265608146.0,261929741.0,0.5,0.8563829787234043,0.6175105485232067,0.6153846153846154,0.26666666666666666,0.37209302325581395,0.8267932489451477,0.5431372694413286,0.33923864471813914,153,5,22,8
Random Forest,No handling,18,3,3.0,3276785861.0,615075798.0,2828171746.0,480681813.0,817416660.0,0.5,0.8670212765957447,0.610337552742616,0.7777777777777778,0.23333333333333334,0.358974358974359,0.8308016877637131,0.5755314765522805,0.3785251528406741,156,2,23,7
Random Forest,No handling,19,3,4.0,3276785861.0,2328857014.0,3070436978.0,71688021.0,2998242074.0,0.5,0.8723404255319149,0.6,1.0,0.2,0.3333333333333333,0.8012658227848102,0.6023802205561374,0.41668498128247156,158,0,24,6
Random Forest,No handling,20,4,0.0,3644269654.0,481961022.0,247712200.0,1864863133.0,484571917.0,0.5,0.8670212765957447,0.6097185124306554,0.875,0.22580645161290322,0.358974358974359,0.8267926854325047,0.5907447414505287,0.4034217728037728,156,1,24,7
Random Forest,No handling,21,4,1.0,3644269654.0,934175084.0,1210671133.0,3165542877.0,2173928683.0,0.5,0.8404255319148937,0.5290733511403328,0.6666666666666666,0.06451612903225806,0.11764705882352941,0.7898089171974522,0.585729049039878,0.17219053319358937,156,1,29,2
Random Forest,No handling,22,4,2.0,3644269654.0,2927577421.0,2820004128.0,1466458845.0,556302940.0,0.5,0.8670212765957447,0.5833333333333334,1.0,0.16666666666666666,0.2857142857142857,0.7850210970464135,0.5393067046312655,0.3793388938100241,158,0,25,5
Random Forest,No handling,23,4,3.0,3644269654.0,3330064557.0,782950300.0,2275992478.0,2519204641.0,0.5,0.8563829787234043,0.5905063291139241,0.6666666666666666,0.2,0.3076923076923077,0.8028481012658227,0.5171074688771883,0.31049195137409025,155,3,24,6
Random Forest,No handling,24,4,4.0,3644269654.0,492020271.0,712350552.0,606288935.0,3977232913.0,0.5,0.8617021276595744,0.6071729957805907,0.7,0.23333333333333334,0.35,0.7966244725738397,0.47843924908206886,0.3497796476709432,155,3,23,7
Random Forest,No handling,25,5,0.0,1206282609.0,181252727.0,2929662264.0,2315961018.0,4111771970.0,0.5,0.8617021276595744,0.6065337990548593,0.7777777777777778,0.22580645161290322,0.35,0.8078898705568112,0.5984085168114995,0.3703397363538554,155,2,24,7
Random Forest,No handling,26,5,1.0,1206282609.0,3588477321.0,605815657.0,789072852.0,3508507524.0,0.5,0.851063829787234,0.5742757345387303,0.7142857142857143,0.16129032258064516,0.2631578947368421,0.7672077254982536,0.470059844976115,0.2911516909401959,155,2,26,5
Random Forest,No handling,27,5,2.0,1206282609.0,3175067715.0,2106452365.0,3544950826.0,2094833796.0,0.5,0.8670212765957447,0.5968354430379746,0.8571428571428571,0.2,0.32432432432432434,0.8261603375527427,0.5885727823427298,0.37459778315654035,157,1,24,6
Random Forest,No handling,28,5,3.0,1206282609.0,4174702542.0,4241008048.0,3596570708.0,2707344802.0,0.5,0.851063829787234,0.5738396624472574,0.625,0.16666666666666666,0.2631578947368421,0.8493670886075949,0.5767676001569255,0.26793387376853145,155,3,25,5
Random Forest,No handling,29,5,4.0,1206282609.0,135446164.0,1527077220.0,1620247043.0,1504807939.0,0.5,0.851063829787234,0.5603375527426161,0.6666666666666666,0.13333333333333333,0.2222222222222222,0.7755274261603377,0.47237015391668274,0.25141752035187104,156,2,26,4
Random Forest,No handling,30,6,0.0,3543069911.0,1403774233.0,3622440154.0,1406193983.0,1424232087.0,0.5,0.8670212765957447,0.6226628313129238,0.8,0.25806451612903225,0.3902439024390244,0.7953564824327102,0.5235780306812617,0.40566136952842236,155,2,23,8
Random Forest,No handling,31,6,1.0,3543069911.0,4175944194.0,3159122302.0,3679485891.0,5458217.0,0.5,0.8670212765957447,0.5967741935483871,1.0,0.1935483870967742,0.32432432432432434,0.8479556194781179,0.6387414606613953,0.40860992424056053,157,0,25,6
Random Forest,No handling,32,6,2.0,3543069911.0,1089924410.0,3711033792.0,2327289639.0,4211204426.0,0.5,0.8617021276595744,0.5936708860759494,0.75,0.2,0.3157894736842105,0.8862869198312237,0.6427429054156635,0.33989325700922274,156,2,24,6
Random Forest,No handling,33,6,3.0,3543069911.0,1853925516.0,3070575740.0,3046551230.0,1327111001.0,0.5,0.851063829787234,0.5603375527426161,0.6666666666666666,0.13333333333333333,0.2222222222222222,0.8278481012658228,0.5807657258631778,0.25141752035187104,156,2,26,4
Random Forest,No handling,34,6,4.0,3543069911.0,3501807147.0,4118287387.0,4043967978.0,3612693559.0,0.5,0.8351063829787234,0.5238396624472574,0.4,0.06666666666666667,0.11428571428571428,0.6691983122362869,0.3271591945487764,0.10851973417856386,155,3,28,2
Random Forest,No handling,35,7,0.0,3479688010.0,3236768435.0,2865411636.0,3318840422.0,3912474428.0,0.5,0.8723404255319149,0.62584754468872,0.8888888888888888,0.25806451612903225,0.4,0.7789192521060202,0.5501289875532971,0.4374794378336286,156,1,23,8
Random Forest,No handling,36,7,1.0,3479688010.0,2305656012.0,3381877115.0,1556977878.0,84856793.0,0.5,0.8670212765957447,0.6097185124306554,0.875,0.22580645161290322,0.358974358974359,0.8259708239161702,0.6339765595348901,0.4034217728037728,156,1,24,7
Random Forest,No handling,37,7,2.0,3479688010.0,2356649683.0,318010218.0,3016662055.0,3567410876.0,0.5,0.8882978723404256,0.65,1.0,0.3,0.46153846153846156,0.8364978902953587,0.6659554455118595,0.5145915557738419,158,0,21,9
Random Forest,No handling,38,7,3.0,3479688010.0,2893281512.0,2469679860.0,1922377286.0,2253123359.0,0.5,0.8457446808510638,0.5166666666666667,1.0,0.03333333333333333,0.06451612903225806,0.8259493670886077,0.4876671022551785,0.16782131232318268,158,0,29,1
Random Forest,No handling,39,7,4.0,3479688010.0,4199500584.0,4249980439.0,3041302169.0,4183030404.0,0.5,0.8351063829787234,0.5373417721518987,0.42857142857142855,0.1,0.16216216216216217,0.7924050632911392,0.482169550555457,0.14445273991003843,154,4,27,3
Random Forest,No handling,40,8,0.0,877132087.0,1103542793.0,3995548951.0,2399361964.0,2069602279.0,0.5,0.8882978723404256,0.6742346414629135,0.9166666666666666,0.3548387096774194,0.5116279069767442,0.8312101910828026,0.6770281702150679,0.5289909203990927,156,1,20,11
Random Forest,No handling,41,8,1.0,877132087.0,3056684009.0,598137562.0,3931308232.0,2988533825.0,0.5,0.8563829787234043,0.6033490856790631,0.7,0.22580645161290322,0.34146341463414637,0.7655640024655846,0.5032851936457349,0.3417883900716859,154,3,24,7
Random Forest,No handling,42,8,2.0,877132087.0,3791339622.0,2739617650.0,2445966928.0,2828353709.0,0.5,0.8457446808510638,0.5436708860759494,0.6,0.1,0.17142857142857143,0.7886075949367088,0.44903868157862553,0.1987927873890506,156,2,27,3
Random Forest,No handling,43,8,3.0,877132087.0,3127342568.0,2681935584.0,3331213130.0,2133334754.0,0.5,0.8617021276595744,0.5936708860759494,0.75,0.2,0.3157894736842105,0.8483122362869198,0.5724640939941521,0.33989325700922274,156,2,24,6
Random Forest,No handling,44,8,4.0,877132087.0,1127828914.0,2728054716.0,2320617598.0,3041774250.0,0.5,0.8457446808510638,0.5571729957805908,0.5714285714285714,0.13333333333333333,0.21621621621621623,0.7540084388185654,0.4757017108359282,0.22116775432553906,155,3,26,4
Random Forest,No handling,45,9,0.0,1244265337.0,3338291230.0,2890539395.0,2953800145.0,3606663329.0,0.5,0.851063829787234,0.5742757345387303,0.7142857142857143,0.16129032258064516,0.2631578947368421,0.8121019108280254,0.48634429857773953,0.2911516909401959,155,2,26,5
Random Forest,No handling,46,9,1.0,1244265337.0,624068715.0,4268927658.0,38935874.0,1532648771.0,0.5,0.8563829787234043,0.5904047667967948,0.75,0.1935483870967742,0.3076923076923077,0.8744606533799054,0.6120159400798171,0.33240745324655435,155,2,25,6
Random Forest,No handling,47,9,2.0,1244265337.0,2744585060.0,359786879.0,1846607031.0,3881619427.0,0.5,0.8723404255319149,0.6270042194092827,0.8,0.26666666666666666,0.4,0.8188818565400844,0.5307274003367523,0.4145026533423382,156,2,22,8
Random Forest,No handling,48,9,3.0,1244265337.0,1970194164.0,946277564.0,1678602414.0,3144807049.0,0.5,0.8776595744680851,0.6166666666666667,1.0,0.23333333333333334,0.3783783783783784,0.7637130801687764,0.573245956294504,0.45131279757204096,158,0,23,7
Random Forest,No handling,49,9,4.0,1244265337.0,173601491.0,2866459933.0,429950392.0,4283531392.0,0.5,0.8457446808510638,0.530168776371308,0.6666666666666666,0.06666666666666667,0.12121212121212122,0.7974683544303798,0.5652099473735714,0.1763316903364669,157,1,28,2
Random Forest,Class weight,0,0,0.0,2684470948.0,4029279179.0,2404884986.0,1831965477.0,2450371103.0,0.5,0.8776595744680851,0.6937538524758579,0.7222222222222222,0.41935483870967744,0.5306122448979592,0.8612081364290116,0.68019161207505,0.4887089606456367,152,5,18,13
Random Forest,Class weight,1,0,1.0,2684470948.0,1907587041.0,319304850.0,2120761011.0,2778126724.0,0.5,0.8297872340425532,0.6003698376823505,0.47058823529411764,0.25806451612903225,0.3333333333333333,0.7295048284364084,0.37443526621256845,0.25974151822286967,148,9,23,8
Random Forest,Class weight,2,0,2.0,2684470948.0,550160846.0,162088679.0,3827313941.0,3968954892.0,0.5,0.8617021276595744,0.7016877637130802,0.5833333333333334,0.4666666666666667,0.5185185185185185,0.8120253164556962,0.5906790370791056,0.4426609097331697,148,10,16,14
Random Forest,Class weight,3,0,3.0,2684470948.0,456733724.0,2555878538.0,4109446085.0,1897359641.0,0.5,0.8457446808510638,0.6786919831223629,0.52,0.43333333333333335,0.4727272727272727,0.770675105485232,0.48814245336688,0.3854432358384769,146,12,17,13
Random Forest,Class weight,4,0,4.0,2684470948.0,3899025672.0,3374659372.0,3228469206.0,38485105.0,0.5,0.8297872340425532,0.669198312236287,0.4642857142857143,0.43333333333333335,0.4482758620689655,0.759282700421941,0.5081716023811171,0.3480776883899808,143,15,17,13
Random Forest,Class weight,5,1,0.0,4091952314.0,2709696717.0,404797425.0,482881158.0,2159381029.0,0.5,0.8297872340425532,0.729813026505034,0.4864864864864865,0.5806451612903226,0.5294117647058824,0.8002876515307171,0.572734086755499,0.4289888212198693,138,19,13,18
Random Forest,Class weight,6,1,1.0,4091952314.0,241719485.0,2509909753.0,846830587.0,3534504437.0,0.5,0.8457446808510638,0.6617012533388125,0.5454545454545454,0.3870967741935484,0.4528301886792453,0.7501540990343127,0.4605369037016724,0.37334356525754836,147,10,19,12
Random Forest,Class weight,7,1,2.0,4091952314.0,3113315634.0,541648390.0,457574433.0,3122018153.0,0.5,0.8404255319148937,0.6350210970464135,0.5,0.3333333333333333,0.4,0.7573839662447257,0.45210147154516056,0.32073854897294063,148,10,20,10
Random Forest,Class weight,8,1,3.0,4091952314.0,523556381.0,326709777.0,2064446629.0,2575519354.0,0.5,0.8617021276595744,0.7691983122362869,0.5588235294117647,0.6333333333333333,0.59375,0.8339662447257383,0.6952927793647924,0.5122614568392817,143,15,11,19
Random Forest,Class weight,9,1,4.0,4091952314.0,3458391536.0,3776616463.0,3031619406.0,703221468.0,0.5,0.8404255319148937,0.7430379746835443,0.5,0.6,0.5454545454545454,0.8421940928270042,0.5772749801892767,0.4523975658955824,140,18,12,18
Random Forest,Class weight,10,2,0.0,233227757.0,1292076234.0,53887817.0,3533679353.0,2144277999.0,0.5,0.7978723404255319,0.6589274707211835,0.4,0.45161290322580644,0.42424242424242425,0.7513868913088144,0.4887234138328213,0.3030260069055596,136,21,17,14
Random Forest,Class weight,11,2,1.0,233227757.0,2243896038.0,209837144.0,2649872160.0,86535694.0,0.5,0.8776595744680851,0.7325868091226628,0.6666666666666666,0.5161290322580645,0.5818181818181818,0.7984384631189644,0.6459435449870985,0.5172710875106451,149,8,15,16
Random Forest,Class weight,12,2,2.0,233227757.0,851682062.0,809980283.0,2230482677.0,2422494044.0,0.5,0.8404255319148937,0.7160337552742616,0.5,0.5333333333333333,0.5161290322580645,0.7772151898734178,0.48245116371704094,0.4210207427978588,142,16,14,16
Random Forest,Class weight,13,2,3.0,233227757.0,3834429963.0,2269050367.0,3274230074.0,3867302873.0,0.5,0.8404255319148937,0.689029535864979,0.5,0.4666666666666667,0.4827586206896552,0.7818565400843882,0.44272405887428967,0.3888748239369362,144,14,16,14
Random Forest,Class weight,14,2,4.0,233227757.0,3941955730.0,634079115.0,2996949520.0,1608002297.0,0.5,0.8776595744680851,0.7516877637130801,0.6296296296296297,0.5666666666666667,0.5964912280701754,0.8525316455696204,0.6087490859200821,0.5256376299080419,148,10,13,17
Random Forest,Class weight,15,3,0.0,3276785861.0,2794086942.0,1223581241.0,1221078912.0,863064176.0,0.5,0.8351063829787234,0.6553318265872201,0.5,0.3870967741935484,0.43636363636363634,0.758783644955825,0.4613544987416719,0.3454566626837877,145,12,19,12
Random Forest,Class weight,16,3,1.0,3276785861.0,3337176271.0,3321025982.0,893119454.0,1046488244.0,0.5,0.851063829787234,0.6519416478323403,0.5789473684210527,0.3548387096774194,0.44,0.7939182247791247,0.5706289428693543,0.3741255325892365,149,8,20,11
Random Forest,Class weight,17,3,2.0,3276785861.0,3176062672.0,586655721.0,2459076759.0,4124490731.0,0.5,0.851063829787234,0.7493670886075949,0.5294117647058824,0.6,0.5625,0.848523206751055,0.5520515305024855,0.47452432757369195,142,16,12,18
Random Forest,Class weight,18,3,3.0,3276785861.0,615075798.0,519742181.0,2112888310.0,2975551207.0,0.5,0.8723404255319149,0.6810126582278482,0.6666666666666666,0.4,0.5,0.8071729957805907,0.531157629092349,0.4505753196080107,152,6,18,12
Random Forest,Class weight,19,3,4.0,3276785861.0,2328857014.0,114135890.0,1959788151.0,64968609.0,0.5,0.8297872340425532,0.7097046413502109,0.47058823529411764,0.5333333333333333,0.5,0.80042194092827,0.586562466605998,0.39905006904251256,140,18,14,16
Random Forest,Class weight,20,4,0.0,3644269654.0,481961022.0,2062448186.0,314054229.0,281417226.0,0.5,0.851063829787234,0.7684405177727553,0.5405405405405406,0.6451612903225806,0.5882352941176471,0.8317238545305116,0.5976342539179621,0.5010942288097981,140,17,11,20
Random Forest,Class weight,21,4,1.0,3644269654.0,934175084.0,3362287455.0,3714032599.0,933877359.0,0.5,0.851063829787234,0.7296075611259503,0.5483870967741935,0.5483870967741935,0.5483870967741935,0.7998767207725498,0.604350321932532,0.45921512225190053,143,14,14,17
Random Forest,Class weight,22,4,2.0,3644269654.0,2927577421.0,3599068780.0,1491529431.0,2555604329.0,0.5,0.8351063829787234,0.6993670886075949,0.4838709677419355,0.5,0.4918032786885246,0.7476793248945147,0.4918069862266356,0.393497484329912,142,16,15,15
Random Forest,Class weight,23,4,3.0,3644269654.0,3330064557.0,233463472.0,1040305160.0,829331388.0,0.5,0.851063829787234,0.7628691983122362,0.5277777777777778,0.6333333333333333,0.5757575757575758,0.7949367088607595,0.5694828162087014,0.4893119506127566,141,17,11,19
Random Forest,Class weight,24,4,4.0,3644269654.0,492020271.0,2970621428.0,1446061982.0,1530446371.0,0.5,0.8351063829787234,0.6588607594936708,0.48,0.4,0.43636363636363634,0.7734177215189872,0.4649455338085218,0.34266677282924807,145,13,18,12
Random Forest,Class weight,25,5,0.0,1206282609.0,181252727.0,166237341.0,2792107696.0,474108288.0,0.5,0.8351063829787234,0.7459420587630985,0.5,0.6129032258064516,0.5507246376811594,0.7836449558249435,0.6010154187728729,0.4545231890245014,138,19,12,19
Random Forest,Class weight,26,5,1.0,1206282609.0,3588477321.0,1207141105.0,779297474.0,1627097562.0,0.5,0.8351063829787234,0.6812204643517568,0.5,0.45161290322580644,0.4745762711864407,0.7725498253544278,0.45854954782352597,0.3777712478167289,143,14,17,14
Random Forest,Class weight,27,5,2.0,1206282609.0,3175067715.0,2275390866.0,3520990010.0,1532055890.0,0.5,0.851063829787234,0.7088607594936709,0.5357142857142857,0.5,0.5172413793103449,0.8295358649789029,0.5582656902077778,0.42967195948389153,145,13,15,15
Random Forest,Class weight,28,5,3.0,1206282609.0,4174702542.0,2600960707.0,3453138847.0,2546339619.0,0.5,0.8563829787234043,0.7660337552742615,0.5428571428571428,0.6333333333333333,0.5846153846153846,0.8367088607594937,0.6154113227376065,0.5005830888782052,142,16,11,19
Random Forest,Class weight,29,5,4.0,1206282609.0,135446164.0,802010249.0,3168557507.0,1367275293.0,0.5,0.8404255319148937,0.6350210970464135,0.5,0.3333333333333333,0.4,0.7822784810126582,0.46435794931141783,0.32073854897294063,148,10,20,10
Random Forest,Class weight,30,6,0.0,3543069911.0,1403774233.0,3769206494.0,1629163091.0,2344613278.0,0.5,0.824468085106383,0.6360180809533593,0.4583333333333333,0.3548387096774194,0.4,0.7770700636942676,0.433902877276228,0.3025030564770734,144,13,20,11
Random Forest,Class weight,31,6,1.0,3543069911.0,4175944194.0,3246839537.0,2609337872.0,3255319326.0,0.5,0.8829787234042553,0.7616601602629958,0.6666666666666666,0.5806451612903226,0.6206896551724138,0.8541195808506267,0.6581290011950773,0.5537368830311924,148,9,13,18
Random Forest,Class weight,32,6,2.0,3543069911.0,1089924410.0,180054817.0,2841123491.0,1437949854.0,0.5,0.9042553191489362,0.7675105485232068,0.7727272727272727,0.5666666666666667,0.6538461538461539,0.8609704641350212,0.6396825558040271,0.609529450176486,153,5,13,17
Random Forest,Class weight,33,6,3.0,3543069911.0,1853925516.0,1193920683.0,1225679581.0,926900172.0,0.5,0.8617021276595744,0.7286919831223628,0.5714285714285714,0.5333333333333333,0.5517241379310345,0.7949367088607594,0.5457580046508627,0.4704690950308469,146,12,14,16
Random Forest,Class weight,34,6,4.0,3543069911.0,3501807147.0,1845939251.0,2749523710.0,454159131.0,0.5,0.7659574468085106,0.6312236286919831,0.325,0.43333333333333335,0.37142857142857144,0.6808016877637131,0.36165356353061684,0.2348390723372611,131,27,17,13
Random Forest,Class weight,35,7,0.0,3479688010.0,3236768435.0,674059109.0,1619408543.0,4151410785.0,0.5,0.8563829787234043,0.6939593178549415,0.5833333333333334,0.45161290322580644,0.509090909090909,0.7659749332237519,0.5698855419447408,0.43136387509721635,147,10,17,14
Random Forest,Class weight,36,7,1.0,3479688010.0,2305656012.0,1276261552.0,1419836195.0,3634355605.0,0.5,0.8563829787234043,0.6939593178549415,0.5833333333333334,0.45161290322580644,0.509090909090909,0.8154920895829053,0.610571686757642,0.43136387509721635,147,10,17,14
Random Forest,Class weight,37,7,2.0,3479688010.0,2356649683.0,4134839319.0,1358687623.0,535445432.0,0.5,0.8085106382978723,0.7240506329113924,0.42857142857142855,0.6,0.5,0.8149789029535864,0.615766771513464,0.3939710124004126,134,24,12,18
Random Forest,Class weight,38,7,3.0,3479688010.0,2893281512.0,3107404633.0,2563158547.0,4130810657.0,0.5,0.8723404255319149,0.6945147679324895,0.65,0.43333333333333335,0.52,0.809282700421941,0.45471326085710045,0.4620639721141426,151,7,17,13
Random Forest,Class weight,39,7,4.0,3479688010.0,4199500584.0,1802289242.0,3172535092.0,2122448191.0,0.5,0.8670212765957447,0.7048523206751055,0.6086956521739131,0.4666666666666667,0.5283018867924528,0.7573839662447257,0.45575525480273826,0.4578826257312429,149,9,16,14
Random Forest,Class weight,40,8,0.0,877132087.0,1103542793.0,415525309.0,667984522.0,118004539.0,0.5,0.8191489361702128,0.7104992808711732,0.4594594594594595,0.5483870967741935,0.5,0.7854941442366961,0.6273000204882367,0.39293611742490486,137,20,14,17
Random Forest,Class weight,41,8,1.0,877132087.0,3056684009.0,3216907205.0,274089918.0,503731260.0,0.5,0.8351063829787234,0.6423875077049517,0.5,0.3548387096774194,0.41509433962264153,0.7686459831518389,0.49997277796040207,0.3287510682636353,146,11,20,11
Random Forest,Class weight,42,8,2.0,877132087.0,3791339622.0,4175311531.0,1785529777.0,3566288826.0,0.5,0.8351063829787234,0.6993670886075949,0.4838709677419355,0.5,0.4918032786885246,0.7959915611814345,0.4753821117424608,0.393497484329912,142,16,15,15
Random Forest,Class weight,43,8,3.0,877132087.0,3127342568.0,891859977.0,154366579.0,2817707785.0,0.5,0.8723404255319149,0.6810126582278482,0.6666666666666666,0.4,0.5,0.8580168776371309,0.5622449948536539,0.4505753196080107,152,6,18,12
Random Forest,Class weight,44,8,4.0,877132087.0,1127828914.0,18559708.0,1227020382.0,1636569377.0,0.5,0.8138297872340425,0.7137130801687763,0.4358974358974359,0.5666666666666667,0.4927536231884058,0.7689873417721519,0.5532057223395076,0.3860333560654587,136,22,13,17
Random Forest,Class weight,45,9,0.0,1244265337.0,3338291230.0,2983225132.0,562070677.0,2082412315.0,0.5,0.8297872340425532,0.6262584754468872,0.47619047619047616,0.3225806451612903,0.38461538461538464,0.7851859461680706,0.47077592627859843,0.29747695463139484,146,11,21,10
Random Forest,Class weight,46,9,1.0,1244265337.0,624068715.0,866693366.0,907480905.0,1532188142.0,0.5,0.8670212765957447,0.8168276145469489,0.575,0.7419354838709677,0.647887323943662,0.8726114649681528,0.6309553757382336,0.5745434036901961,140,17,8,23
Random Forest,Class weight,47,9,2.0,1244265337.0,2744585060.0,1136216604.0,1126434054.0,1481312847.0,0.5,0.824468085106383,0.7335443037974683,0.46153846153846156,0.6,0.5217391304347826,0.8232067510548523,0.588444733434775,0.42185481260065427,137,21,12,18
Random Forest,Class weight,48,9,3.0,1244265337.0,1970194164.0,1756427834.0,294490224.0,419667254.0,0.5,0.8297872340425532,0.6827004219409283,0.4666666666666667,0.4666666666666667,0.4666666666666667,0.7616033755274262,0.5590452902790056,0.36540084388185656,142,16,16,14
Random Forest,Class weight,49,9,4.0,1244265337.0,173601491.0,3856544271.0,343483639.0,3247940456.0,0.5,0.8829787234042553,0.7278481012658228,0.6818181818181818,0.5,0.5769230769230769,0.7753164556962026,0.5042113086491393,0.5191575758600985,151,7,15,15
Random Forest,SMOTE-NC,0,0,0.0,2684470948.0,4029279179.0,3360645887.0,2696628212.0,1356252341.0,0.5,0.9095744680851063,0.790528046024245,0.7916666666666666,0.6129032258064516,0.6909090909090909,0.8894596260530101,0.7312769525965171,0.6461319061307881,152,5,12,19
Random Forest,SMOTE-NC,1,0,1.0,2684470948.0,1907587041.0,557730213.0,1695149914.0,1688860355.0,0.5,0.8297872340425532,0.5744811999178139,0.46153846153846156,0.1935483870967742,0.2727272727272727,0.7464557222108075,0.40310434530577655,0.2178796319382601,150,7,25,6
Random Forest,SMOTE-NC,2,0,2.0,2684470948.0,550160846.0,1457503807.0,562568889.0,3132366156.0,0.5,0.8829787234042553,0.7278481012658228,0.6818181818181818,0.5,0.5769230769230769,0.830379746835443,0.6188665625321567,0.5191575758600985,151,7,15,15
Random Forest,SMOTE-NC,3,0,3.0,2684470948.0,456733724.0,702423720.0,1981670290.0,782536883.0,0.5,0.8670212765957447,0.6778481012658228,0.631578947368421,0.4,0.4897959183673469,0.7620253164556963,0.5289309138837344,0.43216366175486665,151,7,18,12
Random Forest,SMOTE-NC,4,0,4.0,2684470948.0,3899025672.0,3045101291.0,1937716053.0,2081991084.0,0.5,0.8563829787234043,0.6715189873417722,0.5714285714285714,0.4,0.47058823529411764,0.7481012658227848,0.4587031914209814,0.3988076564702152,149,9,18,12
Random Forest,SMOTE-NC,5,1,0.0,4091952314.0,2709696717.0,3594185213.0,1080336586.0,2881106430.0,0.5,0.8563829787234043,0.6939593178549415,0.5833333333333334,0.45161290322580644,0.509090909090909,0.7989521265666735,0.5463085609393897,0.43136387509721635,147,10,17,14
Random Forest,SMOTE-NC,6,1,1.0,4091952314.0,241719485.0,2164937330.0,4236408569.0,320351383.0,0.5,0.851063829787234,0.6519416478323403,0.5789473684210527,0.3548387096774194,0.44,0.7503595644133964,0.4836567585205662,0.3741255325892365,149,8,20,11
Random Forest,SMOTE-NC,7,1,2.0,4091952314.0,3113315634.0,2688827027.0,1223626424.0,30179836.0,0.5,0.8297872340425532,0.6016877637130802,0.4444444444444444,0.26666666666666666,0.3333333333333333,0.7803797468354431,0.4859000182017955,0.2531204009919128,148,10,22,8
Random Forest,SMOTE-NC,8,1,3.0,4091952314.0,523556381.0,2819432917.0,1521767076.0,180800265.0,0.5,0.8723404255319149,0.7080168776371307,0.6363636363636364,0.4666666666666667,0.5384615384615384,0.8495780590717299,0.6648184007796051,0.4739716387019047,150,8,16,14
Random Forest,SMOTE-NC,9,1,4.0,4091952314.0,3458391536.0,734044306.0,470734787.0,2101257499.0,0.5,0.8776595744680851,0.670675105485232,0.7333333333333333,0.36666666666666664,0.4888888888888889,0.8229957805907172,0.5445150948420876,0.4613395262888917,154,4,19,11
Random Forest,SMOTE-NC,10,2,0.0,233227757.0,1292076234.0,1610657266.0,1435602779.0,1418242571.0,0.5,0.851063829787234,0.6260530100678036,0.6,0.2903225806451613,0.391304347826087,0.7446065337990548,0.4931186726573068,0.34525915915065053,151,6,22,9
Random Forest,SMOTE-NC,11,2,1.0,233227757.0,2243896038.0,1174134860.0,4191925228.0,3349823502.0,0.5,0.898936170212766,0.7194370248613109,0.875,0.45161290322580644,0.5957446808510638,0.8054242860078077,0.6173729669474004,0.5836417627256466,155,2,17,14
Random Forest,SMOTE-NC,12,2,2.0,233227757.0,851682062.0,1263386973.0,4026542193.0,1429439307.0,0.5,0.7978723404255319,0.6232067510548523,0.36666666666666664,0.36666666666666664,0.36666666666666664,0.7677215189873418,0.4823320997882581,0.24641350210970464,139,19,19,11
Random Forest,SMOTE-NC,13,2,3.0,233227757.0,3834429963.0,181047785.0,1024516306.0,3112137734.0,0.5,0.8617021276595744,0.6746835443037975,0.6,0.4,0.48,0.7966244725738396,0.4819836204425118,0.4149554977337419,150,8,18,12
Random Forest,SMOTE-NC,14,2,4.0,233227757.0,3941955730.0,3908574561.0,1185405439.0,4000414235.0,0.5,0.8670212765957447,0.6643459915611815,0.6470588235294118,0.36666666666666664,0.46808510638297873,0.8624472573839663,0.6564525739805639,0.4197162332393936,152,6,19,11
Random Forest,SMOTE-NC,15,3,0.0,3276785861.0,2794086942.0,3056383561.0,974556378.0,2062880230.0,0.5,0.8457446808510638,0.648756934456544,0.55,0.3548387096774194,0.43137254901960786,0.7602219026094104,0.49005173613902475,0.3580702587125184,148,9,20,11
Random Forest,SMOTE-NC,16,3,1.0,3276785861.0,3337176271.0,1574386953.0,1687393426.0,534190542.0,0.5,0.8723404255319149,0.6776248202177932,0.7058823529411765,0.3870967741935484,0.5,0.8041914937333059,0.5944456935776512,0.4596653889532668,152,5,19,12
Random Forest,SMOTE-NC,17,3,2.0,3276785861.0,3176062672.0,387481140.0,1200026481.0,1301059740.0,0.5,0.8723404255319149,0.6810126582278482,0.6666666666666666,0.4,0.5,0.8801687763713081,0.6093928238306874,0.4505753196080107,152,6,18,12
Random Forest,SMOTE-NC,18,3,3.0,3276785861.0,615075798.0,2656575921.0,1188493596.0,738745264.0,0.5,0.8617021276595744,0.6746835443037975,0.6,0.4,0.48,0.8141350210970464,0.5473020116119197,0.4149554977337419,150,8,18,12
Random Forest,SMOTE-NC,19,3,4.0,3276785861.0,2328857014.0,113017545.0,3406573264.0,2238824206.0,0.5,0.8829787234042553,0.7143459915611814,0.7,0.4666666666666667,0.56,0.8078059071729957,0.5919214862391692,0.5091724464945432,152,6,16,14
Random Forest,SMOTE-NC,20,4,0.0,3644269654.0,481961022.0,2400321541.0,1937606250.0,3402784662.0,0.5,0.8776595744680851,0.7066981713581262,0.7,0.45161290322580644,0.5490196078431373,0.8789808917197452,0.6905969211695608,0.49753961362540544,151,6,17,14
Random Forest,SMOTE-NC,21,4,1.0,3644269654.0,934175084.0,2663526624.0,987036129.0,128570851.0,0.5,0.8723404255319149,0.6776248202177932,0.7058823529411765,0.3870967741935484,0.5,0.7756318060406822,0.5252652645850621,0.4596653889532668,152,5,19,12
Random Forest,SMOTE-NC,22,4,2.0,3644269654.0,2927577421.0,2680358294.0,411423033.0,1878880031.0,0.5,0.8617021276595744,0.7016877637130802,0.5833333333333334,0.4666666666666667,0.5185185185185185,0.7516877637130802,0.5385495139729141,0.4426609097331697,148,10,16,14
Random Forest,SMOTE-NC,23,4,3.0,3644269654.0,3330064557.0,412002951.0,1082772579.0,411628896.0,0.5,0.8723404255319149,0.7215189873417722,0.625,0.5,0.5555555555555556,0.7949367088607595,0.5686420246781981,0.48618614562743534,149,9,15,15
Random Forest,SMOTE-NC,24,4,4.0,3644269654.0,492020271.0,3618980060.0,972521857.0,1461586489.0,0.5,0.8297872340425532,0.6421940928270042,0.4583333333333333,0.36666666666666664,0.4074074074074074,0.7778481012658228,0.4390207784270452,0.31208520205037277,145,13,19,11
Random Forest,SMOTE-NC,25,5,0.0,1206282609.0,181252727.0,3890269275.0,2023037613.0,661762411.0,0.5,0.8776595744680851,0.7196424902403945,0.6818181818181818,0.4838709677419355,0.5660377358490566,0.810766385863982,0.6329863979473614,0.5071210562392874,150,7,16,15
Random Forest,SMOTE-NC,26,5,1.0,1206282609.0,3588477321.0,483589101.0,294489890.0,606645734.0,0.5,0.7978723404255319,0.5812615574275735,0.34782608695652173,0.25806451612903225,0.2962962962962963,0.7287856996096158,0.39759761573062297,0.18405173690519333,142,15,23,8
Random Forest,SMOTE-NC,27,5,2.0,1206282609.0,3175067715.0,281661510.0,2905944643.0,3750986982.0,0.5,0.8670212765957447,0.7048523206751055,0.6086956521739131,0.4666666666666667,0.5283018867924528,0.8097046413502111,0.5330482881997168,0.4578826257312429,149,9,16,14
Random Forest,SMOTE-NC,28,5,3.0,1206282609.0,4174702542.0,855541827.0,2163829101.0,2091414646.0,0.5,0.8723404255319149,0.7080168776371307,0.6363636363636364,0.4666666666666667,0.5384615384615384,0.8622362869198312,0.6816181693337112,0.4739716387019047,150,8,16,14
Random Forest,SMOTE-NC,29,5,4.0,1206282609.0,135446164.0,403024965.0,726578943.0,3662816730.0,0.5,0.8351063829787234,0.6183544303797468,0.47368421052631576,0.3,0.3673469387755102,0.7934599156118144,0.46294559818980674,0.28759645817850554,148,10,21,9
Random Forest,SMOTE-NC,30,6,0.0,3543069911.0,1403774233.0,2043867562.0,369170570.0,216988073.0,0.5,0.824468085106383,0.6101294431888227,0.45,0.2903225806451613,0.35294117647058826,0.7737826176289295,0.45150122382921687,0.2650906887705938,146,11,22,9
Random Forest,SMOTE-NC,31,6,1.0,3543069911.0,4175944194.0,94953376.0,2486442767.0,4238531149.0,0.5,0.8776595744680851,0.6937538524758579,0.7222222222222222,0.41935483870967744,0.5306122448979592,0.8078898705568112,0.6149730387863194,0.4887089606456367,152,5,18,13
Random Forest,SMOTE-NC,32,6,2.0,3543069911.0,1089924410.0,1592854643.0,194110636.0,2205751843.0,0.5,0.8723404255319149,0.7350210970464135,0.6153846153846154,0.5333333333333333,0.5714285714285714,0.8375527426160339,0.576029507858904,0.4986339383482175,148,10,14,16
Random Forest,SMOTE-NC,33,6,3.0,3543069911.0,1853925516.0,2555468934.0,2477709305.0,788266035.0,0.5,0.851063829787234,0.6413502109704641,0.5555555555555556,0.3333333333333333,0.4166666666666667,0.8244725738396624,0.5798797063049993,0.35184786029996173,150,8,20,10
Random Forest,SMOTE-NC,34,6,4.0,3543069911.0,3501807147.0,501289663.0,4007826876.0,376757675.0,0.5,0.776595744680851,0.570042194092827,0.2857142857142857,0.26666666666666666,0.27586206896551724,0.6962025316455696,0.3881043216650336,0.14409201065520402,138,20,22,8
Random Forest,SMOTE-NC,35,7,0.0,3479688010.0,3236768435.0,2514009242.0,2928748267.0,3078071414.0,0.5,0.8563829787234043,0.6939593178549415,0.5833333333333334,0.45161290322580644,0.509090909090909,0.7524142182042326,0.5263977954172224,0.43136387509721635,147,10,17,14
Random Forest,SMOTE-NC,36,7,1.0,3479688010.0,2305656012.0,3474936239.0,4188349517.0,2642170719.0,0.5,0.851063829787234,0.677830285596877,0.5652173913043478,0.41935483870967744,0.48148148148148145,0.8239161701253339,0.611371077119738,0.40277314359404504,147,10,18,13
Random Forest,SMOTE-NC,37,7,2.0,3479688010.0,2356649683.0,2100089774.0,3307041500.0,1856255925.0,0.5,0.8723404255319149,0.7485232067510548,0.6071428571428571,0.5666666666666667,0.5862068965517241,0.8149789029535864,0.6241248009775847,0.5112662305778022,147,11,13,17
Random Forest,SMOTE-NC,38,7,3.0,3479688010.0,2893281512.0,2687999613.0,1019452968.0,2406741960.0,0.5,0.851063829787234,0.6413502109704641,0.5555555555555556,0.3333333333333333,0.4166666666666667,0.8571729957805907,0.5608921675874775,0.35184786029996173,150,8,20,10
Random Forest,SMOTE-NC,39,7,4.0,3479688010.0,4199500584.0,3171275596.0,3251524175.0,2432844058.0,0.5,0.8617021276595744,0.6206751054852321,0.6666666666666666,0.26666666666666666,0.38095238095238093,0.7639240506329115,0.45695259802311744,0.36156792484354594,154,4,22,8
Random Forest,SMOTE-NC,40,8,0.0,877132087.0,1103542793.0,1200887761.0,3214292538.0,3466718770.0,0.5,0.8617021276595744,0.7359769878775426,0.5862068965517241,0.5483870967741935,0.5666666666666667,0.7896034518183686,0.6251788199748696,0.48487831407911103,145,12,14,17
Random Forest,SMOTE-NC,41,8,1.0,877132087.0,3056684009.0,2566377028.0,3799089395.0,2647624722.0,0.5,0.851063829787234,0.677830285596877,0.5652173913043478,0.41935483870967744,0.48148148148148145,0.7616601602629958,0.4856752021847165,0.40277314359404504,147,10,18,13
Random Forest,SMOTE-NC,42,8,2.0,877132087.0,3791339622.0,544007449.0,800398185.0,1368814329.0,0.5,0.8617021276595744,0.6881856540084388,0.5909090909090909,0.43333333333333335,0.5,0.7987341772151899,0.5066930515942921,0.42878570154371093,149,9,17,13
Random Forest,SMOTE-NC,43,8,3.0,877132087.0,3127342568.0,2615585469.0,565903330.0,3127495400.0,0.5,0.8670212765957447,0.6508438818565401,0.6666666666666666,0.3333333333333333,0.4444444444444444,0.8417721518987342,0.5746633160675567,0.4077351808362887,153,5,20,10
Random Forest,SMOTE-NC,44,8,4.0,877132087.0,1127828914.0,3737847116.0,892500444.0,3790940604.0,0.5,0.8563829787234043,0.6310126582278481,0.6,0.3,0.4,0.769831223628692,0.5094426116493499,0.35413083538368567,152,6,21,9
Random Forest,SMOTE-NC,45,9,0.0,1244265337.0,3338291230.0,2567855247.0,1144113025.0,3687424670.0,0.5,0.851063829787234,0.6648859667146085,0.5714285714285714,0.3870967741935484,0.46153846153846156,0.7750154099034312,0.4566470020231831,0.3884869911988517,148,9,19,12
Random Forest,SMOTE-NC,46,9,1.0,1244265337.0,624068715.0,1010308418.0,4079713129.0,3097509291.0,0.5,0.8723404255319149,0.7294020957468667,0.64,0.5161290322580645,0.5714285714285714,0.8699404150400658,0.587585787296582,0.5014114457608657,148,9,15,16
Random Forest,SMOTE-NC,47,9,2.0,1244265337.0,2744585060.0,2817981225.0,894317208.0,2841282767.0,0.5,0.851063829787234,0.6683544303797468,0.5454545454545454,0.4,0.46153846153846156,0.8141350210970465,0.5793187435824484,0.3835997643855172,148,10,18,12
Random Forest,SMOTE-NC,48,9,3.0,1244265337.0,1970194164.0,1956713221.0,3571158934.0,4116453481.0,0.5,0.8723404255319149,0.6675105485232068,0.6875,0.36666666666666664,0.4782608695652174,0.7742616033755275,0.5568238922364424,0.4396804064070125,153,5,19,11
Random Forest,SMOTE-NC,49,9,4.0,1244265337.0,173601491.0,848293156.0,2219671207.0,1452220558.0,0.5,0.8723404255319149,0.6675105485232068,0.6875,0.36666666666666664,0.4782608695652174,0.781012658227848,0.5105002432825299,0.4396804064070125,153,5,19,11
Random Forest,Random undersampling,0,0,0.0,2684470948.0,4029279179.0,2072056482.0,3466172363.0,3082906056.0,0.5,0.8138297872340425,0.7979247996712554,0.46153846153846156,0.7741935483870968,0.5783132530120482,0.8820628724059996,0.7026347800827821,0.4943063604799435,129,28,7,24
Random Forest,Random undersampling,1,0,1.0,2684470948.0,1907587041.0,2092562032.0,253993737.0,2184154972.0,0.5,0.7287234042553191,0.6563591534826382,0.3148148148148148,0.5483870967741935,0.4,0.7585781795767413,0.4655171602485423,0.25646889475086565,120,37,14,17
Random Forest,Random undersampling,2,0,2.0,2684470948.0,550160846.0,3646369931.0,1926256503.0,547295060.0,0.5,0.7074468085106383,0.7584388185654009,0.3333333333333333,0.8333333333333334,0.47619047619047616,0.8177215189873418,0.5707584685077801,0.3865512305009838,108,50,5,25
Random Forest,Random undersampling,3,0,3.0,2684470948.0,456733724.0,2420325884.0,4106928476.0,1416298043.0,0.5,0.8085106382978723,0.751054852320675,0.43478260869565216,0.6666666666666666,0.5263157894736842,0.7649789029535864,0.4268179431756708,0.42772506225418333,132,26,10,20
Random Forest,Random undersampling,4,0,4.0,2684470948.0,3899025672.0,1638048231.0,3558756530.0,1460575124.0,0.5,0.7393617021276596,0.6694092827004219,0.32075471698113206,0.5666666666666667,0.40963855421686746,0.7428270042194093,0.4829617578634298,0.27577287772472325,122,36,13,17
Random Forest,Random undersampling,5,1,0.0,4091952314.0,2709696717.0,2357977600.0,2991505274.0,4124072149.0,0.5,0.723404255319149,0.7178960345181837,0.3384615384615385,0.7096774193548387,0.4583333333333333,0.7951510170536265,0.5557608929702313,0.3400171018812866,114,43,9,22
Random Forest,Random undersampling,6,1,1.0,4091952314.0,241719485.0,818848522.0,3807262161.0,3340079597.0,0.5,0.7819148936170213,0.6882062872406,0.38636363636363635,0.5483870967741935,0.4533333333333333,0.7144031230737621,0.44301474371329774,0.32990371941841534,130,27,14,17
Random Forest,Random undersampling,7,1,2.0,4091952314.0,3113315634.0,2147775006.0,1769353229.0,72739271.0,0.5,0.7978723404255319,0.7042194092827004,0.40476190476190477,0.5666666666666667,0.4722222222222222,0.7710970464135021,0.4965782650798319,0.359099755182297,133,25,13,17
Random Forest,Random undersampling,8,1,3.0,4091952314.0,523556381.0,875925486.0,2343331574.0,1301833396.0,0.5,0.7287234042553191,0.730590717299578,0.3384615384615385,0.7333333333333333,0.4631578947368421,0.8251054852320674,0.649055306458498,0.3551008834156796,115,43,8,22
Random Forest,Random undersampling,9,1,4.0,4091952314.0,3458391536.0,2012060538.0,3712945233.0,3232879953.0,0.5,0.7712765957446809,0.7829113924050632,0.39344262295081966,0.8,0.5274725274725275,0.8765822784810128,0.6304086633258201,0.44259125101146496,121,37,6,24
Random Forest,Random undersampling,10,2,0.0,233227757.0,1292076234.0,455978236.0,1797253005.0,3423151065.0,0.5,0.7074468085106383,0.6824532566262584,0.3125,0.6451612903225806,0.42105263157894735,0.7345387302239573,0.4306505338158582,0.285766594115826,113,44,11,20
Random Forest,Random undersampling,11,2,1.0,233227757.0,2243896038.0,3956910774.0,2260501226.0,1320992649.0,0.5,0.776595744680851,0.7238545305116089,0.39215686274509803,0.6451612903225806,0.4878048780487805,0.8031641668378879,0.6472372641665,0.3736639371648539,126,31,11,20
Random Forest,Random undersampling,12,2,2.0,233227757.0,851682062.0,3484230002.0,823004225.0,2788629977.0,0.5,0.7393617021276596,0.7099156118143459,0.3389830508474576,0.6666666666666666,0.449438202247191,0.7808016877637131,0.49730645436051146,0.3313164845452574,119,39,10,20
Random Forest,Random undersampling,13,2,3.0,233227757.0,3834429963.0,1724820224.0,4008981434.0,661731982.0,0.5,0.7180851063829787,0.670253164556962,0.3050847457627119,0.6,0.4044943820224719,0.7118143459915613,0.3308991701068952,0.2687159829427364,117,41,12,18
Random Forest,Random undersampling,14,2,4.0,233227757.0,3941955730.0,3007234068.0,603229990.0,1267407376.0,0.5,0.776595744680851,0.7725738396624473,0.39655172413793105,0.7666666666666667,0.5227272727272727,0.8445147679324895,0.5996970737016126,0.43223274556224545,123,35,7,23
Random Forest,Random undersampling,15,3,0.0,3276785861.0,2794086942.0,90699465.0,3383257222.0,1790528488.0,0.5,0.7872340425531915,0.6913910006163961,0.3953488372093023,0.5483870967741935,0.4594594594594595,0.762687487158414,0.44524548167765754,0.3381924849904865,131,26,14,17
Random Forest,Random undersampling,16,3,1.0,3276785861.0,3337176271.0,3651513455.0,1236348068.0,2354284705.0,0.5,0.7819148936170213,0.7399835627696734,0.40384615384615385,0.6774193548387096,0.5060240963855421,0.783850421204027,0.528854068814799,0.398172295890051,126,31,10,21
Random Forest,Random undersampling,17,3,2.0,3276785861.0,3176062672.0,1702324807.0,3344460875.0,1192608665.0,0.5,0.8191489361702128,0.7978902953586497,0.46,0.7666666666666667,0.575,0.8217299578059072,0.5704655974338833,0.4937998755856016,131,27,7,23
Random Forest,Random undersampling,18,3,3.0,3276785861.0,615075798.0,2908736917.0,1241864734.0,1083015039.0,0.5,0.723404255319149,0.7274261603375527,0.3333333333333333,0.7333333333333333,0.4583333333333333,0.7854430379746835,0.40184246382047795,0.34898575693202966,114,44,8,22
Random Forest,Random undersampling,19,3,4.0,3276785861.0,2328857014.0,4235336834.0,3909727960.0,2939820770.0,0.5,0.7287234042553191,0.7035864978902953,0.32786885245901637,0.6666666666666666,0.43956043956043955,0.7938818565400844,0.5949491701695215,0.3184940769769304,117,41,10,20
Random Forest,Random undersampling,20,4,0.0,3644269654.0,481961022.0,3621748167.0,94403008.0,4269529856.0,0.5,0.7180851063829787,0.7017670022601191,0.328125,0.6774193548387096,0.4421052631578947,0.8138483665502363,0.5218524952488942,0.31601666151096974,114,43,10,21
Random Forest,Random undersampling,21,4,1.0,3644269654.0,934175084.0,508782226.0,1626513947.0,414305615.0,0.5,0.7446808510638298,0.7176905691391,0.3559322033898305,0.6774193548387096,0.4666666666666667,0.7721388945962605,0.5016128359920965,0.34816044006494024,119,38,10,21
Random Forest,Random undersampling,22,4,2.0,3644269654.0,2927577421.0,3223874465.0,675723646.0,575437282.0,0.5,0.7606382978723404,0.7225738396624473,0.36363636363636365,0.6666666666666666,0.47058823529411764,0.7877637130801688,0.5363989525514712,0.3583324337339431,123,35,10,20
Random Forest,Random undersampling,23,4,3.0,3644269654.0,3330064557.0,2718210131.0,1761875428.0,4052760281.0,0.5,0.7340425531914894,0.720253164556962,0.3387096774193548,0.7,0.45652173913043476,0.7837552742616034,0.5297582750441628,0.3431311977094325,117,41,9,21
Random Forest,Random undersampling,24,4,4.0,3644269654.0,492020271.0,1632780634.0,695435818.0,3788996126.0,0.5,0.7340425531914894,0.7337552742616034,0.34375,0.7333333333333333,0.46808510638297873,0.7625527426160338,0.45352133151110263,0.3613098119099278,116,42,8,22
Random Forest,Random undersampling,25,5,0.0,1206282609.0,181252727.0,3726792620.0,1950501815.0,1645038544.0,0.5,0.723404255319149,0.730840353400452,0.34328358208955223,0.7419354838709677,0.46938775510204084,0.761454694883912,0.5796410697609949,0.357719251034874,113,44,8,23
Random Forest,Random undersampling,26,5,1.0,1206282609.0,3588477321.0,3693157203.0,1699387673.0,2419594178.0,0.5,0.7127659574468085,0.6856379700020546,0.31746031746031744,0.6451612903225806,0.425531914893617,0.7509759605506472,0.44710462274771345,0.291878562177356,114,43,11,20
Random Forest,Random undersampling,27,5,2.0,1206282609.0,3175067715.0,586688067.0,2550974566.0,1407958378.0,0.5,0.7819148936170213,0.7487341772151899,0.39622641509433965,0.7,0.5060240963855421,0.8164556962025317,0.5949811224880881,0.404901896435179,126,32,9,21
Random Forest,Random undersampling,28,5,3.0,1206282609.0,4174702542.0,3455071863.0,2195104593.0,936761857.0,0.5,0.7872340425531915,0.7654008438818565,0.4074074074074074,0.7333333333333333,0.5238095238095238,0.8420886075949366,0.590581442638261,0.42960782867456204,126,32,8,22
Random Forest,Random undersampling,29,5,4.0,1206282609.0,135446164.0,1982820206.0,1420251269.0,1072627406.0,0.5,0.7287234042553191,0.690084388185654,0.3220338983050847,0.6333333333333333,0.42696629213483145,0.770253164556962,0.4624284220704261,0.30001623374399694,118,40,11,19
Random Forest,Random undersampling,30,6,0.0,3543069911.0,1403774233.0,3788760256.0,3019443337.0,4191131222.0,0.5,0.75,0.7338196013971646,0.36666666666666664,0.7096774193548387,0.4835164835164835,0.7517978220669818,0.4369261093538328,0.3722725161018172,119,38,9,22
Random Forest,Random undersampling,31,6,1.0,3543069911.0,4175944194.0,587905657.0,3910235011.0,2096835030.0,0.5,0.7819148936170213,0.76587220053421,0.4107142857142857,0.7419354838709677,0.5287356321839081,0.8459009656872817,0.5753758926409531,0.4314720019529665,124,33,8,23
Random Forest,Random undersampling,32,6,2.0,3543069911.0,1089924410.0,3991073378.0,1031917113.0,2770241215.0,0.5,0.776595744680851,0.79957805907173,0.4032258064516129,0.8333333333333334,0.5434782608695652,0.869620253164557,0.6392360264653743,0.4667110160415653,121,37,5,25
Random Forest,Random undersampling,33,6,3.0,3543069911.0,1853925516.0,3373366509.0,563349377.0,3380315926.0,0.5,0.7872340425531915,0.7248945147679324,0.3958333333333333,0.6333333333333333,0.48717948717948717,0.7841772151898735,0.5696337382615249,0.3777577586914095,129,29,11,19
Random Forest,Random undersampling,34,6,4.0,3543069911.0,3501807147.0,3725096249.0,3555770649.0,1786133380.0,0.5,0.6808510638297872,0.5805907172995781,0.23214285714285715,0.43333333333333335,0.3023255813953488,0.6618143459915613,0.3379663794275716,0.12906937547001668,115,43,17,13
Random Forest,Random undersampling,35,7,0.0,3479688010.0,3236768435.0,3597030947.0,1270952301.0,2201311987.0,0.5,0.7446808510638298,0.7176905691391,0.3559322033898305,0.6774193548387096,0.4666666666666667,0.7633038832956647,0.5770904981188651,0.34816044006494024,119,38,10,21
Random Forest,Random undersampling,36,7,1.0,3479688010.0,2305656012.0,3566422434.0,877755832.0,1598058418.0,0.5,0.776595744680851,0.7367988493938771,0.39622641509433965,0.6774193548387096,0.5,0.8066570782823095,0.602577227109121,0.39060287680236766,125,32,10,21
Random Forest,Random undersampling,37,7,2.0,3479688010.0,2356649683.0,2237218462.0,1137534641.0,2801194651.0,0.5,0.675531914893617,0.7259493670886077,0.3037974683544304,0.8,0.44036697247706424,0.8034810126582278,0.5980857387658526,0.3352767986546787,103,55,6,24
Random Forest,Random undersampling,38,7,3.0,3479688010.0,2893281512.0,702234915.0,1678226238.0,260385429.0,0.5,0.7925531914893617,0.7280590717299578,0.40425531914893614,0.6333333333333333,0.4935064935064935,0.8316455696202532,0.4487582505589826,0.3857518641604145,130,28,11,19
Random Forest,Random undersampling,39,7,4.0,3479688010.0,4199500584.0,3799799437.0,3252986340.0,1514335236.0,0.5,0.75,0.7027426160337553,0.34545454545454546,0.6333333333333333,0.4470588235294118,0.7318565400843882,0.3866217952177152,0.3264051837140467,122,36,11,19
Random Forest,Random undersampling,40,8,0.0,877132087.0,1103542793.0,3118496557.0,40020016.0,821127453.0,0.5,0.7021276595744681,0.6792685432504623,0.3076923076923077,0.6451612903225806,0.4166666666666667,0.7867269365111978,0.63273669376585,0.27974061423047863,112,45,11,20
Random Forest,Random undersampling,41,8,1.0,877132087.0,3056684009.0,3074913745.0,88933986.0,1511460873.0,0.5,0.723404255319149,0.7178960345181837,0.3384615384615385,0.7096774193548387,0.4583333333333333,0.7698787754263408,0.5346601840063857,0.3400171018812866,114,43,9,22
Random Forest,Random undersampling,42,8,2.0,877132087.0,3791339622.0,1697161796.0,3181013033.0,2081220804.0,0.5,0.7925531914893617,0.7280590717299578,0.40425531914893614,0.6333333333333333,0.4935064935064935,0.7949367088607596,0.49854558517875736,0.3857518641604145,130,28,11,19
Random Forest,Random undersampling,43,8,3.0,877132087.0,3127342568.0,1953809176.0,2196508731.0,1763391376.0,0.5,0.7659574468085106,0.7392405063291139,0.375,0.7,0.4883720930232558,0.8200421940928271,0.4899227556591961,0.383153591054971,123,35,9,21
Random Forest,Random undersampling,44,8,4.0,877132087.0,1127828914.0,1564653318.0,2478644994.0,923085293.0,0.5,0.7553191489361702,0.7464135021097047,0.36666666666666664,0.7333333333333333,0.4888888888888889,0.7871308016877637,0.5577743883110327,0.3871712116321886,120,38,8,22
Random Forest,Random undersampling,45,9,0.0,1244265337.0,3338291230.0,2654043786.0,81801098.0,3991583950.0,0.5,0.6968085106382979,0.6631395109923978,0.296875,0.6129032258064516,0.4,0.759810971851243,0.4738928046693561,0.25551652672068226,112,45,12,19
Random Forest,Random undersampling,46,9,1.0,1244265337.0,624068715.0,95760626.0,770741470.0,1666050549.0,0.5,0.7127659574468085,0.7503595644133962,0.3424657534246575,0.8064516129032258,0.4807692307692308,0.8514485309225396,0.5923091494807826,0.38125408512065867,109,48,6,25
Random Forest,Random undersampling,47,9,2.0,1244265337.0,2744585060.0,2760210116.0,2068234031.0,2011792315.0,0.5,0.7180851063829787,0.6972573839662447,0.31746031746031744,0.6666666666666666,0.43010752688172044,0.8094936708860759,0.5154041392281197,0.3060745040607473,115,43,10,20
Random Forest,Random undersampling,48,9,3.0,1244265337.0,1970194164.0,1702474814.0,3203475766.0,3464823235.0,0.5,0.7606382978723404,0.6955696202531645,0.35294117647058826,0.6,0.4444444444444444,0.7706751054852321,0.5121360948597813,0.3221626487923528,125,33,12,18
Random Forest,Random undersampling,49,9,4.0,1244265337.0,173601491.0,2468005583.0,1214859093.0,3548714570.0,0.5,0.7872340425531915,0.7248945147679324,0.3958333333333333,0.6333333333333333,0.48717948717948717,0.7789029535864979,0.5399373166146448,0.3777577586914095,129,29,11,19
Random Forest,Threshold tuning,0,0,0.0,2684470948.0,4029279179.0,3466432294.0,2452889694.0,1647545743.0,0.24145229672861254,0.9042553191489362,0.8520649270597904,0.6857142857142857,0.7741935483870968,0.7272727272727273,0.8602835422231354,0.703503376183997,0.6712799778056578,146,11,7,24
Random Forest,Threshold tuning,1,0,1.0,2684470948.0,1907587041.0,1004142889.0,1363402403.0,830823724.0,0.2208287008828805,0.776595744680851,0.6850215738648038,0.37777777777777777,0.5483870967741935,0.4473684210526316,0.7506677624820217,0.406325819362223,0.32181683851868376,129,28,14,17
Random Forest,Threshold tuning,2,0,2.0,2684470948.0,550160846.0,3396421023.0,799277347.0,2955785147.0,0.2588439153439154,0.8563829787234043,0.7525316455696203,0.5454545454545454,0.6,0.5714285714285714,0.8390295358649789,0.6074724085310979,0.4861968672682042,143,15,12,18
Random Forest,Threshold tuning,3,0,3.0,2684470948.0,456733724.0,2869877517.0,3840830037.0,4039527060.0,0.2767671957671956,0.8191489361702128,0.649367088607595,0.42857142857142855,0.4,0.41379310344827586,0.7662447257383966,0.4670989158303328,0.30728055284302547,142,16,18,12
Random Forest,Threshold tuning,4,0,4.0,2684470948.0,3899025672.0,445556153.0,1192504824.0,3064166110.0,0.3364484126984127,0.8617021276595744,0.6476793248945147,0.625,0.3333333333333333,0.43478260869565216,0.7681434599156117,0.5414917426252049,0.38762756232356266,152,6,20,10
Random Forest,Threshold tuning,5,1,0.0,4091952314.0,2709696717.0,90607363.0,4031187339.0,4238339045.0,0.3065559533059533,0.8457446808510638,0.7134785288678858,0.5333333333333333,0.5161290322580645,0.5245901639344263,0.8108691185535237,0.5713513967042156,0.4326390330357445,143,14,15,16
Random Forest,Threshold tuning,6,1,1.0,4091952314.0,241719485.0,3887808651.0,3152011230.0,739467275.0,0.2459225640635293,0.824468085106383,0.6748510376001644,0.4666666666666667,0.45161290322580644,0.45901639344262296,0.7326895418122047,0.45019430862019716,0.35435593562407947,141,16,17,14
Random Forest,Threshold tuning,7,1,2.0,4091952314.0,3113315634.0,3144297731.0,3899636087.0,3466818704.0,0.2601873872182486,0.8404255319148937,0.7025316455696202,0.5,0.5,0.5,0.7774261603375527,0.49051941351866035,0.4050632911392405,143,15,15,15
Random Forest,Threshold tuning,8,1,3.0,4091952314.0,523556381.0,688753673.0,579922251.0,3495306369.0,0.2569558459031879,0.8776595744680851,0.8056962025316455,0.6,0.7,0.6461538461538462,0.8529535864978903,0.7110043651997797,0.5752140331360186,144,14,9,21
Random Forest,Threshold tuning,9,1,4.0,4091952314.0,3458391536.0,184540227.0,3767836097.0,3167927679.0,0.3373972400977253,0.8723404255319149,0.6945147679324895,0.65,0.43333333333333335,0.52,0.8594936708860759,0.5748991780240059,0.4620639721141426,151,7,17,13
Random Forest,Threshold tuning,10,2,0.0,233227757.0,1292076234.0,31089502.0,3287737579.0,537267363.0,0.23071406670632955,0.776595744680851,0.6591329361002671,0.36585365853658536,0.4838709677419355,0.4166666666666667,0.7495377028970618,0.49818237118547914,0.2860027104122217,131,26,16,15
Random Forest,Threshold tuning,11,2,1.0,233227757.0,2243896038.0,2871235262.0,479711381.0,923994424.0,0.2696853515979128,0.8670212765957447,0.7391617012533388,0.6071428571428571,0.5483870967741935,0.576271186440678,0.8136429011711526,0.630698324220293,0.49855525222071706,146,11,14,17
Random Forest,Threshold tuning,12,2,2.0,233227757.0,851682062.0,886324778.0,3606734957.0,3817440694.0,0.25878345945993014,0.8351063829787234,0.7533755274261603,0.48717948717948717,0.6333333333333333,0.5507246376811594,0.7883966244725739,0.4842450159136036,0.45767626913584986,138,20,11,19
Random Forest,Threshold tuning,13,2,3.0,233227757.0,3834429963.0,3159868479.0,3639243649.0,238155677.0,0.2534915580180263,0.8191489361702128,0.7033755274261604,0.4444444444444444,0.5333333333333333,0.48484848484848486,0.7740506329113924,0.4332170323906133,0.37856879646123387,138,20,14,16
Random Forest,Threshold tuning,14,2,4.0,233227757.0,3941955730.0,2700111096.0,4263018531.0,372333534.0,0.2572423317423318,0.8670212765957447,0.799367088607595,0.5675675675675675,0.7,0.6268656716417911,0.8798523206751055,0.6952354205912551,0.551485228785657,142,16,9,21
Random Forest,Threshold tuning,15,3,0.0,3276785861.0,2794086942.0,386853592.0,4026479785.0,451683625.0,0.2966666666666667,0.7978723404255319,0.6848161084857202,0.41025641025641024,0.5161290322580645,0.45714285714285713,0.7693651119786317,0.46511991575361666,0.33827901123077975,134,23,15,16
Random Forest,Threshold tuning,16,3,1.0,3276785861.0,3337176271.0,3155937810.0,3629079143.0,1883051527.0,0.3228650793650794,0.851063829787234,0.6648859667146085,0.5714285714285714,0.3870967741935484,0.46153846153846156,0.7965892747072119,0.5629327804938812,0.3884869911988517,148,9,19,12
Random Forest,Threshold tuning,17,3,2.0,3276785861.0,3176062672.0,2245588345.0,1045267597.0,528921572.0,0.29333333333333333,0.8723404255319149,0.7620253164556963,0.6,0.6,0.6,0.8339662447257384,0.5394692642764076,0.5240506329113924,146,12,12,18
Random Forest,Threshold tuning,18,3,3.0,3276785861.0,615075798.0,2105675325.0,342310803.0,1057025038.0,0.2866666666666667,0.8617021276595744,0.7151898734177216,0.5769230769230769,0.5,0.5357142857142857,0.840295358649789,0.5937168506620903,0.45655890225779344,147,11,15,15
Random Forest,Threshold tuning,19,3,4.0,3276785861.0,2328857014.0,2976927334.0,3602730923.0,3276195215.0,0.26100000000000007,0.8297872340425532,0.7097046413502109,0.47058823529411764,0.5333333333333333,0.5,0.7972573839662447,0.6197508165009437,0.39905006904251256,140,18,14,16
Random Forest,Threshold tuning,20,4,0.0,3644269654.0,481961022.0,1430700676.0,1787808986.0,3475973106.0,0.29333333333333333,0.8563829787234043,0.7457365933840148,0.5625,0.5806451612903226,0.5714285714285714,0.8253544277789193,0.5825500858845085,0.48528091726306405,143,14,13,18
Random Forest,Threshold tuning,21,4,1.0,3644269654.0,934175084.0,2603554766.0,1256136879.0,605803049.0,0.29,0.8776595744680851,0.7325868091226628,0.6666666666666666,0.5161290322580645,0.5818181818181818,0.8099445243476473,0.619122585930102,0.5172710875106451,149,8,15,16
Random Forest,Threshold tuning,22,4,2.0,3644269654.0,2927577421.0,4291028793.0,1134701417.0,853213337.0,0.28758438012085885,0.8617021276595744,0.7421940928270042,0.5666666666666667,0.5666666666666667,0.5666666666666667,0.7778481012658228,0.5185593087858097,0.48438818565400843,145,13,13,17
Random Forest,Threshold tuning,23,4,3.0,3644269654.0,3330064557.0,2170671135.0,2975054148.0,4014901841.0,0.2454962074962075,0.8457446808510638,0.7597046413502109,0.5135135135135135,0.6333333333333333,0.5671641791044776,0.8086497890295359,0.5421990806592613,0.47842023723406885,140,18,11,19
Random Forest,Threshold tuning,24,4,4.0,3644269654.0,492020271.0,2611170425.0,4060834592.0,1132021915.0,0.2777475304686268,0.8297872340425532,0.669198312236287,0.4642857142857143,0.43333333333333335,0.4482758620689655,0.7943037974683544,0.4630179636651346,0.3480776883899808,143,15,17,13
Random Forest,Threshold tuning,25,5,0.0,1206282609.0,181252727.0,3604129734.0,3507824040.0,1017260471.0,0.2906857364341884,0.8457446808510638,0.7393671666324224,0.5294117647058824,0.5806451612903226,0.5538461538461539,0.8159030203410725,0.6196637663824052,0.46155709254292526,141,16,13,18
Random Forest,Threshold tuning,26,5,1.0,1206282609.0,3588477321.0,1236305550.0,170187674.0,850067061.0,0.28712104562104557,0.8457446808510638,0.6746455722210808,0.5416666666666666,0.41935483870967744,0.4727272727272727,0.7797411136223547,0.47524873801646567,0.38841026889050206,146,11,18,13
Random Forest,Threshold tuning,27,5,2.0,1206282609.0,3175067715.0,2923971825.0,3053603715.0,3050955633.0,0.26539163322291615,0.8670212765957447,0.7453586497890295,0.5862068965517241,0.5666666666666667,0.576271186440678,0.8253164556962025,0.5739608235596516,0.49753424510562355,146,12,13,17
Random Forest,Threshold tuning,28,5,3.0,1206282609.0,4174702542.0,1757639860.0,3919155950.0,3065095553.0,0.2916666666666667,0.8563829787234043,0.7255274261603375,0.5517241379310345,0.5333333333333333,0.5423728813559322,0.8280590717299579,0.5729007224455952,0.4573208151486772,145,13,14,16
Random Forest,Threshold tuning,29,5,4.0,1206282609.0,135446164.0,3497571568.0,1455686941.0,1105980834.0,0.25426984126984126,0.7978723404255319,0.6772151898734178,0.39473684210526316,0.5,0.4411764705882353,0.7922995780590718,0.4652585298983247,0.3232084325520476,135,23,15,15
Random Forest,Threshold tuning,30,6,0.0,3543069911.0,1403774233.0,2767504912.0,415184300.0,405379729.0,0.24638390413354933,0.8297872340425532,0.7168687076227656,0.4857142857142857,0.5483870967741935,0.5151515151515151,0.7861105403739469,0.5061459831464927,0.41350219817558903,139,18,14,17
Random Forest,Threshold tuning,31,6,1.0,3543069911.0,4175944194.0,3110976818.0,3254330902.0,3659131925.0,0.24941096633713594,0.8776595744680851,0.7843640846517361,0.625,0.6451612903225806,0.6349206349206349,0.8526813231970414,0.6326682214650882,0.5615625330201344,145,12,11,20
Random Forest,Threshold tuning,32,6,2.0,3543069911.0,1089924410.0,2077506054.0,2986723252.0,3160399134.0,0.27921128287062713,0.8776595744680851,0.7651898734177215,0.6206896551724138,0.6,0.6101694915254238,0.8791139240506329,0.6416634150849406,0.5377476750625699,147,11,12,18
Random Forest,Threshold tuning,33,6,3.0,3543069911.0,1853925516.0,270302129.0,113017345.0,667713266.0,0.24,0.8457446808510638,0.7191983122362869,0.5161290322580645,0.5333333333333333,0.5245901639344263,0.8215189873417722,0.5764359510168393,0.4326390330357445,143,15,14,16
Random Forest,Threshold tuning,34,6,4.0,3543069911.0,3501807147.0,1352072564.0,3333665024.0,45365335.0,0.32649422472951867,0.8031914893617021,0.6128691983122363,0.37037037037037035,0.3333333333333333,0.3508771929824561,0.6833333333333333,0.35056507671849774,0.2357218206209576,141,17,20,10
Random Forest,Threshold tuning,35,7,0.0,3479688010.0,3236768435.0,2411751313.0,3152699178.0,3894757763.0,0.27029114866614873,0.8297872340425532,0.6780357509759606,0.4827586206896552,0.45161290322580644,0.4666666666666667,0.7567289911649886,0.5497502006217692,0.36582242851506286,142,15,17,14
Random Forest,Threshold tuning,36,7,1.0,3479688010.0,2305656012.0,568825435.0,1012534749.0,2313477140.0,0.29446199171199167,0.851063829787234,0.7554961988904869,0.5428571428571428,0.6129032258064516,0.5757575757575758,0.8150811588247381,0.6091274178156263,0.4871529923556087,141,16,12,19
Random Forest,Threshold tuning,37,7,2.0,3479688010.0,2356649683.0,916953797.0,1348895195.0,1931578500.0,0.2528156010656012,0.8031914893617021,0.7478902953586497,0.425531914893617,0.6666666666666666,0.5194805194805194,0.8434599156118143,0.6183656496683575,0.41929550452218967,131,27,10,20
Random Forest,Threshold tuning,38,7,3.0,3479688010.0,2893281512.0,3946269480.0,616767739.0,1708196623.0,0.25074048174048175,0.8829787234042553,0.7278481012658228,0.6818181818181818,0.5,0.5769230769230769,0.8238396624472574,0.5018911606060045,0.5191575758600985,151,7,15,15
Random Forest,Threshold tuning,39,7,4.0,3479688010.0,4199500584.0,3445102756.0,424079699.0,2419248879.0,0.26115448272811653,0.8563829787234043,0.7255274261603375,0.5517241379310345,0.5333333333333333,0.5423728813559322,0.7850210970464135,0.47016092859941944,0.4573208151486772,145,13,14,16
Random Forest,Threshold tuning,40,8,0.0,877132087.0,1103542793.0,1989895247.0,3969749790.0,4076206141.0,0.26241593591593587,0.8670212765957447,0.7521060201356071,0.6,0.5806451612903226,0.5901639344262295,0.8146702280665707,0.6699374424939749,0.5109221304474095,145,12,13,18
Random Forest,Threshold tuning,41,8,1.0,877132087.0,3056684009.0,3556367775.0,2409328422.0,2740307440.0,0.2733333333333333,0.8191489361702128,0.6846106431066366,0.45454545454545453,0.4838709677419355,0.46875,0.7645366755701664,0.49921315528222665,0.3601592596910465,139,18,16,15
Random Forest,Threshold tuning,42,8,2.0,877132087.0,3791339622.0,3116701966.0,2510139241.0,3418328266.0,0.2377604941354943,0.8297872340425532,0.7232067510548523,0.4722222222222222,0.5666666666666667,0.5151515151515151,0.7970464135021097,0.45449112268492486,0.41548318117840816,139,19,13,17
Random Forest,Threshold tuning,43,8,3.0,877132087.0,3127342568.0,2782126323.0,2199028627.0,3659521710.0,0.2639960317460317,0.8670212765957447,0.7183544303797469,0.6,0.5,0.5454545454545454,0.8413502109704641,0.5707487688721564,0.47099616185693455,148,10,15,15
Random Forest,Threshold tuning,44,8,4.0,877132087.0,1127828914.0,3344138660.0,273983274.0,1188295159.0,0.2550834253690182,0.8085106382978723,0.710548523206751,0.425,0.5666666666666667,0.4857142857142857,0.7677215189873418,0.5026309875176298,0.3767996691199141,135,23,13,17
Random Forest,Threshold tuning,45,9,0.0,1244265337.0,3338291230.0,1142811340.0,1343660406.0,3660986676.0,0.27940058090058095,0.8138297872340425,0.6425929730840354,0.42857142857142855,0.3870967741935484,0.4067796610169492,0.8058352167659749,0.4868198746333311,0.29724857821407014,141,16,19,12
Random Forest,Threshold tuning,46,9,1.0,1244265337.0,624068715.0,316831742.0,3643759386.0,3849799875.0,0.25441798941798943,0.8404255319148937,0.800904047667968,0.5111111111111111,0.7419354838709677,0.6052631578947368,0.8730223957263201,0.6226240851773673,0.5233767462638671,135,22,8,23
Random Forest,Threshold tuning,47,9,2.0,1244265337.0,2744585060.0,3093671605.0,660725378.0,3110658471.0,0.2934097014097014,0.8723404255319149,0.7755274261603375,0.59375,0.6333333333333333,0.6129032258064516,0.8413502109704641,0.6106375752718133,0.5369659082949254,145,13,11,19
Random Forest,Threshold tuning,48,9,3.0,1244265337.0,1970194164.0,3028651709.0,174070425.0,3174664169.0,0.32540476190476186,0.8723404255319149,0.6945147679324895,0.65,0.43333333333333335,0.52,0.7619198312236286,0.5752796629283367,0.4620639721141426,151,7,17,13
Random Forest,Threshold tuning,49,9,4.0,1244265337.0,173601491.0,725371193.0,2813961141.0,3979278364.0,0.2522167092167092,0.8617021276595744,0.7016877637130802,0.5833333333333334,0.4666666666666667,0.5185185185185185,0.7799578059071729,0.5214952481740072,0.4426609097331697,148,10,16,14
Random Forest,Calibrated sigmoid + threshold,0,0,0.0,2684470948.0,4029279179.0,1304737177.0,2809625261.0,585205341.0,0.3166652752406907,0.898936170212766,0.7712143003903842,0.75,0.5806451612903226,0.6545454545454545,0.870351345798233,0.714258284048064,0.6031782999240738,151,6,13,18
Random Forest,Calibrated sigmoid + threshold,1,0,1.0,2684470948.0,1907587041.0,2522185963.0,3213409581.0,2358201250.0,0.27655286267180373,0.8297872340425532,0.6262584754468872,0.47619047619047616,0.3225806451612903,0.38461538461538464,0.7520032874460654,0.4198578157805875,0.29747695463139484,146,11,21,10
Random Forest,Calibrated sigmoid + threshold,2,0,2.0,2684470948.0,550160846.0,3856770.0,1307707051.0,2010888178.0,0.21411407219990644,0.8457446808510638,0.7597046413502109,0.5135135135135135,0.6333333333333333,0.5671641791044776,0.8327004219409283,0.5806385139078101,0.47842023723406885,140,18,11,19
Random Forest,Calibrated sigmoid + threshold,3,0,3.0,2684470948.0,456733724.0,1776090274.0,2878571245.0,2606100938.0,0.2051308655612942,0.8191489361702128,0.689873417721519,0.4411764705882353,0.5,0.46875,0.7685654008438818,0.4716258277188759,0.3613129397769228,139,19,15,15
Random Forest,Calibrated sigmoid + threshold,4,0,4.0,2684470948.0,3899025672.0,3254849491.0,3477796777.0,3375409386.0,0.3376878126042575,0.8723404255319149,0.6675105485232068,0.6875,0.36666666666666664,0.4782608695652174,0.7871308016877637,0.5502257087659357,0.4396804064070125,153,5,19,11
Random Forest,Calibrated sigmoid + threshold,5,1,0.0,4091952314.0,2709696717.0,4193734683.0,3533543338.0,2646541348.0,0.25430313864827686,0.8351063829787234,0.7200534209985617,0.5,0.5483870967741935,0.5230769230769231,0.7963838093281282,0.5759973155319226,0.4243155760630669,140,17,14,17
Random Forest,Calibrated sigmoid + threshold,6,1,1.0,4091952314.0,241719485.0,3634344093.0,3280770415.0,4239589849.0,0.1429200216569678,0.7606382978723404,0.6884117526196836,0.36,0.5806451612903226,0.4444444444444444,0.7509759605506472,0.45218504825950073,0.316478428096734,125,32,13,18
Random Forest,Calibrated sigmoid + threshold,7,1,2.0,4091952314.0,3113315634.0,3483347839.0,1023131004.0,1644647043.0,0.2731135144180155,0.8351063829787234,0.6723628691983122,0.48148148148148145,0.43333333333333335,0.45614035087719296,0.7854430379746835,0.48143390946227455,0.3599714531725651,144,14,17,13
Random Forest,Calibrated sigmoid + threshold,8,1,3.0,4091952314.0,523556381.0,830364993.0,3139727040.0,656468869.0,0.2577218203020066,0.8723404255319149,0.7890295358649788,0.5882352941176471,0.6666666666666666,0.625,0.860126582278481,0.7363042967104404,0.5499985861048714,144,14,10,20
Random Forest,Calibrated sigmoid + threshold,9,1,4.0,4091952314.0,3458391536.0,3514567460.0,2666237586.0,1112895845.0,0.1806550721493394,0.824468085106383,0.7740506329113923,0.4666666666666667,0.7,0.56,0.8622362869198312,0.6091599382779136,0.47040908457886643,134,24,9,21
Random Forest,Calibrated sigmoid + threshold,10,2,0.0,233227757.0,1292076234.0,1402611737.0,3423612556.0,4086184131.0,0.2761603833030451,0.8351063829787234,0.6423875077049517,0.5,0.3548387096774194,0.41509433962264153,0.7552907335114033,0.5110358384034231,0.3287510682636353,146,11,20,11
Random Forest,Calibrated sigmoid + threshold,11,2,1.0,233227757.0,2243896038.0,3601295716.0,260434713.0,1249699057.0,0.2207030035119478,0.8563829787234043,0.7327922745017464,0.5666666666666667,0.5483870967741935,0.5573770491803278,0.8319293199095952,0.6807717593877872,0.471780581741577,144,13,14,17
Random Forest,Calibrated sigmoid + threshold,12,2,2.0,233227757.0,851682062.0,158622743.0,756179968.0,602992697.0,0.2733031047236922,0.8351063829787234,0.7398734177215189,0.4864864864864865,0.6,0.5373134328358209,0.7985232067510548,0.47684662486850615,0.4418877414582748,139,19,12,18
Random Forest,Calibrated sigmoid + threshold,13,2,3.0,233227757.0,3834429963.0,1988533915.0,2071436858.0,4083121205.0,0.2368403348048652,0.8191489361702128,0.7033755274261604,0.4444444444444444,0.5333333333333333,0.48484848484848486,0.779746835443038,0.4305639110137277,0.37856879646123387,138,20,14,16
Random Forest,Calibrated sigmoid + threshold,14,2,4.0,233227757.0,3941955730.0,2495325316.0,245319737.0,1377796863.0,0.29905183406074803,0.898936170212766,0.7913502109704641,0.7037037037037037,0.6333333333333333,0.6666666666666666,0.8729957805907174,0.676881811806528,0.6084707182757803,150,8,11,19
Random Forest,Calibrated sigmoid + threshold,15,3,0.0,3276785861.0,2794086942.0,1412388136.0,210124262.0,1239310487.0,0.3664892125730425,0.8563829787234043,0.6810149989726731,0.5909090909090909,0.41935483870967744,0.49056603773584906,0.7846722827203616,0.5110867835175567,0.41793606225146135,148,9,18,13
Random Forest,Calibrated sigmoid + threshold,16,3,1.0,3276785861.0,3337176271.0,3910006791.0,1166450628.0,1213065940.0,0.26926611254288413,0.8617021276595744,0.7230326689952743,0.5925925925925926,0.5161290322580645,0.5517241379310345,0.8000821861516334,0.5719280402765918,0.4719916659052685,146,11,15,16
Random Forest,Calibrated sigmoid + threshold,17,3,2.0,3276785861.0,3176062672.0,522940994.0,4038119654.0,235827881.0,0.292275444424702,0.8563829787234043,0.7120253164556962,0.5555555555555556,0.5,0.5263157894736842,0.8322784810126581,0.5476563884727018,0.4428045415403035,146,12,15,15
Random Forest,Calibrated sigmoid + threshold,18,3,3.0,3276785861.0,615075798.0,2443357130.0,2426250886.0,3409471287.0,0.3100947346236891,0.8829787234042553,0.7143459915611814,0.7,0.4666666666666667,0.56,0.8478902953586498,0.6181484666807838,0.5091724464945432,152,6,16,14
Random Forest,Calibrated sigmoid + threshold,19,3,4.0,3276785861.0,2328857014.0,2056560152.0,3579062659.0,2972832641.0,0.2580804857072527,0.8297872340425532,0.7097046413502109,0.47058823529411764,0.5333333333333333,0.5,0.8118143459915611,0.6174885769244333,0.39905006904251256,140,18,14,16
Random Forest,Calibrated sigmoid + threshold,20,4,0.0,3644269654.0,481961022.0,2358877717.0,504478918.0,1980506940.0,0.28384010225566997,0.8670212765957447,0.7391617012533388,0.6071428571428571,0.5483870967741935,0.576271186440678,0.8146702280665707,0.5980795894467826,0.49855525222071706,146,11,14,17
Random Forest,Calibrated sigmoid + threshold,21,4,1.0,3644269654.0,934175084.0,4249667336.0,2938260502.0,2934842441.0,0.18021215326723214,0.8191489361702128,0.7363879186357098,0.4634146341463415,0.6129032258064516,0.5277777777777778,0.8115882473803164,0.6311737938903981,0.4248497331559213,135,22,12,19
Random Forest,Calibrated sigmoid + threshold,22,4,2.0,3644269654.0,2927577421.0,1209990745.0,157722017.0,2491946334.0,0.23214871534107995,0.8617021276595744,0.7556962025316456,0.5625,0.6,0.5806451612903226,0.8160337552742617,0.5848867019230286,0.49831751979590316,144,14,12,18
Random Forest,Calibrated sigmoid + threshold,23,4,3.0,3644269654.0,3330064557.0,2221520410.0,3852324287.0,4251252136.0,0.22242266594591117,0.824468085106383,0.7065400843881857,0.45714285714285713,0.5333333333333333,0.49230769230769234,0.8035864978902953,0.5559673526075878,0.38863667249148526,139,19,14,16
Random Forest,Calibrated sigmoid + threshold,24,4,4.0,3644269654.0,492020271.0,1733338942.0,2219175312.0,4019870428.0,0.25460216308113265,0.8297872340425532,0.669198312236287,0.4642857142857143,0.43333333333333335,0.4482758620689655,0.8084388185654009,0.49219106433965926,0.3480776883899808,143,15,17,13
Random Forest,Calibrated sigmoid + threshold,25,5,0.0,1206282609.0,181252727.0,1926669051.0,2765983479.0,551735022.0,0.2003474532258649,0.824468085106383,0.7654612697760428,0.4772727272727273,0.6774193548387096,0.56,0.8247380316416685,0.640816832389291,0.46532271341549414,134,23,10,21
Random Forest,Calibrated sigmoid + threshold,26,5,1.0,1206282609.0,3588477321.0,2455992076.0,330192232.0,331849439.0,0.34918928952016426,0.8670212765957447,0.6873844257242655,0.65,0.41935483870967744,0.5098039215686274,0.7729607561125948,0.4889450689945677,0.4510498286544431,150,7,18,13
Random Forest,Calibrated sigmoid + threshold,27,5,2.0,1206282609.0,3175067715.0,2751651354.0,730212079.0,1146371469.0,0.24802123807321744,0.8829787234042553,0.7548523206751054,0.6538461538461539,0.5666666666666667,0.6071428571428571,0.8348101265822785,0.6015976143169585,0.5407089744386416,149,9,13,17
Random Forest,Calibrated sigmoid + threshold,28,5,3.0,1206282609.0,4174702542.0,2129858836.0,3489871565.0,1462471987.0,0.2618867448288172,0.8617021276595744,0.7556962025316456,0.5625,0.6,0.5806451612903226,0.829957805907173,0.6084892181141848,0.49831751979590316,144,14,12,18
Random Forest,Calibrated sigmoid + threshold,29,5,4.0,1206282609.0,135446164.0,2457431966.0,358288789.0,3116342347.0,0.1990162495903934,0.8085106382978723,0.710548523206751,0.425,0.5666666666666667,0.4857142857142857,0.7871308016877636,0.466417537644112,0.3767996691199141,135,23,13,17
Random Forest,Calibrated sigmoid + threshold,30,6,0.0,3543069911.0,1403774233.0,85193113.0,4095766281.0,1538679727.0,0.22702347386824298,0.8191489361702128,0.6846106431066366,0.45454545454545453,0.4838709677419355,0.46875,0.7789192521060201,0.5159154779374229,0.3601592596910465,139,18,16,15
Random Forest,Calibrated sigmoid + threshold,31,6,1.0,3543069911.0,4175944194.0,1843403779.0,1184629662.0,2245022473.0,0.2750523931786811,0.8563829787234043,0.7069036367372098,0.5769230769230769,0.4838709677419355,0.5263157894736842,0.8475446887199507,0.6241284872025293,0.44482031349264867,146,11,16,15
Random Forest,Calibrated sigmoid + threshold,32,6,2.0,3543069911.0,1089924410.0,1324046242.0,2045202079.0,773882819.0,0.25408589757337613,0.898936170212766,0.8183544303797468,0.6774193548387096,0.7,0.6885245901639344,0.8860759493670887,0.6547177427909862,0.6283467765649071,148,10,9,21
Random Forest,Calibrated sigmoid + threshold,33,6,3.0,3543069911.0,1853925516.0,831434001.0,138539191.0,1217469437.0,0.24736358170623243,0.8723404255319149,0.7215189873417722,0.625,0.5,0.5555555555555556,0.8364978902953587,0.585940737208839,0.48618614562743534,149,9,15,15
Random Forest,Calibrated sigmoid + threshold,34,6,4.0,3543069911.0,3501807147.0,3190943068.0,755320307.0,3231003154.0,0.2819097101807851,0.7872340425531915,0.6168776371308017,0.34375,0.36666666666666664,0.3548387096774194,0.6843881856540085,0.3514759476842369,0.22777880030274783,137,21,19,11
Random Forest,Calibrated sigmoid + threshold,35,7,0.0,3479688010.0,3236768435.0,879092216.0,607878719.0,646525074.0,0.17795005027023134,0.7819148936170213,0.7270392438874049,0.4,0.6451612903225806,0.49382716049382713,0.7735771522498458,0.5722801771117931,0.3813616827119859,127,30,11,20
Random Forest,Calibrated sigmoid + threshold,36,7,1.0,3479688010.0,2305656012.0,1918137269.0,2966995624.0,3855287765.0,0.3071339726428422,0.8617021276595744,0.7230326689952743,0.5925925925925926,0.5161290322580645,0.5517241379310345,0.8212451201972468,0.6214017399555274,0.4719916659052685,146,11,15,16
Random Forest,Calibrated sigmoid + threshold,37,7,2.0,3479688010.0,2356649683.0,2074553279.0,932535166.0,4001117083.0,0.20033732322291564,0.7872340425531915,0.7518987341772152,0.40384615384615385,0.7,0.5121951219512195,0.8495780590717299,0.6699127798583443,0.4124525809900839,127,31,9,21
Random Forest,Calibrated sigmoid + threshold,38,7,3.0,3479688010.0,2893281512.0,598597869.0,1448128515.0,1955714894.0,0.30338329781333584,0.8404255319148937,0.6080168776371307,0.5,0.26666666666666666,0.34782608695652173,0.8033755274261604,0.4721076683599985,0.28352187415666297,150,8,22,8
Random Forest,Calibrated sigmoid + threshold,39,7,4.0,3479688010.0,4199500584.0,1540197453.0,1590293032.0,1290430987.0,0.2355141965417609,0.8776595744680851,0.7381856540084388,0.64,0.5333333333333333,0.5818181818181818,0.8031645569620253,0.5315500282797796,0.5137726248661634,149,9,14,16
Random Forest,Calibrated sigmoid + threshold,40,8,0.0,877132087.0,1103542793.0,1785811109.0,1788258693.0,3820433775.0,0.22295696814777965,0.8457446808510638,0.7523114855146908,0.5277777777777778,0.6129032258064516,0.5671641791044776,0.8261762892952537,0.6382711877556856,0.4759097967660722,140,17,12,19
Random Forest,Calibrated sigmoid + threshold,41,8,1.0,877132087.0,3056684009.0,3579805203.0,925165160.0,1911635278.0,0.23196127458277274,0.8404255319148937,0.7102938154920896,0.5161290322580645,0.5161290322580645,0.5161290322580645,0.7789192521060202,0.5321394661738261,0.4205876309841792,142,15,15,16
Random Forest,Calibrated sigmoid + threshold,42,8,2.0,877132087.0,3791339622.0,1140852406.0,1619511752.0,3577137800.0,0.2718622022790641,0.851063829787234,0.6953586497890296,0.5384615384615384,0.4666666666666667,0.5,0.7981012658227848,0.45632107318522713,0.4144838661673693,146,12,16,14
Random Forest,Calibrated sigmoid + threshold,43,8,3.0,877132087.0,3127342568.0,2626540866.0,3670348225.0,2163343199.0,0.21836812780853476,0.8670212765957447,0.7318565400843882,0.5925925925925926,0.5333333333333333,0.5614035087719298,0.8518987341772152,0.5602662144729111,0.4842210857241727,147,11,14,16
Random Forest,Calibrated sigmoid + threshold,44,8,4.0,877132087.0,1127828914.0,2257923665.0,479078253.0,89012825.0,0.2704110453714517,0.8457446808510638,0.7191983122362869,0.5161290322580645,0.5333333333333333,0.5245901639344263,0.7761603375527427,0.5524787121518278,0.4326390330357445,143,15,14,16
Random Forest,Calibrated sigmoid + threshold,45,9,0.0,1244265337.0,3338291230.0,554943281.0,3619784875.0,1531400212.0,0.2762412262132245,0.8191489361702128,0.6457776864598315,0.4444444444444444,0.3870967741935484,0.41379310344827586,0.8109718512430655,0.49810798895232494,0.3085012316534205,142,15,19,12
Random Forest,Calibrated sigmoid + threshold,46,9,1.0,1244265337.0,624068715.0,1940607848.0,4235927023.0,235926618.0,0.15880552759202174,0.7872340425531915,0.8078898705568112,0.4262295081967213,0.8387096774193549,0.5652173913043478,0.8680912266283131,0.6132791531561562,0.48807806682755833,122,35,5,26
Random Forest,Calibrated sigmoid + threshold,47,9,2.0,1244265337.0,2744585060.0,1947687397.0,2696031953.0,3845342473.0,0.31900938024544573,0.8563829787234043,0.6715189873417722,0.5714285714285714,0.4,0.47058823529411764,0.8375527426160337,0.5681087370167704,0.3988076564702152,149,9,18,12
Random Forest,Calibrated sigmoid + threshold,48,9,3.0,1244265337.0,1970194164.0,3009973709.0,3748705020.0,3271369147.0,0.30404864479535765,0.8617021276595744,0.6881856540084388,0.5909090909090909,0.43333333333333335,0.5,0.769409282700422,0.5791374804404471,0.42878570154371093,149,9,17,13
Random Forest,Calibrated sigmoid + threshold,49,9,4.0,1244265337.0,173601491.0,2754864988.0,2901686848.0,4267298156.0,0.22456806347491118,0.851063829787234,0.6818565400843881,0.5416666666666666,0.43333333333333335,0.48148148148148145,0.7934599156118144,0.5757309940958627,0.3991356738389041,147,11,17,13
Random Forest,Calibrated isotonic + threshold,0,0,0.0,2684470948.0,4029279179.0,4227636575.0,791413863.0,1803356895.0,0.23888888888888885,0.8882978723404256,0.8166221491678652,0.6470588235294118,0.7096774193548387,0.676923076923077,0.8596671460858845,0.6881157068738908,0.6105231584623587,145,12,9,22
Random Forest,Calibrated isotonic + threshold,1,0,1.0,2684470948.0,1907587041.0,1838378493.0,3024820766.0,1639534847.0,0.24970622796709754,0.7978723404255319,0.6459831518389152,0.3939393939393939,0.41935483870967744,0.40625,0.7337168687076228,0.39739374639594915,0.2848003940016567,137,20,18,13
Random Forest,Calibrated isotonic + threshold,2,0,2.0,2684470948.0,550160846.0,1599197100.0,2067365039.0,3432982040.0,0.25318233512832106,0.851063829787234,0.7763713080168776,0.5263157894736842,0.6666666666666666,0.5882352941176471,0.8221518987341773,0.5700429124881109,0.5040512460037885,140,18,10,20
Random Forest,Calibrated isotonic + threshold,3,0,3.0,2684470948.0,456733724.0,256751638.0,2087507664.0,2924102576.0,0.2931623931623932,0.8031914893617021,0.6533755274261603,0.3939393939393939,0.43333333333333335,0.4126984126984127,0.7544303797468355,0.45395415397721695,0.2952925000033287,138,20,17,13
Random Forest,Calibrated isotonic + threshold,4,0,4.0,2684470948.0,3899025672.0,2309894530.0,80293388.0,3797281953.0,0.2121041930939412,0.7872340425531915,0.6978902953586498,0.38636363636363635,0.5666666666666667,0.4594594594594595,0.7908227848101266,0.5333742815918343,0.34232299954012724,131,27,13,17
Random Forest,Calibrated isotonic + threshold,5,1,0.0,4091952314.0,2709696717.0,444888130.0,2785686939.0,1417659177.0,0.27897358411277035,0.8563829787234043,0.7457365933840148,0.5625,0.5806451612903226,0.5714285714285714,0.8054242860078078,0.5737135742361854,0.48528091726306405,143,14,13,18
Random Forest,Calibrated isotonic + threshold,6,1,1.0,4091952314.0,241719485.0,2107448419.0,1338570847.0,867287230.0,0.2903667214012042,0.8351063829787234,0.6682761454694884,0.5,0.41935483870967744,0.45614035087719296,0.7454283953153893,0.438801922659669,0.36177540888826143,144,13,18,13
Random Forest,Calibrated isotonic + threshold,7,1,2.0,4091952314.0,3113315634.0,2202393047.0,3135673239.0,443278833.0,0.3222222222222222,0.8457446808510638,0.6651898734177215,0.5217391304347826,0.4,0.4528301886792453,0.7577004219409281,0.431651700850774,0.3692297589573256,147,11,18,12
Random Forest,Calibrated isotonic + threshold,8,1,3.0,4091952314.0,523556381.0,1043000565.0,253146240.0,2122244955.0,0.23985694906893573,0.8191489361702128,0.7573839662447257,0.45454545454545453,0.6666666666666666,0.5405405405405406,0.8393459915611814,0.696482522747463,0.44523886933790535,134,24,10,20
Random Forest,Calibrated isotonic + threshold,9,1,4.0,4091952314.0,3458391536.0,4286175992.0,1500853196.0,2205883819.0,0.25,0.8457446808510638,0.7867088607594936,0.5121951219512195,0.7,0.5915492957746479,0.8717299578059072,0.6113071369104328,0.5085219290871045,138,20,9,21
Random Forest,Calibrated isotonic + threshold,10,2,0.0,233227757.0,1292076234.0,503584970.0,646119524.0,3688204074.0,0.3194444444444444,0.8457446808510638,0.6617012533388125,0.5454545454545454,0.3870967741935484,0.4528301886792453,0.7736798849393877,0.5338627810285557,0.37334356525754836,147,10,19,12
Random Forest,Calibrated isotonic + threshold,11,2,1.0,233227757.0,2243896038.0,451165653.0,3154779300.0,1417507474.0,0.32889220087032495,0.8882978723404256,0.7389562358742552,0.7272727272727273,0.5161290322580645,0.6037735849056604,0.8177522087528252,0.6655431112192738,0.5517135532332004,151,6,15,16
Random Forest,Calibrated isotonic + threshold,12,2,2.0,233227757.0,851682062.0,2106080289.0,2973188413.0,4192958339.0,0.22764305888419387,0.7872340425531915,0.7383966244725738,0.4,0.6666666666666666,0.5,0.7932489451476793,0.4729839558135345,0.39517978711878887,128,30,10,20
Random Forest,Calibrated isotonic + threshold,13,2,3.0,233227757.0,3834429963.0,2093906684.0,1873485166.0,404979406.0,0.2919993326181969,0.8297872340425532,0.6827004219409283,0.4666666666666667,0.4666666666666667,0.4666666666666667,0.7712025316455696,0.44789972375969545,0.36540084388185656,142,16,16,14
Random Forest,Calibrated isotonic + threshold,14,2,4.0,233227757.0,3941955730.0,395587383.0,1571322090.0,2313793812.0,0.3455748552522746,0.9148936170212766,0.8008438818565401,0.7916666666666666,0.6333333333333333,0.7037037037037037,0.8772151898734177,0.6853336991035544,0.660287089204498,153,5,11,19
Random Forest,Calibrated isotonic + threshold,15,3,0.0,3276785861.0,2794086942.0,2560534046.0,3979244633.0,3528388330.0,0.26272092761454463,0.8085106382978723,0.6652968974727759,0.42424242424242425,0.45161290322580644,0.4375,0.7705979042531333,0.44465180996524306,0.3224798268463516,138,19,17,14
Random Forest,Calibrated isotonic + threshold,16,3,1.0,3276785861.0,3337176271.0,1298641074.0,3479512921.0,3850915751.0,0.2894688644688645,0.8617021276595744,0.6971440312307376,0.6086956521739131,0.45161290322580644,0.5185185185185185,0.799773988083008,0.5526061938604202,0.4465174249318154,148,9,17,14
Random Forest,Calibrated isotonic + threshold,17,3,2.0,3276785861.0,3176062672.0,2704755014.0,591619073.0,2524200180.0,0.3000121832358674,0.8723404255319149,0.7350210970464135,0.6153846153846154,0.5333333333333333,0.5714285714285714,0.8373417721518988,0.5163149718471145,0.4986339383482175,148,10,14,16
Random Forest,Calibrated isotonic + threshold,18,3,3.0,3276785861.0,615075798.0,3214613554.0,1773040576.0,1782314852.0,0.38130720969325127,0.8670212765957447,0.6778481012658228,0.631578947368421,0.4,0.4897959183673469,0.830379746835443,0.5334288408253867,0.43216366175486665,151,7,18,12
Random Forest,Calibrated isotonic + threshold,19,3,4.0,3276785861.0,2328857014.0,2728936217.0,571498688.0,2665374713.0,0.31508295625942684,0.8670212765957447,0.7318565400843882,0.5925925925925926,0.5333333333333333,0.5614035087719298,0.8137130801687764,0.6273738435900319,0.4842210857241727,147,11,14,16
Random Forest,Calibrated isotonic + threshold,20,4,0.0,3644269654.0,481961022.0,1413214883.0,4055827108.0,1218360761.0,0.2652096411687204,0.8457446808510638,0.7393671666324224,0.5294117647058824,0.5806451612903226,0.5538461538461539,0.8313129237723444,0.5978454620459018,0.46155709254292526,141,16,13,18
Random Forest,Calibrated isotonic + threshold,21,4,1.0,3644269654.0,934175084.0,3952802903.0,934837052.0,4272379753.0,0.19832251082251082,0.851063829787234,0.7554961988904869,0.5428571428571428,0.6129032258064516,0.5757575757575758,0.7878569960961578,0.5744825731257303,0.4871529923556087,141,16,12,19
Random Forest,Calibrated isotonic + threshold,22,4,2.0,3644269654.0,2927577421.0,1774269193.0,1177348645.0,3544971794.0,0.3199425300587524,0.8670212765957447,0.7318565400843882,0.5925925925925926,0.5333333333333333,0.5614035087719298,0.7954641350210969,0.5481082883506889,0.4842210857241727,147,11,14,16
Random Forest,Calibrated isotonic + threshold,23,4,3.0,3644269654.0,3330064557.0,1415591657.0,2089266417.0,2904503656.0,0.30631068166850334,0.8617021276595744,0.7016877637130802,0.5833333333333334,0.4666666666666667,0.5185185185185185,0.8082278481012658,0.5471217793221326,0.4426609097331697,148,10,16,14
Random Forest,Calibrated isotonic + threshold,24,4,4.0,3644269654.0,492020271.0,1415352864.0,3450804026.0,2022575770.0,0.21661616161616157,0.7872340425531915,0.6573839662447257,0.3684210526315789,0.4666666666666667,0.4117647058823529,0.7914556962025316,0.48910370821037386,0.28703986986169944,134,24,16,14
Random Forest,Calibrated isotonic + threshold,25,5,0.0,1206282609.0,181252727.0,2391493031.0,4051292533.0,3717054448.0,0.2536953242835596,0.8723404255319149,0.7682350523936716,0.6129032258064516,0.6129032258064516,0.6129032258064516,0.8201150606122869,0.6182212849703196,0.5364701047873434,145,12,12,19
Random Forest,Calibrated isotonic + threshold,26,5,1.0,1206282609.0,3588477321.0,1787626609.0,4040460225.0,1079673998.0,0.3253968253968254,0.8457446808510638,0.6746455722210808,0.5416666666666666,0.41935483870967744,0.4727272727272727,0.7886788576124923,0.5205936865737746,0.38841026889050206,146,11,18,13
Random Forest,Calibrated isotonic + threshold,27,5,2.0,1206282609.0,3175067715.0,4239106849.0,655227366.0,2499858875.0,0.26751680260561145,0.8670212765957447,0.7453586497890295,0.5862068965517241,0.5666666666666667,0.576271186440678,0.8224683544303797,0.6129146579994763,0.49753424510562355,146,12,13,17
Random Forest,Calibrated isotonic + threshold,28,5,3.0,1206282609.0,4174702542.0,4176351859.0,1106080889.0,3151463389.0,0.1584073177293516,0.7819148936170213,0.7487341772151899,0.39622641509433965,0.7,0.5060240963855421,0.8523206751054853,0.5715762186313887,0.404901896435179,126,32,9,21
Random Forest,Calibrated isotonic + threshold,29,5,4.0,1206282609.0,135446164.0,3183349573.0,3084200749.0,3056652618.0,0.29788359788359786,0.824468085106383,0.6390295358649789,0.44,0.36666666666666664,0.4,0.7778481012658227,0.4690329272265187,0.2998903098200192,144,14,19,11
Random Forest,Calibrated isotonic + threshold,30,6,0.0,3543069911.0,1403774233.0,3698179631.0,695584308.0,513375880.0,0.265983934142652,0.8404255319148937,0.6714608588452846,0.52,0.41935483870967744,0.4642857142857143,0.7823094308609001,0.47453696206030105,0.3747674442341625,145,12,18,13
Random Forest,Calibrated isotonic + threshold,31,6,1.0,3543069911.0,4175944194.0,3196103022.0,1809228419.0,2108865999.0,0.2222222222222222,0.8617021276595744,0.7489213067598111,0.5806451612903226,0.5806451612903226,0.5806451612903226,0.8553523731251285,0.6704701578074348,0.49784261351962195,144,13,13,18
Random Forest,Calibrated isotonic + threshold,32,6,2.0,3543069911.0,1089924410.0,2827671917.0,402754255.0,3023895432.0,0.25366300366300365,0.8351063829787234,0.780379746835443,0.4883720930232558,0.7,0.5753424657534246,0.8856540084388185,0.6418372197886981,0.4889310032413447,136,22,9,21
Random Forest,Calibrated isotonic + threshold,33,6,3.0,3543069911.0,1853925516.0,737682485.0,3969259787.0,2842581920.0,0.36607142857142855,0.8776595744680851,0.6841772151898735,0.7058823529411765,0.4,0.5106382978723404,0.8363924050632912,0.585098716103076,0.4703623512426067,153,5,18,12
Random Forest,Calibrated isotonic + threshold,34,6,4.0,3543069911.0,3501807147.0,1819013963.0,4258194255.0,4256164638.0,0.2151306825219869,0.7606382978723404,0.6415611814345992,0.32558139534883723,0.4666666666666667,0.3835616438356164,0.6752109704641349,0.34238452890205884,0.2468568120202726,129,29,16,14
Random Forest,Calibrated isotonic + threshold,35,7,0.0,3479688010.0,3236768435.0,1385164867.0,2967020821.0,3651583389.0,0.3888888888888889,0.8563829787234043,0.6810149989726731,0.5909090909090909,0.41935483870967744,0.49056603773584906,0.7727552907335113,0.5527245006627018,0.41793606225146135,148,9,18,13
Random Forest,Calibrated isotonic + threshold,36,7,1.0,3479688010.0,2305656012.0,3635240410.0,2885625121.0,4061012894.0,0.2146031746031746,0.8723404255319149,0.7941236901582083,0.6,0.6774193548387096,0.6363636363636364,0.8349085679063079,0.6382689861071401,0.5608037865356283,143,14,10,21
Random Forest,Calibrated isotonic + threshold,37,7,2.0,3479688010.0,2356649683.0,4018570908.0,3021640959.0,3812149749.0,0.2898656898656899,0.8031914893617021,0.7343881856540084,0.4222222222222222,0.6333333333333333,0.5066666666666667,0.8316455696202532,0.6467922275244689,0.40232832407014674,132,26,11,19
Random Forest,Calibrated isotonic + threshold,38,7,3.0,3479688010.0,2893281512.0,1587284620.0,1727399927.0,3846406930.0,0.22336249067668326,0.8404255319148937,0.7025316455696202,0.5,0.5,0.5,0.8322784810126582,0.47210341798675576,0.4050632911392405,143,15,15,15
Random Forest,Calibrated isotonic + threshold,39,7,4.0,3479688010.0,4199500584.0,3462883218.0,885540834.0,2233118713.0,0.23535353535353534,0.8829787234042553,0.7683544303797468,0.6428571428571429,0.6,0.6206896551724138,0.8180379746835443,0.4911761542352273,0.5520633661247576,148,10,12,18
Random Forest,Calibrated isotonic + threshold,40,8,0.0,877132087.0,1103542793.0,682760853.0,1947275167.0,3477950601.0,0.24404761904761907,0.8191489361702128,0.7363879186357098,0.4634146341463415,0.6129032258064516,0.5277777777777778,0.8295664680501337,0.6291027658922206,0.4248497331559213,135,22,12,19
Random Forest,Calibrated isotonic + threshold,41,8,1.0,877132087.0,3056684009.0,3889233062.0,658457273.0,1980826612.0,0.33730158730158727,0.851063829787234,0.6907746044791453,0.56,0.45161290322580644,0.5,0.7728580234230532,0.5290634748478112,0.41698211140973024,146,11,17,14
Random Forest,Calibrated isotonic + threshold,42,8,2.0,877132087.0,3791339622.0,574031807.0,2753193667.0,1290071693.0,0.27233115468409586,0.8404255319148937,0.689029535864979,0.5,0.4666666666666667,0.4827586206896552,0.7965189873417722,0.4207290188351165,0.3888748239369362,144,14,16,14
Random Forest,Calibrated isotonic + threshold,43,8,3.0,877132087.0,3127342568.0,347917532.0,80097047.0,3013071231.0,0.23660130718954245,0.8457446808510638,0.7191983122362869,0.5161290322580645,0.5333333333333333,0.5245901639344263,0.8516877637130802,0.5341135881324077,0.4326390330357445,143,15,14,16
Random Forest,Calibrated isotonic + threshold,44,8,4.0,877132087.0,1127828914.0,1434985144.0,1800120196.0,1522316127.0,0.2384073291050035,0.8085106382978723,0.710548523206751,0.425,0.5666666666666667,0.4857142857142857,0.7787974683544303,0.5441752073213882,0.3767996691199141,135,23,13,17
Random Forest,Calibrated isotonic + threshold,45,9,0.0,1244265337.0,3338291230.0,2639305525.0,3141944970.0,167894174.0,0.2906755534262355,0.851063829787234,0.6907746044791453,0.56,0.45161290322580644,0.5,0.8166221491678651,0.4963389622496317,0.41698211140973024,146,11,17,14
Random Forest,Calibrated isotonic + threshold,46,9,1.0,1244265337.0,624068715.0,353940778.0,3664686925.0,303920743.0,0.23602150537634406,0.8404255319148937,0.8138483665502363,0.5106382978723404,0.7741935483870968,0.6153846153846154,0.8779535648243271,0.6397510115264977,0.5379254058040368,134,23,7,24
Random Forest,Calibrated isotonic + threshold,47,9,2.0,1244265337.0,2744585060.0,1951358015.0,1509213223.0,3353424229.0,0.36201894319810096,0.851063829787234,0.7223628691983122,0.5333333333333333,0.5333333333333333,0.5333333333333333,0.8425105485232067,0.5563519273290851,0.4447257383966245,144,14,14,16
Random Forest,Calibrated isotonic + threshold,48,9,3.0,1244265337.0,1970194164.0,1371025803.0,2786213910.0,481305522.0,0.312722816399287,0.8563829787234043,0.6850210970464135,0.5652173913043478,0.43333333333333335,0.49056603773584906,0.7732067510548525,0.5749652687222075,0.41355619234428426,148,10,17,13
Random Forest,Calibrated isotonic + threshold,49,9,4.0,1244265337.0,173601491.0,1155948066.0,1714567309.0,1438146896.0,0.2900581451080447,0.8882978723404256,0.7175105485232067,0.7368421052631579,0.4666666666666667,0.5714285714285714,0.8044303797468355,0.5908834907513437,0.5285417974724407,153,5,16,14
XGBoost,No handling,0,0,0.0,2684470948.0,4029279179.0,3296422042.0,3713040046.0,2296939112.0,0.5,0.8776595744680851,0.6549208958290528,0.8333333333333334,0.3225806451612903,0.46511627906976744,0.8763098417916582,0.7346866530550711,0.47035277592089136,155,2,21,10
XGBoost,No handling,1,0,1.0,2684470948.0,1907587041.0,4045240578.0,1674455210.0,1096336166.0,0.5,0.8776595744680851,0.6549208958290528,0.8333333333333334,0.3225806451612903,0.46511627906976744,0.8175467433737416,0.5460043624149189,0.47035277592089136,155,2,21,10
XGBoost,No handling,2,0,2.0,2684470948.0,550160846.0,4019833063.0,3776137386.0,860410409.0,0.5,0.8936170212765957,0.680168776371308,0.9166666666666666,0.36666666666666664,0.5238095238095238,0.8189873417721519,0.6438696832898465,0.539823440238441,157,1,19,11
XGBoost,No handling,3,0,3.0,2684470948.0,456733724.0,864863036.0,3405550927.0,1802336154.0,0.5,0.8776595744680851,0.630168776371308,0.8888888888888888,0.26666666666666666,0.41025641025641024,0.7736286919831223,0.5524548626713907,0.446558354307258,157,1,22,8
XGBoost,No handling,4,0,4.0,2684470948.0,3899025672.0,3180795177.0,2650338685.0,2213998955.0,0.5,0.8723404255319149,0.6270042194092827,0.8,0.26666666666666666,0.4,0.7647679324894515,0.5319895079579725,0.4145026533423382,156,2,22,8
XGBoost,No handling,5,1,0.0,4091952314.0,2709696717.0,2860653338.0,2761897158.0,1809234534.0,0.5,0.898936170212766,0.7323813437435792,0.8333333333333334,0.4838709677419355,0.6122448979591837,0.7916581056092049,0.6188908652598514,0.5861398032770043,154,3,16,15
XGBoost,No handling,6,1,1.0,4091952314.0,241719485.0,4051816291.0,1614273930.0,1128905052.0,0.5,0.8404255319148937,0.5549619889048696,0.5714285714285714,0.12903225806451613,0.21052631578947367,0.7770700636942676,0.4889391942765528,0.2154441973070606,154,3,27,4
XGBoost,No handling,7,1,2.0,4091952314.0,3113315634.0,2331977665.0,1685658716.0,3293285885.0,0.5,0.8617021276595744,0.6206751054852321,0.6666666666666666,0.26666666666666666,0.38095238095238093,0.7729957805907174,0.4885181788542897,0.36156792484354594,154,4,22,8
XGBoost,No handling,8,1,3.0,4091952314.0,523556381.0,3367880898.0,1669864680.0,690509750.0,0.5,0.8882978723404256,0.65,1.0,0.3,0.46153846153846156,0.8757383966244726,0.7532064260292997,0.5145915557738419,158,0,21,9
XGBoost,No handling,9,1,4.0,4091952314.0,3458391536.0,2913169776.0,3919581474.0,3416019064.0,0.5,0.8776595744680851,0.6841772151898735,0.7058823529411765,0.4,0.5106382978723404,0.8687763713080169,0.6522433323683837,0.4703623512426067,153,5,18,12
XGBoost,No handling,10,2,0.0,233227757.0,1292076234.0,1574207522.0,1853708811.0,460127141.0,0.5,0.8670212765957447,0.6485514690774604,0.7142857142857143,0.3225806451612903,0.4444444444444444,0.7448119991781385,0.5372290054396293,0.4199513462768559,153,4,21,10
XGBoost,No handling,11,2,1.0,233227757.0,2243896038.0,3495351325.0,4034840948.0,57574294.0,0.5,0.8936170212765957,0.690363673720978,0.9230769230769231,0.3870967741935484,0.5454545454545454,0.8395315389356893,0.6404184745639812,0.5568702868711668,156,1,19,12
XGBoost,No handling,12,2,2.0,233227757.0,851682062.0,4113735144.0,326875778.0,2352133723.0,0.5,0.8617021276595744,0.6071729957805907,0.7,0.23333333333333334,0.35,0.7875527426160338,0.5360907371985326,0.3497796476709432,155,3,23,7
XGBoost,No handling,13,2,3.0,233227757.0,3834429963.0,1847044469.0,34427870.0,994649642.0,0.5,0.8563829787234043,0.5905063291139241,0.6666666666666666,0.2,0.3076923076923077,0.8050632911392406,0.5559912343071449,0.31049195137409025,155,3,24,6
XGBoost,No handling,14,2,4.0,233227757.0,3941955730.0,3343738226.0,960930114.0,1655054968.0,0.5,0.8776595744680851,0.6571729957805907,0.7692307692307693,0.3333333333333333,0.46511627906976744,0.8719409282700422,0.6855826037505264,0.45373930038602095,155,3,20,10
XGBoost,No handling,15,3,0.0,3276785861.0,2794086942.0,2375099952.0,2457221620.0,889199307.0,0.5,0.8617021276595744,0.6583110745839327,0.6470588235294118,0.3548387096774194,0.4583333333333333,0.8146702280665707,0.5751756854114032,0.4096844212706675,151,6,20,11
XGBoost,No handling,16,3,1.0,3276785861.0,3337176271.0,3633167818.0,1705861201.0,3295505536.0,0.5,0.8723404255319149,0.62584754468872,0.8888888888888888,0.25806451612903225,0.4,0.831518389151428,0.6871227084897977,0.4374794378336286,156,1,23,8
XGBoost,No handling,17,3,2.0,3276785861.0,3176062672.0,750447769.0,63822998.0,2281352904.0,0.5,0.8776595744680851,0.670675105485232,0.7333333333333333,0.36666666666666664,0.4888888888888889,0.8130801687763713,0.5793035821482746,0.4613395262888917,154,4,19,11
XGBoost,No handling,18,3,3.0,3276785861.0,615075798.0,4014391315.0,4108928085.0,4090181581.0,0.5,0.8670212765957447,0.6778481012658228,0.631578947368421,0.4,0.4897959183673469,0.7938818565400845,0.49195793010354627,0.43216366175486665,151,7,18,12
XGBoost,No handling,19,3,4.0,3276785861.0,2328857014.0,1738289630.0,1595009458.0,1404289689.0,0.5,0.8723404255319149,0.6,1.0,0.2,0.3333333333333333,0.8217299578059072,0.6345690414009098,0.41668498128247156,158,0,24,6
XGBoost,No handling,20,4,0.0,3644269654.0,481961022.0,2696795326.0,181817270.0,2085410277.0,0.5,0.8882978723404256,0.7001232792274502,0.8125,0.41935483870967744,0.5531914893617021,0.8479556194781179,0.6842164959881616,0.5322725439089698,154,3,18,13
XGBoost,No handling,21,4,1.0,3644269654.0,934175084.0,87056112.0,4217314926.0,910255120.0,0.5,0.8776595744680851,0.6937538524758579,0.7222222222222222,0.41935483870967744,0.5306122448979592,0.8009040476679679,0.6339973252960659,0.4887089606456367,152,5,18,13
XGBoost,No handling,22,4,2.0,3644269654.0,2927577421.0,1175339690.0,856732651.0,3711390784.0,0.5,0.8936170212765957,0.7341772151898734,0.75,0.5,0.6,0.7957805907172996,0.6365701299408257,0.5562809208749439,153,5,15,15
XGBoost,No handling,23,4,3.0,3644269654.0,3330064557.0,3655418564.0,2974187594.0,330255405.0,0.5,0.8776595744680851,0.670675105485232,0.7333333333333333,0.36666666666666664,0.4888888888888889,0.778902953586498,0.5549814581316802,0.4613395262888917,154,4,19,11
XGBoost,No handling,24,4,4.0,3644269654.0,492020271.0,4263634787.0,436973480.0,1094183773.0,0.5,0.8617021276595744,0.6881856540084388,0.5909090909090909,0.43333333333333335,0.5,0.8329113924050633,0.5507506597348565,0.42878570154371093,149,9,17,13
XGBoost,No handling,25,5,0.0,1206282609.0,181252727.0,2561748864.0,1395269244.0,3597465867.0,0.5,0.8776595744680851,0.7196424902403945,0.6818181818181818,0.4838709677419355,0.5660377358490566,0.85884528456955,0.701658178134984,0.5071210562392874,150,7,16,15
XGBoost,No handling,26,5,1.0,1206282609.0,3588477321.0,3983236074.0,449222262.0,2993704063.0,0.5,0.8617021276595744,0.6065337990548593,0.7777777777777778,0.22580645161290322,0.35,0.7606328333675776,0.5362807523546885,0.3703397363538554,155,2,24,7
XGBoost,No handling,27,5,2.0,1206282609.0,3175067715.0,2881976270.0,2662671741.0,3837488909.0,0.5,0.8776595744680851,0.630168776371308,0.8888888888888888,0.26666666666666666,0.41025641025641024,0.8244725738396624,0.5735796859981609,0.446558354307258,157,1,22,8
XGBoost,No handling,28,5,3.0,1206282609.0,4174702542.0,1386591377.0,1860249090.0,1713857936.0,0.5,0.8829787234042553,0.7143459915611814,0.7,0.4666666666666667,0.56,0.8413502109704643,0.6216207862351679,0.5091724464945432,152,6,16,14
XGBoost,No handling,29,5,4.0,1206282609.0,135446164.0,1197512613.0,2232609239.0,1433989932.0,0.5,0.8670212765957447,0.610337552742616,0.7777777777777778,0.23333333333333334,0.358974358974359,0.8109704641350212,0.5493273024697534,0.3785251528406741,156,2,23,7
XGBoost,No handling,30,6,0.0,3543069911.0,1403774233.0,2844872937.0,199177336.0,892644112.0,0.5,0.8670212765957447,0.6614957879597287,0.6875,0.3548387096774194,0.46808510638297873,0.7877542634066159,0.5609244666615513,0.42953410627561633,152,5,20,11
XGBoost,No handling,31,6,1.0,3543069911.0,4175944194.0,1436726102.0,3847657885.0,3421062553.0,0.5,0.8829787234042553,0.6839942469693856,0.8,0.3870967741935484,0.5217391304347826,0.8639819190466407,0.6371848011373551,0.5039601907406807,154,3,19,12
XGBoost,No handling,32,6,2.0,3543069911.0,1089924410.0,799682727.0,1041591649.0,2701636972.0,0.5,0.8936170212765957,0.7206751054852321,0.7777777777777778,0.4666666666666667,0.5833333333333334,0.8862869198312237,0.7238432643920464,0.5493027789160597,154,4,16,14
XGBoost,No handling,33,6,3.0,3543069911.0,1853925516.0,2893136149.0,2698822481.0,2616420294.0,0.5,0.8829787234042553,0.6603375527426161,0.8333333333333334,0.3333333333333333,0.47619047619047616,0.8451476793248945,0.6415177746448083,0.48040493510680926,156,2,20,10
XGBoost,No handling,34,6,4.0,3543069911.0,3501807147.0,3451030039.0,171449770.0,3448925926.0,0.5,0.8563829787234043,0.5905063291139241,0.6666666666666666,0.2,0.3076923076923077,0.6987341772151898,0.43295475336110095,0.31049195137409025,155,3,24,6
XGBoost,No handling,35,7,0.0,3479688010.0,3236768435.0,4041523928.0,1046363019.0,718189587.0,0.5,0.8936170212765957,0.6774193548387097,1.0,0.3548387096774194,0.5238095238095238,0.802547770700637,0.6212428993145314,0.5610204454584019,157,0,20,11
XGBoost,No handling,36,7,1.0,3479688010.0,2305656012.0,3128516724.0,4113970208.0,2733375728.0,0.5,0.8617021276595744,0.6453667557016642,0.6666666666666666,0.3225806451612903,0.43478260869565216,0.8243271008835011,0.5832807719403729,0.39815950301399394,152,5,21,10
XGBoost,No handling,37,7,2.0,3479688010.0,2356649683.0,2923666020.0,554845518.0,597358823.0,0.5,0.8617021276595744,0.6746835443037975,0.6,0.4,0.48,0.829113924050633,0.6420961497294152,0.4149554977337419,150,8,18,12
XGBoost,No handling,38,7,3.0,3479688010.0,2893281512.0,1679304393.0,1142567546.0,2033606900.0,0.5,0.851063829787234,0.5468354430379747,0.75,0.1,0.17647058823529413,0.8202531645569621,0.5370461945339131,0.2377140723371707,157,1,27,3
XGBoost,No handling,39,7,4.0,3479688010.0,4199500584.0,2303907436.0,254543643.0,4082487450.0,0.5,0.8776595744680851,0.6841772151898735,0.7058823529411765,0.4,0.5106382978723404,0.8432489451476793,0.6016532144733857,0.4703623512426067,153,5,18,12
XGBoost,No handling,40,8,0.0,877132087.0,1103542793.0,1618241013.0,3475936920.0,3263083182.0,0.5,0.898936170212766,0.7064927059790426,0.9285714285714286,0.41935483870967744,0.5777777777777777,0.8335730429422642,0.7013320140038407,0.5837497966918951,156,1,18,13
XGBoost,No handling,41,8,1.0,877132087.0,3056684009.0,2171210478.0,4113696191.0,2865391174.0,0.5,0.8776595744680851,0.6937538524758579,0.7222222222222222,0.41935483870967744,0.5306122448979592,0.7756318060406822,0.6064109304299254,0.4887089606456367,152,5,18,13
XGBoost,No handling,42,8,2.0,877132087.0,3791339622.0,2014111104.0,1619718278.0,4168879795.0,0.5,0.8829787234042553,0.6738396624472573,0.7857142857142857,0.36666666666666664,0.5,0.8130801687763712,0.6058958138347079,0.484986214921898,155,3,19,11
XGBoost,No handling,43,8,3.0,877132087.0,3127342568.0,700266404.0,524961072.0,4060003501.0,0.5,0.8670212765957447,0.610337552742616,0.7777777777777778,0.23333333333333334,0.358974358974359,0.8774261603375527,0.6473495193138411,0.3785251528406741,156,2,23,7
XGBoost,No handling,44,8,4.0,877132087.0,1127828914.0,1543132527.0,2552772230.0,716005241.0,0.5,0.8297872340425532,0.5746835443037974,0.42857142857142855,0.2,0.2727272727272727,0.7464135021097047,0.461643624806478,0.2083557282552814,150,8,24,6
XGBoost,No handling,45,9,0.0,1244265337.0,3338291230.0,1094846615.0,1303899787.0,4013613157.0,0.5,0.8670212765957447,0.6356071501951921,0.75,0.2903225806451613,0.4186046511627907,0.834189439079515,0.6004401143766724,0.41171463144269005,154,3,22,9
XGBoost,No handling,46,9,1.0,1244265337.0,624068715.0,3510162366.0,851062309.0,4055877112.0,0.5,0.9095744680851063,0.7646394082597082,0.85,0.5483870967741935,0.6666666666666666,0.8590507499486336,0.7004597692828222,0.6370089685382925,154,3,14,17
XGBoost,No handling,47,9,2.0,1244265337.0,2744585060.0,3953568575.0,3379833426.0,1182490892.0,0.5,0.8670212765957447,0.7048523206751055,0.6086956521739131,0.4666666666666667,0.5283018867924528,0.8421940928270042,0.6107248827704279,0.4578826257312429,149,9,16,14
XGBoost,No handling,48,9,3.0,1244265337.0,1970194164.0,2689973353.0,304445090.0,3295566558.0,0.5,0.8829787234042553,0.6738396624472573,0.7857142857142857,0.36666666666666664,0.5,0.8004219409282701,0.6002559799388433,0.484986214921898,155,3,19,11
XGBoost,No handling,49,9,4.0,1244265337.0,173601491.0,3683530920.0,1590118120.0,3886888595.0,0.5,0.8723404255319149,0.6135021097046414,0.875,0.23333333333333334,0.3684210526315789,0.7763713080168776,0.5642758398359485,0.4118526402499141,157,1,23,7
XGBoost,Class weight,0,0,0.0,2684470948.0,4029279179.0,898357669.0,749193750.0,2664262004.0,0.5,0.8776595744680851,0.8749743168276145,0.5869565217391305,0.8709677419354839,0.7012987012987013,0.8849393877131703,0.7487546026767079,0.6473499269090834,138,19,4,27
XGBoost,Class weight,1,0,1.0,2684470948.0,1907587041.0,3503269503.0,2336077454.0,1328947713.0,0.5,0.8563829787234043,0.6551263612081364,0.6111111111111112,0.3548387096774194,0.4489795918367347,0.7565235257859051,0.46902993267861043,0.39127811801426904,150,7,20,11
XGBoost,Class weight,2,0,2.0,2684470948.0,550160846.0,226206879.0,2601717502.0,3481926453.0,0.5,0.8723404255319149,0.7350210970464135,0.6153846153846154,0.5333333333333333,0.5714285714285714,0.840084388185654,0.6729487776223855,0.4986339383482175,148,10,14,16
XGBoost,Class weight,3,0,3.0,2684470948.0,456733724.0,362981302.0,2442234172.0,2853749197.0,0.5,0.8457446808510638,0.6786919831223629,0.52,0.43333333333333335,0.4727272727272727,0.7679324894514767,0.5001353647975911,0.3854432358384769,146,12,17,13
XGBoost,Class weight,4,0,4.0,2684470948.0,3899025672.0,3677506797.0,3724145743.0,928280540.0,0.5,0.8563829787234043,0.6985232067510548,0.56,0.4666666666666667,0.509090909090909,0.748945147679325,0.5509841086208876,0.4282196988477057,147,11,16,14
XGBoost,Class weight,5,1,0.0,4091952314.0,2709696717.0,1824248926.0,2076096347.0,3595735988.0,0.5,0.7819148936170213,0.7011506061228683,0.391304347826087,0.5806451612903226,0.4675324675324675,0.7959728785699609,0.5959740538181219,0.3472633306542426,129,28,13,18
XGBoost,Class weight,6,1,1.0,4091952314.0,241719485.0,1470249078.0,614118094.0,2736381532.0,0.5,0.8404255319148937,0.7102938154920896,0.5161290322580645,0.5161290322580645,0.5161290322580645,0.7752208752825149,0.5594873571914656,0.4205876309841792,142,15,15,16
XGBoost,Class weight,7,1,2.0,4091952314.0,3113315634.0,242368361.0,56312063.0,3939539701.0,0.5,0.8404255319148937,0.729535864978903,0.5,0.5666666666666667,0.53125,0.7748945147679326,0.5489412795611628,0.43678719830810225,141,17,13,17
XGBoost,Class weight,8,1,3.0,4091952314.0,523556381.0,3406749017.0,548430990.0,190841064.0,0.5,0.8297872340425532,0.8042194092827004,0.4791666666666667,0.7666666666666667,0.5897435897435898,0.839873417721519,0.7449718048481018,0.5110006454343456,133,25,7,23
XGBoost,Class weight,9,1,4.0,4091952314.0,3458391536.0,3279885177.0,304303932.0,1505420180.0,0.5,0.8457446808510638,0.7056962025316456,0.5172413793103449,0.5,0.5084745762711864,0.8580168776371307,0.6132356400442673,0.41710738519173085,144,14,15,15
XGBoost,Class weight,10,2,0.0,233227757.0,1292076234.0,2844811779.0,619021527.0,807103122.0,0.5,0.7553191489361702,0.6593384014793507,0.3404255319148936,0.5161290322580645,0.41025641025641024,0.7331004725703719,0.5276562472524997,0.2731005906389725,126,31,15,16
XGBoost,Class weight,11,2,1.0,233227757.0,2243896038.0,3792610798.0,1001298943.0,1442104860.0,0.5,0.8776595744680851,0.7196424902403945,0.6818181818181818,0.4838709677419355,0.5660377358490566,0.8076844051777275,0.6403754500618266,0.5071210562392874,150,7,16,15
XGBoost,Class weight,12,2,2.0,233227757.0,851682062.0,4283580504.0,2164508374.0,2480913517.0,0.5,0.7925531914893617,0.7415611814345991,0.40816326530612246,0.6666666666666666,0.5063291139240507,0.7793248945147679,0.5362563065889443,0.40303324509044836,129,29,10,20
XGBoost,Class weight,13,2,3.0,233227757.0,3834429963.0,3731772574.0,1190756568.0,2439280252.0,0.5,0.7978723404255319,0.7042194092827004,0.40476190476190477,0.5666666666666667,0.4722222222222222,0.8143459915611815,0.557934256656635,0.359099755182297,133,25,13,17
XGBoost,Class weight,14,2,4.0,233227757.0,3941955730.0,2414861607.0,646243807.0,3039763416.0,0.5,0.8882978723404256,0.7445147679324895,0.6956521739130435,0.5333333333333333,0.6037735849056604,0.8645569620253165,0.6771985063432437,0.5465354925051601,151,7,14,16
XGBoost,Class weight,15,3,0.0,3276785861.0,2794086942.0,390495227.0,1496620688.0,2596038558.0,0.5,0.8031914893617021,0.713889459626053,0.42857142857142855,0.5806451612903226,0.4931506849315068,0.7861105403739469,0.5437502860359452,0.38110880174511025,133,24,13,18
XGBoost,Class weight,16,3,1.0,3276785861.0,3337176271.0,2436820259.0,2707788755.0,1653778805.0,0.5,0.8670212765957447,0.8038832956646805,0.5789473684210527,0.7096774193548387,0.6376811594202898,0.8419971234846928,0.711858908985012,0.5616038400728802,141,16,9,22
XGBoost,Class weight,17,3,2.0,3276785861.0,3176062672.0,4034355048.0,3033014871.0,3830987156.0,0.5,0.8191489361702128,0.7708860759493671,0.45652173913043476,0.7,0.5526315789473685,0.841139240506329,0.6331411196995208,0.46151174784400956,133,25,9,21
XGBoost,Class weight,18,3,3.0,3276785861.0,615075798.0,226777097.0,1267453311.0,1672013786.0,0.5,0.8351063829787234,0.7128691983122363,0.48484848484848486,0.5333333333333333,0.5079365079365079,0.7736286919831223,0.49547611626971866,0.409835120362254,141,17,14,16
XGBoost,Class weight,19,3,4.0,3276785861.0,2328857014.0,2168859288.0,3710093821.0,1113953572.0,0.5,0.8351063829787234,0.7533755274261603,0.48717948717948717,0.6333333333333333,0.5507246376811594,0.8246835443037975,0.6726413847108986,0.45767626913584986,138,20,11,19
XGBoost,Class weight,20,4,0.0,3644269654.0,481961022.0,3593960055.0,2710125736.0,1564074456.0,0.5,0.851063829787234,0.7554961988904869,0.5428571428571428,0.6129032258064516,0.5757575757575758,0.8274090815697555,0.6389449366511624,0.4871529923556087,141,16,12,19
XGBoost,Class weight,21,4,1.0,3644269654.0,934175084.0,1437541962.0,428871250.0,2155845307.0,0.5,0.851063829787234,0.7296075611259503,0.5483870967741935,0.5483870967741935,0.5483870967741935,0.7974111362235463,0.6461437155032591,0.45921512225190053,143,14,14,17
XGBoost,Class weight,22,4,2.0,3644269654.0,2927577421.0,1610667908.0,3608048705.0,123087949.0,0.5,0.8563829787234043,0.7255274261603375,0.5517241379310345,0.5333333333333333,0.5423728813559322,0.799367088607595,0.5857858893543976,0.4573208151486772,145,13,14,16
XGBoost,Class weight,23,4,3.0,3644269654.0,3330064557.0,3870041660.0,1133931726.0,503960456.0,0.5,0.8457446808510638,0.6786919831223629,0.52,0.43333333333333335,0.4727272727272727,0.779746835443038,0.5441846641557155,0.3854432358384769,146,12,17,13
XGBoost,Class weight,24,4,4.0,3644269654.0,492020271.0,3268387024.0,2834361455.0,2823963774.0,0.5,0.7872340425531915,0.7383966244725738,0.4,0.6666666666666666,0.5,0.789662447257384,0.5441351906049752,0.39517978711878887,128,30,10,20
XGBoost,Class weight,25,5,0.0,1206282609.0,181252727.0,1792701199.0,1043078416.0,1346059021.0,0.5,0.8563829787234043,0.7845695500308199,0.5526315789473685,0.6774193548387096,0.6086956521739131,0.818368604890076,0.6932534199630423,0.5259102897234206,140,17,10,21
XGBoost,Class weight,26,5,1.0,1206282609.0,3588477321.0,274261999.0,1197376978.0,4275852769.0,0.5,0.7446808510638298,0.6659132936100267,0.3333333333333333,0.5483870967741935,0.4146341463414634,0.7528251489623998,0.5307753584525586,0.27694688321305144,123,34,14,17
XGBoost,Class weight,27,5,2.0,1206282609.0,3175067715.0,374154623.0,2622123113.0,773072750.0,0.5,0.8776595744680851,0.6976793248945148,0.6842105263157895,0.43333333333333335,0.5306122448979592,0.8172995780590717,0.5956976424897319,0.48035272961365366,152,6,17,13
XGBoost,Class weight,28,5,3.0,1206282609.0,4174702542.0,3604488937.0,2550041680.0,1539633547.0,0.5,0.8617021276595744,0.7151898734177216,0.5769230769230769,0.5,0.5357142857142857,0.8246835443037974,0.6137157644185943,0.45655890225779344,147,11,15,15
XGBoost,Class weight,29,5,4.0,1206282609.0,135446164.0,3157303198.0,2609627570.0,1992956804.0,0.5,0.8085106382978723,0.7240506329113924,0.42857142857142855,0.6,0.5,0.8339662447257383,0.5803568567041224,0.3939710124004126,134,24,12,18
XGBoost,Class weight,30,6,0.0,3543069911.0,1403774233.0,2563455377.0,1978743228.0,1607384875.0,0.5,0.824468085106383,0.6748510376001644,0.4666666666666667,0.45161290322580644,0.45901639344262296,0.7900143825765359,0.4806088413642909,0.35435593562407947,141,16,17,14
XGBoost,Class weight,31,6,1.0,3543069911.0,4175944194.0,1225921277.0,1397081057.0,1570421263.0,0.5,0.8776595744680851,0.6808095335935895,0.75,0.3870967741935484,0.5106382978723404,0.8481610848572015,0.6634514576741686,0.4809033250922931,153,4,19,12
XGBoost,Class weight,32,6,2.0,3543069911.0,1089924410.0,1425637637.0,3388449163.0,944975244.0,0.5,0.9042553191489362,0.7945147679324894,0.7307692307692307,0.6333333333333333,0.6785714285714286,0.8622362869198311,0.6813605519172111,0.6248590466194899,151,7,11,19
XGBoost,Class weight,33,6,3.0,3543069911.0,1853925516.0,2489541072.0,1800624337.0,2444151970.0,0.5,0.824468085106383,0.720042194092827,0.4594594594594595,0.5666666666666667,0.5074626865671642,0.7926160337552742,0.5886108861785833,0.40535524568248077,138,20,13,17
XGBoost,Class weight,34,6,4.0,3543069911.0,3501807147.0,764040875.0,1421256294.0,1710087462.0,0.5,0.7712765957446809,0.6343881856540085,0.3333333333333333,0.43333333333333335,0.37681159420289856,0.6713080168776371,0.41737458631991625,0.24274752992467638,132,26,17,13
XGBoost,Class weight,35,7,0.0,3479688010.0,3236768435.0,3361928100.0,601526519.0,3156231358.0,0.5,0.8085106382978723,0.7300184918841175,0.4418604651162791,0.6129032258064516,0.5135135135135135,0.8105609204848983,0.6396160701971888,0.40644818781196956,133,24,12,19
XGBoost,Class weight,36,7,1.0,3479688010.0,2305656012.0,2064066621.0,3207472588.0,1753094951.0,0.5,0.8297872340425532,0.6650914320936923,0.48148148148148145,0.41935483870967744,0.4482758620689655,0.831518389151428,0.5835133374845839,0.3493738402163825,143,14,18,13
XGBoost,Class weight,37,7,2.0,3479688010.0,2356649683.0,3956893104.0,1294534305.0,4007058713.0,0.5,0.8457446808510638,0.8002109704641349,0.5116279069767442,0.7333333333333333,0.6027397260273972,0.8360759493670886,0.677429981407154,0.5235130305586407,137,21,8,22
XGBoost,Class weight,38,7,3.0,3479688010.0,2893281512.0,2918871855.0,954627720.0,1612378382.0,0.5,0.8723404255319149,0.6810126582278482,0.6666666666666666,0.4,0.5,0.770253164556962,0.5092780132257088,0.4505753196080107,152,6,18,12
XGBoost,Class weight,39,7,4.0,3479688010.0,4199500584.0,3119149757.0,3048058771.0,1385649910.0,0.5,0.8085106382978723,0.710548523206751,0.425,0.5666666666666667,0.4857142857142857,0.7664556962025317,0.5109461831641032,0.3767996691199141,135,23,13,17
XGBoost,Class weight,40,8,0.0,877132087.0,1103542793.0,1250467633.0,419526489.0,3854740417.0,0.5,0.8776595744680851,0.7196424902403945,0.6818181818181818,0.4838709677419355,0.5660377358490566,0.803575097596055,0.6254487187121409,0.5071210562392874,150,7,16,15
XGBoost,Class weight,41,8,1.0,877132087.0,3056684009.0,850808904.0,2350134517.0,2151567047.0,0.5,0.8563829787234043,0.6810149989726731,0.5909090909090909,0.41935483870967744,0.49056603773584906,0.758167248818574,0.5357576504670503,0.41793606225146135,148,9,18,13
XGBoost,Class weight,42,8,2.0,877132087.0,3791339622.0,1998455635.0,3134848427.0,2983224204.0,0.5,0.8723404255319149,0.6945147679324895,0.65,0.43333333333333335,0.52,0.8084388185654008,0.5734559075379945,0.4620639721141426,151,7,17,13
XGBoost,Class weight,43,8,3.0,877132087.0,3127342568.0,4188443964.0,3376472441.0,2922691645.0,0.5,0.8457446808510638,0.7191983122362869,0.5161290322580645,0.5333333333333333,0.5245901639344263,0.8637130801687763,0.5949415908311606,0.4326390330357445,143,15,14,16
XGBoost,Class weight,44,8,4.0,877132087.0,1127828914.0,1783798416.0,1664344534.0,847726269.0,0.5,0.824468085106383,0.7065400843881857,0.45714285714285713,0.5333333333333333,0.49230769230769234,0.7512658227848101,0.46981306132969425,0.38863667249148526,139,19,14,16
XGBoost,Class weight,45,9,0.0,1244265337.0,3338291230.0,1328323886.0,26982865.0,52580511.0,0.5,0.8457446808510638,0.6099239778097391,0.5714285714285714,0.25806451612903225,0.35555555555555557,0.8179576741319088,0.5593924598031402,0.31075237933349636,151,6,23,8
XGBoost,Class weight,46,9,1.0,1244265337.0,624068715.0,1691813631.0,3458039396.0,1947169375.0,0.5,0.8617021276595744,0.8006985822888844,0.5641025641025641,0.7096774193548387,0.6285714285714286,0.8715841380727347,0.6525674086793396,0.5503850282782058,140,17,9,22
XGBoost,Class weight,47,9,2.0,1244265337.0,2744585060.0,833673269.0,273803933.0,497711073.0,0.5,0.7925531914893617,0.7280590717299578,0.40425531914893614,0.6333333333333333,0.4935064935064935,0.8464135021097047,0.6283483111441682,0.3857518641604145,130,28,11,19
XGBoost,Class weight,48,9,3.0,1244265337.0,1970194164.0,772252561.0,2292294798.0,4033389791.0,0.5,0.8138297872340425,0.7137130801687763,0.4358974358974359,0.5666666666666667,0.4927536231884058,0.7854430379746836,0.6006629481804084,0.3860333560654587,136,22,13,17
XGBoost,Class weight,49,9,4.0,1244265337.0,173601491.0,2272919125.0,1517664089.0,3518193152.0,0.5,0.8351063829787234,0.6993670886075949,0.4838709677419355,0.5,0.4918032786885246,0.7698312236286919,0.564355945912758,0.393497484329912,142,16,15,15
XGBoost,SMOTE-NC,0,0,0.0,2684470948.0,4029279179.0,2845298909.0,1880371967.0,2371745254.0,0.5,0.9095744680851063,0.7775837271419765,0.8181818181818182,0.5806451612903226,0.6792452830188679,0.8711732073145675,0.7433628373016148,0.6408985472210265,153,4,13,18
XGBoost,SMOTE-NC,1,0,1.0,2684470948.0,1907587041.0,2154049791.0,354957202.0,4225202559.0,0.5,0.851063829787234,0.6519416478323403,0.5789473684210527,0.3548387096774194,0.44,0.7569344565440724,0.4950321272471131,0.3741255325892365,149,8,20,11
XGBoost,SMOTE-NC,2,0,2.0,2684470948.0,550160846.0,3023038238.0,564541248.0,2146184012.0,0.5,0.8829787234042553,0.6873417721518987,0.75,0.4,0.5217391304347826,0.8459915611814347,0.6616134800384067,0.49173325049046235,154,4,18,12
XGBoost,SMOTE-NC,3,0,3.0,2684470948.0,456733724.0,158937204.0,1556314503.0,3280592775.0,0.5,0.8617021276595744,0.6746835443037975,0.6,0.4,0.48,0.7624472573839662,0.5338277152828816,0.4149554977337419,150,8,18,12
XGBoost,SMOTE-NC,4,0,4.0,2684470948.0,3899025672.0,774672353.0,2238979385.0,3851380243.0,0.5,0.8457446808510638,0.6381856540084389,0.5263157894736842,0.3333333333333333,0.40816326530612246,0.7383966244725739,0.4574718368837787,0.3357855260372926,149,9,20,10
XGBoost,SMOTE-NC,5,1,0.0,4091952314.0,2709696717.0,1134436540.0,474411573.0,871245284.0,0.5,0.8404255319148937,0.6714608588452846,0.52,0.41935483870967744,0.4642857142857143,0.771317033079926,0.5604929430556448,0.3747674442341625,145,12,18,13
XGBoost,SMOTE-NC,6,1,1.0,4091952314.0,241719485.0,1567845661.0,1229595684.0,1751098674.0,0.5,0.8723404255319149,0.7164577768645983,0.6521739130434783,0.4838709677419355,0.5555555555555556,0.809122662831313,0.5917441738635378,0.49026170626958576,149,8,16,15
XGBoost,SMOTE-NC,7,1,2.0,4091952314.0,3113315634.0,1982341698.0,3130040189.0,2633849903.0,0.5,0.8670212765957447,0.6643459915611815,0.6470588235294118,0.36666666666666664,0.46808510638297873,0.7662447257383966,0.5088229572781284,0.4197162332393936,152,6,19,11
XGBoost,SMOTE-NC,8,1,3.0,4091952314.0,523556381.0,449175165.0,3201474779.0,3893740757.0,0.5,0.8723404255319149,0.7350210970464135,0.6153846153846154,0.5333333333333333,0.5714285714285714,0.8474683544303797,0.6948698537042097,0.4986339383482175,148,10,14,16
XGBoost,SMOTE-NC,9,1,4.0,4091952314.0,3458391536.0,2774070229.0,159275658.0,3224274080.0,0.5,0.8776595744680851,0.6976793248945148,0.6842105263157895,0.43333333333333335,0.5306122448979592,0.8483122362869199,0.6144952171459652,0.48035272961365366,152,6,17,13
XGBoost,SMOTE-NC,10,2,0.0,233227757.0,1292076234.0,2061875632.0,1993973075.0,3863352594.0,0.5,0.8776595744680851,0.7196424902403945,0.6818181818181818,0.4838709677419355,0.5660377358490566,0.7589891103349087,0.5251442005736311,0.5071210562392874,150,7,16,15
XGBoost,SMOTE-NC,11,2,1.0,233227757.0,2243896038.0,1467067360.0,506143817.0,956147869.0,0.5,0.8936170212765957,0.7421409492500514,0.7619047619047619,0.5161290322580645,0.6153846153846154,0.826587220053421,0.647370983180202,0.5705070643337654,152,5,15,16
XGBoost,SMOTE-NC,12,2,2.0,233227757.0,851682062.0,4076752091.0,4078296431.0,2383945244.0,0.5,0.851063829787234,0.6818565400843881,0.5416666666666666,0.43333333333333335,0.48148148148148145,0.7856540084388186,0.5379369602741254,0.3991356738389041,147,11,17,13
XGBoost,SMOTE-NC,13,2,3.0,233227757.0,3834429963.0,2108213072.0,736949507.0,4109325203.0,0.5,0.8563829787234043,0.6850210970464135,0.5652173913043478,0.43333333333333335,0.49056603773584906,0.8191983122362869,0.5671923175621052,0.41355619234428426,148,10,17,13
XGBoost,SMOTE-NC,14,2,4.0,233227757.0,3941955730.0,345875890.0,2209856007.0,889830096.0,0.5,0.8723404255319149,0.7080168776371307,0.6363636363636364,0.4666666666666667,0.5384615384615384,0.8308016877637131,0.633664874962253,0.4739716387019047,150,8,16,14
XGBoost,SMOTE-NC,15,3,0.0,3276785861.0,2794086942.0,3081984056.0,272617783.0,2318448634.0,0.5,0.8457446808510638,0.6746455722210808,0.5416666666666666,0.41935483870967744,0.4727272727272727,0.7865214711321143,0.5606819570440538,0.38841026889050206,146,11,18,13
XGBoost,SMOTE-NC,16,3,1.0,3276785861.0,3337176271.0,3579378986.0,3013957864.0,833087778.0,0.5,0.8723404255319149,0.7164577768645983,0.6521739130434783,0.4838709677419355,0.5555555555555556,0.8362440928703514,0.6834059915179355,0.49026170626958576,149,8,16,15
XGBoost,SMOTE-NC,17,3,2.0,3276785861.0,3176062672.0,1038096932.0,3864931210.0,4084943726.0,0.5,0.8457446808510638,0.6651898734177215,0.5217391304347826,0.4,0.4528301886792453,0.8421940928270043,0.5850511252638666,0.3692297589573256,147,11,18,12
XGBoost,SMOTE-NC,18,3,3.0,3276785861.0,615075798.0,718886135.0,48556963.0,3302401353.0,0.5,0.8617021276595744,0.6746835443037975,0.6,0.4,0.48,0.8025316455696203,0.5246457010045127,0.4149554977337419,150,8,18,12
XGBoost,SMOTE-NC,19,3,4.0,3276785861.0,2328857014.0,2612172329.0,3613527425.0,1349429334.0,0.5,0.8936170212765957,0.7476793248945148,0.7272727272727273,0.5333333333333333,0.6153846153846154,0.820042194092827,0.5855495577307401,0.5643435130182922,152,6,14,16
XGBoost,SMOTE-NC,20,4,0.0,3644269654.0,481961022.0,3953345897.0,2263183160.0,3192963250.0,0.5,0.8723404255319149,0.7164577768645983,0.6521739130434783,0.4838709677419355,0.5555555555555556,0.8596671460858846,0.6479541987464735,0.49026170626958576,149,8,16,15
XGBoost,SMOTE-NC,21,4,1.0,3644269654.0,934175084.0,1131335416.0,3340653747.0,2033927870.0,0.5,0.8829787234042553,0.6839942469693856,0.8,0.3870967741935484,0.5217391304347826,0.7873433326484487,0.6174909715314848,0.5039601907406807,154,3,19,12
XGBoost,SMOTE-NC,22,4,2.0,3644269654.0,2927577421.0,3450606867.0,3127940496.0,1102567038.0,0.5,0.8617021276595744,0.7286919831223628,0.5714285714285714,0.5333333333333333,0.5517241379310345,0.8023206751054853,0.5932028487481651,0.4704690950308469,146,12,14,16
XGBoost,SMOTE-NC,23,4,3.0,3644269654.0,3330064557.0,3770617670.0,1386814328.0,1950233252.0,0.5,0.8776595744680851,0.7516877637130801,0.6296296296296297,0.5666666666666667,0.5964912280701754,0.7970464135021097,0.6617422179390591,0.5256376299080419,148,10,13,17
XGBoost,SMOTE-NC,24,4,4.0,3644269654.0,492020271.0,3142314850.0,4241661978.0,1030887300.0,0.5,0.8351063829787234,0.6723628691983122,0.48148148148148145,0.43333333333333335,0.45614035087719296,0.7985232067510548,0.5040725389393007,0.3599714531725651,144,14,17,13
XGBoost,SMOTE-NC,25,5,0.0,1206282609.0,181252727.0,2158684121.0,1550436013.0,130083237.0,0.5,0.8882978723404256,0.7519005547565235,0.7083333333333334,0.5483870967741935,0.6181818181818182,0.8442572426546127,0.6600499330955922,0.5602246937173594,150,7,14,17
XGBoost,SMOTE-NC,26,5,1.0,1206282609.0,3588477321.0,463056456.0,1885579329.0,1354880426.0,0.5,0.7978723404255319,0.5942058763098418,0.36,0.2903225806451613,0.32142857142857145,0.7404972262173823,0.4383584224856223,0.20590877553189155,141,16,22,9
XGBoost,SMOTE-NC,27,5,2.0,1206282609.0,3175067715.0,3560281260.0,509922588.0,2629342002.0,0.5,0.8670212765957447,0.7048523206751055,0.6086956521739131,0.4666666666666667,0.5283018867924528,0.8122362869198313,0.5939860267731616,0.4578826257312429,149,9,16,14
XGBoost,SMOTE-NC,28,5,3.0,1206282609.0,4174702542.0,797777965.0,2797585372.0,677175616.0,0.5,0.8723404255319149,0.7215189873417722,0.625,0.5,0.5555555555555556,0.8369198312236287,0.6455993479842266,0.48618614562743534,149,9,15,15
XGBoost,SMOTE-NC,29,5,4.0,1206282609.0,135446164.0,2569339767.0,3885779309.0,1736170426.0,0.5,0.851063829787234,0.7088607594936709,0.5357142857142857,0.5,0.5172413793103449,0.830590717299578,0.5709613976358633,0.42967195948389153,145,13,15,15
XGBoost,SMOTE-NC,30,6,0.0,3543069911.0,1403774233.0,3228888771.0,3182516409.0,79536091.0,0.5,0.8404255319148937,0.6326279021984795,0.5263157894736842,0.3225806451612903,0.4,0.7577563180604069,0.42360039708663805,0.3265693458909427,148,9,21,10
XGBoost,SMOTE-NC,31,6,1.0,3543069911.0,4175944194.0,1783747073.0,2670641949.0,1279993639.0,0.5,0.9095744680851063,0.7516950893774399,0.8888888888888888,0.5161290322580645,0.6530612244897959,0.8742551880008219,0.6899251660990923,0.6348552245926882,155,2,15,16
XGBoost,SMOTE-NC,32,6,2.0,3543069911.0,1089924410.0,2690074133.0,1436968709.0,1728907134.0,0.5,0.8882978723404256,0.7850210970464135,0.6551724137931034,0.6333333333333333,0.6440677966101694,0.8820675105485233,0.748227142801703,0.5779611050195163,148,10,11,19
XGBoost,SMOTE-NC,33,6,3.0,3543069911.0,1853925516.0,1865365474.0,3960895794.0,1774492362.0,0.5,0.8882978723404256,0.7175105485232067,0.7368421052631579,0.4666666666666667,0.5714285714285714,0.8270042194092828,0.6048628372193428,0.5285417974724407,153,5,16,14
XGBoost,SMOTE-NC,34,6,4.0,3543069911.0,3501807147.0,2208344025.0,3872214423.0,999187702.0,0.5,0.8351063829787234,0.6453586497890296,0.4782608695652174,0.36666666666666664,0.41509433962264153,0.6968354430379747,0.43460644210622645,0.324903325570367,146,12,19,11
XGBoost,SMOTE-NC,35,7,0.0,3479688010.0,3236768435.0,42499923.0,2576218839.0,1874418308.0,0.5,0.8670212765957447,0.7003287446065338,0.6363636363636364,0.45161290322580644,0.5283018867924528,0.7951510170536265,0.6038203192649054,0.4625285592453744,149,8,17,14
XGBoost,SMOTE-NC,36,7,1.0,3479688010.0,2305656012.0,2373598382.0,25335407.0,562439699.0,0.5,0.851063829787234,0.7037189233614136,0.5555555555555556,0.4838709677419355,0.5172413793103449,0.8043969591123896,0.5490268437992395,0.4311190573423065,145,12,16,15
XGBoost,SMOTE-NC,37,7,2.0,3479688010.0,2356649683.0,1967787023.0,3718247475.0,2053209447.0,0.5,0.8776595744680851,0.7381856540084388,0.64,0.5333333333333333,0.5818181818181818,0.8379746835443038,0.6484521920056026,0.5137726248661634,149,9,14,16
XGBoost,SMOTE-NC,38,7,3.0,3479688010.0,2893281512.0,320038748.0,4028960929.0,2545962286.0,0.5,0.8723404255319149,0.640506329113924,0.75,0.3,0.42857142857142855,0.8320675105485232,0.610635619673513,0.4209864299751776,155,3,21,9
XGBoost,SMOTE-NC,39,7,4.0,3479688010.0,4199500584.0,560222585.0,3642861539.0,3238884225.0,0.5,0.8723404255319149,0.6675105485232068,0.6875,0.36666666666666664,0.4782608695652174,0.8033755274261604,0.5211901745985686,0.4396804064070125,153,5,19,11
XGBoost,SMOTE-NC,40,8,0.0,877132087.0,1103542793.0,965238100.0,1257801764.0,2724000447.0,0.5,0.851063829787234,0.7296075611259503,0.5483870967741935,0.5483870967741935,0.5483870967741935,0.8304910622560098,0.6763978169587131,0.45921512225190053,143,14,14,17
XGBoost,SMOTE-NC,41,8,1.0,877132087.0,3056684009.0,3835798231.0,2013112187.0,3673529184.0,0.5,0.8723404255319149,0.7294020957468667,0.64,0.5161290322580645,0.5714285714285714,0.7511814259297308,0.5777153702395208,0.5014114457608657,148,9,15,16
XGBoost,SMOTE-NC,42,8,2.0,877132087.0,3791339622.0,3695799663.0,2855117602.0,2285459022.0,0.5,0.8882978723404256,0.7445147679324895,0.6956521739130435,0.5333333333333333,0.6037735849056604,0.8035864978902953,0.6086683555079264,0.5465354925051601,151,7,14,16
XGBoost,SMOTE-NC,43,8,3.0,877132087.0,3127342568.0,3967764588.0,2738335239.0,2181088601.0,0.5,0.8829787234042553,0.7008438818565401,0.7222222222222222,0.43333333333333335,0.5416666666666666,0.8592827004219409,0.616609833459679,0.4999390492620352,153,5,17,13
XGBoost,SMOTE-NC,44,8,4.0,877132087.0,1127828914.0,438604603.0,98712045.0,676777912.0,0.5,0.8457446808510638,0.6246835443037975,0.5294117647058824,0.3,0.3829787234042553,0.7301687763713081,0.39546168390539305,0.31842399723296744,150,8,21,9
XGBoost,SMOTE-NC,45,9,0.0,1244265337.0,3338291230.0,937520350.0,2257953813.0,3542013143.0,0.5,0.8670212765957447,0.7003287446065338,0.6363636363636364,0.45161290322580644,0.5283018867924528,0.8403534004520239,0.6232423576776341,0.4625285592453744,149,8,17,14
XGBoost,SMOTE-NC,46,9,1.0,1244265337.0,624068715.0,2065153816.0,3784170875.0,3161713807.0,0.5,0.8936170212765957,0.7939182247791248,0.6896551724137931,0.6451612903225806,0.6666666666666666,0.8613108691185536,0.6789740311704926,0.6039341996431592,148,9,11,20
XGBoost,SMOTE-NC,47,9,2.0,1244265337.0,2744585060.0,3110388414.0,2319256086.0,3049281026.0,0.5,0.8617021276595744,0.7151898734177216,0.5769230769230769,0.5,0.5357142857142857,0.8432489451476793,0.6053543347501195,0.45655890225779344,147,11,15,15
XGBoost,SMOTE-NC,48,9,3.0,1244265337.0,1970194164.0,3171689873.0,3041828154.0,2567140180.0,0.5,0.8723404255319149,0.6675105485232068,0.6875,0.36666666666666664,0.4782608695652174,0.7883966244725739,0.5999457180203027,0.4396804064070125,153,5,19,11
XGBoost,SMOTE-NC,49,9,4.0,1244265337.0,173601491.0,2522952665.0,3316351394.0,221542157.0,0.5,0.8563829787234043,0.6580168776371308,0.5789473684210527,0.36666666666666664,0.4489795918367347,0.7402953586497891,0.5058124271058699,0.38397459389607963,150,8,19,11
XGBoost,Random undersampling,0,0,0.0,2684470948.0,4029279179.0,2730737185.0,2665115323.0,2387168520.0,0.5,0.824468085106383,0.8172385453051161,0.4807692307692308,0.8064516129032258,0.6024096385542169,0.852270392438874,0.7476338535707666,0.5263510486765742,130,27,6,25
XGBoost,Random undersampling,1,0,1.0,2684470948.0,1907587041.0,3785201554.0,3434012712.0,703826879.0,0.5,0.7340425531914894,0.6724881857407028,0.32727272727272727,0.5806451612903226,0.4186046511627907,0.7719334292171769,0.5748895052080001,0.28139272020174927,120,37,13,18
XGBoost,Random undersampling,2,0,2.0,2684470948.0,550160846.0,2703183738.0,811321406.0,1600992937.0,0.5,0.6861702127659575,0.6782700421940928,0.2898550724637681,0.6666666666666666,0.40404040404040403,0.7624472573839662,0.4685276720681614,0.2708940759177215,109,49,10,20
XGBoost,Random undersampling,3,0,3.0,2684470948.0,456733724.0,3754189797.0,1827129198.0,3835762465.0,0.5,0.7340425531914894,0.720253164556962,0.3387096774193548,0.7,0.45652173913043476,0.7839662447257385,0.5187730756726768,0.3431311977094325,117,41,9,21
XGBoost,Random undersampling,4,0,4.0,2684470948.0,3899025672.0,3502192660.0,841757856.0,922897567.0,0.5,0.7446808510638298,0.69957805907173,0.3392857142857143,0.6333333333333333,0.4418604651162791,0.7227848101265821,0.4724572396773668,0.3196325371587324,121,37,11,19
XGBoost,Random undersampling,5,1,0.0,4091952314.0,2709696717.0,2051447897.0,2289836330.0,3073068202.0,0.5,0.6542553191489362,0.6764947606328333,0.28205128205128205,0.7096774193548387,0.4036697247706422,0.7655640024655845,0.5819170093727375,0.26585745464970945,101,56,9,22
XGBoost,Random undersampling,6,1,1.0,4091952314.0,241719485.0,364524706.0,858045005.0,2266605657.0,0.5,0.7446808510638298,0.7047462502568318,0.3508771929824561,0.6451612903225806,0.45454545454545453,0.7789192521060202,0.4770383663871747,0.3306005333816862,120,37,11,20
XGBoost,Random undersampling,7,1,2.0,4091952314.0,3113315634.0,2790726906.0,1945569114.0,481859786.0,0.5,0.776595744680851,0.7455696202531645,0.3888888888888889,0.7,0.5,0.7660337552742617,0.4824279701880074,0.39750676675452323,125,33,9,21
XGBoost,Random undersampling,8,1,3.0,4091952314.0,523556381.0,36417814.0,3650130100.0,4164730235.0,0.5,0.6914893617021277,0.7084388185654008,0.3055555555555556,0.7333333333333333,0.43137254901960786,0.8135021097046413,0.6485659588919518,0.31405269643978484,108,50,8,22
XGBoost,Random undersampling,9,1,4.0,4091952314.0,3458391536.0,2834243205.0,499624270.0,2202702648.0,0.5,0.7872340425531915,0.8059071729957806,0.4166666666666667,0.8333333333333334,0.5555555555555556,0.8706751054852322,0.6738105917491382,0.4806491925228369,123,35,5,25
XGBoost,Random undersampling,10,2,0.0,233227757.0,1292076234.0,2836951475.0,661485301.0,3629406021.0,0.5,0.723404255319149,0.6790630778713787,0.3220338983050847,0.6129032258064516,0.4222222222222222,0.763098417916581,0.49027689314981365,0.286382089208679,117,40,12,19
XGBoost,Random undersampling,11,2,1.0,233227757.0,2243896038.0,2369814731.0,3413022141.0,1456243686.0,0.5,0.723404255319149,0.6790630778713787,0.3220338983050847,0.6129032258064516,0.4222222222222222,0.7554961988904869,0.5841596862971568,0.286382089208679,117,40,12,19
XGBoost,Random undersampling,12,2,2.0,233227757.0,851682062.0,124325611.0,1485344571.0,3986257827.0,0.5,0.7446808510638298,0.69957805907173,0.3392857142857143,0.6333333333333333,0.4418604651162791,0.7732067510548524,0.5278099583069796,0.3196325371587324,121,37,11,19
XGBoost,Random undersampling,13,2,3.0,233227757.0,3834429963.0,2290949132.0,581120019.0,485889501.0,0.5,0.7127659574468085,0.7075949367088608,0.3181818181818182,0.7,0.4375,0.7763713080168776,0.4800062768384975,0.3185547169027061,113,45,9,21
XGBoost,Random undersampling,14,2,4.0,233227757.0,3941955730.0,2076820959.0,3892799425.0,658334696.0,0.5,0.7393617021276596,0.7504219409282701,0.35384615384615387,0.7666666666666667,0.4842105263157895,0.829746835443038,0.5528091847866614,0.3856402091623162,116,42,7,23
XGBoost,Random undersampling,15,3,0.0,3276785861.0,2794086942.0,778455976.0,3893394167.0,1657844607.0,0.5,0.723404255319149,0.7178960345181837,0.3384615384615385,0.7096774193548387,0.4583333333333333,0.7815903020341073,0.47431091706086237,0.3400171018812866,114,43,9,22
XGBoost,Random undersampling,16,3,1.0,3276785861.0,3337176271.0,4173292184.0,1686832901.0,2343850404.0,0.5,0.723404255319149,0.730840353400452,0.34328358208955223,0.7419354838709677,0.46938775510204084,0.8095335935894802,0.6319842060875062,0.357719251034874,113,44,8,23
XGBoost,Random undersampling,17,3,2.0,3276785861.0,3176062672.0,2944639594.0,1685026951.0,3617555120.0,0.5,0.776595744680851,0.7725738396624473,0.39655172413793105,0.7666666666666667,0.5227272727272727,0.820042194092827,0.5722188573048368,0.43223274556224545,123,35,7,23
XGBoost,Random undersampling,18,3,3.0,3276785861.0,615075798.0,3833114911.0,197867827.0,4263269498.0,0.5,0.7127659574468085,0.7616033755274262,0.33783783783783783,0.8333333333333334,0.4807692307692308,0.8276371308016878,0.5543591904605418,0.39218793071508656,109,49,5,25
XGBoost,Random undersampling,19,3,4.0,3276785861.0,2328857014.0,36152982.0,2524536633.0,531654475.0,0.5,0.7446808510638298,0.7130801687763713,0.3448275862068966,0.6666666666666666,0.45454545454545453,0.7356540084388186,0.518949432948789,0.3378909233884427,120,38,10,20
XGBoost,Random undersampling,20,4,0.0,3644269654.0,481961022.0,701476283.0,3801461217.0,2262479537.0,0.5,0.7074468085106383,0.7212862132730635,0.32857142857142857,0.7419354838709677,0.45544554455445546,0.8210396548181631,0.5377413029941326,0.33972304037593754,110,47,8,23
XGBoost,Random undersampling,21,4,1.0,3644269654.0,934175084.0,531307274.0,1536671175.0,1534972854.0,0.5,0.7393617021276596,0.6886172179987673,0.3392857142857143,0.6129032258064516,0.4367816091954023,0.7682350523936717,0.5581961206200952,0.3060983754194925,120,37,12,19
XGBoost,Random undersampling,22,4,2.0,3644269654.0,2927577421.0,841100042.0,1788260079.0,4223383186.0,0.5,0.776595744680851,0.7455696202531645,0.3888888888888889,0.7,0.5,0.7772151898734176,0.5894645663865742,0.39750676675452323,125,33,9,21
XGBoost,Random undersampling,23,4,3.0,3644269654.0,3330064557.0,38691841.0,3257569054.0,1903812919.0,0.5,0.7180851063829787,0.7242616033755274,0.3283582089552239,0.7333333333333333,0.4536082474226804,0.7926160337552743,0.6026812100357226,0.342960420385499,113,45,8,22
XGBoost,Random undersampling,24,4,4.0,3644269654.0,492020271.0,424533475.0,3634592909.0,135017565.0,0.5,0.7021276595744681,0.6877637130801688,0.30303030303030304,0.6666666666666666,0.4166666666666667,0.7734177215189874,0.5215655779031365,0.28812367687338253,112,46,10,20
XGBoost,Random undersampling,25,5,0.0,1206282609.0,181252727.0,1651142048.0,4181309074.0,3835312353.0,0.5,0.7340425531914894,0.7501540990343127,0.3582089552238806,0.7741935483870968,0.4897959183673469,0.8350113005958496,0.612520168650042,0.38764858757005705,114,43,7,24
XGBoost,Random undersampling,26,5,1.0,1206282609.0,3588477321.0,544903366.0,1206822075.0,2813312043.0,0.5,0.7074468085106383,0.6824532566262584,0.3125,0.6451612903225806,0.42105263157894735,0.7472775837271419,0.42297582788307586,0.285766594115826,113,44,11,20
XGBoost,Random undersampling,27,5,2.0,1206282609.0,3175067715.0,2147542737.0,2100988584.0,1402086146.0,0.5,0.7712765957446809,0.7289029535864979,0.37735849056603776,0.6666666666666666,0.4819277108433735,0.7907172995780591,0.5760182303138746,0.37261964175756507,125,33,10,20
XGBoost,Random undersampling,28,5,3.0,1206282609.0,4174702542.0,405260824.0,653296536.0,3586997276.0,0.5,0.723404255319149,0.70042194092827,0.3225806451612903,0.6666666666666666,0.43478260869565216,0.8284810126582278,0.612891557494525,0.3122362431263993,116,42,10,20
XGBoost,Random undersampling,29,5,4.0,1206282609.0,135446164.0,2635644849.0,1447316780.0,2159517108.0,0.5,0.7340425531914894,0.7337552742616034,0.34375,0.7333333333333333,0.46808510638297873,0.810548523206751,0.5407699821187297,0.3613098119099278,116,42,8,22
XGBoost,Random undersampling,30,6,0.0,3543069911.0,1403774233.0,429632105.0,1879138002.0,2658525583.0,0.5,0.7287234042553191,0.7210807478939798,0.34375,0.7096774193548387,0.4631578947368421,0.7764536675570167,0.5542654932335188,0.3462667289061135,115,42,9,22
XGBoost,Random undersampling,31,6,1.0,3543069911.0,4175944194.0,484147478.0,735621438.0,3332188097.0,0.5,0.7553191489361702,0.7887815903020341,0.3880597014925373,0.8387096774193549,0.5306122448979592,0.8448736387918636,0.5946939334682677,0.4475072606404232,116,41,5,26
XGBoost,Random undersampling,32,6,2.0,3543069911.0,1089924410.0,323447601.0,403324805.0,3163399322.0,0.5,0.7074468085106383,0.7719409282700422,0.33766233766233766,0.8666666666666667,0.48598130841121495,0.8529535864978903,0.51036350757724,0.40502971855140757,107,51,4,26
XGBoost,Random undersampling,33,6,3.0,3543069911.0,1853925516.0,4080665008.0,1994521464.0,2492356012.0,0.5,0.7659574468085106,0.7527426160337553,0.3793103448275862,0.7333333333333333,0.5,0.8120253164556962,0.5916796445332798,0.4007854715043112,122,36,8,22
XGBoost,Random undersampling,34,6,4.0,3543069911.0,3501807147.0,2982476474.0,879477525.0,86143549.0,0.5,0.6542553191489362,0.6187763713080169,0.2463768115942029,0.5666666666666667,0.3434343434343434,0.659915611814346,0.39774138472889164,0.18048918904340497,106,52,13,17
XGBoost,Random undersampling,35,7,0.0,3479688010.0,3236768435.0,1139911308.0,3907839121.0,1431513041.0,0.5,0.7446808510638298,0.7047462502568318,0.3508771929824561,0.6451612903225806,0.45454545454545453,0.7768645983151838,0.5674008246788956,0.3306005333816862,120,37,11,20
XGBoost,Random undersampling,36,7,1.0,3479688010.0,2305656012.0,646617543.0,3975167316.0,2288646723.0,0.5,0.7659574468085106,0.7433737415245532,0.38596491228070173,0.7096774193548387,0.5,0.804191493733306,0.5664173650576177,0.39297173285560194,122,35,9,22
XGBoost,Random undersampling,37,7,2.0,3479688010.0,2356649683.0,3811762460.0,2211643517.0,3039675520.0,0.5,0.7287234042553191,0.7710970464135021,0.352112676056338,0.8333333333333334,0.49504950495049505,0.8381856540084388,0.6827534501219643,0.4095640673198825,112,46,5,25
XGBoost,Random undersampling,38,7,3.0,3479688010.0,2893281512.0,1564005426.0,3384074607.0,3459388697.0,0.5,0.7074468085106383,0.6909282700421941,0.3076923076923077,0.6666666666666666,0.42105263157894735,0.8037974683544304,0.4756114106189429,0.29402223192240623,113,45,10,20
XGBoost,Random undersampling,39,7,4.0,3479688010.0,4199500584.0,1329694236.0,602102846.0,1060865173.0,0.5,0.7074468085106383,0.6504219409282701,0.288135593220339,0.5666666666666667,0.38202247191011235,0.7451476793248945,0.4443534653117467,0.2374157321414759,116,42,13,17
XGBoost,Random undersampling,40,8,0.0,877132087.0,1103542793.0,3876794213.0,2904296013.0,1858174119.0,0.5,0.75,0.7338196013971646,0.36666666666666664,0.7096774193548387,0.4835164835164835,0.8109718512430656,0.6229042168391862,0.3722725161018172,119,38,9,22
XGBoost,Random undersampling,41,8,1.0,877132087.0,3056684009.0,3769675059.0,4184465355.0,2496044447.0,0.5,0.723404255319149,0.7178960345181837,0.3384615384615385,0.7096774193548387,0.4583333333333333,0.7641257448119991,0.522479783782834,0.3400171018812866,114,43,9,22
XGBoost,Random undersampling,42,8,2.0,877132087.0,3791339622.0,422760276.0,1793056784.0,1157907226.0,0.5,0.7393617021276596,0.7234177215189873,0.3442622950819672,0.7,0.46153846153846156,0.8145569620253165,0.48388737168977275,0.34951837048556406,118,40,9,21
XGBoost,Random undersampling,43,8,3.0,877132087.0,3127342568.0,1956109656.0,4153561940.0,3231542533.0,0.5,0.7606382978723404,0.7495780590717299,0.3728813559322034,0.7333333333333333,0.4943820224719101,0.8242616033755275,0.514823487615617,0.3939169861477784,121,37,8,22
XGBoost,Random undersampling,44,8,4.0,877132087.0,1127828914.0,2434942623.0,1738121021.0,4030984045.0,0.5,0.6968085106382979,0.6710970464135021,0.2923076923076923,0.6333333333333333,0.4,0.7540084388185654,0.4517243400262334,0.2634829061757696,112,46,11,19
XGBoost,Random undersampling,45,9,0.0,1244265337.0,3338291230.0,545377239.0,1423469607.0,204812802.0,0.5,0.7606382978723404,0.7272447092664887,0.375,0.6774193548387096,0.4827586206896552,0.8099445243476475,0.5383710811158308,0.36878518868622945,122,35,10,21
XGBoost,Random undersampling,46,9,1.0,1244265337.0,624068715.0,1939067497.0,2865995514.0,364776743.0,0.5,0.723404255319149,0.7826176289295254,0.36,0.8709677419354839,0.5094339622641509,0.8627491267721389,0.6526028970248287,0.4283414118637532,109,48,4,27
XGBoost,Random undersampling,47,9,2.0,1244265337.0,2744585060.0,1718422021.0,3014339339.0,2195598565.0,0.5,0.7180851063829787,0.7647679324894515,0.3424657534246575,0.8333333333333334,0.4854368932038835,0.8286919831223629,0.565685866923413,0.3979002393666459,110,48,5,25
XGBoost,Random undersampling,48,9,3.0,1244265337.0,1970194164.0,136534596.0,3888004770.0,2905376650.0,0.5,0.7340425531914894,0.679746835443038,0.32142857142857145,0.6,0.4186046511627907,0.7533755274261604,0.5749661009341847,0.2878720102106131,120,38,12,18
XGBoost,Random undersampling,49,9,4.0,1244265337.0,173601491.0,3659529549.0,1639720207.0,2807969709.0,0.5,0.7712765957446809,0.7018987341772152,0.3673469387755102,0.6,0.45569620253164556,0.7550632911392405,0.47589068886538743,0.3368583541935014,127,31,12,18
XGBoost,Threshold tuning,0,0,0.0,2684470948.0,4029279179.0,2126892503.0,3597785986.0,3556522399.0,0.2707993686199188,0.8723404255319149,0.7811793712759401,0.6060606060606061,0.6451612903225806,0.625,0.8643928498048079,0.7268222161902453,0.5485564239145211,144,13,11,20
XGBoost,Threshold tuning,1,0,1.0,2684470948.0,1907587041.0,2592186496.0,2298509622.0,4129465138.0,0.3523547351360321,0.8617021276595744,0.6583110745839327,0.6470588235294118,0.3548387096774194,0.4583333333333333,0.7746044791452639,0.4834960577992418,0.4096844212706675,151,6,20,11
XGBoost,Threshold tuning,2,0,2.0,2684470948.0,550160846.0,3094670186.0,217942883.0,1707707552.0,0.2535557448863983,0.851063829787234,0.7493670886075949,0.5294117647058824,0.6,0.5625,0.8417721518987341,0.667412667074464,0.47452432757369195,142,16,12,18
XGBoost,Threshold tuning,3,0,3.0,2684470948.0,456733724.0,3724456331.0,694000769.0,1500960508.0,0.2423553168773651,0.8138297872340425,0.6732067510548523,0.42424242424242425,0.4666666666666667,0.4444444444444444,0.7784810126582279,0.5496244779928986,0.3334733734563038,139,19,16,14
XGBoost,Threshold tuning,4,0,4.0,2684470948.0,3899025672.0,88303236.0,4115716140.0,2427197178.0,0.2502411901950836,0.8191489361702128,0.689873417721519,0.4411764705882353,0.5,0.46875,0.7628691983122362,0.5336972884190564,0.3613129397769228,139,19,15,15
XGBoost,Threshold tuning,5,1,0.0,4091952314.0,2709696717.0,347872232.0,3372829540.0,2354096005.0,0.3032737672328949,0.8297872340425532,0.6909800698582289,0.4838709677419355,0.4838709677419355,0.4838709677419355,0.8027532360797206,0.6331244738392227,0.38196013971645776,141,16,16,15
XGBoost,Threshold tuning,6,1,1.0,4091952314.0,241719485.0,600477598.0,606121972.0,3489632052.0,0.27831581234931946,0.8297872340425532,0.6780357509759606,0.4827586206896552,0.45161290322580644,0.4666666666666667,0.7902198479556195,0.5437727049196047,0.36582242851506286,142,15,17,14
XGBoost,Threshold tuning,7,1,2.0,4091952314.0,3113315634.0,1869807757.0,1984684622.0,764344787.0,0.27583402395248413,0.8723404255319149,0.7215189873417722,0.625,0.5,0.5555555555555556,0.7672995780590718,0.4882093744604538,0.48618614562743534,149,9,15,15
XGBoost,Threshold tuning,8,1,3.0,4091952314.0,523556381.0,2118572893.0,3149213657.0,1610300374.0,0.2758212685585022,0.8617021276595744,0.7421940928270042,0.5666666666666667,0.5666666666666667,0.5666666666666667,0.8618143459915611,0.7121569100669933,0.48438818565400843,145,13,13,17
XGBoost,Threshold tuning,9,1,4.0,4091952314.0,3458391536.0,2814280988.0,95198089.0,2527849110.0,0.2853297293186188,0.8829787234042553,0.7818565400843882,0.6333333333333333,0.6333333333333333,0.6333333333333333,0.8565400843881857,0.6257260705310415,0.5637130801687764,147,11,11,19
XGBoost,Threshold tuning,10,2,0.0,233227757.0,1292076234.0,336900506.0,3876716191.0,298050924.0,0.2830190658569336,0.8457446808510638,0.6875898911033491,0.5384615384615384,0.45161290322580644,0.49122807017543857,0.7552907335114033,0.5506366251404992,0.403297861190455,145,12,17,14
XGBoost,Threshold tuning,11,2,1.0,233227757.0,2243896038.0,205605108.0,1175040163.0,3339262717.0,0.16812610626220703,0.8138297872340425,0.7720361619067188,0.4583333333333333,0.7096774193548387,0.5569620253164557,0.8200123279227449,0.6236778698688434,0.4630231136653874,131,26,9,22
XGBoost,Threshold tuning,12,2,2.0,233227757.0,851682062.0,3335403189.0,611911901.0,4158396038.0,0.23932118713855743,0.8404255319148937,0.729535864978903,0.5,0.5666666666666667,0.53125,0.7698312236286919,0.5130881597761114,0.43678719830810225,141,17,13,17
XGBoost,Threshold tuning,13,2,3.0,233227757.0,3834429963.0,3498600146.0,785822651.0,317571391.0,0.1802900731563568,0.7712765957446809,0.7018987341772152,0.3673469387755102,0.6,0.45569620253164556,0.8111814345991561,0.5656661955752941,0.3368583541935014,127,31,12,18
XGBoost,Threshold tuning,14,2,4.0,233227757.0,3941955730.0,681999028.0,1295792079.0,2459787774.0,0.21338216960430145,0.851063829787234,0.830379746835443,0.5217391304347826,0.8,0.631578947368421,0.8744725738396625,0.6892863006206531,0.5628718046134883,136,22,6,24
XGBoost,Threshold tuning,15,3,0.0,3276785861.0,2794086942.0,771203688.0,2810142407.0,3657195778.0,0.19464410841464996,0.7872340425531915,0.7043353194986646,0.4,0.5806451612903226,0.47368421052631576,0.7873433326484487,0.5423697854247895,0.3554101564762143,130,27,13,18
XGBoost,Threshold tuning,16,3,1.0,3276785861.0,3337176271.0,4091749943.0,787061154.0,1184548234.0,0.3021261990070343,0.8829787234042553,0.7616601602629958,0.6666666666666666,0.5806451612903226,0.6206896551724138,0.8378878159030203,0.6971333962514672,0.5537368830311924,148,9,13,18
XGBoost,Threshold tuning,17,3,2.0,3276785861.0,3176062672.0,89911629.0,2365195861.0,3300914209.0,0.37498903274536133,0.8404255319148937,0.6485232067510548,0.5,0.36666666666666664,0.4230769230769231,0.8223628691983123,0.5591155612212847,0.33841382722732344,147,11,19,11
XGBoost,Threshold tuning,18,3,3.0,3276785861.0,615075798.0,2647554801.0,4103524834.0,2395238554.0,0.24148741364479065,0.7925531914893617,0.6740506329113924,0.38461538461538464,0.5,0.43478260869565216,0.7736286919831223,0.4409304761494439,0.3143904429950675,134,24,15,15
XGBoost,Threshold tuning,19,3,4.0,3276785861.0,2328857014.0,3903152649.0,2514956194.0,116644311.0,0.30451998114585876,0.8670212765957447,0.7048523206751055,0.6086956521739131,0.4666666666666667,0.5283018867924528,0.8175105485232068,0.6465674149213652,0.4578826257312429,149,9,16,14
XGBoost,Threshold tuning,20,4,0.0,3644269654.0,481961022.0,3487263689.0,3437272017.0,3384010530.0,0.35143283009529114,0.8617021276595744,0.6971440312307376,0.6086956521739131,0.45161290322580644,0.5185185185185185,0.8212451201972468,0.5559195993600817,0.4465174249318154,148,9,17,14
XGBoost,Threshold tuning,21,4,1.0,3644269654.0,934175084.0,2841949392.0,3034472529.0,2997996873.0,0.20099803805351257,0.851063829787234,0.7554961988904869,0.5428571428571428,0.6129032258064516,0.5757575757575758,0.8083008013149784,0.661006500533378,0.4871529923556087,141,16,12,19
XGBoost,Threshold tuning,22,4,2.0,3644269654.0,2927577421.0,275153729.0,2419038472.0,2657054249.0,0.10354477912187576,0.6648936170212766,0.7061181434599156,0.2911392405063291,0.7666666666666667,0.42201834862385323,0.790506329113924,0.5670168431216897,0.30585007683064525,102,56,7,23
XGBoost,Threshold tuning,23,4,3.0,3644269654.0,3330064557.0,4096248927.0,232470688.0,3570057078.0,0.28748685121536255,0.8563829787234043,0.7255274261603375,0.5517241379310345,0.5333333333333333,0.5423728813559322,0.7924050632911392,0.6028035222136845,0.4573208151486772,145,13,14,16
XGBoost,Threshold tuning,24,4,4.0,3644269654.0,492020271.0,2443962329.0,459926154.0,2140554284.0,0.3744853138923645,0.8670212765957447,0.7048523206751055,0.6086956521739131,0.4666666666666667,0.5283018867924528,0.8031645569620253,0.5862836050573983,0.4578826257312429,149,9,16,14
XGBoost,Threshold tuning,25,5,0.0,1206282609.0,181252727.0,3184941606.0,1022537235.0,1588271786.0,0.3458600342273712,0.8776595744680851,0.7584754468871995,0.6428571428571429,0.5806451612903226,0.6101694915254238,0.8302855968769263,0.5895278153567699,0.5388165870220465,147,10,13,18
XGBoost,Threshold tuning,26,5,1.0,1206282609.0,3588477321.0,1700405332.0,1885338390.0,3712279210.0,0.3882366716861725,0.8457446808510638,0.648756934456544,0.55,0.3548387096774194,0.43137254901960786,0.7793301828641874,0.5388661345995606,0.3580702587125184,148,9,20,11
XGBoost,Threshold tuning,27,5,2.0,1206282609.0,3175067715.0,4047093238.0,3307342404.0,3373274280.0,0.3644829988479614,0.8829787234042553,0.7143459915611814,0.7,0.4666666666666667,0.56,0.8424050632911392,0.6447953725156466,0.5091724464945432,152,6,16,14
XGBoost,Threshold tuning,28,5,3.0,1206282609.0,4174702542.0,1128402229.0,3869704024.0,2688379776.0,0.3591267466545105,0.8776595744680851,0.7381856540084388,0.64,0.5333333333333333,0.5818181818181818,0.8550632911392405,0.6224236535534834,0.5137726248661634,149,9,14,16
XGBoost,Threshold tuning,29,5,4.0,1206282609.0,135446164.0,3477879373.0,1449015911.0,2940168271.0,0.21440762281417847,0.7712765957446809,0.7289029535864979,0.37735849056603776,0.6666666666666666,0.4819277108433735,0.8447257383966245,0.624599695897898,0.37261964175756507,125,33,10,20
XGBoost,Threshold tuning,30,6,0.0,3543069911.0,1403774233.0,145435517.0,2058456526.0,1895203560.0,0.3245779573917389,0.8563829787234043,0.6810149989726731,0.5909090909090909,0.41935483870967744,0.49056603773584906,0.7875487980275323,0.5258236838612175,0.41793606225146135,148,9,18,13
XGBoost,Threshold tuning,31,6,1.0,3543069911.0,4175944194.0,3312584195.0,597794993.0,978605119.0,0.3515423834323883,0.8882978723404256,0.7260119169919869,0.75,0.4838709677419355,0.5882352941176471,0.8549414423669612,0.6406747481460308,0.5440293985963678,152,5,16,15
XGBoost,Threshold tuning,32,6,2.0,3543069911.0,1089924410.0,1867197115.0,3671583327.0,3575520031.0,0.2687973082065582,0.8617021276595744,0.7691983122362869,0.5588235294117647,0.6333333333333333,0.59375,0.8770042194092827,0.656169124927132,0.5122614568392817,143,15,11,19
XGBoost,Threshold tuning,33,6,3.0,3543069911.0,1853925516.0,2009517898.0,3903407525.0,74257008.0,0.27111324667930603,0.8723404255319149,0.7485232067510548,0.6071428571428571,0.5666666666666667,0.5862068965517241,0.8339662447257384,0.6205449695317574,0.5112662305778022,147,11,13,17
XGBoost,Threshold tuning,34,6,4.0,3543069911.0,3501807147.0,1807060244.0,3052117461.0,4119210793.0,0.2435038983821869,0.7659574468085106,0.6042194092827005,0.3055555555555556,0.36666666666666664,0.3333333333333333,0.6858649789029536,0.43446001175702437,0.19399687287536257,133,25,19,11
XGBoost,Threshold tuning,35,7,0.0,3479688010.0,3236768435.0,2771658346.0,1064991391.0,3253024627.0,0.22481758892536163,0.8031914893617021,0.6880008218615163,0.42105263157894735,0.5161290322580645,0.463768115942029,0.7850832134785288,0.602301428267092,0.3474425379761226,135,22,15,16
XGBoost,Threshold tuning,36,7,1.0,3479688010.0,2305656012.0,2721085051.0,2381457870.0,1708842791.0,0.27974259853363037,0.8404255319148937,0.7361824532566263,0.5142857142857142,0.5806451612903226,0.5454545454545454,0.8078898705568112,0.5593700136550764,0.45032759526559885,140,17,13,18
XGBoost,Threshold tuning,37,7,2.0,3479688010.0,2356649683.0,2719877403.0,1677923969.0,3249896510.0,0.26687997579574585,0.8297872340425532,0.790717299578059,0.4782608695652174,0.7333333333333333,0.5789473684210527,0.839240506329114,0.6698778499563517,0.49529843343383584,134,24,8,22
XGBoost,Threshold tuning,38,7,3.0,3479688010.0,2893281512.0,2180556763.0,36146405.0,2991921228.0,0.25787803530693054,0.8829787234042553,0.7278481012658228,0.6818181818181818,0.5,0.5769230769230769,0.8379746835443038,0.5903464909069603,0.5191575758600985,151,7,15,15
XGBoost,Threshold tuning,39,7,4.0,3479688010.0,4199500584.0,3761727251.0,1227584278.0,3456522611.0,0.3340931832790375,0.8617021276595744,0.6881856540084388,0.5909090909090909,0.43333333333333335,0.5,0.8137130801687764,0.5915218459581124,0.42878570154371093,149,9,17,13
XGBoost,Threshold tuning,40,8,0.0,877132087.0,1103542793.0,2132131640.0,3215152913.0,494607456.0,0.19089339673519135,0.7978723404255319,0.7495377028970618,0.42857142857142855,0.6774193548387096,0.525,0.8224779124717485,0.686934812269442,0.4218823937701576,129,28,10,21
XGBoost,Threshold tuning,41,8,1.0,877132087.0,3056684009.0,3430688589.0,305835626.0,724477193.0,0.24347274005413055,0.8351063829787234,0.7459420587630985,0.5,0.6129032258064516,0.5507246376811594,0.7707006369426751,0.5955848532730751,0.4545231890245014,138,19,12,19
XGBoost,Threshold tuning,42,8,2.0,877132087.0,3791339622.0,448031340.0,1016222613.0,4239599480.0,0.4023399353027344,0.8723404255319149,0.6810126582278482,0.6666666666666666,0.4,0.5,0.8219409282700422,0.5662465461230438,0.4505753196080107,152,6,18,12
XGBoost,Threshold tuning,43,8,3.0,877132087.0,3127342568.0,1408708702.0,2858045264.0,301111777.0,0.3791297972202301,0.8670212765957447,0.6238396624472574,0.7272727272727273,0.26666666666666666,0.3902439024390244,0.8546413502109704,0.5937852892874915,0.38645234799487915,155,3,22,8
XGBoost,Threshold tuning,44,8,4.0,877132087.0,1127828914.0,3421327078.0,975165283.0,1070829166.0,0.3281272351741791,0.8404255319148937,0.6215189873417721,0.5,0.3,0.375,0.7516877637130802,0.4565044846586836,0.30248413064593727,149,9,21,9
XGBoost,Threshold tuning,45,9,0.0,1244265337.0,3338291230.0,3359255952.0,3919491301.0,965939201.0,0.3082636594772339,0.8617021276595744,0.6971440312307376,0.6086956521739131,0.45161290322580644,0.5185185185185185,0.8459009656872817,0.6219036909633843,0.4465174249318154,148,9,17,14
XGBoost,Threshold tuning,46,9,1.0,1244265337.0,624068715.0,386343602.0,4129645497.0,3476174392.0,0.25050070881843567,0.8563829787234043,0.8104581877953565,0.5476190476190477,0.7419354838709677,0.6301369863013698,0.8902814875693446,0.767514860598858,0.5531752155973694,138,19,8,23
XGBoost,Threshold tuning,47,9,2.0,1244265337.0,2744585060.0,2137206044.0,1052315462.0,3727315812.0,0.2611936628818512,0.8457446808510638,0.7597046413502109,0.5135135135135135,0.6333333333333333,0.5671641791044776,0.8616033755274263,0.6592067462291233,0.47842023723406885,140,18,11,19
XGBoost,Threshold tuning,48,9,3.0,1244265337.0,1970194164.0,3689754663.0,1672615167.0,1065482803.0,0.2481072098016739,0.824468085106383,0.6930379746835442,0.45454545454545453,0.5,0.47619047619047616,0.7928270042194092,0.5990829285956836,0.3716542469092789,140,18,15,15
XGBoost,Threshold tuning,49,9,4.0,1244265337.0,173601491.0,138653547.0,3066180811.0,212189212.0,0.2618723511695862,0.8723404255319149,0.7215189873417722,0.625,0.5,0.5555555555555556,0.7683544303797469,0.5914632068002577,0.48618614562743534,149,9,15,15
XGBoost,Calibrated sigmoid + threshold,0,0,0.0,2684470948.0,4029279179.0,3291226460.0,3842965854.0,524427075.0,0.19093663150094667,0.8776595744680851,0.8490856790630779,0.5952380952380952,0.8064516129032258,0.684931506849315,0.8816519416478322,0.778441120796039,0.6220017811382731,140,17,6,25
XGBoost,Calibrated sigmoid + threshold,1,0,1.0,2684470948.0,1907587041.0,3800583808.0,1475427240.0,3276770847.0,0.2874848047747846,0.8457446808510638,0.6617012533388125,0.5454545454545454,0.3870967741935484,0.4528301886792453,0.7996712553934662,0.5243952671769194,0.37334356525754836,147,10,19,12
XGBoost,Calibrated sigmoid + threshold,2,0,2.0,2684470948.0,550160846.0,3448397464.0,1538898156.0,2284385410.0,0.3415332280233694,0.8829787234042553,0.7413502109704642,0.6666666666666666,0.5333333333333333,0.5925925925925926,0.8232067510548524,0.669031093883151,0.5297113815217009,150,8,14,16
XGBoost,Calibrated sigmoid + threshold,3,0,3.0,2684470948.0,456733724.0,868376952.0,2543047350.0,212380565.0,0.2992924044138184,0.851063829787234,0.6548523206751055,0.55,0.36666666666666664,0.44,0.7666666666666667,0.5304960904101246,0.36784702335334124,149,9,19,11
XGBoost,Calibrated sigmoid + threshold,4,0,4.0,2684470948.0,3899025672.0,1936576935.0,3374254502.0,3301412558.0,0.33022910569604774,0.8829787234042553,0.6873417721518987,0.75,0.4,0.5217391304347826,0.7664556962025316,0.5464121540853745,0.49173325049046235,154,4,18,12
XGBoost,Calibrated sigmoid + threshold,5,1,0.0,4091952314.0,2709696717.0,3106195864.0,963302975.0,3876976104.0,0.2298025429867093,0.8138297872340425,0.7202588863776453,0.45,0.5806451612903226,0.5070422535211268,0.7945346209163756,0.633046175150179,0.39942317039940994,135,22,13,18
XGBoost,Calibrated sigmoid + threshold,6,1,1.0,4091952314.0,241719485.0,1707906726.0,2062245982.0,2304100743.0,0.3064366787051132,0.8297872340425532,0.6780357509759606,0.4827586206896552,0.45161290322580644,0.4666666666666667,0.7754263406615985,0.5402417886452773,0.36582242851506286,142,15,17,14
XGBoost,Calibrated sigmoid + threshold,7,1,2.0,4091952314.0,3113315634.0,469756732.0,2337209244.0,3570404992.0,0.2082006904683851,0.851063829787234,0.7358649789029537,0.53125,0.5666666666666667,0.5483870967741935,0.7805907172995781,0.5617359912406935,0.459669131296881,143,15,13,17
XGBoost,Calibrated sigmoid + threshold,8,1,3.0,4091952314.0,523556381.0,803992970.0,441777930.0,4275329380.0,0.19518619559004627,0.8085106382978723,0.7645569620253164,0.4375,0.7,0.5384615384615384,0.8421940928270043,0.6707724920656798,0.44437920206287757,131,27,9,21
XGBoost,Calibrated sigmoid + threshold,9,1,4.0,4091952314.0,3458391536.0,3995598515.0,2827066222.0,3519004364.0,0.19329648048499273,0.8670212765957447,0.7858649789029536,0.5714285714285714,0.6666666666666666,0.6153846153846154,0.8523206751054853,0.6114648757826977,0.5378985610071119,143,15,10,20
XGBoost,Calibrated sigmoid + threshold,10,2,0.0,233227757.0,1292076234.0,2660470946.0,103284231.0,1695072198.0,0.20231778315808338,0.8031914893617021,0.675056502979248,0.4166666666666667,0.4838709677419355,0.44776119402985076,0.769673310047257,0.5653208339966247,0.3301914876585452,136,21,16,15
XGBoost,Calibrated sigmoid + threshold,11,2,1.0,233227757.0,2243896038.0,1942770895.0,474856415.0,2200457720.0,0.1963398724041696,0.8617021276595744,0.7359769878775426,0.5862068965517241,0.5483870967741935,0.5666666666666667,0.8288473392233409,0.6407010738399613,0.48487831407911103,145,12,14,17
XGBoost,Calibrated sigmoid + threshold,12,2,2.0,233227757.0,851682062.0,398097890.0,108845285.0,2474634127.0,0.1718792834427335,0.776595744680851,0.7320675105485233,0.38461538461538464,0.6666666666666666,0.4878048780487805,0.7947257383966245,0.5394286197254341,0.37998143977310916,126,32,10,20
XGBoost,Calibrated sigmoid + threshold,13,2,3.0,233227757.0,3834429963.0,414390237.0,3677357879.0,3608760134.0,0.36767337046507215,0.8723404255319149,0.6810126582278482,0.6666666666666666,0.4,0.5,0.8227848101265823,0.6071212983166,0.4505753196080107,152,6,18,12
XGBoost,Calibrated sigmoid + threshold,14,2,4.0,233227757.0,3941955730.0,1827599317.0,2416843722.0,3537622030.0,0.223561467758458,0.8723404255319149,0.8160337552742616,0.5789473684210527,0.7333333333333333,0.6470588235294118,0.8664556962025316,0.6991513471531245,0.5763883713844848,142,16,8,22
XGBoost,Calibrated sigmoid + threshold,15,3,0.0,3276785861.0,2794086942.0,2842681570.0,2050774214.0,1987066419.0,0.21790670834921635,0.8297872340425532,0.7168687076227656,0.4857142857142857,0.5483870967741935,0.5151515151515151,0.7972056708444627,0.546730166296561,0.41350219817558903,139,18,14,17
XGBoost,Calibrated sigmoid + threshold,16,3,1.0,3276785861.0,3337176271.0,357179042.0,4158093934.0,984648992.0,0.2467635571020745,0.8404255319148937,0.7102938154920896,0.5161290322580645,0.5161290322580645,0.5161290322580645,0.8204232586809124,0.6457597499202288,0.4205876309841792,142,15,15,16
XGBoost,Calibrated sigmoid + threshold,17,3,2.0,3276785861.0,3176062672.0,4104406791.0,789868048.0,478432678.0,0.2544375054454674,0.8457446808510638,0.7597046413502109,0.5135135135135135,0.6333333333333333,0.5671641791044776,0.8246835443037975,0.565374338829244,0.47842023723406885,140,18,11,19
XGBoost,Calibrated sigmoid + threshold,18,3,3.0,3276785861.0,615075798.0,3290381640.0,1345764321.0,3894818466.0,0.19249386111355973,0.8351063829787234,0.7668776371308017,0.4878048780487805,0.6666666666666666,0.5633802816901409,0.8324894514767932,0.5898963632168,0.4733482268544424,137,21,10,20
XGBoost,Calibrated sigmoid + threshold,19,3,4.0,3276785861.0,2328857014.0,936482553.0,2987887102.0,1752172873.0,0.21099328987874266,0.8563829787234043,0.7660337552742615,0.5428571428571428,0.6333333333333333,0.5846153846153846,0.8251054852320675,0.6467682979052493,0.5005830888782052,142,16,11,19
XGBoost,Calibrated sigmoid + threshold,20,4,0.0,3644269654.0,481961022.0,689518540.0,3982688781.0,216655462.0,0.2837974262530056,0.8670212765957447,0.7262173823710705,0.6153846153846154,0.5161290322580645,0.5614035087719298,0.8559687692623793,0.6566651339391694,0.48634276579484226,147,10,15,16
XGBoost,Calibrated sigmoid + threshold,21,4,1.0,3644269654.0,934175084.0,4174299194.0,3631987190.0,3407494623.0,0.2422280048712099,0.8723404255319149,0.7682350523936716,0.6129032258064516,0.6129032258064516,0.6129032258064516,0.8095335935894802,0.6677272673026354,0.5364701047873434,145,12,12,19
XGBoost,Calibrated sigmoid + threshold,22,4,2.0,3644269654.0,2927577421.0,530553660.0,121691650.0,4290349881.0,0.2493507160444077,0.8404255319148937,0.7430379746835443,0.5,0.6,0.5454545454545454,0.7871308016877636,0.5713845283348296,0.4523975658955824,140,18,12,18
XGBoost,Calibrated sigmoid + threshold,23,4,3.0,3644269654.0,3330064557.0,2084518497.0,613676749.0,790666345.0,0.29446710350964217,0.8457446808510638,0.6921940928270043,0.5185185185185185,0.4666666666666667,0.49122807017543857,0.7919831223628692,0.5778360444592763,0.4013879973564343,145,13,16,14
XGBoost,Calibrated sigmoid + threshold,24,4,4.0,3644269654.0,492020271.0,4133301081.0,2315644568.0,1741444784.0,0.27142224759388595,0.8670212765957447,0.7318565400843882,0.5925925925925926,0.5333333333333333,0.5614035087719298,0.8130801687763712,0.5598824558900085,0.4842210857241727,147,11,14,16
XGBoost,Calibrated sigmoid + threshold,25,5,0.0,1206282609.0,181252727.0,2189839015.0,1228133722.0,923730063.0,0.15089947812710738,0.7925531914893617,0.759297308403534,0.4230769230769231,0.7096774193548387,0.5301204819277109,0.8399424696938566,0.6744985600575591,0.43021698408668185,127,30,9,22
XGBoost,Calibrated sigmoid + threshold,26,5,1.0,1206282609.0,3588477321.0,1337882969.0,3168776824.0,3857214648.0,0.2017942887501417,0.776595744680851,0.6591329361002671,0.36585365853658536,0.4838709677419355,0.4166666666666667,0.7856996096157798,0.5521451118772152,0.2860027104122217,131,26,16,15
XGBoost,Calibrated sigmoid + threshold,27,5,2.0,1206282609.0,3175067715.0,3490684932.0,1219322391.0,4254211878.0,0.3054023812636837,0.8723404255319149,0.6810126582278482,0.6666666666666666,0.4,0.5,0.8223628691983123,0.6051404580643813,0.4505753196080107,152,6,18,12
XGBoost,Calibrated sigmoid + threshold,28,5,3.0,1206282609.0,4174702542.0,3305189674.0,731918202.0,2171019542.0,0.23084953883617532,0.8297872340425532,0.7637130801687764,0.47619047619047616,0.6666666666666666,0.5555555555555556,0.8563291139240506,0.6619634673488973,0.46371352683664385,136,22,10,20
XGBoost,Calibrated sigmoid + threshold,29,5,4.0,1206282609.0,135446164.0,3142397445.0,496250909.0,4240996040.0,0.22528432975755,0.824468085106383,0.7065400843881857,0.45714285714285713,0.5333333333333333,0.49230769230769234,0.8056962025316455,0.5450106751696923,0.38863667249148526,139,19,14,16
XGBoost,Calibrated sigmoid + threshold,30,6,0.0,3543069911.0,1403774233.0,4048382463.0,4120772071.0,2113673885.0,0.2069371544438426,0.7872340425531915,0.6913910006163961,0.3953488372093023,0.5483870967741935,0.4594594594594595,0.7863160057530305,0.5774128991488273,0.3381924849904865,131,26,14,17
XGBoost,Calibrated sigmoid + threshold,31,6,1.0,3543069911.0,4175944194.0,4216612319.0,2395824887.0,1909122242.0,0.32356982091968883,0.8670212765957447,0.6873844257242655,0.65,0.41935483870967744,0.5098039215686274,0.883501130059585,0.6834528724733426,0.4510498286544431,150,7,18,13
XGBoost,Calibrated sigmoid + threshold,32,6,2.0,3543069911.0,1089924410.0,1655842794.0,4266278643.0,2950833170.0,0.23069631741191818,0.8882978723404256,0.8255274261603376,0.6285714285714286,0.7333333333333333,0.676923076923077,0.8953586497890296,0.7011356179503958,0.6125295052649252,145,13,8,22
XGBoost,Calibrated sigmoid + threshold,33,6,3.0,3543069911.0,1853925516.0,2462484363.0,1314761643.0,3666601047.0,0.25450715581549904,0.8723404255319149,0.7215189873417722,0.625,0.5,0.5555555555555556,0.79957805907173,0.6292839487275794,0.48618614562743534,149,9,15,15
XGBoost,Calibrated sigmoid + threshold,34,6,4.0,3543069911.0,3501807147.0,1269746732.0,4169890904.0,1107094543.0,0.31017402441179015,0.851063829787234,0.6548523206751055,0.55,0.36666666666666664,0.44,0.6932489451476793,0.4618955822442103,0.36784702335334124,149,9,19,11
XGBoost,Calibrated sigmoid + threshold,35,7,0.0,3479688010.0,3236768435.0,2938835989.0,3797033221.0,1495673152.0,0.2054242461114811,0.7978723404255319,0.6718717896034518,0.40540540540540543,0.4838709677419355,0.4411764705882353,0.7955619478117937,0.610805589201111,0.320830709834976,135,22,16,15
XGBoost,Calibrated sigmoid + threshold,36,7,1.0,3479688010.0,2305656012.0,1187452247.0,1875923633.0,894049010.0,0.2578670508971878,0.8404255319148937,0.7491267721388946,0.5135135135135135,0.6129032258064516,0.5588235294117647,0.8064516129032259,0.5548783604356297,0.46504152501483376,139,18,12,19
XGBoost,Calibrated sigmoid + threshold,37,7,2.0,3479688010.0,2356649683.0,693561133.0,1496601104.0,3341842666.0,0.25225663793909003,0.8723404255319149,0.8160337552742616,0.5789473684210527,0.7333333333333333,0.6470588235294118,0.840084388185654,0.6890505039290913,0.5763883713844848,142,16,8,22
XGBoost,Calibrated sigmoid + threshold,38,7,3.0,3479688010.0,2893281512.0,1440094118.0,3160923624.0,858837923.0,0.2714170040843931,0.8723404255319149,0.6675105485232068,0.6875,0.36666666666666664,0.4782608695652174,0.8364978902953587,0.5509231890182111,0.4396804064070125,153,5,19,11
XGBoost,Calibrated sigmoid + threshold,39,7,4.0,3479688010.0,4199500584.0,2160547219.0,2821479921.0,3723656487.0,0.2555195282007246,0.8776595744680851,0.7381856540084388,0.64,0.5333333333333333,0.5818181818181818,0.849367088607595,0.6267812900661269,0.5137726248661634,149,9,14,16
XGBoost,Calibrated sigmoid + threshold,40,8,0.0,877132087.0,1103542793.0,793506542.0,4017293517.0,16479743.0,0.2580706116797793,0.8617021276595744,0.7748099445243477,0.5714285714285714,0.6451612903225806,0.6060606060606061,0.8366550236285186,0.6900167347329511,0.5239783894456185,142,15,11,20
XGBoost,Calibrated sigmoid + threshold,41,8,1.0,877132087.0,3056684009.0,164584730.0,780029968.0,3171619236.0,0.21322212950920996,0.8351063829787234,0.7071091021162934,0.5,0.5161290322580645,0.5079365079365079,0.7834394904458599,0.5787881408744692,0.4089993015059938,141,16,15,16
XGBoost,Calibrated sigmoid + threshold,42,8,2.0,877132087.0,3791339622.0,4052104143.0,322009929.0,3368987197.0,0.37600729868275984,0.8829787234042553,0.7278481012658228,0.6818181818181818,0.5,0.5769230769230769,0.8170886075949367,0.5520803613876607,0.5191575758600985,151,7,15,15
XGBoost,Calibrated sigmoid + threshold,43,8,3.0,877132087.0,3127342568.0,3724022290.0,3971048986.0,2353790473.0,0.33744264037488686,0.8670212765957447,0.6373417721518987,0.6923076923076923,0.3,0.4186046511627907,0.8645569620253164,0.6125892051099544,0.39648897255208004,154,4,21,9
XGBoost,Calibrated sigmoid + threshold,44,8,4.0,877132087.0,1127828914.0,3615076573.0,87699246.0,3023590141.0,0.3073269295867089,0.8297872340425532,0.6286919831223629,0.45454545454545453,0.3333333333333333,0.38461538461538464,0.7658227848101266,0.4982280730260465,0.29322789006912964,146,12,20,10
XGBoost,Calibrated sigmoid + threshold,45,9,0.0,1244265337.0,3338291230.0,3648410462.0,3953993693.0,4161341026.0,0.316461814988708,0.8563829787234043,0.6810149989726731,0.5909090909090909,0.41935483870967744,0.49056603773584906,0.8177522087528252,0.5593629198809456,0.41793606225146135,148,9,18,13
XGBoost,Calibrated sigmoid + threshold,46,9,1.0,1244265337.0,624068715.0,2858767150.0,630122996.0,2145914052.0,0.17564119613528195,0.851063829787234,0.8202177933018286,0.5333333333333333,0.7741935483870968,0.631578947368421,0.8761043764125744,0.7386177837879913,0.5569700642213977,136,21,7,24
XGBoost,Calibrated sigmoid + threshold,47,9,2.0,1244265337.0,2744585060.0,199056558.0,1434641222.0,4163485004.0,0.2750661962967668,0.8563829787234043,0.7390295358649789,0.5483870967741935,0.5666666666666667,0.5573770491803278,0.8578059071729958,0.6467378211179696,0.471780581741577,144,14,13,17
XGBoost,Calibrated sigmoid + threshold,48,9,3.0,1244265337.0,1970194164.0,2424387447.0,1486577298.0,950729500.0,0.1911835558817149,0.8085106382978723,0.6835443037974683,0.4166666666666667,0.5,0.45454545454545453,0.7915611814345992,0.594869852677079,0.34165441174405964,137,21,15,15
XGBoost,Calibrated sigmoid + threshold,49,9,4.0,1244265337.0,173601491.0,4266067566.0,3008337401.0,1086382456.0,0.3837344164267161,0.8882978723404256,0.6635021097046413,0.9090909090909091,0.3333333333333333,0.4878048780487805,0.7909282700421941,0.5891751609069253,0.5102224355980091,157,1,20,10
XGBoost,Calibrated isotonic + threshold,0,0,0.0,2684470948.0,4029279179.0,1430809792.0,3891292201.0,352879201.0,0.34815425674120587,0.9202127659574468,0.8098417916581055,0.8333333333333334,0.6451612903225806,0.7272727272727273,0.8792890897883705,0.7615055316210972,0.6890855123375025,153,4,11,20
XGBoost,Calibrated isotonic + threshold,1,0,1.0,2684470948.0,1907587041.0,1529672530.0,3837420740.0,102527123.0,0.3412698730826378,0.851063829787234,0.6519416478323403,0.5789473684210527,0.3548387096774194,0.44,0.816724881857407,0.5189811903476753,0.3741255325892365,149,8,20,11
XGBoost,Calibrated isotonic + threshold,2,0,2.0,2684470948.0,550160846.0,52614025.0,3698680223.0,3302424042.0,0.23151244223117828,0.8297872340425532,0.7772151898734176,0.4772727272727273,0.7,0.5675675675675675,0.8670886075949368,0.7214622005624353,0.47954415927049804,135,23,9,21
XGBoost,Calibrated isotonic + threshold,3,0,3.0,2684470948.0,456733724.0,633636878.0,2410976041.0,2265702462.0,0.2804487148920695,0.851063829787234,0.6953586497890296,0.5384615384615384,0.4666666666666667,0.5,0.7834388185654009,0.5893409174855886,0.4144838661673693,146,12,16,14
XGBoost,Calibrated isotonic + threshold,4,0,4.0,2684470948.0,3899025672.0,2222478430.0,206514393.0,3062301584.0,0.2919478217760722,0.8670212765957447,0.7048523206751055,0.6086956521739131,0.4666666666666667,0.5283018867924528,0.7781645569620252,0.5847354499268463,0.4578826257312429,149,9,16,14
XGBoost,Calibrated isotonic + threshold,5,1,0.0,4091952314.0,2709696717.0,641356111.0,3421840903.0,1379536014.0,0.26446016132831573,0.8031914893617021,0.675056502979248,0.4166666666666667,0.4838709677419355,0.44776119402985076,0.8006985822888844,0.6234346201886949,0.3301914876585452,136,21,16,15
XGBoost,Calibrated isotonic + threshold,6,1,1.0,4091952314.0,241719485.0,1262146437.0,873617972.0,164622710.0,0.31313131749629974,0.8297872340425532,0.6909800698582289,0.4838709677419355,0.4838709677419355,0.4838709677419355,0.7851859461680707,0.5657882256922284,0.38196013971645776,141,16,16,15
XGBoost,Calibrated isotonic + threshold,7,1,2.0,4091952314.0,3113315634.0,933100063.0,2553614084.0,3125300505.0,0.32275132834911346,0.851063829787234,0.6818565400843881,0.5416666666666666,0.43333333333333335,0.48148148148148145,0.75042194092827,0.47947553930747355,0.3991356738389041,147,11,17,13
XGBoost,Calibrated isotonic + threshold,8,1,3.0,4091952314.0,523556381.0,4276676519.0,3362776967.0,2673672723.0,0.19776234775781631,0.8085106382978723,0.751054852320675,0.43478260869565216,0.6666666666666666,0.5263157894736842,0.8514767932489451,0.6933749618252173,0.42772506225418333,132,26,10,20
XGBoost,Calibrated isotonic + threshold,9,1,4.0,4091952314.0,3458391536.0,1213090143.0,3755912350.0,1891028337.0,0.2453951338926951,0.8617021276595744,0.7962025316455696,0.5526315789473685,0.7,0.6176470588235294,0.8704641350210971,0.6275977408633209,0.5402198086941367,141,17,9,21
XGBoost,Calibrated isotonic + threshold,10,2,0.0,233227757.0,1292076234.0,3990810647.0,3238998821.0,926673192.0,0.26300065716107685,0.8351063829787234,0.6682761454694884,0.5,0.41935483870967744,0.45614035087719296,0.7478939798643929,0.5342576781674574,0.36177540888826143,144,13,18,13
XGBoost,Calibrated isotonic + threshold,11,2,1.0,233227757.0,2243896038.0,455124369.0,4109545650.0,2000129420.0,0.38801054159800213,0.8936170212765957,0.7033079926032464,0.8666666666666667,0.41935483870967744,0.5652173913043478,0.8117937127594,0.637196340581376,0.556860534604024,155,2,18,13
XGBoost,Calibrated isotonic + threshold,12,2,2.0,233227757.0,851682062.0,2483586289.0,2524926117.0,3965227184.0,0.27711578955252963,0.8617021276595744,0.7286919831223628,0.5714285714285714,0.5333333333333333,0.5517241379310345,0.8091772151898734,0.5348329481132921,0.4704690950308469,146,12,14,16
XGBoost,Calibrated isotonic + threshold,13,2,3.0,233227757.0,3834429963.0,3778391679.0,355177190.0,1464555582.0,0.28436610102653503,0.824468085106383,0.6930379746835442,0.45454545454545453,0.5,0.47619047619047616,0.810337552742616,0.6059740909620154,0.3716542469092789,140,18,15,15
XGBoost,Calibrated isotonic + threshold,14,2,4.0,233227757.0,3941955730.0,390682966.0,1493834206.0,573817574.0,0.32109176615873974,0.898936170212766,0.7508438818565402,0.7619047619047619,0.5333333333333333,0.6274509803921569,0.8775316455696204,0.6888483984934345,0.5832500658586542,153,5,14,16
XGBoost,Calibrated isotonic + threshold,15,3,0.0,3276785861.0,2794086942.0,36994442.0,2178149124.0,2647997354.0,0.37566137810548145,0.8617021276595744,0.6841997123484693,0.6190476190476191,0.41935483870967744,0.5,0.8079926032463529,0.5643924112376302,0.4339920094825801,149,8,18,13
XGBoost,Calibrated isotonic + threshold,16,3,1.0,3276785861.0,3337176271.0,1037714.0,2532640865.0,855293652.0,0.1863360678156217,0.851063829787234,0.7684405177727553,0.5405405405405406,0.6451612903225806,0.5882352941176471,0.8167248818574072,0.6497223356529465,0.5010942288097981,140,17,11,20
XGBoost,Calibrated isotonic + threshold,17,3,2.0,3276785861.0,3176062672.0,1710517990.0,156469152.0,3502505728.0,0.234869713584582,0.8563829787234043,0.7660337552742615,0.5428571428571428,0.6333333333333333,0.5846153846153846,0.8226793248945147,0.5931229337213841,0.5005830888782052,142,16,11,19
XGBoost,Calibrated isotonic + threshold,18,3,3.0,3276785861.0,615075798.0,393245931.0,130616993.0,2112462211.0,0.24920636912186941,0.824468085106383,0.7065400843881857,0.45714285714285713,0.5333333333333333,0.49230769230769234,0.8107594936708861,0.5699876596191807,0.38863667249148526,139,19,14,16
XGBoost,Calibrated isotonic + threshold,19,3,4.0,3276785861.0,2328857014.0,612544687.0,202041232.0,4191438056.0,0.2569444477558136,0.8670212765957447,0.7723628691983122,0.5757575757575758,0.6333333333333333,0.6031746031746031,0.8317510548523207,0.6395018479999257,0.5243777407211793,144,14,11,19
XGBoost,Calibrated isotonic + threshold,20,4,0.0,3644269654.0,481961022.0,1668126741.0,2488088042.0,3830249959.0,0.3217345327138901,0.8457446808510638,0.7134785288678858,0.5333333333333333,0.5161290322580645,0.5245901639344263,0.8501130059584958,0.6271780074562914,0.4326390330357445,143,14,15,16
XGBoost,Calibrated isotonic + threshold,21,4,1.0,3644269654.0,934175084.0,1465855267.0,959090669.0,3896618161.0,0.3021164188782374,0.8882978723404256,0.7389562358742552,0.7272727272727273,0.5161290322580645,0.6037735849056604,0.7978220669817135,0.6506934645710867,0.5517135532332004,151,6,15,16
XGBoost,Calibrated isotonic + threshold,22,4,2.0,3644269654.0,2927577421.0,4238024120.0,2683794167.0,1798990808.0,0.2272313336531321,0.8085106382978723,0.7240506329113924,0.42857142857142855,0.6,0.5,0.7837552742616034,0.5693556306807447,0.3939710124004126,134,24,12,18
XGBoost,Calibrated isotonic + threshold,23,4,3.0,3644269654.0,3330064557.0,527220507.0,1826878100.0,313168738.0,0.18947933862606683,0.8031914893617021,0.7613924050632912,0.42857142857142855,0.7,0.5316455696202531,0.8031645569620253,0.6085388127848369,0.4361206905389219,130,28,9,21
XGBoost,Calibrated isotonic + threshold,24,4,4.0,3644269654.0,492020271.0,2140543838.0,908608417.0,3591012563.0,0.30438844362894696,0.8563829787234043,0.6850210970464135,0.5652173913043478,0.43333333333333335,0.49056603773584906,0.8084388185654009,0.5382759771574641,0.41355619234428426,148,10,17,13
XGBoost,Calibrated isotonic + threshold,25,5,0.0,1206282609.0,181252727.0,2390900835.0,2411137641.0,2222444488.0,0.2648930052916209,0.8936170212765957,0.7809739058968563,0.7037037037037037,0.6129032258064516,0.6551724137931034,0.8318265872200534,0.6858814462017231,0.5946094915941544,149,8,12,19
XGBoost,Calibrated isotonic + threshold,26,5,1.0,1206282609.0,3588477321.0,54333449.0,2452623951.0,1604668718.0,0.3333333383003871,0.824468085106383,0.6619067187178961,0.4642857142857143,0.41935483870967744,0.4406779661016949,0.8018286418738444,0.5482338978625927,0.3375099130153995,142,15,18,13
XGBoost,Calibrated isotonic + threshold,27,5,2.0,1206282609.0,3175067715.0,3908568101.0,1334293875.0,1959421049.0,0.3036232093969981,0.8829787234042553,0.7413502109704642,0.6666666666666666,0.5333333333333333,0.5925925925925926,0.830379746835443,0.6250426118315506,0.5297113815217009,150,8,14,16
XGBoost,Calibrated isotonic + threshold,28,5,3.0,1206282609.0,4174702542.0,2155739519.0,267094106.0,4032595661.0,0.31734417875607807,0.8723404255319149,0.7350210970464135,0.6153846153846154,0.5333333333333333,0.5714285714285714,0.8504219409282701,0.6156393895358346,0.4986339383482175,148,10,14,16
XGBoost,Calibrated isotonic + threshold,29,5,4.0,1206282609.0,135446164.0,555237319.0,2711758042.0,3780067089.0,0.28268765409787494,0.8404255319148937,0.7025316455696202,0.5,0.5,0.5,0.8071729957805907,0.5581019961528141,0.4050632911392405,143,15,15,15
XGBoost,Calibrated isotonic + threshold,30,6,0.0,3543069911.0,1403774233.0,3204950623.0,2159161131.0,3538094698.0,0.4144144256909688,0.8617021276595744,0.6324224368193959,0.6923076923076923,0.2903225806451613,0.4090909090909091,0.8024450380110949,0.5473772737851949,0.38737495940471345,153,4,22,9
XGBoost,Calibrated isotonic + threshold,31,6,1.0,3543069911.0,4175944194.0,2458816219.0,1076054943.0,959325937.0,0.18966000775496164,0.8404255319148937,0.7750154099034312,0.5121951219512195,0.6774193548387096,0.5833333333333334,0.8837065954386686,0.6598078137908299,0.4942732445277711,137,20,10,21
XGBoost,Calibrated isotonic + threshold,32,6,2.0,3543069911.0,1089924410.0,928111812.0,1741527687.0,2841053204.0,0.3272792001565297,0.8882978723404256,0.8120253164556962,0.6363636363636364,0.7,0.6666666666666666,0.884071729957806,0.7106303176968746,0.6007394876271295,146,12,9,21
XGBoost,Calibrated isotonic + threshold,33,6,3.0,3543069911.0,1853925516.0,1994615022.0,1249625462.0,1936334134.0,0.29749999940395355,0.898936170212766,0.7238396624472574,0.8235294117647058,0.4666666666666667,0.5957446808510638,0.8473628691983122,0.6644147493525728,0.571654587249033,155,3,16,14
XGBoost,Calibrated isotonic + threshold,34,6,4.0,3543069911.0,3501807147.0,3304064321.0,4294216154.0,1220609870.0,0.29629630347092945,0.8085106382978723,0.6295358649789029,0.39285714285714285,0.36666666666666664,0.3793103448275862,0.6820675105485232,0.46891602938248267,0.2664834172960701,141,17,19,11
XGBoost,Calibrated isotonic + threshold,35,7,0.0,3479688010.0,3236768435.0,3504667443.0,2254785362.0,916693525.0,0.2548500920335452,0.8085106382978723,0.6782412163550442,0.42857142857142855,0.4838709677419355,0.45454545454545453,0.7655640024655845,0.5920057357926449,0.3398514039955694,137,20,16,15
XGBoost,Calibrated isotonic + threshold,36,7,1.0,3479688010.0,2305656012.0,2559629867.0,797915411.0,2745835751.0,0.24927431593338648,0.8085106382978723,0.7429628107663859,0.4444444444444444,0.6451612903225806,0.5263157894736842,0.8140538319293199,0.56976688325789,0.42259679239127546,132,25,11,20
XGBoost,Calibrated isotonic + threshold,37,7,2.0,3479688010.0,2356649683.0,4047715781.0,3330488604.0,2913278027.0,0.23948750148216882,0.8404255319148937,0.8105485232067511,0.5,0.7666666666666667,0.6052631578947368,0.8281645569620253,0.6953518089712694,0.5290851190236621,135,23,7,23
XGBoost,Calibrated isotonic + threshold,38,7,3.0,3479688010.0,2893281512.0,1054754400.0,733257713.0,4222500659.0,0.27616747468709946,0.8723404255319149,0.7215189873417722,0.625,0.5,0.5555555555555556,0.8165611814345991,0.5474109634265787,0.48618614562743534,149,9,15,15
XGBoost,Calibrated isotonic + threshold,39,7,4.0,3479688010.0,4199500584.0,1427020207.0,2100680135.0,380336347.0,0.23829138278961182,0.8563829787234043,0.7120253164556962,0.5555555555555556,0.5,0.5263157894736842,0.8350210970464135,0.5841159738173499,0.4428045415403035,146,12,15,15
XGBoost,Calibrated isotonic + threshold,40,8,0.0,877132087.0,1103542793.0,288336074.0,2961247387.0,1751474838.0,0.2658119524518649,0.8670212765957447,0.7391617012533388,0.6071428571428571,0.5483870967741935,0.576271186440678,0.8061434148346004,0.637429452554785,0.49855525222071706,146,11,14,17
XGBoost,Calibrated isotonic + threshold,41,8,1.0,877132087.0,3056684009.0,1467634882.0,4258351272.0,1867213154.0,0.21428572138150534,0.8085106382978723,0.7429628107663859,0.4444444444444444,0.6451612903225806,0.5263157894736842,0.762687487158414,0.6080050243946353,0.42259679239127546,132,25,11,20
XGBoost,Calibrated isotonic + threshold,42,8,2.0,877132087.0,3791339622.0,4066783286.0,325560488.0,791064394.0,0.25607287387053174,0.851063829787234,0.7358649789029537,0.53125,0.5666666666666667,0.5483870967741935,0.8328059071729959,0.5613514186889883,0.459669131296881,143,15,13,17
XGBoost,Calibrated isotonic + threshold,43,8,3.0,877132087.0,3127342568.0,2693875010.0,2746704019.0,671104386.0,0.2778873344262441,0.851063829787234,0.6818565400843881,0.5416666666666666,0.43333333333333335,0.48148148148148145,0.8572784810126584,0.6150833847040923,0.3991356738389041,147,11,17,13
XGBoost,Calibrated isotonic + threshold,44,8,4.0,877132087.0,1127828914.0,924741032.0,2200485479.0,2521410990.0,0.24538910388946533,0.7819148936170213,0.7082278481012658,0.3829787234042553,0.6,0.4675324675324675,0.7481012658227849,0.47260994896181213,0.3522082237986393,129,29,12,18
XGBoost,Calibrated isotonic + threshold,45,9,0.0,1244265337.0,3338291230.0,1818917979.0,3655044725.0,2647575998.0,0.23704801251490912,0.8351063829787234,0.7071091021162934,0.5,0.5161290322580645,0.5079365079365079,0.8282309430860898,0.5486702279375264,0.4089993015059938,141,16,15,16
XGBoost,Calibrated isotonic + threshold,46,9,1.0,1244265337.0,624068715.0,1587265574.0,842251159.0,1808449137.0,0.26785697042942047,0.8723404255319149,0.7811793712759401,0.6060606060606061,0.6451612903225806,0.625,0.8753852475857817,0.6759292944314803,0.5485564239145211,144,13,11,20
XGBoost,Calibrated isotonic + threshold,47,9,2.0,1244265337.0,2744585060.0,3208499484.0,916156669.0,1752855354.0,0.2163072849313418,0.8031914893617021,0.7343881856540084,0.4222222222222222,0.6333333333333333,0.5066666666666667,0.8439873417721517,0.6572024063231392,0.40232832407014674,132,26,11,19
XGBoost,Calibrated isotonic + threshold,48,9,3.0,1244265337.0,1970194164.0,2347847262.0,362478988.0,141320028.0,0.25749557216962177,0.8404255319148937,0.7160337552742616,0.5,0.5333333333333333,0.5161290322580645,0.8067510548523207,0.5945250370937241,0.4210207427978588,142,16,14,16
XGBoost,Calibrated isotonic + threshold,49,9,4.0,1244265337.0,173601491.0,3071825594.0,3067957550.0,249933446.0,0.2875817020734151,0.8776595744680851,0.7111814345991561,0.6666666666666666,0.4666666666666667,0.5490196078431373,0.7787974683544302,0.5925991906959769,0.4910288611644347,151,7,16,14
LightGBM,No handling,0,0,0.0,2684470948.0,4029279179.0,119800572.0,2952812875.0,499038946.0,0.5,0.8829787234042553,0.6839942469693856,0.8,0.3870967741935484,0.5217391304347826,0.850626669406205,0.6901111694861164,0.5039601907406807,154,3,19,12
LightGBM,No handling,1,0,1.0,2684470948.0,1907587041.0,3318064873.0,3375650033.0,1157661924.0,0.5,0.8617021276595744,0.6324224368193959,0.6923076923076923,0.2903225806451613,0.4090909090909091,0.7470721183480584,0.48664169936545426,0.38737495940471345,153,4,22,9
LightGBM,No handling,2,0,2.0,2684470948.0,550160846.0,2542608045.0,3610752735.0,3826264547.0,0.5,0.8776595744680851,0.6841772151898735,0.7058823529411765,0.4,0.5106382978723404,0.8137130801687764,0.6170526108167218,0.4703623512426067,153,5,18,12
LightGBM,No handling,3,0,3.0,2684470948.0,456733724.0,1829462414.0,534566873.0,595140429.0,0.5,0.8670212765957447,0.6373417721518987,0.6923076923076923,0.3,0.4186046511627907,0.7616033755274262,0.5394220560665993,0.39648897255208004,154,4,21,9
LightGBM,No handling,4,0,4.0,2684470948.0,3899025672.0,3326229707.0,2959431695.0,26285346.0,0.5,0.8617021276595744,0.6476793248945147,0.625,0.3333333333333333,0.43478260869565216,0.7567510548523205,0.47150910488465453,0.38762756232356266,152,6,20,10
LightGBM,No handling,5,1,0.0,4091952314.0,2709696717.0,3181771095.0,3087242080.0,1108498872.0,0.5,0.8723404255319149,0.664680501335525,0.7333333333333333,0.3548387096774194,0.4782608695652174,0.7836449558249434,0.5747219068816883,0.4510598468773373,153,4,20,11
LightGBM,No handling,6,1,1.0,4091952314.0,241719485.0,1980263799.0,3825011243.0,1789666045.0,0.5,0.851063829787234,0.6131086911855352,0.6153846153846154,0.25806451612903225,0.36363636363636365,0.7741935483870968,0.48959726856523267,0.33087651691589565,152,5,23,8
LightGBM,No handling,7,1,2.0,4091952314.0,3113315634.0,4221962620.0,662118748.0,2815669041.0,0.5,0.8563829787234043,0.6445147679324894,0.5882352941176471,0.3333333333333333,0.425531914893617,0.7293248945147679,0.44071193903633105,0.36907011523618055,151,7,20,10
LightGBM,No handling,8,1,3.0,4091952314.0,523556381.0,2658056436.0,3760948866.0,469143439.0,0.5,0.9095744680851063,0.7436708860759493,0.8823529411764706,0.5,0.6382978723404256,0.8278481012658228,0.7286648405459806,0.622300705252246,156,2,15,15
LightGBM,No handling,9,1,4.0,4091952314.0,3458391536.0,4066325836.0,1070680285.0,353554208.0,0.5,0.8829787234042553,0.7008438818565401,0.7222222222222222,0.43333333333333335,0.5416666666666666,0.8569620253164557,0.6293009499992728,0.4999390492620352,153,5,17,13
LightGBM,No handling,10,2,0.0,233227757.0,1292076234.0,3867592070.0,930627353.0,2135158962.0,0.5,0.8617021276595744,0.6194781179371276,0.7272727272727273,0.25806451612903225,0.38095238095238093,0.7195397575508526,0.4865318233153674,0.3778035773411242,154,3,23,8
LightGBM,No handling,11,2,1.0,233227757.0,2243896038.0,4238844659.0,434467640.0,246252945.0,0.5,0.8723404255319149,0.664680501335525,0.7333333333333333,0.3548387096774194,0.4782608695652174,0.8037805629751387,0.6608392888186932,0.4510598468773373,153,4,20,11
LightGBM,No handling,12,2,2.0,233227757.0,851682062.0,294868766.0,2037168792.0,1520054925.0,0.5,0.8723404255319149,0.6945147679324895,0.65,0.43333333333333335,0.52,0.7719409282700421,0.49096829454820823,0.4620639721141426,151,7,17,13
LightGBM,No handling,13,2,3.0,233227757.0,3834429963.0,3522764573.0,1214325276.0,274876222.0,0.5,0.8670212765957447,0.6778481012658228,0.631578947368421,0.4,0.4897959183673469,0.7624472573839662,0.49265639458738547,0.43216366175486665,151,7,18,12
LightGBM,No handling,14,2,4.0,233227757.0,3941955730.0,782574950.0,1544472309.0,2725576072.0,0.5,0.898936170212766,0.7238396624472574,0.8235294117647058,0.4666666666666667,0.5957446808510638,0.8620253164556964,0.6504506656853731,0.571654587249033,155,3,16,14
LightGBM,No handling,15,3,0.0,3276785861.0,2794086942.0,3119539233.0,2341637508.0,830661522.0,0.5,0.8563829787234043,0.6292377234435997,0.6428571428571429,0.2903225806451613,0.4,0.7912471748510376,0.5336227349735625,0.3653518628051761,152,5,22,9
LightGBM,No handling,16,3,1.0,3276785861.0,3337176271.0,1663784559.0,192560718.0,1082530787.0,0.5,0.8617021276595744,0.6194781179371276,0.7272727272727273,0.25806451612903225,0.38095238095238093,0.786726936511198,0.5854714716180038,0.3778035773411242,154,3,23,8
LightGBM,No handling,17,3,2.0,3276785861.0,3176062672.0,1679033776.0,1851752804.0,1859655192.0,0.5,0.8723404255319149,0.6540084388185654,0.7142857142857143,0.3333333333333333,0.45454545454545453,0.8111814345991561,0.5631363880408746,0.42966011758857464,154,4,20,10
LightGBM,No handling,18,3,3.0,3276785861.0,615075798.0,246148441.0,2751974100.0,373073455.0,0.5,0.8617021276595744,0.6476793248945147,0.625,0.3333333333333333,0.43478260869565216,0.7687763713080169,0.4532460774329106,0.38762756232356266,152,6,20,10
LightGBM,No handling,19,3,4.0,3276785861.0,2328857014.0,2261638419.0,4193141675.0,3235124354.0,0.5,0.8829787234042553,0.6738396624472573,0.7857142857142857,0.36666666666666664,0.5,0.7991561181434599,0.6045372276288863,0.484986214921898,155,3,19,11
LightGBM,No handling,20,4,0.0,3644269654.0,481961022.0,3312024110.0,1396983332.0,940174656.0,0.5,0.8723404255319149,0.6905691391000617,0.6842105263157895,0.41935483870967744,0.52,0.8043969591123896,0.6492088821842611,0.46923790598582393,151,6,18,13
LightGBM,No handling,21,4,1.0,3644269654.0,934175084.0,3810614523.0,3021271359.0,545023623.0,0.5,0.8829787234042553,0.6839942469693856,0.8,0.3870967741935484,0.5217391304347826,0.787754263406616,0.64315283012223,0.5039601907406807,154,3,19,12
LightGBM,No handling,22,4,2.0,3644269654.0,2927577421.0,3671840270.0,3303558356.0,832570918.0,0.5,0.8829787234042553,0.6738396624472573,0.7857142857142857,0.36666666666666664,0.5,0.7938818565400844,0.6112355008529095,0.484986214921898,155,3,19,11
LightGBM,No handling,23,4,3.0,3644269654.0,3330064557.0,1532631896.0,1755765996.0,3673898446.0,0.5,0.8723404255319149,0.640506329113924,0.75,0.3,0.42857142857142855,0.799789029535865,0.5722302971253418,0.4209864299751776,155,3,21,9
LightGBM,No handling,24,4,4.0,3644269654.0,492020271.0,1294774065.0,456290486.0,1172912235.0,0.5,0.851063829787234,0.6278481012658228,0.5625,0.3,0.391304347826087,0.7778481012658228,0.5079935717791044,0.3355747182401128,151,7,21,9
LightGBM,No handling,25,5,0.0,1206282609.0,181252727.0,12575440.0,2725503063.0,3628983891.0,0.5,0.8776595744680851,0.6678652147113211,0.7857142857142857,0.3548387096774194,0.4888888888888889,0.8144647626874871,0.6404288203433901,0.4745508297485356,154,3,20,11
LightGBM,No handling,26,5,1.0,1206282609.0,3588477321.0,4231888275.0,3691194157.0,1615771537.0,0.5,0.8617021276595744,0.6324224368193959,0.6923076923076923,0.2903225806451613,0.4090909090909091,0.7567289911649887,0.4813188255799226,0.38737495940471345,153,4,22,9
LightGBM,No handling,27,5,2.0,1206282609.0,3175067715.0,1947100334.0,72296887.0,3176705561.0,0.5,0.8670212765957447,0.6238396624472574,0.7272727272727273,0.26666666666666666,0.3902439024390244,0.8286919831223628,0.5793091681037636,0.38645234799487915,155,3,22,8
LightGBM,No handling,28,5,3.0,1206282609.0,4174702542.0,3795828361.0,3243282038.0,2570648799.0,0.5,0.8723404255319149,0.6675105485232068,0.6875,0.36666666666666664,0.4782608695652174,0.8327004219409283,0.5939975449403264,0.4396804064070125,153,5,19,11
LightGBM,No handling,29,5,4.0,1206282609.0,135446164.0,15737865.0,4015241227.0,3283236776.0,0.5,0.8829787234042553,0.6738396624472573,0.7857142857142857,0.36666666666666664,0.5,0.8388185654008439,0.59304066764641,0.484986214921898,155,3,19,11
LightGBM,No handling,30,6,0.0,3543069911.0,1403774233.0,2287110676.0,1500031861.0,1244386686.0,0.5,0.8617021276595744,0.6453667557016642,0.6666666666666666,0.3225806451612903,0.43478260869565216,0.7869324018902815,0.5440140847332298,0.39815950301399394,152,5,21,10
LightGBM,No handling,31,6,1.0,3543069911.0,4175944194.0,3722261758.0,4197185323.0,1261022219.0,0.5,0.8776595744680851,0.6678652147113211,0.7857142857142857,0.3548387096774194,0.4888888888888889,0.8623381960139717,0.6365340142294245,0.4745508297485356,154,3,20,11
LightGBM,No handling,32,6,2.0,3543069911.0,1089924410.0,1269256883.0,26910425.0,3492342272.0,0.5,0.9095744680851063,0.7571729957805907,0.8421052631578947,0.5333333333333333,0.6530612244897959,0.8440928270042194,0.6666924973620714,0.6249199331900147,155,3,14,16
LightGBM,No handling,33,6,3.0,3543069911.0,1853925516.0,1375889405.0,736119446.0,1443072134.0,0.5,0.8776595744680851,0.6436708860759494,0.8181818181818182,0.3,0.43902439024390244,0.8464135021097046,0.6577070692035258,0.4483373917964441,156,2,21,9
LightGBM,No handling,34,6,4.0,3543069911.0,3501807147.0,3794614876.0,2382485784.0,1199354490.0,0.5,0.8457446808510638,0.5976793248945148,0.5384615384615384,0.23333333333333334,0.32558139534883723,0.6850210970464136,0.4418735378702338,0.28198831688419823,152,6,23,7
LightGBM,No handling,35,7,0.0,3479688010.0,3236768435.0,4191732780.0,1815612876.0,865784303.0,0.5,0.8617021276595744,0.6583110745839327,0.6470588235294118,0.3548387096774194,0.4583333333333333,0.7961783439490446,0.5581706376320656,0.4096844212706675,151,6,20,11
LightGBM,No handling,36,7,1.0,3479688010.0,2305656012.0,4236552634.0,2310814178.0,3335892378.0,0.5,0.8723404255319149,0.6905691391000617,0.6842105263157895,0.41935483870967744,0.52,0.8066570782823095,0.5560529676902017,0.46923790598582393,151,6,18,13
LightGBM,No handling,37,7,2.0,3479688010.0,2356649683.0,1385099443.0,431893848.0,66778957.0,0.5,0.851063829787234,0.6683544303797468,0.5454545454545454,0.4,0.46153846153846156,0.8352320675105485,0.616188845344462,0.3835997643855172,148,10,18,12
LightGBM,No handling,38,7,3.0,3479688010.0,2893281512.0,3220915034.0,4049276683.0,2942425578.0,0.5,0.8563829787234043,0.5905063291139241,0.6666666666666666,0.2,0.3076923076923077,0.8071729957805908,0.5429147119259243,0.31049195137409025,155,3,24,6
LightGBM,No handling,39,7,4.0,3479688010.0,4199500584.0,360690957.0,1779538450.0,2643902325.0,0.5,0.8723404255319149,0.6270042194092827,0.8,0.26666666666666666,0.4,0.7580168776371308,0.5211367249179375,0.4145026533423382,156,2,22,8
LightGBM,No handling,40,8,0.0,877132087.0,1103542793.0,636971331.0,1512859617.0,4011851925.0,0.5,0.8776595744680851,0.7196424902403945,0.6818181818181818,0.4838709677419355,0.5660377358490566,0.8011095130470516,0.5966816040102616,0.5071210562392874,150,7,16,15
LightGBM,No handling,41,8,1.0,877132087.0,3056684009.0,832189368.0,836469050.0,1833814599.0,0.5,0.8670212765957447,0.6744401068419972,0.6666666666666666,0.3870967741935484,0.4897959183673469,0.755496198890487,0.532262355501656,0.4399935393299529,151,6,19,12
LightGBM,No handling,42,8,2.0,877132087.0,3791339622.0,2754429004.0,167204293.0,507490479.0,0.5,0.8617021276595744,0.6071729957805907,0.7,0.23333333333333334,0.35,0.8025316455696202,0.5889288571583335,0.3497796476709432,155,3,23,7
LightGBM,No handling,43,8,3.0,877132087.0,3127342568.0,1685112258.0,1174966605.0,3578835690.0,0.5,0.8723404255319149,0.640506329113924,0.75,0.3,0.42857142857142855,0.8510548523206751,0.5969962682342457,0.4209864299751776,155,3,21,9
LightGBM,No handling,44,8,4.0,877132087.0,1127828914.0,1955465025.0,1904920508.0,1234394758.0,0.5,0.8404255319148937,0.5675105485232068,0.5,0.16666666666666666,0.25,0.750632911392405,0.45260348917656273,0.2203336363281532,153,5,25,5
LightGBM,No handling,45,9,0.0,1244265337.0,3338291230.0,623470476.0,136248992.0,3395185889.0,0.5,0.8617021276595744,0.6065337990548593,0.7777777777777778,0.22580645161290322,0.35,0.8043969591123895,0.5102047101781798,0.3703397363538554,155,2,24,7
LightGBM,No handling,46,9,1.0,1244265337.0,624068715.0,3532840069.0,3328410909.0,3874134202.0,0.5,0.8776595744680851,0.7066981713581262,0.7,0.45161290322580644,0.5490196078431373,0.8769262379289089,0.6786191692762925,0.49753961362540544,151,6,17,14
LightGBM,No handling,47,9,2.0,1244265337.0,2744585060.0,1784129487.0,2739748781.0,694462765.0,0.5,0.8617021276595744,0.6341772151898735,0.6428571428571429,0.3,0.4090909090909091,0.8246835443037974,0.5918741927239227,0.37433402025525137,153,5,21,9
LightGBM,No handling,48,9,3.0,1244265337.0,1970194164.0,1801522275.0,1887571263.0,3402057693.0,0.5,0.8723404255319149,0.6540084388185654,0.7142857142857143,0.3333333333333333,0.45454545454545453,0.7740506329113924,0.5534201570516458,0.42966011758857464,154,4,20,10
LightGBM,No handling,49,9,4.0,1244265337.0,173601491.0,4045286778.0,2544772413.0,852165420.0,0.5,0.8723404255319149,0.6135021097046414,0.875,0.23333333333333334,0.3684210526315789,0.759704641350211,0.5827937407424624,0.4118526402499141,157,1,23,7
LightGBM,Class weight,0,0,0.0,2684470948.0,4029279179.0,2075963327.0,3739984119.0,1448296526.0,0.5,0.898936170212766,0.7582699815081159,0.7727272727272727,0.5483870967741935,0.6415094339622641,0.852270392438874,0.6885308066186034,0.5963060502271134,152,5,14,17
LightGBM,Class weight,1,0,1.0,2684470948.0,1907587041.0,3921840534.0,323080938.0,841664634.0,0.5,0.8297872340425532,0.6780357509759606,0.4827586206896552,0.45161290322580644,0.4666666666666667,0.7209780152044382,0.4757414809966675,0.36582242851506286,142,15,17,14
LightGBM,Class weight,2,0,2.0,2684470948.0,550160846.0,342439124.0,1323030461.0,3174168669.0,0.5,0.8563829787234043,0.7390295358649789,0.5483870967741935,0.5666666666666667,0.5573770491803278,0.8246835443037975,0.629020543299708,0.471780581741577,144,14,13,17
LightGBM,Class weight,3,0,3.0,2684470948.0,456733724.0,994386762.0,1771223652.0,2455029249.0,0.5,0.8351063829787234,0.7128691983122363,0.48484848484848486,0.5333333333333333,0.5079365079365079,0.7635021097046413,0.5015364668111466,0.409835120362254,141,17,14,16
LightGBM,Class weight,4,0,4.0,2684470948.0,3899025672.0,1418775475.0,1988902284.0,1968547767.0,0.5,0.8670212765957447,0.7048523206751055,0.6086956521739131,0.4666666666666667,0.5283018867924528,0.7744725738396624,0.5380883218729721,0.4578826257312429,149,9,16,14
LightGBM,Class weight,5,1,0.0,4091952314.0,2709696717.0,2645257399.0,3129290174.0,1940855104.0,0.5,0.8031914893617021,0.713889459626053,0.42857142857142855,0.5806451612903226,0.4931506849315068,0.7832340250667762,0.5954907171012813,0.38110880174511025,133,24,13,18
LightGBM,Class weight,6,1,1.0,4091952314.0,241719485.0,1506587258.0,3965765055.0,1052721128.0,0.5,0.8404255319148937,0.6973494966098213,0.5172413793103449,0.4838709677419355,0.5,0.7924799671255394,0.5510287904732663,0.4055077237030789,143,14,16,15
LightGBM,Class weight,7,1,2.0,4091952314.0,3113315634.0,3681624797.0,4286267998.0,2843944638.0,0.5,0.8563829787234043,0.6850210970464135,0.5652173913043478,0.43333333333333335,0.49056603773584906,0.7259493670886075,0.4418945272914474,0.41355619234428426,148,10,17,13
LightGBM,Class weight,8,1,3.0,4091952314.0,523556381.0,3904100140.0,1846442257.0,3056452749.0,0.5,0.9095744680851063,0.7841772151898734,0.782608695652174,0.6,0.6792452830188679,0.799789029535865,0.7073087434934298,0.6351883592790774,153,5,12,18
LightGBM,Class weight,9,1,4.0,4091952314.0,3458391536.0,1944959737.0,728422325.0,1574017402.0,0.5,0.8776595744680851,0.7921940928270041,0.6060606060606061,0.6666666666666666,0.6349206349206349,0.8537974683544304,0.6444941726595019,0.5625586141741544,145,13,10,20
LightGBM,Class weight,10,2,0.0,233227757.0,1292076234.0,1465297467.0,730960693.0,4196853052.0,0.5,0.8457446808510638,0.648756934456544,0.55,0.3548387096774194,0.43137254901960786,0.7302239572632012,0.49236448957931844,0.3580702587125184,148,9,20,11
LightGBM,Class weight,11,2,1.0,233227757.0,2243896038.0,2788598725.0,3169617820.0,355986405.0,0.5,0.8723404255319149,0.7552907335114034,0.6206896551724138,0.5806451612903226,0.6,0.8237107047462504,0.6837939129182657,0.5245636092671271,146,11,13,18
LightGBM,Class weight,12,2,2.0,233227757.0,851682062.0,26923245.0,3971078685.0,4214898492.0,0.5,0.8617021276595744,0.6881856540084388,0.5909090909090909,0.43333333333333335,0.5,0.7877637130801688,0.4776650698507658,0.42878570154371093,149,9,17,13
LightGBM,Class weight,13,2,3.0,233227757.0,3834429963.0,330001565.0,1962050907.0,1309905509.0,0.5,0.7925531914893617,0.6875527426160337,0.3902439024390244,0.5333333333333333,0.4507042253521127,0.7654008438818566,0.49806795323771824,0.3326534179237939,133,25,14,16
LightGBM,Class weight,14,2,4.0,233227757.0,3941955730.0,2823363320.0,3579411831.0,3555067273.0,0.5,0.8829787234042553,0.7143459915611814,0.7,0.4666666666666667,0.56,0.8748945147679326,0.6674046778171118,0.5091724464945432,152,6,16,14
LightGBM,Class weight,15,3,0.0,3276785861.0,2794086942.0,126076744.0,3855199043.0,2064296359.0,0.5,0.8191489361702128,0.6716663242243682,0.45161290322580644,0.45161290322580644,0.45161290322580644,0.7996712553934663,0.5399221036970514,0.3433326484487364,140,17,17,14
LightGBM,Class weight,16,3,1.0,3276785861.0,3337176271.0,3027122992.0,2710921236.0,629843156.0,0.5,0.8829787234042553,0.7487158413807273,0.68,0.5483870967741935,0.6071428571428571,0.8230943086089995,0.6352072497019181,0.5436261129364334,149,8,14,17
LightGBM,Class weight,17,3,2.0,3276785861.0,3176062672.0,1087432550.0,1212593079.0,3235868374.0,0.5,0.8351063829787234,0.7668776371308017,0.4878048780487805,0.6666666666666666,0.5633802816901409,0.819831223628692,0.5775113282235348,0.4733482268544424,137,21,10,20
LightGBM,Class weight,18,3,3.0,3276785861.0,615075798.0,3513659664.0,3155024452.0,810623376.0,0.5,0.8670212765957447,0.7048523206751055,0.6086956521739131,0.4666666666666667,0.5283018867924528,0.8029535864978903,0.4784856119004642,0.4578826257312429,149,9,16,14
LightGBM,Class weight,19,3,4.0,3276785861.0,2328857014.0,876846646.0,2051902545.0,3588328570.0,0.5,0.8404255319148937,0.689029535864979,0.5,0.4666666666666667,0.4827586206896552,0.8128691983122364,0.6264904923490726,0.3888748239369362,144,14,16,14
LightGBM,Class weight,20,4,0.0,3644269654.0,481961022.0,2115107946.0,3854379527.0,3492852865.0,0.5,0.8563829787234043,0.7457365933840148,0.5625,0.5806451612903226,0.5714285714285714,0.8113827820012328,0.6222622014733639,0.48528091726306405,143,14,13,18
LightGBM,Class weight,21,4,1.0,3644269654.0,934175084.0,3945804082.0,3212692172.0,3645332125.0,0.5,0.8776595744680851,0.7455311280049312,0.6538461538461539,0.5483870967741935,0.5964912280701754,0.7990548592562153,0.6477236648758301,0.5278652180970359,148,9,14,17
LightGBM,Class weight,22,4,2.0,3644269654.0,2927577421.0,643437498.0,315653480.0,2845384168.0,0.5,0.8404255319148937,0.7430379746835443,0.5,0.6,0.5454545454545454,0.7599156118143461,0.5446092799286534,0.4523975658955824,140,18,12,18
LightGBM,Class weight,23,4,3.0,3644269654.0,3330064557.0,357241881.0,1353528252.0,2574521646.0,0.5,0.8351063829787234,0.7128691983122363,0.48484848484848486,0.5333333333333333,0.5079365079365079,0.7926160337552743,0.5728175959390593,0.409835120362254,141,17,14,16
LightGBM,Class weight,24,4,4.0,3644269654.0,492020271.0,1941012677.0,229638619.0,3679965104.0,0.5,0.8457446808510638,0.6516877637130801,0.5238095238095238,0.36666666666666664,0.43137254901960786,0.7974683544303798,0.4909881625849172,0.3526970541231055,148,10,19,11
LightGBM,Class weight,25,5,0.0,1206282609.0,181252727.0,2460201140.0,4096601139.0,1657895317.0,0.5,0.8670212765957447,0.7521060201356071,0.6,0.5806451612903226,0.5901639344262295,0.8290528046024245,0.6330759103398359,0.5109221304474095,145,12,13,18
LightGBM,Class weight,26,5,1.0,1206282609.0,3588477321.0,1595515600.0,724339620.0,901392053.0,0.5,0.7712765957446809,0.6430039038422026,0.35,0.45161290322580644,0.39436619718309857,0.7635093486747483,0.49189201629173657,0.2593269837667811,131,26,17,14
LightGBM,Class weight,27,5,2.0,1206282609.0,3175067715.0,2457568028.0,4268949102.0,3503261689.0,0.5,0.8617021276595744,0.6341772151898735,0.6428571428571429,0.3,0.4090909090909091,0.8329113924050634,0.5780925711713292,0.37433402025525137,153,5,21,9
LightGBM,Class weight,28,5,3.0,1206282609.0,4174702542.0,2531061307.0,3134654233.0,1218443655.0,0.5,0.8138297872340425,0.7407172995780591,0.4418604651162791,0.6333333333333333,0.5205479452054794,0.8113924050632911,0.5829579916446042,0.4197669486067527,134,24,11,19
LightGBM,Class weight,29,5,4.0,1206282609.0,135446164.0,2814310199.0,1153660546.0,342614755.0,0.5,0.7925531914893617,0.7145569620253165,0.4,0.6,0.48,0.8090717299578059,0.5599268363238632,0.3682879438157869,131,27,12,18
LightGBM,Class weight,30,6,0.0,3543069911.0,1403774233.0,1566252648.0,3494561432.0,2973891893.0,0.5,0.8563829787234043,0.6939593178549415,0.5833333333333334,0.45161290322580644,0.509090909090909,0.7871378672693651,0.5046773510066824,0.43136387509721635,147,10,17,14
LightGBM,Class weight,31,6,1.0,3543069911.0,4175944194.0,4095674367.0,1203123575.0,2554549314.0,0.5,0.8829787234042553,0.7098828847339224,0.7368421052631579,0.45161290322580644,0.56,0.8274090815697555,0.6161968915037317,0.5167940926841177,152,5,17,14
LightGBM,Class weight,32,6,2.0,3543069911.0,1089924410.0,913617625.0,3437656571.0,1245371782.0,0.5,0.8670212765957447,0.7588607594936709,0.5806451612903226,0.6,0.5901639344262295,0.8381856540084388,0.6460115911764346,0.5109221304474095,145,13,12,18
LightGBM,Class weight,33,6,3.0,3543069911.0,1853925516.0,1236295739.0,3616276145.0,3537013503.0,0.5,0.8351063829787234,0.6993670886075949,0.4838709677419355,0.5,0.4918032786885246,0.8183544303797469,0.5746043361640621,0.393497484329912,142,16,15,15
LightGBM,Class weight,34,6,4.0,3543069911.0,3501807147.0,2017483573.0,2814684337.0,1892514313.0,0.5,0.776595744680851,0.610548523206751,0.3235294117647059,0.36666666666666664,0.34375,0.6670886075949367,0.40554851050318025,0.21036442271456396,135,23,19,11
LightGBM,Class weight,35,7,0.0,3479688010.0,3236768435.0,2662725097.0,2548251332.0,863776679.0,0.5,0.8351063829787234,0.6941647832340251,0.5,0.4838709677419355,0.4918032786885246,0.8152866242038217,0.6265363819112298,0.393497484329912,142,15,16,15
LightGBM,Class weight,36,7,1.0,3479688010.0,2305656012.0,3389064659.0,2186053597.0,523058028.0,0.5,0.8457446808510638,0.7005342099856174,0.5357142857142857,0.4838709677419355,0.5084745762711864,0.8132319704129853,0.5957359295031278,0.4180325826180583,144,13,16,15
LightGBM,Class weight,37,7,2.0,3479688010.0,2356649683.0,2892220435.0,1262996991.0,1064854039.0,0.5,0.8457446808510638,0.7056962025316456,0.5172413793103449,0.5,0.5084745762711864,0.809282700421941,0.5895019395978773,0.41710738519173085,144,14,15,15
LightGBM,Class weight,38,7,3.0,3479688010.0,2893281512.0,119481680.0,2280342879.0,2351957397.0,0.5,0.8776595744680851,0.6976793248945148,0.6842105263157895,0.43333333333333335,0.5306122448979592,0.7917721518987342,0.5201029155215513,0.48035272961365366,152,6,17,13
LightGBM,Class weight,39,7,4.0,3479688010.0,4199500584.0,3027364437.0,969880306.0,4230815384.0,0.5,0.8351063829787234,0.6858649789029536,0.4827586206896552,0.4666666666666667,0.4745762711864407,0.7457805907172996,0.5053482140109207,0.3768939552347845,143,15,16,14
LightGBM,Class weight,40,8,0.0,877132087.0,1103542793.0,657753544.0,442646821.0,1554820783.0,0.5,0.8670212765957447,0.7262173823710705,0.6153846153846154,0.5161290322580645,0.5614035087719298,0.7994657900143826,0.6418748199522002,0.48634276579484226,147,10,15,16
LightGBM,Class weight,41,8,1.0,877132087.0,3056684009.0,186772701.0,246054358.0,3559013473.0,0.5,0.8191489361702128,0.6846106431066366,0.45454545454545453,0.4838709677419355,0.46875,0.7439901376618039,0.4982646969279908,0.3601592596910465,139,18,16,15
LightGBM,Class weight,42,8,2.0,877132087.0,3791339622.0,1457969700.0,4127918968.0,585357552.0,0.5,0.8617021276595744,0.7016877637130802,0.5833333333333334,0.4666666666666667,0.5185185185185185,0.7780590717299578,0.5590590683537627,0.4426609097331697,148,10,16,14
LightGBM,Class weight,43,8,3.0,877132087.0,3127342568.0,801463297.0,1224891393.0,1142370688.0,0.5,0.8670212765957447,0.7183544303797469,0.6,0.5,0.5454545454545454,0.8571729957805907,0.5951692938708046,0.47099616185693455,148,10,15,15
LightGBM,Class weight,44,8,4.0,877132087.0,1127828914.0,1352113710.0,655772060.0,2056852001.0,0.5,0.8297872340425532,0.6827004219409283,0.4666666666666667,0.4666666666666667,0.4666666666666667,0.7639240506329114,0.5032599830684754,0.36540084388185656,142,16,16,14
LightGBM,Class weight,45,9,0.0,1244265337.0,3338291230.0,1200408186.0,4089261820.0,2358805086.0,0.5,0.8351063829787234,0.5906102321758784,0.5,0.22580645161290322,0.3111111111111111,0.7959728785699609,0.5034573085900604,0.25615289586181667,150,7,24,7
LightGBM,Class weight,46,9,1.0,1244265337.0,624068715.0,1483098520.0,2614255269.0,1117883950.0,0.5,0.8297872340425532,0.7945346209163756,0.48936170212765956,0.7419354838709677,0.5897435897435898,0.8602835422231354,0.617474844038211,0.5048223039084038,133,24,8,23
LightGBM,Class weight,47,9,2.0,1244265337.0,2744585060.0,2439815492.0,1454096290.0,3011244123.0,0.5,0.8882978723404256,0.7445147679324895,0.6956521739130435,0.5333333333333333,0.6037735849056604,0.8666666666666666,0.6432772216828745,0.5465354925051601,151,7,14,16
LightGBM,Class weight,48,9,3.0,1244265337.0,1970194164.0,3798495926.0,1753941845.0,559442023.0,0.5,0.8351063829787234,0.6588607594936708,0.48,0.4,0.43636363636363634,0.7521097046413502,0.5706532896542962,0.34266677282924807,145,13,18,12
LightGBM,Class weight,49,9,4.0,1244265337.0,173601491.0,1060159037.0,285385846.0,1909991507.0,0.5,0.8670212765957447,0.6778481012658228,0.631578947368421,0.4,0.4897959183673469,0.7611814345991561,0.5360136936055119,0.43216366175486665,151,7,18,12
LightGBM,SMOTE-NC,0,0,0.0,2684470948.0,4029279179.0,2761785351.0,2989350710.0,3281761072.0,0.5,0.8776595744680851,0.6678652147113211,0.7857142857142857,0.3548387096774194,0.4888888888888889,0.8537086500924594,0.6794199376992744,0.4745508297485356,154,3,20,11
LightGBM,SMOTE-NC,1,0,1.0,2684470948.0,1907587041.0,1135084225.0,3828389678.0,2828093097.0,0.5,0.8617021276595744,0.6453667557016642,0.6666666666666666,0.3225806451612903,0.43478260869565216,0.7618656256420793,0.48015683422974503,0.39815950301399394,152,5,21,10
LightGBM,SMOTE-NC,2,0,2.0,2684470948.0,550160846.0,2872431467.0,587926364.0,529458584.0,0.5,0.8882978723404256,0.7310126582278481,0.7142857142857143,0.5,0.5882352941176471,0.8578059071729958,0.6773138423434618,0.5371394635115445,152,6,15,15
LightGBM,SMOTE-NC,3,0,3.0,2684470948.0,456733724.0,2203993930.0,2981435048.0,115213771.0,0.5,0.8404255319148937,0.6215189873417721,0.5,0.3,0.375,0.7533755274261603,0.45960551213982404,0.30248413064593727,149,9,21,9
LightGBM,SMOTE-NC,4,0,4.0,2684470948.0,3899025672.0,159510999.0,2966261275.0,114505306.0,0.5,0.8351063829787234,0.6453586497890296,0.4782608695652174,0.36666666666666664,0.41509433962264153,0.7662447257383967,0.5271564647373757,0.324903325570367,146,12,19,11
LightGBM,SMOTE-NC,5,1,0.0,4091952314.0,2709696717.0,4232686628.0,4128290628.0,15393592.0,0.5,0.8404255319148937,0.6714608588452846,0.52,0.41935483870967744,0.4642857142857143,0.7530306143414834,0.5057610022353736,0.3747674442341625,145,12,18,13
LightGBM,SMOTE-NC,6,1,1.0,4091952314.0,241719485.0,1593903430.0,3936794209.0,2038868498.0,0.5,0.8457446808510638,0.648756934456544,0.55,0.3548387096774194,0.43137254901960786,0.744606533799055,0.4764199204789558,0.3580702587125184,148,9,20,11
LightGBM,SMOTE-NC,7,1,2.0,4091952314.0,3113315634.0,3616968642.0,772256152.0,2108294497.0,0.5,0.8670212765957447,0.6508438818565401,0.6666666666666666,0.3333333333333333,0.4444444444444444,0.7514767932489451,0.4670147332025967,0.4077351808362887,153,5,20,10
LightGBM,SMOTE-NC,8,1,3.0,4091952314.0,523556381.0,2654638213.0,1862925309.0,1260633286.0,0.5,0.9095744680851063,0.7976793248945148,0.76,0.6333333333333333,0.6909090909090909,0.8396624472573839,0.7260389747923153,0.6421020138938499,152,6,11,19
LightGBM,SMOTE-NC,9,1,4.0,4091952314.0,3458391536.0,833923373.0,1110648885.0,3515236145.0,0.5,0.8723404255319149,0.7080168776371307,0.6363636363636364,0.4666666666666667,0.5384615384615384,0.8531645569620253,0.6067267058801746,0.4739716387019047,150,8,16,14
LightGBM,SMOTE-NC,10,2,0.0,233227757.0,1292076234.0,2219721939.0,4018292870.0,2898439957.0,0.5,0.8351063829787234,0.6035545510581467,0.5,0.25806451612903225,0.3404255319148936,0.7367988493938771,0.4621471078879164,0.27542644982558606,149,8,23,8
LightGBM,SMOTE-NC,11,2,1.0,233227757.0,2243896038.0,2030681323.0,2521903468.0,340726746.0,0.5,0.8936170212765957,0.729196630367783,0.7894736842105263,0.4838709677419355,0.6,0.8089171974522293,0.6426533629034413,0.5643502793824114,153,4,16,15
LightGBM,SMOTE-NC,12,2,2.0,233227757.0,851682062.0,1628307023.0,796057441.0,2920549950.0,0.5,0.8670212765957447,0.7048523206751055,0.6086956521739131,0.4666666666666667,0.5283018867924528,0.7679324894514767,0.46779796387653666,0.4578826257312429,149,9,16,14
LightGBM,SMOTE-NC,13,2,3.0,233227757.0,3834429963.0,3605203955.0,379036246.0,4185962721.0,0.5,0.8617021276595744,0.7016877637130802,0.5833333333333334,0.4666666666666667,0.5185185185185185,0.7888185654008439,0.5581345686116691,0.4426609097331697,148,10,16,14
LightGBM,SMOTE-NC,14,2,4.0,233227757.0,3941955730.0,3398549768.0,3696560029.0,1582300997.0,0.5,0.851063829787234,0.6413502109704641,0.5555555555555556,0.3333333333333333,0.4166666666666667,0.8445147679324895,0.5781956872954473,0.35184786029996173,150,8,20,10
LightGBM,SMOTE-NC,15,3,0.0,3276785861.0,2794086942.0,867562524.0,2162258075.0,2374772196.0,0.5,0.8457446808510638,0.6617012533388125,0.5454545454545454,0.3870967741935484,0.4528301886792453,0.7764536675570167,0.555439456052111,0.37334356525754836,147,10,19,12
LightGBM,SMOTE-NC,16,3,1.0,3276785861.0,3337176271.0,1192745027.0,2927611563.0,1066456901.0,0.5,0.8617021276595744,0.6841997123484693,0.6190476190476191,0.41935483870967744,0.5,0.7928908978837066,0.5835865780028829,0.4339920094825801,149,8,18,13
LightGBM,SMOTE-NC,17,3,2.0,3276785861.0,3176062672.0,765695948.0,1234096958.0,1537813511.0,0.5,0.8829787234042553,0.7278481012658228,0.6818181818181818,0.5,0.5769230769230769,0.8575949367088608,0.6261887717261887,0.5191575758600985,151,7,15,15
LightGBM,SMOTE-NC,18,3,3.0,3276785861.0,615075798.0,889986762.0,1273310138.0,3988923317.0,0.5,0.8776595744680851,0.6841772151898735,0.7058823529411765,0.4,0.5106382978723404,0.7516877637130802,0.458135412876178,0.4703623512426067,153,5,18,12
LightGBM,SMOTE-NC,19,3,4.0,3276785861.0,2328857014.0,3344555240.0,3872939994.0,1014531128.0,0.5,0.8829787234042553,0.7008438818565401,0.7222222222222222,0.43333333333333335,0.5416666666666666,0.7808016877637131,0.5217699205550408,0.4999390492620352,153,5,17,13
LightGBM,SMOTE-NC,20,4,0.0,3644269654.0,481961022.0,322563208.0,3669855891.0,2327149290.0,0.5,0.8829787234042553,0.7228272036161907,0.7142857142857143,0.4838709677419355,0.5769230769230769,0.8434353811382782,0.6524435415314352,0.525002046050037,151,6,16,15
LightGBM,SMOTE-NC,21,4,1.0,3644269654.0,934175084.0,1418183012.0,1461175365.0,415892126.0,0.5,0.8776595744680851,0.6937538524758579,0.7222222222222222,0.41935483870967744,0.5306122448979592,0.7731662214916785,0.5997317591588879,0.4887089606456367,152,5,18,13
LightGBM,SMOTE-NC,22,4,2.0,3644269654.0,2927577421.0,3540965981.0,902580620.0,739681919.0,0.5,0.8723404255319149,0.7215189873417722,0.625,0.5,0.5555555555555556,0.7643459915611814,0.5901211564606051,0.48618614562743534,149,9,15,15
LightGBM,SMOTE-NC,23,4,3.0,3644269654.0,3330064557.0,4085869731.0,3931475630.0,2637399681.0,0.5,0.8670212765957447,0.6643459915611815,0.6470588235294118,0.36666666666666664,0.46808510638297873,0.7905063291139239,0.5827639198390645,0.4197162332393936,152,6,19,11
LightGBM,SMOTE-NC,24,4,4.0,3644269654.0,492020271.0,717053310.0,3253963859.0,519402487.0,0.5,0.8351063829787234,0.6318565400843882,0.47619047619047616,0.3333333333333333,0.39215686274509803,0.7489451476793249,0.4435896570479345,0.3065864517759957,147,11,20,10
LightGBM,SMOTE-NC,25,5,0.0,1206282609.0,181252727.0,1064092921.0,2099968319.0,2024062320.0,0.5,0.8936170212765957,0.7421409492500514,0.7619047619047619,0.5161290322580645,0.6153846153846154,0.8087117320731456,0.6450200792554995,0.5705070643337654,152,5,15,16
LightGBM,SMOTE-NC,26,5,1.0,1206282609.0,3588477321.0,2674680576.0,830865150.0,941883684.0,0.5,0.8297872340425532,0.6133141565646189,0.47368421052631576,0.2903225806451613,0.36,0.7409081569755496,0.42102059910829925,0.27901315919264896,147,10,22,9
LightGBM,SMOTE-NC,27,5,2.0,1206282609.0,3175067715.0,685247760.0,2681258351.0,1220204694.0,0.5,0.8882978723404256,0.7175105485232067,0.7368421052631579,0.4666666666666667,0.5714285714285714,0.8130801687763713,0.5967278098227208,0.5285417974724407,153,5,16,14
LightGBM,SMOTE-NC,28,5,3.0,1206282609.0,4174702542.0,685147968.0,1164116974.0,1752630194.0,0.5,0.8723404255319149,0.7215189873417722,0.625,0.5,0.5555555555555556,0.8445147679324895,0.630147921876662,0.48618614562743534,149,9,15,15
LightGBM,SMOTE-NC,29,5,4.0,1206282609.0,135446164.0,2119447125.0,3604624074.0,1347352176.0,0.5,0.8617021276595744,0.6881856540084388,0.5909090909090909,0.43333333333333335,0.5,0.8314345991561181,0.5564526942940193,0.42878570154371093,149,9,17,13
LightGBM,SMOTE-NC,30,6,0.0,3543069911.0,1403774233.0,3183648423.0,630561899.0,971173286.0,0.5,0.8351063829787234,0.6553318265872201,0.5,0.3870967741935484,0.43636363636363634,0.8046024244914732,0.4829457994311612,0.3454566626837877,145,12,19,12
LightGBM,SMOTE-NC,31,6,1.0,3543069911.0,4175944194.0,1897178763.0,1471224734.0,4156796303.0,0.5,0.8723404255319149,0.70351345798233,0.6666666666666666,0.45161290322580644,0.5384615384615384,0.8232997739880831,0.6108037677723864,0.47949702776630854,150,7,17,14
LightGBM,SMOTE-NC,32,6,2.0,3543069911.0,1089924410.0,258214436.0,3388773092.0,1601545636.0,0.5,0.8776595744680851,0.7111814345991561,0.6666666666666666,0.4666666666666667,0.5490196078431373,0.8575949367088608,0.6809308739306786,0.4910288611644347,151,7,16,14
LightGBM,SMOTE-NC,33,6,3.0,3543069911.0,1853925516.0,432212751.0,3505170089.0,2201041772.0,0.5,0.8723404255319149,0.640506329113924,0.75,0.3,0.42857142857142855,0.809282700421941,0.5906754696431428,0.4209864299751776,155,3,21,9
LightGBM,SMOTE-NC,34,6,4.0,3543069911.0,3501807147.0,3390122370.0,3921582782.0,640725490.0,0.5,0.8351063829787234,0.6318565400843882,0.47619047619047616,0.3333333333333333,0.39215686274509803,0.661181434599156,0.3715336620987272,0.3065864517759957,147,11,20,10
LightGBM,SMOTE-NC,35,7,0.0,3479688010.0,3236768435.0,3116171312.0,3715006436.0,3370128204.0,0.5,0.8457446808510638,0.6358126155742757,0.5555555555555556,0.3225806451612903,0.40816326530612246,0.7540579412369015,0.520689280844492,0.34256269669858525,149,8,21,10
LightGBM,SMOTE-NC,36,7,1.0,3479688010.0,2305656012.0,955104719.0,1040926808.0,17030368.0,0.5,0.8617021276595744,0.6841997123484693,0.6190476190476191,0.41935483870967744,0.5,0.7647421409492501,0.5342939776472746,0.4339920094825801,149,8,18,13
LightGBM,SMOTE-NC,37,7,2.0,3479688010.0,2356649683.0,2514646589.0,1465145362.0,2926108285.0,0.5,0.8776595744680851,0.7381856540084388,0.64,0.5333333333333333,0.5818181818181818,0.8210970464135021,0.6283047279910766,0.5137726248661634,149,9,14,16
LightGBM,SMOTE-NC,38,7,3.0,3479688010.0,2893281512.0,3726684640.0,3632572935.0,633308739.0,0.5,0.8723404255319149,0.6540084388185654,0.7142857142857143,0.3333333333333333,0.45454545454545453,0.8335443037974685,0.6394425696764571,0.42966011758857464,154,4,20,10
LightGBM,SMOTE-NC,39,7,4.0,3479688010.0,4199500584.0,2829616387.0,333295294.0,3763911428.0,0.5,0.8670212765957447,0.6508438818565401,0.6666666666666666,0.3333333333333333,0.4444444444444444,0.7856540084388187,0.5347016434810055,0.4077351808362887,153,5,20,10
LightGBM,SMOTE-NC,40,8,0.0,877132087.0,1103542793.0,4062725116.0,1182956767.0,2757056233.0,0.5,0.898936170212766,0.7323813437435792,0.8333333333333334,0.4838709677419355,0.6122448979591837,0.810766385863982,0.6704311073223341,0.5861398032770043,154,3,16,15
LightGBM,SMOTE-NC,41,8,1.0,877132087.0,3056684009.0,829674096.0,619393271.0,1660900706.0,0.5,0.851063829787234,0.6907746044791453,0.56,0.45161290322580644,0.5,0.7417300184918841,0.478582862343474,0.41698211140973024,146,11,17,14
LightGBM,SMOTE-NC,42,8,2.0,877132087.0,3791339622.0,1057629693.0,3779244316.0,1640390223.0,0.5,0.898936170212766,0.7508438818565402,0.7619047619047619,0.5333333333333333,0.6274509803921569,0.7951476793248945,0.5816567286609071,0.5832500658586542,153,5,14,16
LightGBM,SMOTE-NC,43,8,3.0,877132087.0,3127342568.0,1882891508.0,2288023111.0,3111584072.0,0.5,0.8670212765957447,0.6643459915611815,0.6470588235294118,0.36666666666666664,0.46808510638297873,0.8257383966244726,0.5654767528930128,0.4197162332393936,152,6,19,11
LightGBM,SMOTE-NC,44,8,4.0,877132087.0,1127828914.0,2909468494.0,1038540425.0,344565074.0,0.5,0.8351063829787234,0.5913502109704641,0.4666666666666667,0.23333333333333334,0.3111111111111111,0.7398734177215189,0.4511148017243992,0.2469221444784797,150,8,23,7
LightGBM,SMOTE-NC,45,9,0.0,1244265337.0,3338291230.0,3283738325.0,894131694.0,1725196393.0,0.5,0.8723404255319149,0.6776248202177932,0.7058823529411765,0.3870967741935484,0.5,0.8029587014588042,0.557320123895821,0.4596653889532668,152,5,19,12
LightGBM,SMOTE-NC,46,9,1.0,1244265337.0,624068715.0,475072151.0,1181075784.0,3294172940.0,0.5,0.8882978723404256,0.7648448736387918,0.6923076923076923,0.5806451612903226,0.631578947368421,0.8758989110334908,0.728904747681216,0.5693876703992296,149,8,13,18
LightGBM,SMOTE-NC,47,9,2.0,1244265337.0,2744585060.0,2698465145.0,2505885385.0,422117871.0,0.5,0.8670212765957447,0.7048523206751055,0.6086956521739131,0.4666666666666667,0.5283018867924528,0.8284810126582278,0.5922065465264125,0.4578826257312429,149,9,16,14
LightGBM,SMOTE-NC,48,9,3.0,1244265337.0,1970194164.0,3222523595.0,2118848484.0,3510226021.0,0.5,0.8617021276595744,0.6611814345991561,0.6111111111111112,0.36666666666666664,0.4583333333333333,0.7856540084388185,0.5503767900405148,0.40121158995398626,151,7,19,11
LightGBM,SMOTE-NC,49,9,4.0,1244265337.0,173601491.0,2262051181.0,2663590845.0,1166067087.0,0.5,0.8670212765957447,0.6373417721518987,0.6923076923076923,0.3,0.4186046511627907,0.7424050632911393,0.4946458668571861,0.39648897255208004,154,4,21,9
LightGBM,Random undersampling,0,0,0.0,2684470948.0,4029279179.0,1625564220.0,4113154096.0,2096826827.0,0.5,0.75,0.7726525580439696,0.3787878787878788,0.8064516129032258,0.5154639175257731,0.8584343538113828,0.7001566250942356,0.4239536340419327,116,41,6,25
LightGBM,Random undersampling,1,0,1.0,2684470948.0,1907587041.0,1533363763.0,1935123000.0,3967924774.0,0.5,0.6648936170212766,0.6051982740908157,0.25,0.5161290322580645,0.3368421052631579,0.7129648654201767,0.4110031450345173,0.16476632453525103,109,48,15,16
LightGBM,Random undersampling,2,0,2.0,2684470948.0,550160846.0,1220854287.0,3758582623.0,1758797183.0,0.5,0.6436170212765957,0.7069620253164557,0.2823529411764706,0.8,0.41739130434782606,0.7696202531645571,0.49668571301428527,0.30456623663907323,97,61,6,24
LightGBM,Random undersampling,3,0,3.0,2684470948.0,456733724.0,1924123574.0,1042257191.0,3100530728.0,0.5,0.7287234042553191,0.690084388185654,0.3220338983050847,0.6333333333333333,0.42696629213483145,0.740295358649789,0.4685684023280156,0.30001623374399694,118,40,11,19
LightGBM,Random undersampling,4,0,4.0,2684470948.0,3899025672.0,259983876.0,2020491716.0,459672635.0,0.5,0.723404255319149,0.6734177215189874,0.3103448275862069,0.6,0.4090909090909091,0.7472573839662447,0.4706079830146846,0.27499637527257415,118,40,12,18
LightGBM,Random undersampling,5,1,0.0,4091952314.0,2709696717.0,509225429.0,2889283136.0,559252348.0,0.5,0.6223404255319149,0.6314978426135196,0.25,0.6451612903225806,0.36036036036036034,0.7464557222108075,0.47339981707598483,0.19738876294596697,97,60,11,20
LightGBM,Random undersampling,6,1,1.0,4091952314.0,241719485.0,3569075123.0,2851770131.0,3212645757.0,0.5,0.7021276595744681,0.6404355866036573,0.288135593220339,0.5483870967741935,0.37777777777777777,0.7063899732895008,0.4820927383243711,0.2246037383524178,115,42,14,17
LightGBM,Random undersampling,7,1,2.0,4091952314.0,3113315634.0,131703264.0,396562379.0,3706032122.0,0.5,0.7180851063829787,0.6972573839662447,0.31746031746031744,0.6666666666666666,0.43010752688172044,0.7748945147679325,0.5245690156904308,0.3060745040607473,115,43,10,20
LightGBM,Random undersampling,8,1,3.0,4091952314.0,523556381.0,1153139301.0,1192008059.0,247100133.0,0.5,0.7127659574468085,0.721097046413502,0.3235294117647059,0.7333333333333333,0.4489795918367347,0.7748945147679325,0.48823228912552413,0.3370210506031952,112,46,8,22
LightGBM,Random undersampling,9,1,4.0,4091952314.0,3458391536.0,1910718987.0,1293739971.0,2684043472.0,0.5,0.723404255319149,0.7544303797468355,0.34285714285714286,0.8,0.48,0.7915611814345993,0.49898929010065357,0.38547667919818174,112,46,6,24
LightGBM,Random undersampling,10,2,0.0,233227757.0,1292076234.0,349069215.0,3259561272.0,1985005723.0,0.5,0.723404255319149,0.6661187589891104,0.3157894736842105,0.5806451612903226,0.4090909090909091,0.7326895418122046,0.4394432025541488,0.2682293339077705,118,39,13,18
LightGBM,Random undersampling,11,2,1.0,233227757.0,2243896038.0,4054081460.0,2363044522.0,4000385670.0,0.5,0.7287234042553191,0.7081364290117115,0.3387096774193548,0.6774193548387096,0.45161290322580644,0.8006985822888844,0.6204864789032283,0.32856980543712344,116,41,10,21
LightGBM,Random undersampling,12,2,2.0,233227757.0,851682062.0,1916021341.0,4084570687.0,2983643749.0,0.5,0.7074468085106383,0.6639240506329114,0.29508196721311475,0.6,0.3956043956043956,0.7546413502109705,0.41550734477461215,0.25644548995966315,115,43,12,18
LightGBM,Random undersampling,13,2,3.0,233227757.0,3834429963.0,3984840489.0,154349178.0,1312888659.0,0.5,0.7287234042553191,0.6765822784810127,0.3157894736842105,0.6,0.41379310344827586,0.7364978902953586,0.4921823019388836,0.281379988243966,119,39,12,18
LightGBM,Random undersampling,14,2,4.0,233227757.0,3941955730.0,933594718.0,1733069696.0,1199833550.0,0.5,0.7659574468085106,0.779746835443038,0.3870967741935484,0.8,0.5217391304347826,0.869198312236287,0.6005208331078097,0.4358160614585321,120,38,6,24
LightGBM,Random undersampling,15,3,0.0,3276785861.0,2794086942.0,1525106120.0,2076754488.0,4284496142.0,0.5,0.7446808510638298,0.7176905691391,0.3559322033898305,0.6774193548387096,0.4666666666666667,0.7791247174851038,0.4584907073725616,0.34816044006494024,119,38,10,21
LightGBM,Random undersampling,16,3,1.0,3276785861.0,3337176271.0,3438021269.0,3718673550.0,1854357661.0,0.5,0.7074468085106383,0.7342305321553317,0.3333333333333333,0.7741935483870968,0.46601941747572817,0.808506266694062,0.5585950450411471,0.35760940416448306,109,48,7,24
LightGBM,Random undersampling,17,3,2.0,3276785861.0,3176062672.0,1889045341.0,1757768160.0,2594416135.0,0.5,0.7287234042553191,0.7035864978902953,0.32786885245901637,0.6666666666666666,0.43956043956043955,0.8135021097046413,0.5270312337320561,0.3184940769769304,117,41,10,20
LightGBM,Random undersampling,18,3,3.0,3276785861.0,615075798.0,1218541936.0,184895989.0,249489324.0,0.5,0.6914893617021277,0.7219409282700422,0.3108108108108108,0.7666666666666667,0.4423076923076923,0.7987341772151899,0.44874367423687034,0.3327271799292509,107,51,7,23
LightGBM,Random undersampling,19,3,4.0,3276785861.0,2328857014.0,3230020726.0,2478505835.0,2882809909.0,0.5,0.7393617021276596,0.6964135021097047,0.3333333333333333,0.6333333333333333,0.4367816091954023,0.7630801687763714,0.5640569312192021,0.31298060819012224,120,38,11,19
LightGBM,Random undersampling,20,4,0.0,3644269654.0,481961022.0,616815657.0,1007865775.0,3166614699.0,0.5,0.723404255319149,0.769673310047257,0.3561643835616438,0.8387096774193549,0.5,0.8530922539552085,0.5894893911014796,0.4106655615271764,110,47,5,26
LightGBM,Random undersampling,21,4,1.0,3644269654.0,934175084.0,514807432.0,1957160233.0,3957606813.0,0.5,0.75,0.7338196013971646,0.36666666666666664,0.7096774193548387,0.4835164835164835,0.7949455516745427,0.5060944228564719,0.3722725161018172,119,38,9,22
LightGBM,Random undersampling,22,4,2.0,3644269654.0,2927577421.0,3300540233.0,2235623216.0,4032617486.0,0.5,0.7393617021276596,0.7369198312236287,0.3492063492063492,0.7333333333333333,0.4731182795698925,0.7622362869198313,0.456591788354207,0.36761675728365695,117,41,8,22
LightGBM,Random undersampling,23,4,3.0,3644269654.0,3330064557.0,4235302473.0,2656289242.0,973479871.0,0.5,0.675531914893617,0.6719409282700421,0.28169014084507044,0.6666666666666666,0.39603960396039606,0.7565400843881857,0.508803774986548,0.25976242402000327,107,51,10,20
LightGBM,Random undersampling,24,4,4.0,3644269654.0,492020271.0,1622717889.0,64573608.0,2426269941.0,0.5,0.6382978723404256,0.609282700421941,0.2361111111111111,0.5666666666666667,0.3333333333333333,0.7632911392405063,0.3930500683599,0.16465515865972524,103,55,13,17
LightGBM,Random undersampling,25,5,0.0,1206282609.0,181252727.0,833214200.0,3569491634.0,2258844309.0,0.5,0.7340425531914894,0.7501540990343127,0.3582089552238806,0.7741935483870968,0.4897959183673469,0.8409697965892747,0.6530455214483495,0.38764858757005705,114,43,7,24
LightGBM,Random undersampling,26,5,1.0,1206282609.0,3588477321.0,233463143.0,2139661948.0,3540585982.0,0.5,0.675531914893617,0.6762892952537497,0.2916666666666667,0.6774193548387096,0.4077669902912621,0.7304294226422847,0.4908086183688266,0.2691481305027425,106,51,10,21
LightGBM,Random undersampling,27,5,2.0,1206282609.0,3175067715.0,2001095659.0,3232426174.0,1102441131.0,0.5,0.7287234042553191,0.7440928270042194,0.34328358208955223,0.7666666666666667,0.4742268041237113,0.7852320675105485,0.5257423516306773,0.3732880586886382,114,44,7,23
LightGBM,Random undersampling,28,5,3.0,1206282609.0,4174702542.0,1726120877.0,2398366674.0,4131630198.0,0.5,0.7393617021276596,0.7639240506329115,0.3582089552238806,0.8,0.4948453608247423,0.829746835443038,0.6028682065930604,0.4036156969917773,115,43,6,24
LightGBM,Random undersampling,29,5,4.0,1206282609.0,135446164.0,3318596406.0,468309453.0,1567321214.0,0.5,0.7180851063829787,0.7107594936708861,0.3230769230769231,0.7,0.4421052631578947,0.7643459915611814,0.45489637184846565,0.3245615576690429,114,44,9,21
LightGBM,Random undersampling,30,6,0.0,3543069911.0,1403774233.0,1356312015.0,3926009195.0,795017987.0,0.5,0.675531914893617,0.689233614136018,0.2972972972972973,0.7096774193548387,0.41904761904761906,0.7404972262173823,0.4703589049994401,0.28746876765170254,105,52,9,22
LightGBM,Random undersampling,31,6,1.0,3543069911.0,4175944194.0,1275516228.0,2192493279.0,1309668830.0,0.5,0.6914893617021277,0.7246763920279433,0.32,0.7741935483870968,0.4528301886792453,0.8052188206287241,0.4718112888867461,0.3405244157564625,106,51,7,24
LightGBM,Random undersampling,32,6,2.0,3543069911.0,1089924410.0,1577119906.0,1589949527.0,2066833538.0,0.5,0.6648936170212766,0.7331223628691983,0.30120481927710846,0.8333333333333334,0.4424778761061947,0.8183544303797469,0.605317341218981,0.3438502996332448,100,58,5,25
LightGBM,Random undersampling,33,6,3.0,3543069911.0,1853925516.0,963314331.0,4259239935.0,790169969.0,0.5,0.75,0.7567510548523206,0.36507936507936506,0.7666666666666667,0.4946236559139785,0.7936708860759494,0.5240583411875449,0.39838788389511176,118,40,7,23
LightGBM,Random undersampling,34,6,4.0,3543069911.0,3501807147.0,2393360264.0,1139884181.0,3018295593.0,0.5,0.6702127659574468,0.5877637130801687,0.23333333333333334,0.4666666666666667,0.3111111111111111,0.6341772151898735,0.33407627849628996,0.13789659592379322,112,46,16,14
LightGBM,Random undersampling,35,7,0.0,3479688010.0,3236768435.0,3275326176.0,2157329694.0,2625864656.0,0.5,0.6914893617021277,0.6987877542634067,0.30985915492957744,0.7096774193548387,0.43137254901960786,0.7787137867269366,0.5669083818014445,0.3043183853592745,108,49,9,22
LightGBM,Random undersampling,36,7,1.0,3479688010.0,2305656012.0,2951629289.0,3656704922.0,1480858932.0,0.5,0.7393617021276596,0.7274501746455722,0.3548387096774194,0.7096774193548387,0.4731182795698925,0.7546743373741525,0.49966569087663015,0.3590590075211211,117,40,9,22
LightGBM,Random undersampling,37,7,2.0,3479688010.0,2356649683.0,2311482813.0,23252088.0,3714210426.0,0.5,0.6702127659574468,0.6822784810126582,0.28378378378378377,0.7,0.40384615384615385,0.7664556962025315,0.4940559846510942,0.27326642914341515,105,53,9,21
LightGBM,Random undersampling,38,7,3.0,3479688010.0,2893281512.0,3913870700.0,843473531.0,1079171927.0,0.5,0.6595744680851063,0.7029535864978903,0.2875,0.7666666666666667,0.41818181818181815,0.7660337552742615,0.42927346670697725,0.3006484890807875,101,57,7,23
LightGBM,Random undersampling,39,7,4.0,3479688010.0,4199500584.0,4123960734.0,4226373514.0,3266336748.0,0.5,0.7340425531914894,0.6932489451476793,0.3275862068965517,0.6333333333333333,0.4318181818181818,0.7582278481012659,0.4226957482380261,0.3064436493305084,119,39,11,19
LightGBM,Random undersampling,40,8,0.0,877132087.0,1103542793.0,3246584012.0,3258689781.0,419907866.0,0.5,0.6648936170212766,0.7087528251489623,0.3,0.7741935483870968,0.43243243243243246,0.7760427367988494,0.5314386560009299,0.31335466117672256,101,56,7,24
LightGBM,Random undersampling,41,8,1.0,877132087.0,3056684009.0,1283748655.0,1985585005.0,1717718264.0,0.5,0.6861702127659575,0.6567700842408054,0.2878787878787879,0.6129032258064516,0.3917525773195876,0.7470721183480583,0.5435900334753239,0.24376535250489423,110,47,12,19
LightGBM,Random undersampling,42,8,2.0,877132087.0,3791339622.0,1870346503.0,3237923641.0,1848121112.0,0.5,0.7287234042553191,0.730590717299578,0.3384615384615385,0.7333333333333333,0.4631578947368421,0.8006329113924051,0.5355717209064914,0.3551008834156796,115,43,8,22
LightGBM,Random undersampling,43,8,3.0,877132087.0,3127342568.0,2673810794.0,1788381298.0,440774769.0,0.5,0.7340425531914894,0.7472573839662447,0.3484848484848485,0.7666666666666667,0.4791666666666667,0.8548523206751055,0.652368031939586,0.3794167969613532,115,43,7,23
LightGBM,Random undersampling,44,8,4.0,877132087.0,1127828914.0,2369685893.0,3796939242.0,2490201961.0,0.5,0.675531914893617,0.6854430379746835,0.2876712328767123,0.7,0.4077669902912621,0.6909282700421941,0.3981928568281794,0.2786886935484317,106,52,9,21
LightGBM,Random undersampling,45,9,0.0,1244265337.0,3338291230.0,425302151.0,233901734.0,1770262354.0,0.5,0.7393617021276596,0.7403944935278406,0.359375,0.7419354838709677,0.4842105263157895,0.8041914937333059,0.4492298091135569,0.37651679630125723,116,41,8,23
LightGBM,Random undersampling,46,9,1.0,1244265337.0,624068715.0,2342379907.0,2597872111.0,4102349314.0,0.5,0.6702127659574468,0.7378261762892953,0.3132530120481928,0.8387096774193549,0.45614035087719296,0.8530922539552086,0.6678766020171232,0.3554566360408827,100,57,5,26
LightGBM,Random undersampling,47,9,2.0,1244265337.0,2744585060.0,3487405529.0,515919603.0,1580957315.0,0.5,0.7127659574468085,0.680590717299578,0.3064516129032258,0.6333333333333333,0.41304347826086957,0.7911392405063291,0.5058034472130313,0.28134128854336615,115,43,11,19
LightGBM,Random undersampling,48,9,3.0,1244265337.0,1970194164.0,2791050168.0,3176236837.0,3364416125.0,0.5,0.75,0.6892405063291139,0.33962264150943394,0.6,0.43373493975903615,0.7381856540084389,0.40610877403819845,0.3080551324023372,123,35,12,18
LightGBM,Random undersampling,49,9,4.0,1244265337.0,173601491.0,3431935844.0,1617911799.0,427232557.0,0.5,0.7180851063829787,0.6432489451476793,0.2909090909090909,0.5333333333333333,0.3764705882352941,0.720042194092827,0.42040671613738817,0.23062343365435767,119,39,14,16
LightGBM,Threshold tuning,0,0,0.0,2684470948.0,4029279179.0,3789892236.0,3801940780.0,1192000132.0,0.22795846238249526,0.8723404255319149,0.8070680090404767,0.5945945945945946,0.7096774193548387,0.6470588235294118,0.8715841380727347,0.7181030328842043,0.573199636399727,142,15,9,22
LightGBM,Threshold tuning,1,0,1.0,2684470948.0,1907587041.0,2179200459.0,3686995914.0,1954251739.0,0.11331616590091675,0.7659574468085106,0.6657078282309431,0.35555555555555557,0.5161290322580645,0.42105263157894735,0.7468666529689748,0.5016937633503612,0.2882235205611532,128,29,15,16
LightGBM,Threshold tuning,2,0,2.0,2684470948.0,550160846.0,1865576201.0,696290716.0,2552503081.0,0.35143121452322207,0.8723404255319149,0.7080168776371307,0.6363636363636364,0.4666666666666667,0.5384615384615384,0.8067510548523207,0.5961756157287429,0.4739716387019047,150,8,16,14
LightGBM,Threshold tuning,3,0,3.0,2684470948.0,456733724.0,1255622846.0,1337740790.0,3137034488.0,0.23719357990243822,0.8723404255319149,0.6810126582278482,0.6666666666666666,0.4,0.5,0.7578059071729959,0.5126260587133202,0.4505753196080107,152,6,18,12
LightGBM,Threshold tuning,4,0,4.0,2684470948.0,3899025672.0,2198736427.0,651338462.0,425467139.0,0.15954253817056505,0.7553191489361702,0.7059071729957807,0.35185185185185186,0.6333333333333333,0.4523809523809524,0.7569620253164557,0.4754794087581884,0.33330464291444556,123,35,11,19
LightGBM,Threshold tuning,5,1,0.0,4091952314.0,2709696717.0,3953423047.0,1228360039.0,347819625.0,0.23100141221803563,0.8085106382978723,0.6782412163550442,0.42857142857142855,0.4838709677419355,0.45454545454545453,0.7628929525374976,0.5352778953568095,0.3398514039955694,137,20,16,15
LightGBM,Threshold tuning,6,1,1.0,4091952314.0,241719485.0,1760923526.0,1971728804.0,2333202397.0,0.09787646040135414,0.8191489361702128,0.6975549619889049,0.45714285714285713,0.5161290322580645,0.48484848484848486,0.7694678446681735,0.46015352314316693,0.3766768010855792,138,19,15,16
LightGBM,Threshold tuning,7,1,2.0,4091952314.0,3113315634.0,1317768216.0,2351869164.0,834810370.0,0.22675797748497034,0.8563829787234043,0.6850210970464135,0.5652173913043478,0.43333333333333335,0.49056603773584906,0.7601265822784811,0.48659595392348365,0.41355619234428426,148,10,17,13
LightGBM,Threshold tuning,8,1,3.0,4091952314.0,523556381.0,1331684447.0,3484782548.0,1010511178.0,0.3049858141812433,0.9042553191489362,0.7945147679324894,0.7307692307692307,0.6333333333333333,0.6785714285714286,0.8147679324894515,0.7327993542629735,0.6248590466194899,151,7,11,19
LightGBM,Threshold tuning,9,1,4.0,4091952314.0,3458391536.0,1249041492.0,2898612858.0,3994365298.0,0.1964325010812993,0.8776595744680851,0.7381856540084388,0.64,0.5333333333333333,0.5818181818181818,0.8573839662447258,0.6460699092573967,0.5137726248661634,149,9,14,16
LightGBM,Threshold tuning,10,2,0.0,233227757.0,1292076234.0,948406003.0,1491476953.0,1111135226.0,0.32740335800089965,0.8404255319148937,0.6585165399630162,0.5217391304347826,0.3870967741935484,0.4444444444444444,0.7542634066159852,0.49750384203278303,0.35902886225627473,146,11,19,12
LightGBM,Threshold tuning,11,2,1.0,233227757.0,2243896038.0,3328076318.0,3138939271.0,3495624904.0,0.25822511737436243,0.8936170212765957,0.7162523114855147,0.8235294117647058,0.45161290322580644,0.5833333333333334,0.8115882473803164,0.6676589215513956,0.5596273243184654,154,3,17,14
LightGBM,Threshold tuning,12,2,2.0,233227757.0,851682062.0,4042516165.0,2261006850.0,2229728963.0,0.17759591535517788,0.8031914893617021,0.7208860759493672,0.4186046511627907,0.6,0.4931506849315068,0.7552742616033755,0.49518085783453675,0.38518492128945664,133,25,12,18
LightGBM,Threshold tuning,13,2,3.0,233227757.0,3834429963.0,2913442899.0,73040007.0,101497248.0,0.12556803848771192,0.8351063829787234,0.6723628691983122,0.48148148148148145,0.43333333333333335,0.45614035087719296,0.7675105485232068,0.49608158633458904,0.3599714531725651,144,14,17,13
LightGBM,Threshold tuning,14,2,4.0,233227757.0,3941955730.0,1504901950.0,2005415263.0,3860435458.0,0.2621770923638838,0.8457446808510638,0.6786919831223629,0.52,0.43333333333333335,0.4727272727272727,0.8563291139240505,0.6130290852856458,0.3854432358384769,146,12,17,13
LightGBM,Threshold tuning,15,3,0.0,3276785861.0,2794086942.0,2914611115.0,3056979638.0,3227179152.0,0.32076822824938955,0.824468085106383,0.6619067187178961,0.4642857142857143,0.41935483870967744,0.4406779661016949,0.7873433326484488,0.540746156022796,0.3375099130153995,142,15,18,13
LightGBM,Threshold tuning,16,3,1.0,3276785861.0,3337176271.0,2793124765.0,1763105257.0,972233044.0,0.12307358639552934,0.8457446808510638,0.7652558043969591,0.5263157894736842,0.6451612903225806,0.5797101449275363,0.8253544277789193,0.6313152621881858,0.490216739373961,139,18,11,20
LightGBM,Threshold tuning,17,3,2.0,3276785861.0,3176062672.0,2764288236.0,3396326352.0,4287927962.0,0.3075909735849301,0.8617021276595744,0.7556962025316456,0.5625,0.6,0.5806451612903226,0.8246835443037974,0.5645000722965994,0.49831751979590316,144,14,12,18
LightGBM,Threshold tuning,18,3,3.0,3276785861.0,615075798.0,1964426224.0,4236204416.0,886781932.0,0.14774539108181842,0.7978723404255319,0.7042194092827004,0.40476190476190477,0.5666666666666667,0.4722222222222222,0.7862869198312236,0.4626898551433428,0.359099755182297,133,25,13,17
LightGBM,Threshold tuning,19,3,4.0,3276785861.0,2328857014.0,3097478172.0,4185735949.0,2344634898.0,0.11871742336513948,0.75,0.7162447257383966,0.3508771929824561,0.6666666666666666,0.45977011494252873,0.8006329113924051,0.5427464403249564,0.3445812281362785,121,37,10,20
LightGBM,Threshold tuning,20,4,0.0,3644269654.0,481961022.0,1304456192.0,2007036817.0,3907751187.0,0.24516421078421555,0.8723404255319149,0.742346414629135,0.6296296296296297,0.5483870967741935,0.5862068965517241,0.8325457160468461,0.639745641853463,0.5128642744682305,147,10,14,17
LightGBM,Threshold tuning,21,4,1.0,3644269654.0,934175084.0,3812596199.0,4194885905.0,2392864809.0,0.3550511398382676,0.8882978723404256,0.7260119169919869,0.75,0.4838709677419355,0.5882352941176471,0.79761660160263,0.6339572871681824,0.5440293985963678,152,5,16,15
LightGBM,Threshold tuning,22,4,2.0,3644269654.0,2927577421.0,3594678856.0,2568327374.0,18524552.0,0.36683715186659543,0.8563829787234043,0.7255274261603375,0.5517241379310345,0.5333333333333333,0.5423728813559322,0.7748945147679325,0.5814561841237176,0.4573208151486772,145,13,14,16
LightGBM,Threshold tuning,23,4,3.0,3644269654.0,3330064557.0,304359732.0,919831051.0,112088495.0,0.22770855920116076,0.8617021276595744,0.7286919831223628,0.5714285714285714,0.5333333333333333,0.5517241379310345,0.8139240506329114,0.5948136756424488,0.4704690950308469,146,12,14,16
LightGBM,Threshold tuning,24,4,4.0,3644269654.0,492020271.0,1248895377.0,1966815609.0,2860637642.0,0.25761086087126833,0.8457446808510638,0.6516877637130801,0.5238095238095238,0.36666666666666664,0.43137254901960786,0.8139240506329115,0.5037814636794922,0.3526970541231055,148,10,19,11
LightGBM,Threshold tuning,25,5,0.0,1206282609.0,181252727.0,2018002299.0,3192650107.0,7499787.0,0.26094988404898306,0.8723404255319149,0.7941236901582083,0.6,0.6774193548387096,0.6363636363636364,0.8169303472364906,0.649754088497952,0.5608037865356283,143,14,10,21
LightGBM,Threshold tuning,26,5,1.0,1206282609.0,3588477321.0,2296321615.0,229659089.0,1787764046.0,0.15834331054861459,0.7393617021276596,0.6756728991164989,0.3333333333333333,0.5806451612903226,0.4235294117647059,0.7622765564002465,0.5049022696314055,0.2881483640104995,121,36,13,18
LightGBM,Threshold tuning,27,5,2.0,1206282609.0,3175067715.0,4006932283.0,2684316457.0,2386581385.0,0.13399693170594476,0.8723404255319149,0.7350210970464135,0.6153846153846154,0.5333333333333333,0.5714285714285714,0.8046413502109704,0.5934026544850055,0.4986339383482175,148,10,14,16
LightGBM,Threshold tuning,28,5,3.0,1206282609.0,4174702542.0,2356522284.0,1290292297.0,1501216804.0,0.2836717498954065,0.8776595744680851,0.7111814345991561,0.6666666666666666,0.4666666666666667,0.5490196078431373,0.8084388185654009,0.6033920229628001,0.4910288611644347,151,7,16,14
LightGBM,Threshold tuning,29,5,4.0,1206282609.0,135446164.0,1934655498.0,1848570663.0,4244320194.0,0.13680915601490087,0.8457446808510638,0.6651898734177215,0.5217391304347826,0.4,0.4528301886792453,0.8191983122362869,0.5027751011606256,0.3692297589573256,147,11,18,12
LightGBM,Threshold tuning,30,6,0.0,3543069911.0,1403774233.0,766037096.0,674445202.0,2047769606.0,0.2769315518254508,0.824468085106383,0.6748510376001644,0.4666666666666667,0.45161290322580644,0.45901639344262296,0.7809739058968563,0.4998967004639072,0.35435593562407947,141,16,17,14
LightGBM,Threshold tuning,31,6,1.0,3543069911.0,4175944194.0,2149113957.0,2397971322.0,850054816.0,0.09940760438442148,0.7872340425531915,0.7043353194986646,0.4,0.5806451612903226,0.47368421052631576,0.82823094308609,0.5951563333122143,0.3554101564762143,130,27,13,18
LightGBM,Threshold tuning,32,6,2.0,3543069911.0,1089924410.0,654633030.0,2311140032.0,1892866355.0,0.18681578120727318,0.7978723404255319,0.7852320675105485,0.42592592592592593,0.7666666666666667,0.5476190476190477,0.8565400843881856,0.6791761701164704,0.46170889059460085,127,31,7,23
LightGBM,Threshold tuning,33,6,3.0,3543069911.0,1853925516.0,1328278293.0,1852201009.0,892936390.0,0.2921508165029189,0.8776595744680851,0.7246835443037974,0.6521739130434783,0.5,0.5660377358490566,0.8443037974683545,0.608187929264948,0.5022090591182015,150,8,15,15
LightGBM,Threshold tuning,34,6,4.0,3543069911.0,3501807147.0,1583823647.0,1294313068.0,3526107468.0,0.26250253716908917,0.8297872340425532,0.6827004219409283,0.4666666666666667,0.4666666666666667,0.4666666666666667,0.6892405063291139,0.45008510509891536,0.36540084388185656,142,16,16,14
LightGBM,Threshold tuning,35,7,0.0,3479688010.0,3236768435.0,2503679137.0,1084651172.0,3972627682.0,0.28315300079816963,0.851063829787234,0.7166632422436819,0.5517241379310345,0.5161290322580645,0.5333333333333333,0.749948633655229,0.5611236076936992,0.44519301889109497,144,13,15,16
LightGBM,Threshold tuning,36,7,1.0,3479688010.0,2305656012.0,2118795567.0,972012605.0,3074939955.0,0.03579183439225159,0.7287234042553191,0.7599137045407849,0.35714285714285715,0.8064516129032258,0.49504950495049505,0.8015204438052188,0.5576594771727543,0.39902474101723395,112,45,6,25
LightGBM,Threshold tuning,37,7,2.0,3479688010.0,2356649683.0,3972630791.0,3448466906.0,3839326222.0,0.1731014815520669,0.7819148936170213,0.7487341772151899,0.39622641509433965,0.7,0.5060240963855421,0.8229957805907173,0.6183683131419645,0.404901896435179,126,32,9,21
LightGBM,Threshold tuning,38,7,3.0,3479688010.0,2893281512.0,4028401517.0,2328265542.0,2390913312.0,0.27330781192781867,0.8617021276595744,0.6611814345991561,0.6111111111111112,0.36666666666666664,0.4583333333333333,0.8046413502109705,0.5304031396870943,0.40121158995398626,151,7,19,11
LightGBM,Threshold tuning,39,7,4.0,3479688010.0,4199500584.0,1378795233.0,1166008649.0,3529109100.0,0.2890441349278682,0.8776595744680851,0.7246835443037974,0.6521739130434783,0.5,0.5660377358490566,0.7972573839662447,0.550505035654378,0.5022090591182015,150,8,15,15
LightGBM,Threshold tuning,40,8,0.0,877132087.0,1103542793.0,27832316.0,1764019456.0,2445252266.0,0.1360344382271424,0.8351063829787234,0.7588863776453667,0.5,0.6451612903225806,0.5633802816901409,0.8126155742757346,0.6681821981230492,0.4694712637157244,137,20,11,20
LightGBM,Threshold tuning,41,8,1.0,877132087.0,3056684009.0,2080448921.0,601728164.0,3652856307.0,0.42379354106824557,0.8670212765957447,0.6744401068419972,0.6666666666666666,0.3870967741935484,0.4897959183673469,0.7624820217793302,0.5402113054883226,0.4399935393299529,151,6,19,12
LightGBM,Threshold tuning,42,8,2.0,877132087.0,3791339622.0,2293662023.0,3148992289.0,1915314018.0,0.20139645117728566,0.8297872340425532,0.7637130801687764,0.47619047619047616,0.6666666666666666,0.5555555555555556,0.8135021097046414,0.6051269152591995,0.46371352683664385,136,22,10,20
LightGBM,Threshold tuning,43,8,3.0,877132087.0,3127342568.0,2042230245.0,1548072624.0,3657101559.0,0.1972435859716461,0.8723404255319149,0.7620253164556963,0.6,0.6,0.6,0.870675105485232,0.650629536851362,0.5240506329113924,146,12,12,18
LightGBM,Threshold tuning,44,8,4.0,877132087.0,1127828914.0,207374931.0,3131831245.0,592105494.0,0.22075599729694695,0.8191489361702128,0.649367088607595,0.42857142857142855,0.4,0.41379310344827586,0.7166666666666667,0.4244643955869055,0.30728055284302547,142,16,18,12
LightGBM,Threshold tuning,45,9,0.0,1244265337.0,3338291230.0,2751281701.0,142963244.0,3389685011.0,0.27707517572682655,0.851063829787234,0.6648859667146085,0.5714285714285714,0.3870967741935484,0.46153846153846156,0.7961783439490446,0.5111001728409269,0.3884869911988517,148,9,19,12
LightGBM,Threshold tuning,46,9,1.0,1244265337.0,624068715.0,3038806714.0,2105848662.0,2194515080.0,0.1419106507239419,0.8085106382978723,0.8335730429422643,0.4576271186440678,0.8709677419354839,0.6,0.865420176700226,0.677343165457283,0.5334954926337239,125,32,4,27
LightGBM,Threshold tuning,47,9,2.0,1244265337.0,2744585060.0,1954771778.0,1873460554.0,505032549.0,0.12961889831706846,0.7712765957446809,0.7018987341772152,0.3673469387755102,0.6,0.45569620253164556,0.8116033755274261,0.5493375396648098,0.3368583541935014,127,31,12,18
LightGBM,Threshold tuning,48,9,3.0,1244265337.0,1970194164.0,2725314369.0,3266124557.0,256695426.0,0.11607835517283728,0.7659574468085106,0.7122362869198312,0.36538461538461536,0.6333333333333333,0.4634146341463415,0.7744725738396624,0.5607435946069137,0.34751029855613436,125,33,11,19
LightGBM,Threshold tuning,49,9,4.0,1244265337.0,173601491.0,1570828785.0,4096424408.0,1602994139.0,0.1609316291674684,0.8670212765957447,0.6643459915611815,0.6470588235294118,0.36666666666666664,0.46808510638297873,0.7694092827004219,0.5389677808350886,0.4197162332393936,152,6,19,11
LightGBM,Calibrated sigmoid + threshold,0,0,0.0,2684470948.0,4029279179.0,3967070245.0,133870618.0,527734835.0,0.27544877805403356,0.8776595744680851,0.7973084035340046,0.6176470588235294,0.6774193548387096,0.6461538461538462,0.8658311074583932,0.7175662348305193,0.5732816419825003,144,13,10,21
LightGBM,Calibrated sigmoid + threshold,1,0,1.0,2684470948.0,1907587041.0,792860250.0,4234735361.0,648155227.0,0.3313734515471897,0.8670212765957447,0.6873844257242655,0.65,0.41935483870967744,0.5098039215686274,0.7729607561125951,0.5090542118443504,0.4510498286544431,150,7,18,13
LightGBM,Calibrated sigmoid + threshold,2,0,2.0,2684470948.0,550160846.0,1583889975.0,2955059940.0,1705714839.0,0.2535323497086767,0.8031914893617021,0.7073839662447257,0.4146341463414634,0.5666666666666667,0.4788732394366197,0.8305907172995781,0.6256362310880718,0.367827120156456,134,24,13,17
LightGBM,Calibrated sigmoid + threshold,3,0,3.0,2684470948.0,456733724.0,2944692030.0,1027041084.0,2219517225.0,0.3224502126710919,0.8457446808510638,0.6516877637130801,0.5238095238095238,0.36666666666666664,0.43137254901960786,0.7647679324894514,0.5323196744046218,0.3526970541231055,148,10,19,11
LightGBM,Calibrated sigmoid + threshold,4,0,4.0,2684470948.0,3899025672.0,4048053049.0,3414887090.0,818288438.0,0.27485315655453635,0.8351063829787234,0.6858649789029536,0.4827586206896552,0.4666666666666667,0.4745762711864407,0.7689873417721519,0.5780460873134655,0.3768939552347845,143,15,16,14
LightGBM,Calibrated sigmoid + threshold,5,1,0.0,4091952314.0,2709696717.0,1791683147.0,4064723727.0,3601039299.0,0.28373002203776165,0.8031914893617021,0.6880008218615163,0.42105263157894735,0.5161290322580645,0.463768115942029,0.7838504212040271,0.6165229256343057,0.3474425379761226,135,22,15,16
LightGBM,Calibrated sigmoid + threshold,6,1,1.0,4091952314.0,241719485.0,2183199759.0,800006793.0,1797420522.0,0.2694947127707357,0.824468085106383,0.6877953564824327,0.46875,0.4838709677419355,0.47619047619047616,0.7889870556811177,0.5279980764738845,0.37085849362745865,140,17,16,15
LightGBM,Calibrated sigmoid + threshold,7,1,2.0,4091952314.0,3113315634.0,3125731522.0,311745144.0,3002194668.0,0.2437224680708894,0.8457446808510638,0.7327004219409283,0.5151515151515151,0.5666666666666667,0.5396825396825397,0.760337552742616,0.5162618948139419,0.4480159938152291,142,16,13,17
LightGBM,Calibrated sigmoid + threshold,8,1,3.0,4091952314.0,523556381.0,1909199244.0,1608483159.0,134794779.0,0.2281783650106007,0.8297872340425532,0.7772151898734176,0.4772727272727273,0.7,0.5675675675675675,0.8550632911392405,0.6959991344010068,0.47954415927049804,135,23,9,21
LightGBM,Calibrated sigmoid + threshold,9,1,4.0,4091952314.0,3458391536.0,2175652465.0,2988520532.0,3741998647.0,0.29113933633328504,0.8882978723404256,0.7985232067510548,0.6451612903225806,0.6666666666666666,0.6557377049180327,0.8742616033755274,0.6505368270848918,0.5892052278590746,147,11,10,20
LightGBM,Calibrated sigmoid + threshold,10,2,0.0,233227757.0,1292076234.0,2006594184.0,609447216.0,3860476201.0,0.3416208668800463,0.8617021276595744,0.6583110745839327,0.6470588235294118,0.3548387096774194,0.4583333333333333,0.7468666529689747,0.5390497911327206,0.4096844212706675,151,6,20,11
LightGBM,Calibrated sigmoid + threshold,11,2,1.0,233227757.0,2243896038.0,1479123229.0,114741515.0,1286279982.0,0.23065627018816012,0.824468085106383,0.700739675364701,0.47058823529411764,0.5161290322580645,0.49230769230769234,0.7972056708444627,0.5922201731744501,0.38707405958320856,139,18,15,16
LightGBM,Calibrated sigmoid + threshold,12,2,2.0,233227757.0,851682062.0,4081169033.0,1653481521.0,776066797.0,0.31305674323207416,0.8457446808510638,0.6786919831223629,0.52,0.43333333333333335,0.4727272727272727,0.7727848101265824,0.48548854082713294,0.3854432358384769,146,12,17,13
LightGBM,Calibrated sigmoid + threshold,13,2,3.0,233227757.0,3834429963.0,2219992686.0,1577566290.0,2952378708.0,0.3070039128470083,0.8404255319148937,0.689029535864979,0.5,0.4666666666666667,0.4827586206896552,0.8004219409282701,0.5468864684660094,0.3888748239369362,144,14,16,14
LightGBM,Calibrated sigmoid + threshold,14,2,4.0,233227757.0,3941955730.0,2782208211.0,2737336553.0,1492387053.0,0.2545348955844825,0.8563829787234043,0.7660337552742615,0.5428571428571428,0.6333333333333333,0.5846153846153846,0.8729957805907173,0.6737981845524084,0.5005830888782052,142,16,11,19
LightGBM,Calibrated sigmoid + threshold,15,3,0.0,3276785861.0,2794086942.0,1572368691.0,907608365.0,2496524647.0,0.26083317926761085,0.8404255319148937,0.7102938154920896,0.5161290322580645,0.5161290322580645,0.5161290322580645,0.7873433326484487,0.5493906593588258,0.4205876309841792,142,15,15,16
LightGBM,Calibrated sigmoid + threshold,16,3,1.0,3276785861.0,3337176271.0,1132057579.0,2946728256.0,3854295073.0,0.3246293405103978,0.8882978723404256,0.7130675981097185,0.7777777777777778,0.45161290322580644,0.5714285714285714,0.8276145469488391,0.665648749724977,0.5374243819613206,153,4,17,14
LightGBM,Calibrated sigmoid + threshold,17,3,2.0,3276785861.0,3176062672.0,830355740.0,3131316855.0,4180303065.0,0.2680547614840883,0.8404255319148937,0.7430379746835443,0.5,0.6,0.5454545454545454,0.85,0.5861453480803592,0.4523975658955824,140,18,12,18
LightGBM,Calibrated sigmoid + threshold,18,3,3.0,3276785861.0,615075798.0,1405204174.0,123086226.0,895278242.0,0.27653773266251575,0.8138297872340425,0.700210970464135,0.43243243243243246,0.5333333333333333,0.47761194029850745,0.789873417721519,0.4879255308058501,0.3688227499066867,137,21,14,16
LightGBM,Calibrated sigmoid + threshold,19,3,4.0,3276785861.0,2328857014.0,2229118734.0,1782620610.0,1078562576.0,0.27667758792891034,0.8670212765957447,0.7183544303797469,0.6,0.5,0.5454545454545454,0.8213080168776371,0.6519679296941461,0.47099616185693455,148,10,15,15
LightGBM,Calibrated sigmoid + threshold,20,4,0.0,3644269654.0,481961022.0,3055923535.0,731175583.0,4024248582.0,0.28694430860038805,0.8829787234042553,0.774604479145264,0.6551724137931034,0.6129032258064516,0.6333333333333333,0.8243271008835011,0.6177242018818201,0.5642489044551432,147,10,12,19
LightGBM,Calibrated sigmoid + threshold,21,4,1.0,3644269654.0,934175084.0,2013800707.0,3960435948.0,1981742900.0,0.2684354679983169,0.8829787234042553,0.7616601602629958,0.6666666666666666,0.5806451612903226,0.6206896551724138,0.7914526402301213,0.657881095060928,0.5537368830311924,148,9,13,18
LightGBM,Calibrated sigmoid + threshold,22,4,2.0,3644269654.0,2927577421.0,3785705131.0,1487943877.0,47708250.0,0.2885811355824052,0.851063829787234,0.7493670886075949,0.5294117647058824,0.6,0.5625,0.7926160337552743,0.5924104226428627,0.47452432757369195,142,16,12,18
LightGBM,Calibrated sigmoid + threshold,23,4,3.0,3644269654.0,3330064557.0,1114590871.0,3005415896.0,3093980206.0,0.2766582889774367,0.851063829787234,0.7358649789029537,0.53125,0.5666666666666667,0.5483870967741935,0.8012658227848102,0.5973808874028931,0.459669131296881,143,15,13,17
LightGBM,Calibrated sigmoid + threshold,24,4,4.0,3644269654.0,492020271.0,3469187770.0,1783322673.0,4209446180.0,0.27075935980202437,0.851063829787234,0.7763713080168776,0.5263157894736842,0.6666666666666666,0.5882352941176471,0.8284810126582278,0.5559349146867925,0.5040512460037885,140,18,10,20
LightGBM,Calibrated sigmoid + threshold,25,5,0.0,1206282609.0,181252727.0,2316092381.0,2311066610.0,2193556591.0,0.2775025376758908,0.8723404255319149,0.7682350523936716,0.6129032258064516,0.6129032258064516,0.6129032258064516,0.847955619478118,0.6520851264503265,0.5364701047873434,145,12,12,19
LightGBM,Calibrated sigmoid + threshold,26,5,1.0,1206282609.0,3588477321.0,2260342398.0,729318165.0,3063598054.0,0.2701394517040593,0.8031914893617021,0.7009451407437847,0.425,0.5483870967741935,0.4788732394366197,0.7770700636942676,0.5202272979004916,0.3643991237412527,134,23,14,17
LightGBM,Calibrated sigmoid + threshold,27,5,2.0,1206282609.0,3175067715.0,1654081736.0,1631485498.0,3327081249.0,0.24496362704364968,0.851063829787234,0.7358649789029537,0.53125,0.5666666666666667,0.5483870967741935,0.8257383966244725,0.5954697289088493,0.459669131296881,143,15,13,17
LightGBM,Calibrated sigmoid + threshold,28,5,3.0,1206282609.0,4174702542.0,377937728.0,151145565.0,1369015022.0,0.20170926732909744,0.7872340425531915,0.7383966244725738,0.4,0.6666666666666666,0.5,0.8179324894514769,0.5906678889736351,0.39517978711878887,128,30,10,20
LightGBM,Calibrated sigmoid + threshold,29,5,4.0,1206282609.0,135446164.0,1288043330.0,1341890837.0,332374546.0,0.2915682315800879,0.8404255319148937,0.689029535864979,0.5,0.4666666666666667,0.4827586206896552,0.8331223628691983,0.5322157769257595,0.3888748239369362,144,14,16,14
LightGBM,Calibrated sigmoid + threshold,30,6,0.0,3543069911.0,1403774233.0,1572594547.0,3771511525.0,885050560.0,0.3471423762365374,0.8670212765957447,0.6744401068419972,0.6666666666666666,0.3870967741935484,0.4897959183673469,0.7653585370865009,0.5083837054953457,0.4399935393299529,151,6,19,12
LightGBM,Calibrated sigmoid + threshold,31,6,1.0,3543069911.0,4175944194.0,3134411774.0,1715111468.0,3122922659.0,0.3222185331950205,0.8776595744680851,0.7325868091226628,0.6666666666666666,0.5161290322580645,0.5818181818181818,0.8524758578179576,0.6460277221282692,0.5172710875106451,149,8,15,16
LightGBM,Calibrated sigmoid + threshold,32,6,2.0,3543069911.0,1089924410.0,408156811.0,2959097056.0,707214556.0,0.21691935136748478,0.8138297872340425,0.7947257383966245,0.45098039215686275,0.7666666666666667,0.5679012345679012,0.8708860759493671,0.6613201526528083,0.48550293458782834,130,28,7,23
LightGBM,Calibrated sigmoid + threshold,33,6,3.0,3543069911.0,1853925516.0,892482798.0,1194099031.0,428814575.0,0.3119994633172045,0.8829787234042553,0.7548523206751054,0.6538461538461539,0.5666666666666667,0.6071428571428571,0.8251054852320675,0.6448634498471869,0.5407089744386416,149,9,13,17
LightGBM,Calibrated sigmoid + threshold,34,6,4.0,3543069911.0,3501807147.0,2925276227.0,923553370.0,3124964930.0,0.2706513431396897,0.8031914893617021,0.6533755274261603,0.3939393939393939,0.43333333333333335,0.4126984126984127,0.6706751054852319,0.4098202173605449,0.2952925000033287,138,20,17,13
LightGBM,Calibrated sigmoid + threshold,35,7,0.0,3479688010.0,3236768435.0,1920268844.0,3291436950.0,430618659.0,0.32391539575843314,0.8563829787234043,0.6939593178549415,0.5833333333333334,0.45161290322580644,0.509090909090909,0.8046024244914731,0.6272387407950516,0.43136387509721635,147,10,17,14
LightGBM,Calibrated sigmoid + threshold,36,7,1.0,3479688010.0,2305656012.0,1778800365.0,1696666837.0,1655589236.0,0.29179971944263916,0.8404255319148937,0.7491267721388946,0.5135135135135135,0.6129032258064516,0.5588235294117647,0.7933018286418738,0.5828167847599431,0.46504152501483376,139,18,12,19
LightGBM,Calibrated sigmoid + threshold,37,7,2.0,3479688010.0,2356649683.0,3201443946.0,3184178355.0,4001667501.0,0.2563669426736645,0.8457446808510638,0.8002109704641349,0.5116279069767442,0.7333333333333333,0.6027397260273972,0.8402953586497891,0.6666800677848325,0.5235130305586407,137,21,8,22
LightGBM,Calibrated sigmoid + threshold,38,7,3.0,3479688010.0,2893281512.0,605012233.0,692992931.0,3942018035.0,0.3640136600009662,0.8670212765957447,0.6238396624472574,0.7272727272727273,0.26666666666666666,0.3902439024390244,0.8040084388185654,0.5418863204495402,0.38645234799487915,155,3,22,8
LightGBM,Calibrated sigmoid + threshold,39,7,4.0,3479688010.0,4199500584.0,1980643141.0,1213667572.0,4214260042.0,0.2572062035530008,0.8457446808510638,0.6786919831223629,0.52,0.43333333333333335,0.4727272727272727,0.7869198312236286,0.5094297366761518,0.3854432358384769,146,12,17,13
LightGBM,Calibrated sigmoid + threshold,40,8,0.0,877132087.0,1103542793.0,3165731853.0,2671591528.0,1289960190.0,0.20743664079023713,0.7712765957446809,0.7206698171358126,0.38461538461538464,0.6451612903225806,0.4819277108433735,0.8037805629751387,0.6538789032979729,0.3661276076934202,125,32,11,20
LightGBM,Calibrated sigmoid + threshold,41,8,1.0,877132087.0,3056684009.0,2562180117.0,63548776.0,3262772296.0,0.24699865085383546,0.8404255319148937,0.7361824532566263,0.5142857142857142,0.5806451612903226,0.5454545454545454,0.7854941442366961,0.5806526245641619,0.45032759526559885,140,17,13,18
LightGBM,Calibrated sigmoid + threshold,42,8,2.0,877132087.0,3791339622.0,580349021.0,2194029133.0,2873238496.0,0.2722514845679309,0.8723404255319149,0.7350210970464135,0.6153846153846154,0.5333333333333333,0.5714285714285714,0.8278481012658228,0.5261443727146736,0.4986339383482175,148,10,14,16
LightGBM,Calibrated sigmoid + threshold,43,8,3.0,877132087.0,3127342568.0,2602691840.0,2451041511.0,3486838179.0,0.2891721857834639,0.8829787234042553,0.7548523206751054,0.6538461538461539,0.5666666666666667,0.6071428571428571,0.8729957805907173,0.637456880178545,0.5407089744386416,149,9,13,17
LightGBM,Calibrated sigmoid + threshold,44,8,4.0,877132087.0,1127828914.0,1798287831.0,2868740570.0,1184226382.0,0.2533618222890394,0.7978723404255319,0.7042194092827004,0.40476190476190477,0.5666666666666667,0.4722222222222222,0.759915611814346,0.4642863186895593,0.359099755182297,133,25,13,17
LightGBM,Calibrated sigmoid + threshold,45,9,0.0,1244265337.0,3338291230.0,3976124646.0,1234441581.0,1843377174.0,0.31973416352614753,0.8457446808510638,0.6228682966920074,0.5625,0.2903225806451613,0.3829787234042553,0.8341894390795151,0.5347099592923513,0.32679566864226284,150,7,22,9
LightGBM,Calibrated sigmoid + threshold,46,9,1.0,1244265337.0,624068715.0,1442287547.0,4276464882.0,1277218736.0,0.2537356604735824,0.8457446808510638,0.7782001232792275,0.525,0.6774193548387096,0.5915492957746479,0.8629545921512225,0.6569313388259991,0.5044953103738816,138,19,10,21
LightGBM,Calibrated sigmoid + threshold,47,9,2.0,1244265337.0,2744585060.0,3064739390.0,663013297.0,1139687524.0,0.26585571991427864,0.8563829787234043,0.7390295358649789,0.5483870967741935,0.5666666666666667,0.5573770491803278,0.8710970464135022,0.6127054271896312,0.471780581741577,144,14,13,17
LightGBM,Calibrated sigmoid + threshold,48,9,3.0,1244265337.0,1970194164.0,1012438215.0,785734595.0,1742068925.0,0.22235526126296604,0.8031914893617021,0.6803797468354431,0.40540540540540543,0.5,0.44776119402985076,0.7921940928270043,0.5733463128045282,0.33229025413089264,136,22,15,15
LightGBM,Calibrated sigmoid + threshold,49,9,4.0,1244265337.0,173601491.0,2366332561.0,3349295003.0,3317547775.0,0.29227426730510064,0.8670212765957447,0.6778481012658228,0.631578947368421,0.4,0.4897959183673469,0.7808016877637131,0.5791787300273205,0.43216366175486665,151,7,18,12
LightGBM,Calibrated isotonic + threshold,0,0,0.0,2684470948.0,4029279179.0,345735454.0,274592817.0,2331512675.0,0.2028985507246377,0.8670212765957447,0.8297719334292172,0.5714285714285714,0.7741935483870968,0.6575342465753424,0.8846311896445449,0.6958809656879094,0.5875884983678212,139,18,7,24
LightGBM,Calibrated isotonic + threshold,1,0,1.0,2684470948.0,1907587041.0,1679956907.0,4284530442.0,2167245685.0,0.3666666666666667,0.8723404255319149,0.664680501335525,0.7333333333333333,0.3548387096774194,0.4782608695652174,0.7512841586192728,0.4957996503162333,0.4510598468773373,153,4,20,11
LightGBM,Calibrated isotonic + threshold,2,0,2.0,2684470948.0,550160846.0,3461100969.0,227139269.0,4153371952.0,0.2574786324786325,0.8457446808510638,0.7462025316455696,0.5142857142857142,0.6,0.5538461538461539,0.810126582278481,0.6303270466145046,0.4632676167492986,141,17,12,18
LightGBM,Calibrated isotonic + threshold,3,0,3.0,2684470948.0,456733724.0,54664252.0,2432413196.0,1926448604.0,0.3116013071895425,0.8297872340425532,0.6286919831223629,0.45454545454545453,0.3333333333333333,0.38461538461538464,0.7683544303797469,0.5209386260765978,0.29322789006912964,146,12,20,10
LightGBM,Calibrated isotonic + threshold,4,0,4.0,2684470948.0,3899025672.0,410022572.0,1725870749.0,3531066504.0,0.26851851851851855,0.824468085106383,0.679535864978903,0.45161290322580644,0.4666666666666667,0.45901639344262296,0.7563291139240504,0.5156289192308992,0.35435593562407947,141,17,16,14
LightGBM,Calibrated isotonic + threshold,5,1,0.0,4091952314.0,2709696717.0,1183341844.0,92196299.0,4213187924.0,0.2718988097329995,0.8191489361702128,0.7234435997534416,0.46153846153846156,0.5806451612903226,0.5142857142857142,0.7677213889459628,0.578587054920146,0.4089810169132551,136,21,13,18
LightGBM,Calibrated isotonic + threshold,6,1,1.0,4091952314.0,241719485.0,1622434598.0,4285744998.0,1079756657.0,0.25514304108485614,0.824468085106383,0.6877953564824327,0.46875,0.4838709677419355,0.47619047619047616,0.7457365933840149,0.47120690458432823,0.37085849362745865,140,17,16,15
LightGBM,Calibrated isotonic + threshold,7,1,2.0,4091952314.0,3113315634.0,4243137995.0,3654131740.0,3519016206.0,0.28341671531298057,0.8563829787234043,0.7120253164556962,0.5555555555555556,0.5,0.5263157894736842,0.7422995780590718,0.4710760378499383,0.4428045415403035,146,12,15,15
LightGBM,Calibrated isotonic + threshold,8,1,3.0,4091952314.0,523556381.0,4054119256.0,3929336865.0,3532826038.0,0.23318250377073904,0.8351063829787234,0.7668776371308017,0.4878048780487805,0.6666666666666666,0.5633802816901409,0.8169831223628692,0.690598849057719,0.4733482268544424,137,21,10,20
LightGBM,Calibrated isotonic + threshold,9,1,4.0,4091952314.0,3458391536.0,2447723840.0,1580205710.0,274818661.0,0.25995953937130406,0.8936170212765957,0.8151898734177214,0.65625,0.7,0.6774193548387096,0.8490506329113923,0.6336851831906585,0.6142626852929698,147,11,9,21
LightGBM,Calibrated isotonic + threshold,10,2,0.0,233227757.0,1292076234.0,1627750315.0,2013716929.0,3327376460.0,0.29316881948460893,0.824468085106383,0.6748510376001644,0.4666666666666667,0.45161290322580644,0.45901639344262296,0.7435792069036368,0.5236765166647757,0.35435593562407947,141,16,17,14
LightGBM,Calibrated isotonic + threshold,11,2,1.0,233227757.0,2243896038.0,3031474218.0,4015233946.0,3555276667.0,0.30850233930293847,0.8776595744680851,0.6937538524758579,0.7222222222222222,0.41935483870967744,0.5306122448979592,0.8126155742757346,0.6180871014769944,0.4887089606456367,152,5,18,13
LightGBM,Calibrated isotonic + threshold,12,2,2.0,233227757.0,851682062.0,4284598309.0,2679923047.0,165364476.0,0.32585470085470086,0.8563829787234043,0.7255274261603375,0.5517241379310345,0.5333333333333333,0.5423728813559322,0.7924050632911395,0.5474401646355559,0.4573208151486772,145,13,14,16
LightGBM,Calibrated isotonic + threshold,13,2,3.0,233227757.0,3834429963.0,3119527212.0,3763171128.0,438191139.0,0.2229033631332482,0.7925531914893617,0.6875527426160337,0.3902439024390244,0.5333333333333333,0.4507042253521127,0.7887130801687763,0.5136565379985238,0.3326534179237939,133,25,14,16
LightGBM,Calibrated isotonic + threshold,14,2,4.0,233227757.0,3941955730.0,3168662091.0,666363550.0,2698569673.0,0.18025143830511645,0.8351063829787234,0.8208860759493671,0.4897959183673469,0.8,0.6075949367088608,0.8649789029535865,0.662088779493543,0.5353830268843424,133,25,6,24
LightGBM,Calibrated isotonic + threshold,15,3,0.0,3276785861.0,2794086942.0,1949021358.0,2916195051.0,873988619.0,0.28307859037651645,0.824468085106383,0.6619067187178961,0.4642857142857143,0.41935483870967744,0.4406779661016949,0.8039860283542224,0.5661898344036422,0.3375099130153995,142,15,18,13
LightGBM,Calibrated isotonic + threshold,16,3,1.0,3276785861.0,3337176271.0,4110071069.0,1252515899.0,3011280881.0,0.2656305443190689,0.8776595744680851,0.7455311280049312,0.6538461538461539,0.5483870967741935,0.5964912280701754,0.8136429011711526,0.6109275917663431,0.5278652180970359,148,9,14,17
LightGBM,Calibrated isotonic + threshold,17,3,2.0,3276785861.0,3176062672.0,2699895516.0,855780012.0,3284913188.0,0.2744999928946741,0.851063829787234,0.7358649789029537,0.53125,0.5666666666666667,0.5483870967741935,0.8287974683544305,0.6196929098770043,0.459669131296881,143,15,13,17
LightGBM,Calibrated isotonic + threshold,18,3,3.0,3276785861.0,615075798.0,2599781441.0,791137299.0,3088538274.0,0.22235008310957674,0.824468085106383,0.720042194092827,0.4594594594594595,0.5666666666666667,0.5074626865671642,0.7879746835443038,0.479401628785982,0.40535524568248077,138,20,13,17
LightGBM,Calibrated isotonic + threshold,19,3,4.0,3276785861.0,2328857014.0,1098283801.0,394706338.0,3733624511.0,0.2809522378529086,0.8723404255319149,0.7215189873417722,0.625,0.5,0.5555555555555556,0.8398734177215189,0.6413087061697952,0.48618614562743534,149,9,15,15
LightGBM,Calibrated isotonic + threshold,20,4,0.0,3644269654.0,481961022.0,123984753.0,1558988575.0,3004716546.0,0.3897058823529412,0.8723404255319149,0.7164577768645983,0.6521739130434783,0.4838709677419355,0.5555555555555556,0.8262790219847955,0.6404438578652227,0.49026170626958576,149,8,16,15
LightGBM,Calibrated isotonic + threshold,21,4,1.0,3644269654.0,934175084.0,72643810.0,877007625.0,2580752365.0,0.20119047619047617,0.8138297872340425,0.7590918430244504,0.45652173913043476,0.6774193548387096,0.5454545454545454,0.8070680090404767,0.6558464075518007,0.4472921960725229,132,25,10,21
LightGBM,Calibrated isotonic + threshold,22,4,2.0,3644269654.0,2927577421.0,753422552.0,3373478844.0,2930338442.0,0.25597371565113497,0.8351063829787234,0.7128691983122363,0.48484848484848486,0.5333333333333333,0.5079365079365079,0.7904008438818566,0.6073429909593293,0.409835120362254,141,17,14,16
LightGBM,Calibrated isotonic + threshold,23,4,3.0,3644269654.0,3330064557.0,952230127.0,1381040126.0,1750747989.0,0.2343975468975469,0.8351063829787234,0.7533755274261603,0.48717948717948717,0.6333333333333333,0.5507246376811594,0.8042194092827003,0.6175610068380637,0.45767626913584986,138,20,11,19
LightGBM,Calibrated isotonic + threshold,24,4,4.0,3644269654.0,492020271.0,1748681974.0,387327347.0,1399452676.0,0.29911511040095684,0.8617021276595744,0.7151898734177216,0.5769230769230769,0.5,0.5357142857142857,0.8296413502109704,0.5356678716696104,0.45655890225779344,147,11,15,15
LightGBM,Calibrated isotonic + threshold,25,5,0.0,1206282609.0,181252727.0,1137982827.0,508563092.0,2616089115.0,0.36494148875570676,0.8936170212765957,0.7680295870145881,0.72,0.5806451612903226,0.6428571428571429,0.8311074583932606,0.6591170872213963,0.5858407801120011,150,7,13,18
LightGBM,Calibrated isotonic + threshold,26,5,1.0,1206282609.0,3588477321.0,880600142.0,3446412182.0,126296276.0,0.28787185354691075,0.8138297872340425,0.6814259297308404,0.4411764705882353,0.4838709677419355,0.46153846153846156,0.7667967947400863,0.5269247655420702,0.3498325431033502,138,19,16,15
LightGBM,Calibrated isotonic + threshold,27,5,2.0,1206282609.0,3175067715.0,2552450295.0,1103915672.0,4294228479.0,0.1920177383592018,0.8191489361702128,0.7708860759493671,0.45652173913043476,0.7,0.5526315789473685,0.8482067510548523,0.646663648972779,0.46151174784400956,133,25,9,21
LightGBM,Calibrated isotonic + threshold,28,5,3.0,1206282609.0,4174702542.0,3601829481.0,3107655268.0,3747031529.0,0.32304093567251463,0.8617021276595744,0.7286919831223628,0.5714285714285714,0.5333333333333333,0.5517241379310345,0.8438818565400843,0.632426332404918,0.4704690950308469,146,12,14,16
LightGBM,Calibrated isotonic + threshold,29,5,4.0,1206282609.0,135446164.0,40355190.0,168281015.0,2238014103.0,0.24402848679649589,0.8085106382978723,0.6970464135021097,0.42105263157894735,0.5333333333333333,0.47058823529411764,0.8131856540084388,0.5181019779726883,0.3593769952423958,136,22,14,16
LightGBM,Calibrated isotonic + threshold,30,6,0.0,3543069911.0,1403774233.0,4150458777.0,90079318.0,3392390505.0,0.3134318008459885,0.851063829787234,0.6648859667146085,0.5714285714285714,0.3870967741935484,0.46153846153846156,0.7832340250667762,0.5390361839599465,0.3884869911988517,148,9,19,12
LightGBM,Calibrated isotonic + threshold,31,6,1.0,3543069911.0,4175944194.0,1754722508.0,1534520420.0,1193477230.0,0.19289890687701647,0.8617021276595744,0.7877542634066159,0.5675675675675675,0.6774193548387096,0.6176470588235294,0.8575097596055065,0.6290872323653428,0.5371469326047627,141,16,10,21
LightGBM,Calibrated isotonic + threshold,32,6,2.0,3543069911.0,1089924410.0,427108436.0,1499129370.0,2007612331.0,0.3148030258010614,0.8457446808510638,0.8002109704641349,0.5116279069767442,0.7333333333333333,0.6027397260273972,0.8707805907172996,0.6622297693111486,0.5235130305586407,137,21,8,22
LightGBM,Calibrated isotonic + threshold,33,6,3.0,3543069911.0,1853925516.0,3326235118.0,4009510073.0,3297449398.0,0.31909520834022215,0.8936170212765957,0.7476793248945148,0.7272727272727273,0.5333333333333333,0.6153846153846154,0.8167721518987341,0.591055903441061,0.5643435130182922,152,6,14,16
LightGBM,Calibrated isotonic + threshold,34,6,4.0,3543069911.0,3501807147.0,1994546513.0,755355991.0,2937586077.0,0.19324328034483707,0.7287234042553191,0.6360759493670887,0.29411764705882354,0.5,0.37037037037037035,0.6592827004219409,0.3923993960365141,0.2241584773150675,122,36,15,15
LightGBM,Calibrated isotonic + threshold,35,7,0.0,3479688010.0,3236768435.0,734150849.0,2947248567.0,1605854634.0,0.24032840722495893,0.8404255319148937,0.7232381343743579,0.5151515151515151,0.5483870967741935,0.53125,0.8077871378672694,0.6235934139520463,0.4355181253804363,141,16,14,17
LightGBM,Calibrated isotonic + threshold,36,7,1.0,3479688010.0,2305656012.0,2679664943.0,2295561503.0,4249587350.0,0.2240602542841349,0.7925531914893617,0.7334086706389973,0.4166666666666667,0.6451612903225806,0.5063291139240507,0.8015204438052188,0.5281344433702113,0.39727662924764356,129,28,11,20
LightGBM,Calibrated isotonic + threshold,37,7,2.0,3479688010.0,2356649683.0,1577529196.0,3230508097.0,141807897.0,0.3074074074074074,0.8776595744680851,0.7651898734177215,0.6206896551724138,0.6,0.6101694915254238,0.820886075949367,0.6381720248473048,0.5377476750625699,147,11,12,18
LightGBM,Calibrated isotonic + threshold,38,7,3.0,3479688010.0,2893281512.0,555739617.0,4265728292.0,1648177616.0,0.3781085604973697,0.8882978723404256,0.6770042194092827,0.8461538461538461,0.36666666666666664,0.5116279069767442,0.7962025316455696,0.5639736134707299,0.5109896282199619,156,2,19,11
LightGBM,Calibrated isotonic + threshold,39,7,4.0,3479688010.0,4199500584.0,2749122514.0,3527454005.0,1274355843.0,0.22071203381908022,0.8617021276595744,0.7151898734177216,0.5769230769230769,0.5,0.5357142857142857,0.8456751054852321,0.5900165021546288,0.45655890225779344,147,11,15,15
LightGBM,Calibrated isotonic + threshold,40,8,0.0,877132087.0,1103542793.0,3636506588.0,1522394056.0,3430980045.0,0.2698412698412698,0.8457446808510638,0.7393671666324224,0.5294117647058824,0.5806451612903226,0.5538461538461539,0.8065543455927676,0.642833933581413,0.46155709254292526,141,16,13,18
LightGBM,Calibrated isotonic + threshold,41,8,1.0,877132087.0,3056684009.0,2515475987.0,1100317056.0,187220021.0,0.24603174603174602,0.7978723404255319,0.6718717896034518,0.40540540540540543,0.4838709677419355,0.4411764705882353,0.7492295048284364,0.4711800281546536,0.320830709834976,135,22,16,15
LightGBM,Calibrated isotonic + threshold,42,8,2.0,877132087.0,3791339622.0,541924300.0,1650752653.0,3478053468.0,0.24142857142857144,0.8404255319148937,0.7160337552742616,0.5,0.5333333333333333,0.5161290322580645,0.8138185654008439,0.5379479896070307,0.4210207427978588,142,16,14,16
LightGBM,Calibrated isotonic + threshold,43,8,3.0,877132087.0,3127342568.0,590232165.0,4278203196.0,611236500.0,0.2696345823156663,0.8882978723404256,0.7175105485232067,0.7368421052631579,0.4666666666666667,0.5714285714285714,0.8571729957805908,0.6061823916218355,0.5285417974724407,153,5,16,14
LightGBM,Calibrated isotonic + threshold,44,8,4.0,877132087.0,1127828914.0,80410588.0,81366303.0,4041241317.0,0.33055555555555555,0.8138297872340425,0.659704641350211,0.41935483870967744,0.43333333333333335,0.4262295081967213,0.7601265822784808,0.44228792177166276,0.31521438691824694,140,18,17,13
LightGBM,Calibrated isotonic + threshold,45,9,0.0,1244265337.0,3338291230.0,947772276.0,3538386189.0,3282060744.0,0.24847414567648793,0.8404255319148937,0.7232381343743579,0.5151515151515151,0.5483870967741935,0.53125,0.8521676597493322,0.5497446080378265,0.4355181253804363,141,16,14,17
LightGBM,Calibrated isotonic + threshold,46,9,1.0,1244265337.0,624068715.0,2424613331.0,3763247728.0,2838769628.0,0.23803418803418805,0.8351063829787234,0.8106636531744401,0.5,0.7741935483870968,0.6075949367088608,0.8787754263406616,0.69109125282186,0.5287695980831312,133,24,7,24
LightGBM,Calibrated isotonic + threshold,47,9,2.0,1244265337.0,2744585060.0,1983029314.0,1956335432.0,3608037314.0,0.2835357407326749,0.8563829787234043,0.7525316455696203,0.5454545454545454,0.6,0.5714285714285714,0.8238396624472573,0.5975412939632765,0.4861968672682042,143,15,12,18
LightGBM,Calibrated isotonic + threshold,48,9,3.0,1244265337.0,1970194164.0,1817326601.0,2624056253.0,61664392.0,0.36653688729160433,0.8563829787234043,0.6580168776371308,0.5789473684210527,0.36666666666666664,0.4489795918367347,0.7787974683544303,0.564429135432743,0.38397459389607963,150,8,19,11
LightGBM,Calibrated isotonic + threshold,49,9,4.0,1244265337.0,173601491.0,3221662176.0,3242027714.0,2336497315.0,0.31287262872628724,0.8829787234042553,0.6738396624472573,0.7857142857142857,0.36666666666666664,0.5,0.7768987341772151,0.5832629410894881,0.484986214921898,155,3,19,11
Stacking,No handling,0,0,0.0,2684470948.0,4029279179.0,3008498687.0,1714703904.0,2159367303.0,0.5,0.8829787234042553,0.658105609204849,0.9090909090909091,0.3225806451612903,0.47619047619047616,0.8588452845695499,0.7089063525365575,0.49994815608597604,156,1,21,10
Stacking,No handling,1,0,1.0,2684470948.0,1907587041.0,1395388164.0,3653861103.0,4151235867.0,0.5,0.8670212765957447,0.6356071501951921,0.75,0.2903225806451613,0.4186046511627907,0.7725498253544277,0.46457641487265294,0.41171463144269005,154,3,22,9
Stacking,No handling,2,0,2.0,2684470948.0,550160846.0,4152248007.0,4246860489.0,2127097631.0,0.5,0.8829787234042553,0.6738396624472573,0.7857142857142857,0.36666666666666664,0.5,0.8371308016877638,0.6570700948169387,0.484986214921898,155,3,19,11
Stacking,No handling,3,0,3.0,2684470948.0,456733724.0,2997357965.0,2497862240.0,1225026176.0,0.5,0.8723404255319149,0.6270042194092827,0.8,0.26666666666666666,0.4,0.7736286919831225,0.5305395614263314,0.4145026533423382,156,2,22,8
Stacking,No handling,4,0,4.0,2684470948.0,3899025672.0,666437635.0,1735344116.0,2232736870.0,0.5,0.8670212765957447,0.6373417721518987,0.6923076923076923,0.3,0.4186046511627907,0.7767932489451477,0.5315077712630693,0.39648897255208004,154,4,21,9
Stacking,No handling,5,1,0.0,4091952314.0,2709696717.0,2716225116.0,1859147339.0,705730779.0,0.5,0.8776595744680851,0.6808095335935895,0.75,0.3870967741935484,0.5106382978723404,0.8083008013149784,0.5868514407980074,0.4809033250922931,153,4,19,12
Stacking,No handling,6,1,1.0,4091952314.0,241719485.0,2354700948.0,3062554476.0,2150177470.0,0.5,0.8457446808510638,0.5710910211629341,0.625,0.16129032258064516,0.2564102564102564,0.7822066981713581,0.502630189554948,0.2613931336893359,154,3,26,5
Stacking,No handling,7,1,2.0,4091952314.0,3113315634.0,2710913723.0,1530940167.0,1428621649.0,0.5,0.8457446808510638,0.6111814345991561,0.5333333333333333,0.26666666666666666,0.35555555555555557,0.7679324894514767,0.4631170435367733,0.3005264899310827,151,7,22,8
Stacking,No handling,8,1,3.0,4091952314.0,523556381.0,366104313.0,2970460281.0,1251761001.0,0.5,0.9202127659574468,0.7635021097046413,0.9411764705882353,0.5333333333333333,0.6808510638297872,0.8643459915611814,0.7628538184042771,0.6729468232554591,157,1,14,16
Stacking,No handling,9,1,4.0,4091952314.0,3458391536.0,2163090237.0,411286113.0,870107632.0,0.5,0.8776595744680851,0.6841772151898735,0.7058823529411765,0.4,0.5106382978723404,0.8613924050632912,0.6036674814893271,0.4703623512426067,153,5,18,12
Stacking,No handling,10,2,0.0,233227757.0,1292076234.0,3430855231.0,2570189137.0,3269528790.0,0.5,0.8723404255319149,0.6387918635709883,0.8181818181818182,0.2903225806451613,0.42857142857142855,0.7478939798643928,0.5241833020824618,0.4388758667135501,155,2,22,9
Stacking,No handling,11,2,1.0,233227757.0,2243896038.0,2917717976.0,911751257.0,2075786696.0,0.5,0.8829787234042553,0.658105609204849,0.9090909090909091,0.3225806451612903,0.47619047619047616,0.8006985822888844,0.6458640255470183,0.49994815608597604,156,1,21,10
Stacking,No handling,12,2,2.0,233227757.0,851682062.0,3349742435.0,2234613546.0,703187810.0,0.5,0.851063829787234,0.6548523206751055,0.55,0.36666666666666664,0.44,0.7772151898734176,0.5163051412058384,0.36784702335334124,149,9,19,11
Stacking,No handling,13,2,3.0,233227757.0,3834429963.0,4125560607.0,3243341832.0,2883587849.0,0.5,0.8670212765957447,0.6508438818565401,0.6666666666666666,0.3333333333333333,0.4444444444444444,0.7877637130801688,0.5129221073088589,0.4077351808362887,153,5,20,10
Stacking,No handling,14,2,4.0,233227757.0,3941955730.0,2063078871.0,981028125.0,2534080981.0,0.5,0.8829787234042553,0.6603375527426161,0.8333333333333334,0.3333333333333333,0.47619047619047616,0.8675105485232067,0.6665758238519661,0.48040493510680926,156,2,20,10
Stacking,No handling,15,3,0.0,3276785861.0,2794086942.0,3222486826.0,2821369650.0,2909537055.0,0.5,0.8563829787234043,0.6292377234435997,0.6428571428571429,0.2903225806451613,0.4,0.7945346209163756,0.5433101976429425,0.3653518628051761,152,5,22,9
Stacking,No handling,16,3,1.0,3276785861.0,3337176271.0,1653498353.0,3617508010.0,3267029663.0,0.5,0.8723404255319149,0.6387918635709883,0.8181818181818182,0.2903225806451613,0.42857142857142855,0.822683377850832,0.6366625119140528,0.4388758667135501,155,2,22,9
Stacking,No handling,17,3,2.0,3276785861.0,3176062672.0,697014699.0,3191725868.0,2062169371.0,0.5,0.8776595744680851,0.6841772151898735,0.7058823529411765,0.4,0.5106382978723404,0.8204641350210969,0.5661808668457706,0.4703623512426067,153,5,18,12
Stacking,No handling,18,3,3.0,3276785861.0,615075798.0,1239171765.0,2852129610.0,3118527048.0,0.5,0.8670212765957447,0.6643459915611815,0.6470588235294118,0.36666666666666664,0.46808510638297873,0.7888185654008438,0.4924573182453307,0.4197162332393936,152,6,19,11
Stacking,No handling,19,3,4.0,3276785861.0,2328857014.0,106162549.0,2544460678.0,3203004222.0,0.5,0.8776595744680851,0.630168776371308,0.8888888888888888,0.26666666666666666,0.41025641025641024,0.8040084388185654,0.6144460121790771,0.446558354307258,157,1,22,8
Stacking,No handling,20,4,0.0,3644269654.0,481961022.0,3075110697.0,2857767892.0,2263178789.0,0.5,0.8776595744680851,0.6937538524758579,0.7222222222222222,0.41935483870967744,0.5306122448979592,0.8278200123279227,0.6317654297858433,0.4887089606456367,152,5,18,13
Stacking,No handling,21,4,1.0,3644269654.0,934175084.0,4266280535.0,1713656736.0,848836035.0,0.5,0.8776595744680851,0.6549208958290528,0.8333333333333334,0.3225806451612903,0.46511627906976744,0.8050133552496403,0.6468934336678644,0.47035277592089136,155,2,21,10
Stacking,No handling,22,4,2.0,3644269654.0,2927577421.0,3752111354.0,3088396916.0,2745438189.0,0.5,0.8936170212765957,0.6936708860759494,0.8571428571428571,0.4,0.5454545454545454,0.7827004219409284,0.6170180639140296,0.5403123122552212,156,2,18,12
Stacking,No handling,23,4,3.0,3644269654.0,3330064557.0,1695593051.0,3178478713.0,3233272335.0,0.5,0.8829787234042553,0.6603375527426161,0.8333333333333334,0.3333333333333333,0.47619047619047616,0.8082278481012658,0.6005676611346576,0.48040493510680926,156,2,20,10
Stacking,No handling,24,4,4.0,3644269654.0,492020271.0,567469427.0,2525579577.0,962805821.0,0.5,0.8563829787234043,0.6175105485232067,0.6153846153846154,0.26666666666666666,0.37209302325581395,0.8143459915611815,0.4910251059504192,0.33923864471813914,153,5,22,8
Stacking,No handling,25,5,0.0,1206282609.0,181252727.0,2568927748.0,1148553912.0,1744254162.0,0.5,0.8829787234042553,0.696938565851654,0.7647058823529411,0.41935483870967744,0.5416666666666666,0.8358331621121841,0.6558370740382803,0.5096463566358661,153,4,18,13
Stacking,No handling,26,5,1.0,1206282609.0,3588477321.0,3167505561.0,3254416175.0,201054361.0,0.5,0.8617021276595744,0.6453667557016642,0.6666666666666666,0.3225806451612903,0.43478260869565216,0.7811793712759401,0.5262164995847289,0.39815950301399394,152,5,21,10
Stacking,No handling,27,5,2.0,1206282609.0,3175067715.0,1645962086.0,3357377291.0,4045700888.0,0.5,0.8723404255319149,0.6270042194092827,0.8,0.26666666666666666,0.4,0.8322784810126582,0.6149588602292244,0.4145026533423382,156,2,22,8
Stacking,No handling,28,5,3.0,1206282609.0,4174702542.0,2960136272.0,2344710864.0,265579596.0,0.5,0.8670212765957447,0.6643459915611815,0.6470588235294118,0.36666666666666664,0.46808510638297873,0.839451476793249,0.6276179432280192,0.4197162332393936,152,6,19,11
Stacking,No handling,29,5,4.0,1206282609.0,135446164.0,443051492.0,3042946842.0,511475937.0,0.5,0.8563829787234043,0.6175105485232067,0.6153846153846154,0.26666666666666666,0.37209302325581395,0.829324894514768,0.5452433629429633,0.33923864471813914,153,5,22,8
Stacking,No handling,30,6,0.0,3543069911.0,1403774233.0,2268251858.0,1128846985.0,983480678.0,0.5,0.8723404255319149,0.664680501335525,0.7333333333333333,0.3548387096774194,0.4782608695652174,0.7875487980275323,0.5454150526170507,0.4510598468773373,153,4,20,11
Stacking,No handling,31,6,1.0,3543069911.0,4175944194.0,2533882846.0,2254788477.0,3401806789.0,0.5,0.8829787234042553,0.6839942469693856,0.8,0.3870967741935484,0.5217391304347826,0.8448736387918636,0.6093428633767228,0.5039601907406807,154,3,19,12
Stacking,No handling,32,6,2.0,3543069911.0,1089924410.0,726035245.0,3473320814.0,3023581049.0,0.5,0.8882978723404256,0.7040084388185655,0.7647058823529411,0.43333333333333335,0.5531914893617021,0.869831223628692,0.6312888238518092,0.5210084692458198,154,4,17,13
Stacking,No handling,33,6,3.0,3543069911.0,1853925516.0,4221064774.0,2858973887.0,428000109.0,0.5,0.8776595744680851,0.630168776371308,0.8888888888888888,0.26666666666666666,0.41025641025641024,0.8236286919831224,0.639718279167258,0.446558354307258,157,1,22,8
Stacking,No handling,34,6,4.0,3543069911.0,3501807147.0,2822929485.0,2465206180.0,310129129.0,0.5,0.8457446808510638,0.6246835443037975,0.5294117647058824,0.3,0.3829787234042553,0.6985232067510548,0.43352291960259715,0.31842399723296744,150,8,21,9
Stacking,No handling,35,7,0.0,3479688010.0,3236768435.0,3917310560.0,4174613265.0,3140001411.0,0.5,0.8882978723404256,0.6871789603451819,0.8571428571428571,0.3870967741935484,0.5333333333333333,0.7770700636942675,0.5971109597844613,0.5291503132202153,155,2,19,12
Stacking,No handling,36,7,1.0,3479688010.0,2305656012.0,578211511.0,128948625.0,2313708248.0,0.5,0.8670212765957447,0.6614957879597287,0.6875,0.3548387096774194,0.46808510638297873,0.7990548592562153,0.5673038057116497,0.42953410627561633,152,5,20,11
Stacking,No handling,37,7,2.0,3479688010.0,2356649683.0,180570775.0,550784441.0,1908416524.0,0.5,0.8670212765957447,0.6643459915611815,0.6470588235294118,0.36666666666666664,0.46808510638297873,0.849789029535865,0.64942485284222,0.4197162332393936,152,6,19,11
Stacking,No handling,38,7,3.0,3479688010.0,2893281512.0,2490448397.0,164439857.0,2304261221.0,0.5,0.851063829787234,0.5738396624472574,0.625,0.16666666666666666,0.2631578947368421,0.8181434599156119,0.5219466097256159,0.26793387376853145,155,3,25,5
Stacking,No handling,39,7,4.0,3479688010.0,4199500584.0,1009476296.0,3671194413.0,1854639017.0,0.5,0.8563829787234043,0.6040084388185654,0.6363636363636364,0.23333333333333334,0.34146341463414637,0.8052742616033756,0.5598448414992083,0.3245673041933142,154,4,23,7
Stacking,No handling,40,8,0.0,877132087.0,1103542793.0,2234390266.0,3765380482.0,2762137591.0,0.5,0.8723404255319149,0.6387918635709883,0.8181818181818182,0.2903225806451613,0.42857142857142855,0.827203616190672,0.6316105304779175,0.4388758667135501,155,2,22,9
Stacking,No handling,41,8,1.0,877132087.0,3056684009.0,3027145279.0,758296651.0,4156777581.0,0.5,0.8776595744680851,0.6937538524758579,0.7222222222222222,0.41935483870967744,0.5306122448979592,0.7641257448119991,0.5632927799954601,0.4887089606456367,152,5,18,13
Stacking,No handling,42,8,2.0,877132087.0,3791339622.0,241926036.0,3908390282.0,279506390.0,0.5,0.8617021276595744,0.6206751054852321,0.6666666666666666,0.26666666666666666,0.38095238095238093,0.8044303797468355,0.5541437162922848,0.36156792484354594,154,4,22,8
Stacking,No handling,43,8,3.0,877132087.0,3127342568.0,224326694.0,2158988566.0,3847071453.0,0.5,0.8563829787234043,0.5905063291139241,0.6666666666666666,0.2,0.3076923076923077,0.8778481012658228,0.626406911377536,0.31049195137409025,155,3,24,6
Stacking,No handling,44,8,4.0,877132087.0,1127828914.0,1435223214.0,1395602467.0,2421016315.0,0.5,0.851063829787234,0.6143459915611814,0.5714285714285714,0.26666666666666666,0.36363636363636365,0.7546413502109705,0.46181345693667303,0.31900792292192803,152,6,22,8
Stacking,No handling,45,9,0.0,1244265337.0,3338291230.0,3471143417.0,1123973067.0,2979092636.0,0.5,0.8563829787234043,0.6033490856790631,0.7,0.22580645161290322,0.34146341463414637,0.8212451201972468,0.5422529073821518,0.3417883900716859,154,3,24,7
Stacking,No handling,46,9,1.0,1244265337.0,624068715.0,2582411350.0,1334505777.0,1434984698.0,0.5,0.8829787234042553,0.7228272036161907,0.7142857142857143,0.4838709677419355,0.5769230769230769,0.8939798643928498,0.7145622371606856,0.525002046050037,151,6,16,15
Stacking,No handling,47,9,2.0,1244265337.0,2744585060.0,1855282598.0,3045543207.0,537886982.0,0.5,0.8723404255319149,0.640506329113924,0.75,0.3,0.42857142857142855,0.8324894514767933,0.6117411152609007,0.4209864299751776,155,3,21,9
Stacking,No handling,48,9,3.0,1244265337.0,1970194164.0,3298191581.0,1531928091.0,3514376060.0,0.5,0.8936170212765957,0.6666666666666666,1.0,0.3333333333333333,0.5,0.7755274261603375,0.569382502351748,0.5439486646851283,158,0,20,10
Stacking,No handling,49,9,4.0,1244265337.0,173601491.0,3480566501.0,2488964729.0,1279933541.0,0.5,0.8723404255319149,0.6135021097046414,0.875,0.23333333333333334,0.3684210526315789,0.7770042194092827,0.5900261979810395,0.4118526402499141,157,1,23,7
Stacking,Class weight,0,0,0.0,2684470948.0,4029279179.0,1780088670.0,2190095734.0,206251517.0,0.5,0.8457446808510638,0.8558660365728374,0.5192307692307693,0.8709677419354839,0.6506024096385542,0.8904869529484282,0.767757313661103,0.590440425069836,132,25,4,27
Stacking,Class weight,1,0,1.0,2684470948.0,1907587041.0,2151491954.0,2621592818.0,2795606159.0,0.5,0.7606382978723404,0.6625231148551469,0.34782608695652173,0.5161290322580645,0.4155844155844156,0.7606328333675776,0.44805375747578285,0.2805774203753891,127,30,15,16
Stacking,Class weight,2,0,2.0,2684470948.0,550160846.0,3535106253.0,174872499.0,593466260.0,0.5,0.8031914893617021,0.7613924050632912,0.42857142857142855,0.7,0.5316455696202531,0.8348101265822785,0.6204936235833599,0.4361206905389219,130,28,9,21
Stacking,Class weight,3,0,3.0,2684470948.0,456733724.0,1410840193.0,1841951968.0,3081508858.0,0.5,0.7819148936170213,0.7082278481012658,0.3829787234042553,0.6,0.4675324675324675,0.7698312236286919,0.5205790121016135,0.3522082237986393,129,29,12,18
Stacking,Class weight,4,0,4.0,2684470948.0,3899025672.0,613937507.0,499989456.0,533078250.0,0.5,0.7978723404255319,0.7042194092827004,0.40476190476190477,0.5666666666666667,0.4722222222222222,0.7751054852320676,0.5547851943193004,0.359099755182297,133,25,13,17
Stacking,Class weight,5,1,0.0,4091952314.0,2709696717.0,3169169500.0,4188872631.0,547431929.0,0.5,0.6968085106382979,0.7019724676392027,0.3142857142857143,0.7096774193548387,0.43564356435643564,0.7930963632627902,0.6010181393680684,0.3100721900552893,109,48,9,22
Stacking,Class weight,6,1,1.0,4091952314.0,241719485.0,2970996612.0,1529873664.0,3858409868.0,0.5,0.7819148936170213,0.7140949250051367,0.3958333333333333,0.6129032258064516,0.4810126582278481,0.7799465790014383,0.524405463948499,0.3644033870387717,128,29,12,19
Stacking,Class weight,7,1,2.0,4091952314.0,3113315634.0,3216323554.0,1275320335.0,937424249.0,0.5,0.8404255319148937,0.7160337552742616,0.5,0.5333333333333333,0.5161290322580645,0.7637130801687764,0.43502837112224324,0.4210207427978588,142,16,14,16
Stacking,Class weight,8,1,3.0,4091952314.0,523556381.0,3622149180.0,2386040886.0,4096718081.0,0.5,0.7872340425531915,0.7924050632911392,0.41379310344827586,0.8,0.5454545454545454,0.8478902953586498,0.7349122755044223,0.46368001962017974,124,34,6,24
Stacking,Class weight,9,1,4.0,4091952314.0,3458391536.0,111293944.0,4216754173.0,2154014072.0,0.5,0.8297872340425532,0.7772151898734176,0.4772727272727273,0.7,0.5675675675675675,0.8512658227848101,0.5796000660833995,0.47954415927049804,135,23,9,21
Stacking,Class weight,10,2,0.0,233227757.0,1292076234.0,3015576740.0,72283701.0,3718455089.0,0.5,0.75,0.6561536881035546,0.3333333333333333,0.5161290322580645,0.4050632911392405,0.7345387302239572,0.5178266683925739,0.2657836604121559,125,32,15,16
Stacking,Class weight,11,2,1.0,233227757.0,2243896038.0,788815794.0,2803088293.0,578765736.0,0.5,0.8191489361702128,0.7104992808711732,0.4594594594594595,0.5483870967741935,0.5,0.7863160057530306,0.6438228183458254,0.39293611742490486,137,20,14,17
Stacking,Class weight,12,2,2.0,233227757.0,851682062.0,2996763565.0,3662930961.0,638256263.0,0.5,0.7712765957446809,0.7424050632911392,0.38181818181818183,0.7,0.49411764705882355,0.7755274261603375,0.5325100354236457,0.3902596837538394,124,34,9,21
Stacking,Class weight,13,2,3.0,233227757.0,3834429963.0,2513371989.0,2993070493.0,3601066120.0,0.5,0.7340425531914894,0.679746835443038,0.32142857142857145,0.6,0.4186046511627907,0.7848101265822784,0.47827867095498433,0.2878720102106131,120,38,12,18
Stacking,Class weight,14,2,4.0,233227757.0,3941955730.0,3246108505.0,4221742065.0,1740837920.0,0.5,0.8404255319148937,0.8240506329113924,0.5,0.8,0.6153846153846154,0.8573839662447258,0.6601180456926669,0.5443113671200797,134,24,6,24
Stacking,Class weight,15,3,0.0,3276785861.0,2794086942.0,4229405271.0,3600756814.0,1274702002.0,0.5,0.7712765957446809,0.6818368604890076,0.3695652173913043,0.5483870967741935,0.44155844155844154,0.7667967947400862,0.49489982360134716,0.31392037551481583,128,29,14,17
Stacking,Class weight,16,3,1.0,3276785861.0,3337176271.0,388179813.0,914127077.0,3399929959.0,0.5,0.7925531914893617,0.7463529895212657,0.42,0.6774193548387096,0.5185185185185185,0.8037805629751387,0.6327030387909602,0.41380331001961185,128,29,10,21
Stacking,Class weight,17,3,2.0,3276785861.0,3176062672.0,2850587185.0,4067747534.0,1676065966.0,0.5,0.8085106382978723,0.7645569620253164,0.4375,0.7,0.5384615384615384,0.8333333333333334,0.591817769164972,0.44437920206287757,131,27,9,21
Stacking,Class weight,18,3,3.0,3276785861.0,615075798.0,2204173726.0,581647613.0,1745237207.0,0.5,0.75,0.7162447257383966,0.3508771929824561,0.6666666666666666,0.45977011494252873,0.7793248945147679,0.4896769370230999,0.3445812281362785,121,37,10,20
Stacking,Class weight,19,3,4.0,3276785861.0,2328857014.0,2557133741.0,3809555647.0,1944764475.0,0.5,0.8138297872340425,0.7542194092827004,0.4444444444444444,0.6666666666666666,0.5333333333333333,0.8166666666666665,0.6255548706474084,0.4363687043245066,133,25,10,20
Stacking,Class weight,20,4,0.0,3644269654.0,481961022.0,2200678476.0,210817868.0,523808798.0,0.5,0.8085106382978723,0.7817957674131909,0.45098039215686275,0.7419354838709677,0.5609756097560976,0.8290528046024246,0.639215488367811,0.4703809911166564,129,28,8,23
Stacking,Class weight,21,4,1.0,3644269654.0,934175084.0,3461816479.0,2197561957.0,1558290632.0,0.5,0.7925531914893617,0.7204643517567291,0.41304347826086957,0.6129032258064516,0.4935064935064935,0.7840558865831107,0.6396500764631514,0.38060628579366934,130,27,12,19
Stacking,Class weight,22,4,2.0,3644269654.0,2927577421.0,1366954421.0,1561271655.0,2757207801.0,0.5,0.7872340425531915,0.7248945147679324,0.3958333333333333,0.6333333333333333,0.48717948717948717,0.7719409282700422,0.6214744399824446,0.3777577586914095,129,29,11,19
Stacking,Class weight,23,4,3.0,3644269654.0,3330064557.0,507236419.0,3558273631.0,3719229559.0,0.5,0.7393617021276596,0.7369198312236287,0.3492063492063492,0.7333333333333333,0.4731182795698925,0.8027426160337553,0.6289953503671253,0.36761675728365695,117,41,8,22
Stacking,Class weight,24,4,4.0,3644269654.0,492020271.0,1795365897.0,3070872224.0,3013134593.0,0.5,0.776595744680851,0.7320675105485233,0.38461538461538464,0.6666666666666666,0.4878048780487805,0.7848101265822786,0.4963873314322113,0.37998143977310916,126,32,10,20
Stacking,Class weight,25,5,0.0,1206282609.0,181252727.0,3078565722.0,20188938.0,1609340536.0,0.5,0.7659574468085106,0.7433737415245532,0.38596491228070173,0.7096774193548387,0.5,0.801931374563386,0.6621816348637563,0.39297173285560194,122,35,9,22
Stacking,Class weight,26,5,1.0,1206282609.0,3588477321.0,1269062630.0,1075684375.0,1519573729.0,0.5,0.7659574468085106,0.6786521471132114,0.3617021276595745,0.5483870967741935,0.4358974358974359,0.7838504212040271,0.5056713892708439,0.30620369253460555,127,30,14,17
Stacking,Class weight,27,5,2.0,1206282609.0,3175067715.0,523116180.0,38588631.0,3513682204.0,0.5,0.8563829787234043,0.7660337552742615,0.5428571428571428,0.6333333333333333,0.5846153846153846,0.8352320675105486,0.607707229389082,0.5005830888782052,142,16,11,19
Stacking,Class weight,28,5,3.0,1206282609.0,4174702542.0,1646600560.0,1912355497.0,2561656857.0,0.5,0.7925531914893617,0.7415611814345991,0.40816326530612246,0.6666666666666666,0.5063291139240507,0.8375527426160337,0.6253735723255722,0.40303324509044836,129,29,10,20
Stacking,Class weight,29,5,4.0,1206282609.0,135446164.0,190868192.0,4143805634.0,29786117.0,0.5,0.8031914893617021,0.7208860759493672,0.4186046511627907,0.6,0.4931506849315068,0.8189873417721518,0.518276433720692,0.38518492128945664,133,25,12,18
Stacking,Class weight,30,6,0.0,3543069911.0,1403774233.0,159819555.0,728228587.0,1498296568.0,0.5,0.7659574468085106,0.7174851037600165,0.37735849056603776,0.6451612903225806,0.47619047619047616,0.7912471748510376,0.5267956502885043,0.3587445944427819,124,33,11,20
Stacking,Class weight,31,6,1.0,3543069911.0,4175944194.0,1325225068.0,2197086804.0,3716669701.0,0.5,0.8404255319148937,0.7361824532566263,0.5142857142857142,0.5806451612903226,0.5454545454545454,0.8315183891514281,0.6257308246346986,0.45032759526559885,140,17,13,18
Stacking,Class weight,32,6,2.0,3543069911.0,1089924410.0,2025475748.0,636090348.0,66293966.0,0.5,0.776595744680851,0.7860759493670886,0.4,0.8,0.5333333333333333,0.879957805907173,0.6853851254993193,0.4494898655592875,122,36,6,24
Stacking,Class weight,33,6,3.0,3543069911.0,1853925516.0,878277294.0,1046826555.0,3882525946.0,0.5,0.7872340425531915,0.7248945147679324,0.3958333333333333,0.6333333333333333,0.48717948717948717,0.8050632911392406,0.5994373336309365,0.3777577586914095,129,29,11,19
Stacking,Class weight,34,6,4.0,3543069911.0,3501807147.0,4138058342.0,1404083554.0,724950401.0,0.5,0.7712765957446809,0.6883966244725739,0.3617021276595745,0.5666666666666667,0.44155844155844154,0.6991561181434599,0.4429872047840018,0.31866458343686416,128,30,13,17
Stacking,Class weight,35,7,0.0,3479688010.0,3236768435.0,2758910434.0,1029924776.0,1821677060.0,0.5,0.7925531914893617,0.7204643517567291,0.41304347826086957,0.6129032258064516,0.4935064935064935,0.7649476063283337,0.5839391776246603,0.38060628579366934,130,27,12,19
Stacking,Class weight,36,7,1.0,3479688010.0,2305656012.0,1556793370.0,1403621870.0,481669350.0,0.5,0.7659574468085106,0.7433737415245532,0.38596491228070173,0.7096774193548387,0.5,0.789397986439285,0.5685935909249155,0.39297173285560194,122,35,9,22
Stacking,Class weight,37,7,2.0,3479688010.0,2356649683.0,3911315097.0,1433426064.0,1654009471.0,0.5,0.75,0.7432489451476794,0.36065573770491804,0.7333333333333333,0.4835164835164835,0.8175105485232068,0.6236347275725843,0.38054266399419767,119,39,8,22
Stacking,Class weight,38,7,3.0,3479688010.0,2893281512.0,3542944976.0,4132601142.0,4041858386.0,0.5,0.8457446808510638,0.7327004219409283,0.5151515151515151,0.5666666666666667,0.5396825396825397,0.819620253164557,0.5082041633160128,0.4480159938152291,142,16,13,17
Stacking,Class weight,39,7,4.0,3479688010.0,4199500584.0,3572492686.0,882622219.0,3366010410.0,0.5,0.8351063829787234,0.7263713080168777,0.4857142857142857,0.5666666666666667,0.5230769230769231,0.7710970464135022,0.4774102518541273,0.42595214462039194,140,18,13,17
Stacking,Class weight,40,8,0.0,877132087.0,1103542793.0,4083647385.0,3902498234.0,1660172173.0,0.5,0.7340425531914894,0.685432504622971,0.3333333333333333,0.6129032258064516,0.4318181818181818,0.7852886788576126,0.6355841367949042,0.2994149336447284,119,38,12,19
Stacking,Class weight,41,8,1.0,877132087.0,3056684009.0,3566963749.0,2166565478.0,3550721429.0,0.5,0.7553191489361702,0.7240599958906924,0.3684210526315789,0.6774193548387096,0.4772727272727273,0.7552907335114034,0.5555862156493699,0.3617861331186441,121,36,10,21
Stacking,Class weight,42,8,2.0,877132087.0,3791339622.0,3401734086.0,1532307118.0,283879228.0,0.5,0.7978723404255319,0.7177215189873418,0.4090909090909091,0.6,0.4864864864864865,0.8037974683544304,0.5439683687724404,0.3766282894727199,132,26,12,18
Stacking,Class weight,43,8,3.0,877132087.0,3127342568.0,2214295150.0,4212940128.0,1935202142.0,0.5,0.8297872340425532,0.8042194092827004,0.4791666666666667,0.7666666666666667,0.5897435897435898,0.8782700421940928,0.6370531074047191,0.5110006454343456,133,25,7,23
Stacking,Class weight,44,8,4.0,877132087.0,1127828914.0,955431105.0,1301840202.0,518616044.0,0.5,0.7340425531914894,0.720253164556962,0.3387096774193548,0.7,0.45652173913043476,0.7476793248945147,0.49596728227951403,0.3431311977094325,117,41,9,21
Stacking,Class weight,45,9,0.0,1244265337.0,3338291230.0,2181335452.0,1893988058.0,689666155.0,0.5,0.7872340425531915,0.7172796383809328,0.40425531914893614,0.6129032258064516,0.48717948717948717,0.8093281282103965,0.5422904563018178,0.3724098963258716,129,28,12,19
Stacking,Class weight,46,9,1.0,1244265337.0,624068715.0,763345108.0,2589529457.0,1331287768.0,0.5,0.776595744680851,0.8144647626874872,0.4153846153846154,0.8709677419354839,0.5625,0.8724059995890693,0.6516121664972689,0.49070832100830664,119,38,4,27
Stacking,Class weight,47,9,2.0,1244265337.0,2744585060.0,1027082227.0,434029748.0,1073450787.0,0.5,0.723404255319149,0.70042194092827,0.3225806451612903,0.6666666666666666,0.43478260869565216,0.8354430379746836,0.6299064862474286,0.3122362431263993,116,42,10,20
Stacking,Class weight,48,9,3.0,1244265337.0,1970194164.0,803606342.0,2142223303.0,2535630673.0,0.5,0.7712765957446809,0.7289029535864979,0.37735849056603776,0.6666666666666666,0.4819277108433735,0.7820675105485232,0.5425829757839248,0.37261964175756507,125,33,10,20
Stacking,Class weight,49,9,4.0,1244265337.0,173601491.0,435588478.0,2610672268.0,4267661972.0,0.5,0.776595744680851,0.6915611814345992,0.3695652173913043,0.5666666666666667,0.4473684210526316,0.7827004219409283,0.5782541271536772,0.3263650054847046,129,29,13,17
Stacking,SMOTE-NC,0,0,0.0,2684470948.0,4029279179.0,609518289.0,4287084057.0,3588576026.0,0.5,0.8882978723404256,0.6871789603451819,0.8571428571428571,0.3870967741935484,0.5333333333333333,0.8666529689747278,0.7094128101921037,0.5291503132202153,155,2,19,12
Stacking,SMOTE-NC,1,0,1.0,2684470948.0,1907587041.0,2667037663.0,2833318474.0,2328885432.0,0.5,0.8563829787234043,0.6292377234435997,0.6428571428571429,0.2903225806451613,0.4,0.7509759605506472,0.4530285030323306,0.3653518628051761,152,5,22,9
Stacking,SMOTE-NC,2,0,2.0,2684470948.0,550160846.0,2534998481.0,638668424.0,597428748.0,0.5,0.8776595744680851,0.630168776371308,0.8888888888888888,0.26666666666666666,0.41025641025641024,0.8459915611814345,0.6357927509068583,0.446558354307258,157,1,22,8
Stacking,SMOTE-NC,3,0,3.0,2684470948.0,456733724.0,1028331989.0,1318831134.0,2590579156.0,0.5,0.8776595744680851,0.6436708860759494,0.8181818181818182,0.3,0.43902439024390244,0.7651898734177215,0.5271640041754475,0.4483373917964441,156,2,21,9
Stacking,SMOTE-NC,4,0,4.0,2684470948.0,3899025672.0,3527117026.0,265405273.0,170846052.0,0.5,0.8670212765957447,0.6508438818565401,0.6666666666666666,0.3333333333333333,0.4444444444444444,0.7708860759493671,0.5315050236726306,0.4077351808362887,153,5,20,10
Stacking,SMOTE-NC,5,1,0.0,4091952314.0,2709696717.0,2198236569.0,212715067.0,110137205.0,0.5,0.851063829787234,0.6648859667146085,0.5714285714285714,0.3870967741935484,0.46153846153846156,0.7830285596876926,0.5566447453001838,0.3884869911988517,148,9,19,12
Stacking,SMOTE-NC,6,1,1.0,4091952314.0,241719485.0,1621242078.0,1001043775.0,2447391588.0,0.5,0.8723404255319149,0.62584754468872,0.8888888888888888,0.25806451612903225,0.4,0.7770700636942676,0.5544541739322684,0.4374794378336286,156,1,23,8
Stacking,SMOTE-NC,7,1,2.0,4091952314.0,3113315634.0,4180320150.0,1671702819.0,1217804053.0,0.5,0.8617021276595744,0.6206751054852321,0.6666666666666666,0.26666666666666666,0.38095238095238093,0.7886075949367088,0.533915425882341,0.36156792484354594,154,4,22,8
Stacking,SMOTE-NC,8,1,3.0,4091952314.0,523556381.0,4257632762.0,3335964650.0,2568837334.0,0.5,0.8936170212765957,0.6936708860759494,0.8571428571428571,0.4,0.5454545454545454,0.8613924050632912,0.7217449368270599,0.5403123122552212,156,2,18,12
Stacking,SMOTE-NC,9,1,4.0,4091952314.0,3458391536.0,3968241847.0,3593582577.0,1099632681.0,0.5,0.8882978723404256,0.6905063291139241,0.8,0.4,0.5333333333333333,0.8489451476793248,0.6482775437671984,0.5149438717414947,155,3,18,12
Stacking,SMOTE-NC,10,2,0.0,233227757.0,1292076234.0,2715477402.0,1953929993.0,1950065256.0,0.5,0.8563829787234043,0.6162934045613314,0.6666666666666666,0.25806451612903225,0.37209302325581395,0.7328950071912883,0.4703251874936082,0.35307648696448873,153,4,23,8
Stacking,SMOTE-NC,11,2,1.0,233227757.0,2243896038.0,378210635.0,479790406.0,1026016324.0,0.5,0.8936170212765957,0.7033079926032464,0.8666666666666667,0.41935483870967744,0.5652173913043478,0.8302855968769262,0.6685708048095573,0.556860534604024,155,2,18,13
Stacking,SMOTE-NC,12,2,2.0,233227757.0,851682062.0,2614819457.0,1292773830.0,1338660496.0,0.5,0.8563829787234043,0.6580168776371308,0.5789473684210527,0.36666666666666664,0.4489795918367347,0.778691983122363,0.5101763244917992,0.38397459389607963,150,8,19,11
Stacking,SMOTE-NC,13,2,3.0,233227757.0,3834429963.0,2226603367.0,1513568384.0,1949008104.0,0.5,0.8882978723404256,0.7040084388185655,0.7647058823529411,0.43333333333333335,0.5531914893617021,0.8333333333333334,0.5762909410627358,0.5210084692458198,154,4,17,13
Stacking,SMOTE-NC,14,2,4.0,233227757.0,3941955730.0,1711875245.0,1975433665.0,1748097394.0,0.5,0.8776595744680851,0.630168776371308,0.8888888888888888,0.26666666666666666,0.41025641025641024,0.8565400843881856,0.6786432603247157,0.446558354307258,157,1,22,8
Stacking,SMOTE-NC,15,3,0.0,3276785861.0,2794086942.0,3312112106.0,391719176.0,3888692928.0,0.5,0.8670212765957447,0.6485514690774604,0.7142857142857143,0.3225806451612903,0.4444444444444444,0.7838504212040271,0.557279842329002,0.4199513462768559,153,4,21,10
Stacking,SMOTE-NC,16,3,1.0,3276785861.0,3337176271.0,2201927258.0,312418060.0,3103627973.0,0.5,0.8882978723404256,0.7001232792274502,0.8125,0.41935483870967744,0.5531914893617021,0.8175467433737414,0.6329321120666174,0.5322725439089698,154,3,18,13
Stacking,SMOTE-NC,17,3,2.0,3276785861.0,3176062672.0,2000003116.0,2585041397.0,1532964089.0,0.5,0.8670212765957447,0.6373417721518987,0.6923076923076923,0.3,0.4186046511627907,0.8611814345991561,0.6150941325534146,0.39648897255208004,154,4,21,9
Stacking,SMOTE-NC,18,3,3.0,3276785861.0,615075798.0,3363983585.0,2033760872.0,1083471341.0,0.5,0.8723404255319149,0.640506329113924,0.75,0.3,0.42857142857142855,0.7797468354430379,0.4816670276408088,0.4209864299751776,155,3,21,9
Stacking,SMOTE-NC,19,3,4.0,3276785861.0,2328857014.0,748464809.0,4084371280.0,1549132977.0,0.5,0.8723404255319149,0.6135021097046414,0.875,0.23333333333333334,0.3684210526315789,0.7985232067510548,0.5681665244433625,0.4118526402499141,157,1,23,7
Stacking,SMOTE-NC,20,4,0.0,3644269654.0,481961022.0,1200237711.0,3543114410.0,3504387930.0,0.5,0.8723404255319149,0.664680501335525,0.7333333333333333,0.3548387096774194,0.4782608695652174,0.8615163344976372,0.6661621266724215,0.4510598468773373,153,4,20,11
Stacking,SMOTE-NC,21,4,1.0,3644269654.0,934175084.0,3869877531.0,1947092941.0,1844958036.0,0.5,0.8776595744680851,0.6549208958290528,0.8333333333333334,0.3225806451612903,0.46511627906976744,0.7908362440928703,0.635409726607941,0.47035277592089136,155,2,21,10
Stacking,SMOTE-NC,22,4,2.0,3644269654.0,2927577421.0,2520764669.0,229549407.0,1995559824.0,0.5,0.898936170212766,0.6968354430379746,0.9230769230769231,0.4,0.5581395348837209,0.7670886075949367,0.6259563635302584,0.5682399560539028,157,1,18,12
Stacking,SMOTE-NC,23,4,3.0,3644269654.0,3330064557.0,3528094552.0,2242056326.0,935019169.0,0.5,0.8776595744680851,0.6841772151898735,0.7058823529411765,0.4,0.5106382978723404,0.8067510548523207,0.5853310770416453,0.4703623512426067,153,5,18,12
Stacking,SMOTE-NC,24,4,4.0,3644269654.0,492020271.0,1196377263.0,1282543027.0,3527844318.0,0.5,0.8617021276595744,0.6476793248945147,0.625,0.3333333333333333,0.43478260869565216,0.7909282700421941,0.5198516504085089,0.38762756232356266,152,6,20,10
Stacking,SMOTE-NC,25,5,0.0,1206282609.0,181252727.0,3281980639.0,627238213.0,1651085690.0,0.5,0.8936170212765957,0.690363673720978,0.9230769230769231,0.3870967741935484,0.5454545454545454,0.8251489623998357,0.6534244644884679,0.5568702868711668,156,1,19,12
Stacking,SMOTE-NC,26,5,1.0,1206282609.0,3588477321.0,4173326865.0,2302780806.0,2158085495.0,0.5,0.824468085106383,0.5712964865420177,0.42857142857142855,0.1935483870967742,0.26666666666666666,0.7534415450996507,0.44108323404772665,0.2015534123901369,149,8,25,6
Stacking,SMOTE-NC,27,5,2.0,1206282609.0,3175067715.0,4267009703.0,2362982114.0,1756882778.0,0.5,0.8829787234042553,0.6468354430379747,0.9,0.3,0.45,0.820675105485232,0.6006341288976208,0.4792256590137332,157,1,21,9
Stacking,SMOTE-NC,28,5,3.0,1206282609.0,4174702542.0,2769897836.0,2148861385.0,829961394.0,0.5,0.8829787234042553,0.6873417721518987,0.75,0.4,0.5217391304347826,0.8417721518987341,0.6619530696627769,0.49173325049046235,154,4,18,12
Stacking,SMOTE-NC,29,5,4.0,1206282609.0,135446164.0,4000517411.0,2429987287.0,1037676680.0,0.5,0.8670212765957447,0.6508438818565401,0.6666666666666666,0.3333333333333333,0.4444444444444444,0.8457805907172996,0.5615527431282565,0.4077351808362887,153,5,20,10
Stacking,SMOTE-NC,30,6,0.0,3543069911.0,1403774233.0,3345710152.0,2629491064.0,1027574282.0,0.5,0.8723404255319149,0.664680501335525,0.7333333333333333,0.3548387096774194,0.4782608695652174,0.7752208752825149,0.49768901033346324,0.4510598468773373,153,4,20,11
Stacking,SMOTE-NC,31,6,1.0,3543069911.0,4175944194.0,3992159359.0,2917424616.0,1990683306.0,0.5,0.8936170212765957,0.7162523114855147,0.8235294117647058,0.45161290322580644,0.5833333333333334,0.8382987466611876,0.6656608732836169,0.5596273243184654,154,3,17,14
Stacking,SMOTE-NC,32,6,2.0,3543069911.0,1089924410.0,305628753.0,2247150879.0,2001972077.0,0.5,0.8936170212765957,0.6936708860759494,0.8571428571428571,0.4,0.5454545454545454,0.8767932489451478,0.6976742832222774,0.5403123122552212,156,2,18,12
Stacking,SMOTE-NC,33,6,3.0,3543069911.0,1853925516.0,2085948578.0,1213147665.0,2973005529.0,0.5,0.8723404255319149,0.640506329113924,0.75,0.3,0.42857142857142855,0.8196202531645569,0.6120729212987702,0.4209864299751776,155,3,21,9
Stacking,SMOTE-NC,34,6,4.0,3543069911.0,3501807147.0,3623200665.0,2183957417.0,2259111539.0,0.5,0.851063829787234,0.6143459915611814,0.5714285714285714,0.26666666666666666,0.36363636363636365,0.6930379746835442,0.41330738622092433,0.31900792292192803,152,6,22,8
Stacking,SMOTE-NC,35,7,0.0,3479688010.0,3236768435.0,949777442.0,3674967093.0,600548724.0,0.5,0.8776595744680851,0.6549208958290528,0.8333333333333334,0.3225806451612903,0.46511627906976744,0.7503595644133964,0.5497027343267735,0.47035277592089136,155,2,21,10
Stacking,SMOTE-NC,36,7,1.0,3479688010.0,2305656012.0,295444256.0,4055196466.0,327921395.0,0.5,0.8670212765957447,0.6226628313129238,0.8,0.25806451612903225,0.3902439024390244,0.8054242860078077,0.5793893326066308,0.40566136952842236,155,2,23,8
Stacking,SMOTE-NC,37,7,2.0,3479688010.0,2356649683.0,1236182033.0,2169521782.0,2905672125.0,0.5,0.851063829787234,0.6008438818565401,0.5833333333333334,0.23333333333333334,0.3333333333333333,0.819198312236287,0.555772934924333,0.3021494197119143,153,5,23,7
Stacking,SMOTE-NC,38,7,3.0,3479688010.0,2893281512.0,1288215857.0,2238776379.0,1728195009.0,0.5,0.8670212765957447,0.5968354430379746,0.8571428571428571,0.2,0.32432432432432434,0.8436708860759493,0.6067213541415297,0.37459778315654035,157,1,24,6
Stacking,SMOTE-NC,39,7,4.0,3479688010.0,4199500584.0,1466030039.0,971892386.0,2724988754.0,0.5,0.8723404255319149,0.640506329113924,0.75,0.3,0.42857142857142855,0.7725738396624472,0.5033980327045225,0.4209864299751776,155,3,21,9
Stacking,SMOTE-NC,40,8,0.0,877132087.0,1103542793.0,950572133.0,744206358.0,2634928449.0,0.5,0.9148936170212766,0.7419354838709677,1.0,0.4838709677419355,0.6521739130434783,0.8144647626874872,0.6751259961994625,0.6626612223307107,157,0,16,15
Stacking,SMOTE-NC,41,8,1.0,877132087.0,3056684009.0,2304269441.0,3959938761.0,2437472000.0,0.5,0.8617021276595744,0.6453667557016642,0.6666666666666666,0.3225806451612903,0.43478260869565216,0.7585781795767413,0.5210810095502756,0.39815950301399394,152,5,21,10
Stacking,SMOTE-NC,42,8,2.0,877132087.0,3791339622.0,3340383621.0,1291534131.0,4140136244.0,0.5,0.8936170212765957,0.6936708860759494,0.8571428571428571,0.4,0.5454545454545454,0.7966244725738397,0.6018336554780245,0.5403123122552212,156,2,18,12
Stacking,SMOTE-NC,43,8,3.0,877132087.0,3127342568.0,3020395924.0,2202938446.0,511994573.0,0.5,0.851063829787234,0.5738396624472574,0.625,0.16666666666666666,0.2631578947368421,0.8561181434599157,0.5805872168080909,0.26793387376853145,155,3,25,5
Stacking,SMOTE-NC,44,8,4.0,877132087.0,1127828914.0,3349220976.0,733288499.0,2777440331.0,0.5,0.851063829787234,0.5738396624472574,0.625,0.16666666666666666,0.2631578947368421,0.7489451476793249,0.46958813064058125,0.26793387376853145,155,3,25,5
Stacking,SMOTE-NC,45,9,0.0,1244265337.0,3338291230.0,1083246929.0,454470689.0,639981542.0,0.5,0.8563829787234043,0.6162934045613314,0.6666666666666666,0.25806451612903225,0.37209302325581395,0.8224779124717486,0.5535556855771568,0.35307648696448873,153,4,23,8
Stacking,SMOTE-NC,46,9,1.0,1244265337.0,624068715.0,543381314.0,1926654102.0,3110860436.0,0.5,0.8936170212765957,0.7162523114855147,0.8235294117647058,0.45161290322580644,0.5833333333333334,0.8602835422231354,0.678440245968203,0.5596273243184654,154,3,17,14
Stacking,SMOTE-NC,47,9,2.0,1244265337.0,2744585060.0,2189007273.0,2721128034.0,1142584717.0,0.5,0.8936170212765957,0.7206751054852321,0.7777777777777778,0.4666666666666667,0.5833333333333334,0.8388185654008439,0.6195389426850756,0.5493027789160597,154,4,16,14
Stacking,SMOTE-NC,48,9,3.0,1244265337.0,1970194164.0,3565588953.0,3058253021.0,1214331364.0,0.5,0.8723404255319149,0.640506329113924,0.75,0.3,0.42857142857142855,0.7959915611814347,0.5509555750838419,0.4209864299751776,155,3,21,9
Stacking,SMOTE-NC,49,9,4.0,1244265337.0,173601491.0,3765964467.0,204768280.0,2973716181.0,0.5,0.8723404255319149,0.6270042194092827,0.8,0.26666666666666666,0.4,0.7706751054852321,0.4997623939464804,0.4145026533423382,156,2,22,8
Stacking,Random undersampling,0,0,0.0,2684470948.0,4029279179.0,3254579324.0,1875428649.0,2720895068.0,0.5,0.8404255319148937,0.5161290322580645,1.0,0.03225806451612903,0.0625,0.863776453667557,0.699861224755485,0.16456905526873564,157,0,30,1
Stacking,Random undersampling,1,0,1.0,2684470948.0,1907587041.0,993837026.0,395246073.0,1116604337.0,0.5,0.851063829787234,0.5483870967741935,1.0,0.0967741935483871,0.17647058823529413,0.7544688719950688,0.45757030069821364,0.28657859058014346,157,0,28,3
Stacking,Random undersampling,2,0,2.0,2684470948.0,550160846.0,3681914335.0,865249257.0,776325495.0,0.5,0.8670212765957447,0.5833333333333334,1.0,0.16666666666666666,0.2857142857142857,0.840506329113924,0.6396915853055039,0.3793388938100241,158,0,25,5
Stacking,Random undersampling,3,0,3.0,2684470948.0,456733724.0,1462506833.0,2182771710.0,1269208360.0,0.5,0.8457446808510638,0.530168776371308,0.6666666666666666,0.06666666666666667,0.12121212121212122,0.7181434599156118,0.404761017060117,0.1763316903364669,157,1,28,2
Stacking,Random undersampling,4,0,4.0,2684470948.0,3899025672.0,2310952613.0,3026599340.0,974774833.0,0.5,0.8617021276595744,0.580168776371308,0.8333333333333334,0.16666666666666666,0.2777777777777778,0.7594936708860759,0.46474419166136516,0.3340512508171713,157,1,25,5
Stacking,Random undersampling,5,1,0.0,4091952314.0,2709696717.0,3177027819.0,2655277289.0,1521432081.0,0.5,0.8563829787234043,0.6162934045613314,0.6666666666666666,0.25806451612903225,0.37209302325581395,0.7869324018902815,0.5229971565279582,0.35307648696448873,153,4,23,8
Stacking,Random undersampling,6,1,1.0,4091952314.0,241719485.0,3510231306.0,3362599471.0,1379381070.0,0.5,0.8563829787234043,0.564516129032258,1.0,0.12903225806451613,0.22857142857142856,0.7770700636942676,0.5186017483081766,0.33181045299702744,157,0,27,4
Stacking,Random undersampling,7,1,2.0,4091952314.0,3113315634.0,2338101795.0,3860847840.0,2504934862.0,0.5,0.8563829787234043,0.5635021097046413,0.8,0.13333333333333333,0.22857142857142856,0.7434599156118143,0.5085377970823972,0.2890658405995374,157,1,26,4
Stacking,Random undersampling,8,1,3.0,4091952314.0,523556381.0,2516698394.0,2052483276.0,567651280.0,0.5,0.8670212765957447,0.610337552742616,0.7777777777777778,0.23333333333333334,0.358974358974359,0.8327004219409283,0.6723357602435241,0.3785251528406741,156,2,23,7
Stacking,Random undersampling,9,1,4.0,4091952314.0,3458391536.0,3898176258.0,956594318.0,1270664516.0,0.5,0.851063829787234,0.5468354430379747,0.75,0.1,0.17647058823529413,0.8548523206751054,0.6238357654828518,0.2377140723371707,157,1,27,3
Stacking,Random undersampling,10,2,0.0,233227757.0,1292076234.0,757197992.0,2000611990.0,2962919712.0,0.5,0.8351063829787234,0.5,0.0,0.0,0.0,0.7294020957468667,0.49950961350474976,0.0,157,0,31,0
Stacking,Random undersampling,11,2,1.0,233227757.0,2243896038.0,3161109274.0,2202636070.0,3928964563.0,0.5,0.8776595744680851,0.6290322580645161,1.0,0.25806451612903225,0.41025641025641024,0.8025477707006369,0.629644905629982,0.47443609236099127,157,0,23,8
Stacking,Random undersampling,12,2,2.0,233227757.0,851682062.0,1155443978.0,3667227494.0,4257730079.0,0.5,0.8457446808510638,0.5571729957805908,0.5714285714285714,0.13333333333333333,0.21621621621621623,0.750210970464135,0.422131386803921,0.22116775432553906,155,3,26,4
Stacking,Random undersampling,13,2,3.0,233227757.0,3834429963.0,2072067653.0,1027155770.0,1804919804.0,0.5,0.8457446808510638,0.6246835443037975,0.5294117647058824,0.3,0.3829787234042553,0.791139240506329,0.4898190390087931,0.31842399723296744,150,8,21,9
Stacking,Random undersampling,14,2,4.0,233227757.0,3941955730.0,1018481058.0,2511010307.0,996024008.0,0.5,0.851063829787234,0.5333333333333333,1.0,0.06666666666666667,0.125,0.869620253164557,0.6703102106035345,0.23797231850103878,158,0,28,2
Stacking,Random undersampling,15,3,0.0,3276785861.0,2794086942.0,397995636.0,3429619214.0,530677093.0,0.5,0.8404255319148937,0.5290733511403328,0.6666666666666666,0.06451612903225806,0.11764705882352941,0.7435792069036367,0.4434776554902999,0.17219053319358937,156,1,29,2
Stacking,Random undersampling,16,3,1.0,3276785861.0,3337176271.0,169516147.0,3027871073.0,3258954604.0,0.5,0.8404255319148937,0.5161290322580645,1.0,0.03225806451612903,0.0625,0.8191904664064105,0.5866882062287878,0.16456905526873564,157,0,30,1
Stacking,Random undersampling,17,3,2.0,3276785861.0,3176062672.0,2512266623.0,648769275.0,730385311.0,0.5,0.8670212765957447,0.6373417721518987,0.6923076923076923,0.3,0.4186046511627907,0.8086497890295358,0.5195300908889456,0.39648897255208004,154,4,21,9
Stacking,Random undersampling,18,3,3.0,3276785861.0,615075798.0,2060315373.0,1612825910.0,1907214542.0,0.5,0.8404255319148937,0.5540084388185654,0.5,0.13333333333333333,0.21052631578947367,0.7985232067510549,0.4736445960598783,0.19597449052784016,154,4,26,4
Stacking,Random undersampling,19,3,4.0,3276785861.0,2328857014.0,508916016.0,3533621403.0,902254897.0,0.5,0.8563829787234043,0.55,1.0,0.1,0.18181818181818182,0.7989451476793249,0.6180461188468909,0.2922420322359626,158,0,27,3
Stacking,Random undersampling,20,4,0.0,3644269654.0,481961022.0,1474063585.0,2458186400.0,4185753350.0,0.5,0.8776595744680851,0.6419765769467844,0.9,0.2903225806451613,0.43902439024390244,0.8374768851448532,0.6147777187572395,0.4695343489851589,156,1,22,9
Stacking,Random undersampling,21,4,1.0,3644269654.0,934175084.0,1543054598.0,2923308314.0,1004920283.0,0.5,0.8563829787234043,0.5774604479145264,0.8333333333333334,0.16129032258064516,0.2702702702702703,0.7709061023217587,0.5584465977295654,0.3270614467912767,156,1,26,5
Stacking,Random undersampling,22,4,2.0,3644269654.0,2927577421.0,3132209588.0,4145892248.0,2764215062.0,0.5,0.8563829787234043,0.5770042194092827,0.7142857142857143,0.16666666666666666,0.2702702702702703,0.7746835443037975,0.5208840737238488,0.2978827687410397,156,2,25,5
Stacking,Random undersampling,23,4,3.0,3644269654.0,3330064557.0,1324491673.0,1676529273.0,1588932975.0,0.5,0.8617021276595744,0.5936708860759494,0.75,0.2,0.3157894736842105,0.7934599156118144,0.5246184215745239,0.33989325700922274,156,2,24,6
Stacking,Random undersampling,24,4,4.0,3644269654.0,492020271.0,613925765.0,3666433834.0,3838006768.0,0.5,0.8404255319148937,0.5540084388185654,0.5,0.13333333333333333,0.21052631578947367,0.7552742616033756,0.39224499987891515,0.19597449052784016,154,4,26,4
Stacking,Random undersampling,25,5,0.0,1206282609.0,181252727.0,661417260.0,2442534609.0,2202993771.0,0.5,0.851063829787234,0.5483870967741935,1.0,0.0967741935483871,0.17647058823529413,0.791041709471954,0.5748430683120564,0.28657859058014346,157,0,28,3
Stacking,Random undersampling,26,5,1.0,1206282609.0,3588477321.0,1079545729.0,3734832935.0,1981891177.0,0.5,0.8457446808510638,0.5710910211629341,0.625,0.16129032258064516,0.2564102564102564,0.7417300184918841,0.4591480216902105,0.2613931336893359,154,3,26,5
Stacking,Random undersampling,27,5,2.0,1206282609.0,3175067715.0,3261616196.0,2848545342.0,322669608.0,0.5,0.8563829787234043,0.5635021097046413,0.8,0.13333333333333333,0.22857142857142856,0.8215189873417721,0.6043999687675177,0.2890658405995374,157,1,26,4
Stacking,Random undersampling,28,5,3.0,1206282609.0,4174702542.0,2072085075.0,2063430040.0,297279157.0,0.5,0.8829787234042553,0.6468354430379747,0.9,0.3,0.45,0.8236286919831223,0.6230472533799928,0.4792256590137332,157,1,21,9
Stacking,Random undersampling,29,5,4.0,1206282609.0,135446164.0,4285949852.0,449148144.0,988044598.0,0.5,0.8617021276595744,0.580168776371308,0.8333333333333334,0.16666666666666666,0.2777777777777778,0.8054852320675107,0.5033116007939484,0.3340512508171713,157,1,25,5
Stacking,Random undersampling,30,6,0.0,3543069911.0,1403774233.0,786091997.0,359480323.0,2611846716.0,0.5,0.8297872340425532,0.4968152866242038,0.0,0.0,0.0,0.7908362440928703,0.4239130094669913,-0.03249452683650194,156,1,31,0
Stacking,Random undersampling,31,6,1.0,3543069911.0,4175944194.0,1125866261.0,2707898816.0,3072966230.0,0.5,0.8457446808510638,0.532258064516129,1.0,0.06451612903225806,0.12121212121212122,0.868707622765564,0.6460638593943192,0.23336058509903984,157,0,29,2
Stacking,Random undersampling,32,6,2.0,3543069911.0,1089924410.0,914962130.0,676123432.0,3239809729.0,0.5,0.8617021276595744,0.5666666666666667,1.0,0.13333333333333333,0.23529411764705882,0.8468354430379748,0.6217682111870407,0.3383677786420988,158,0,26,4
Stacking,Random undersampling,33,6,3.0,3543069911.0,1853925516.0,4214451010.0,1639595066.0,624793119.0,0.5,0.8563829787234043,0.5635021097046413,0.8,0.13333333333333333,0.22857142857142856,0.8,0.5490437049211658,0.2890658405995374,157,1,26,4
Stacking,Random undersampling,34,6,4.0,3543069911.0,3501807147.0,2189026156.0,3301261803.0,3404313334.0,0.5,0.8191489361702128,0.5548523206751055,0.35714285714285715,0.16666666666666666,0.22727272727272727,0.6383966244725738,0.2876456295385391,0.1530296309219581,149,9,25,5
Stacking,Random undersampling,35,7,0.0,3479688010.0,3236768435.0,3313562390.0,479188718.0,2054041672.0,0.5,0.851063829787234,0.5483870967741935,1.0,0.0967741935483871,0.17647058823529413,0.7571399219231559,0.5620498356469587,0.28657859058014346,157,0,28,3
Stacking,Random undersampling,36,7,1.0,3479688010.0,2305656012.0,1069383577.0,42572774.0,1061600502.0,0.5,0.8723404255319149,0.62584754468872,0.8888888888888888,0.25806451612903225,0.4,0.800904047667968,0.5670564063629957,0.4374794378336286,156,1,23,8
Stacking,Random undersampling,37,7,2.0,3479688010.0,2356649683.0,1424671251.0,1847796107.0,4210688848.0,0.5,0.8882978723404256,0.65,1.0,0.3,0.46153846153846156,0.84915611814346,0.6700183821077651,0.5145915557738419,158,0,21,9
Stacking,Random undersampling,38,7,3.0,3479688010.0,2893281512.0,663282381.0,3486645117.0,3540466344.0,0.5,0.8457446808510638,0.5166666666666667,1.0,0.03333333333333333,0.06451612903225806,0.7875527426160337,0.532274760695751,0.16782131232318268,158,0,29,1
Stacking,Random undersampling,39,7,4.0,3479688010.0,4199500584.0,2965673860.0,1320703979.0,3112837222.0,0.5,0.851063829787234,0.5468354430379747,0.75,0.1,0.17647058823529413,0.7940928270042195,0.5136573643539296,0.2377140723371707,157,1,27,3
Stacking,Random undersampling,40,8,0.0,877132087.0,1103542793.0,1631224394.0,944045003.0,1193755931.0,0.5,0.8936170212765957,0.7033079926032464,0.8666666666666667,0.41935483870967744,0.5652173913043478,0.7961783439490446,0.6343894495476663,0.556860534604024,155,2,18,13
Stacking,Random undersampling,41,8,1.0,877132087.0,3056684009.0,1848667101.0,858923352.0,125300027.0,0.5,0.8723404255319149,0.6387918635709883,0.8181818181818182,0.2903225806451613,0.42857142857142855,0.7591945757139922,0.5098194423992044,0.4388758667135501,155,2,22,9
Stacking,Random undersampling,42,8,2.0,877132087.0,3791339622.0,2252962265.0,3569117743.0,2257901123.0,0.5,0.8404255319148937,0.5540084388185654,0.5,0.13333333333333333,0.21052631578947367,0.8116033755274261,0.463381770372516,0.19597449052784016,154,4,26,4
Stacking,Random undersampling,43,8,3.0,877132087.0,3127342568.0,704285166.0,705069339.0,3379865800.0,0.5,0.8457446808510638,0.5166666666666667,1.0,0.03333333333333333,0.06451612903225806,0.8533755274261604,0.5775843009706129,0.16782131232318268,158,0,29,1
Stacking,Random undersampling,44,8,4.0,877132087.0,1127828914.0,123131885.0,455381532.0,4150983664.0,0.5,0.8670212765957447,0.5968354430379746,0.8571428571428571,0.2,0.32432432432432434,0.7656118143459915,0.5564146248753729,0.37459778315654035,157,1,24,6
Stacking,Random undersampling,45,9,0.0,1244265337.0,3338291230.0,1320580320.0,1870289735.0,2104429306.0,0.5,0.8404255319148937,0.5161290322580645,1.0,0.03225806451612903,0.0625,0.8245325662625848,0.47139329770027666,0.16456905526873564,157,0,30,1
Stacking,Random undersampling,46,9,1.0,1244265337.0,624068715.0,2406195739.0,2849161921.0,1228510.0,0.5,0.8351063829787234,0.5,0.0,0.0,0.0,0.8530922539552085,0.6485109620353828,0.0,157,0,31,0
Stacking,Random undersampling,47,9,2.0,1244265337.0,2744585060.0,142906711.0,3985404030.0,1464266578.0,0.5,0.8457446808510638,0.530168776371308,0.6666666666666666,0.06666666666666667,0.12121212121212122,0.8050632911392405,0.5515304472832286,0.1763316903364669,157,1,28,2
Stacking,Random undersampling,48,9,3.0,1244265337.0,1970194164.0,1245564550.0,341586191.0,4279455071.0,0.5,0.8457446808510638,0.6111814345991561,0.5333333333333333,0.26666666666666666,0.35555555555555557,0.7888185654008439,0.52659786875342,0.3005264899310827,151,7,22,8
Stacking,Random undersampling,49,9,4.0,1244265337.0,173601491.0,2013617106.0,512003300.0,2254227738.0,0.5,0.8404255319148937,0.5135021097046414,0.5,0.03333333333333333,0.0625,0.779746835443038,0.497543183163101,0.09639385053206635,157,1,29,1
Stacking,Threshold tuning,0,0,0.0,2684470948.0,4029279179.0,829043309.0,2464370911.0,606870737.0,0.14534914458836656,0.8297872340425532,0.8333675775631806,0.49056603773584906,0.8387096774193549,0.6190476190476191,0.8656256420793096,0.7105611397780106,0.5498942886002963,130,27,5,26
Stacking,Threshold tuning,1,0,1.0,2684470948.0,1907587041.0,233623757.0,2542476235.0,2358414889.0,0.23519366544113451,0.8297872340425532,0.6521471132114238,0.48,0.3870967741935484,0.42857142857142855,0.7645366755701665,0.4564615906409754,0.33255277705859476,144,13,19,12
Stacking,Threshold tuning,2,0,2.0,2684470948.0,550160846.0,4185980401.0,226019470.0,1090801332.0,0.1819890951219228,0.8191489361702128,0.730379746835443,0.45,0.6,0.5142857142857142,0.8217299578059072,0.5955770081231158,0.4122898183155773,136,22,12,18
Stacking,Threshold tuning,3,0,3.0,2684470948.0,456733724.0,2631176278.0,1765782220.0,2983655173.0,0.16405340641492355,0.7819148936170213,0.681223628691983,0.37209302325581395,0.5333333333333333,0.4383561643835616,0.7843881856540084,0.5305138499452056,0.3160208666548646,131,27,14,16
Stacking,Threshold tuning,4,0,4.0,2684470948.0,3899025672.0,2956432072.0,1707746716.0,875679753.0,0.2081511768317994,0.8297872340425532,0.7097046413502109,0.47058823529411764,0.5333333333333333,0.5,0.779113924050633,0.5704497741144019,0.39905006904251256,140,18,14,16
Stacking,Threshold tuning,5,1,0.0,4091952314.0,2709696717.0,2581462353.0,2683927598.0,2787073015.0,0.20375603598638667,0.7819148936170213,0.6752619683583316,0.38095238095238093,0.5161290322580645,0.4383561643835616,0.7963838093281282,0.5873353654317501,0.31228223620420653,131,26,15,16
Stacking,Threshold tuning,6,1,1.0,4091952314.0,241719485.0,354257153.0,3104489279.0,319149697.0,0.2085730445431587,0.8191489361702128,0.6846106431066366,0.45454545454545453,0.4838709677419355,0.46875,0.769673310047257,0.5071213980822632,0.3601592596910465,139,18,16,15
Stacking,Threshold tuning,7,1,2.0,4091952314.0,3113315634.0,2391730642.0,3570849069.0,199076050.0,0.29199493006810406,0.8617021276595744,0.6881856540084388,0.5909090909090909,0.43333333333333335,0.5,0.7637130801687764,0.47236615920834096,0.42878570154371093,149,9,17,13
Stacking,Threshold tuning,8,1,3.0,4091952314.0,523556381.0,3521832058.0,86363554.0,3423021907.0,0.23376752927403363,0.8563829787234043,0.7795358649789029,0.5405405405405406,0.6666666666666666,0.5970149253731343,0.8609704641350212,0.7667838043843186,0.5149527330098629,141,17,10,20
Stacking,Threshold tuning,9,1,4.0,4091952314.0,3458391536.0,3979826136.0,1339951544.0,4175328358.0,0.20825795468961553,0.851063829787234,0.7628691983122362,0.5277777777777778,0.6333333333333333,0.5757575757575758,0.8734177215189874,0.6068300800512751,0.4893119506127566,141,17,11,19
Stacking,Threshold tuning,10,2,0.0,233227757.0,1292076234.0,1743246728.0,239765420.0,4265843147.0,0.1976254700699081,0.8191489361702128,0.6587220053420999,0.4482758620689655,0.41935483870967744,0.43333333333333335,0.7567289911649887,0.5184582359773052,0.3261371333270468,141,16,18,13
Stacking,Threshold tuning,11,2,1.0,233227757.0,2243896038.0,1948011394.0,3419367718.0,536567525.0,0.2536424299864942,0.8882978723404256,0.7130675981097185,0.7777777777777778,0.45161290322580644,0.5714285714285714,0.8154920895829053,0.6550677256516059,0.5374243819613206,153,4,17,14
Stacking,Threshold tuning,12,2,2.0,233227757.0,851682062.0,3397619382.0,792842767.0,3476546899.0,0.1927520038608542,0.8191489361702128,0.730379746835443,0.45,0.6,0.5142857142857142,0.7738396624472573,0.532478378155393,0.4122898183155773,136,22,12,18
Stacking,Threshold tuning,13,2,3.0,233227757.0,3834429963.0,331221552.0,4179003103.0,3338420690.0,0.20000559361328318,0.7978723404255319,0.690717299578059,0.4,0.5333333333333333,0.45714285714285713,0.7841772151898734,0.5099307194028304,0.34130951992425085,134,24,14,16
Stacking,Threshold tuning,14,2,4.0,233227757.0,3941955730.0,3017486818.0,2484926948.0,202050129.0,0.20736134026464642,0.8882978723404256,0.8255274261603376,0.6285714285714286,0.7333333333333333,0.676923076923077,0.8837552742616035,0.6973522093403576,0.6125295052649252,145,13,8,22
Stacking,Threshold tuning,15,3,0.0,3276785861.0,2794086942.0,1576464862.0,1932243538.0,747064279.0,0.23891760107963667,0.8191489361702128,0.6587220053420999,0.4482758620689655,0.41935483870967744,0.43333333333333335,0.7918635709882885,0.5359552149757179,0.3261371333270468,141,16,18,13
Stacking,Threshold tuning,16,3,1.0,3276785861.0,3337176271.0,2958024335.0,94221580.0,723369516.0,0.18261990385503185,0.8297872340425532,0.7427573453873022,0.48717948717948717,0.6129032258064516,0.5428571428571428,0.8222724470926649,0.6273786302290394,0.44433201975449277,137,20,12,19
Stacking,Threshold tuning,17,3,2.0,3276785861.0,3176062672.0,362002027.0,3578148129.0,729866356.0,0.24320260701235724,0.8457446808510638,0.7462025316455696,0.5142857142857142,0.6,0.5538461538461539,0.8175105485232068,0.5569626365560919,0.4632676167492986,141,17,12,18
Stacking,Threshold tuning,18,3,3.0,3276785861.0,615075798.0,2087671327.0,3147742159.0,1559682158.0,0.21541230007898884,0.8351063829787234,0.7398734177215189,0.4864864864864865,0.6,0.5373134328358209,0.8033755274261604,0.5184895691737663,0.4418877414582748,139,19,12,18
Stacking,Threshold tuning,19,3,4.0,3276785861.0,2328857014.0,3559047022.0,993274488.0,4212318079.0,0.23355372384951267,0.8723404255319149,0.7215189873417722,0.625,0.5,0.5555555555555556,0.8320675105485232,0.6389133500111426,0.48618614562743534,149,9,15,15
Stacking,Threshold tuning,20,4,0.0,3644269654.0,481961022.0,1242401761.0,4186645080.0,409969703.0,0.17809993416796344,0.8457446808510638,0.7782001232792275,0.525,0.6774193548387096,0.5915492957746479,0.8288473392233409,0.5901823170392159,0.5044953103738816,138,19,10,21
Stacking,Threshold tuning,21,4,1.0,3644269654.0,934175084.0,1705267013.0,800954173.0,2188490958.0,0.22538949178427492,0.8829787234042553,0.7616601602629958,0.6666666666666666,0.5806451612903226,0.6206896551724138,0.8052188206287241,0.6492379574934795,0.5537368830311924,148,9,13,18
Stacking,Threshold tuning,22,4,2.0,3644269654.0,2927577421.0,588816255.0,3591799896.0,1557210889.0,0.22018061970754155,0.8670212765957447,0.7453586497890295,0.5862068965517241,0.5666666666666667,0.576271186440678,0.7970464135021097,0.6607083296894178,0.49753424510562355,146,12,13,17
Stacking,Threshold tuning,23,4,3.0,3644269654.0,3330064557.0,1449650751.0,4063680441.0,1733998497.0,0.273967410073571,0.8617021276595744,0.7151898734177216,0.5769230769230769,0.5,0.5357142857142857,0.8069620253164558,0.6009346882580537,0.45655890225779344,147,11,15,15
Stacking,Threshold tuning,24,4,4.0,3644269654.0,492020271.0,1561502553.0,950252047.0,3863540162.0,0.2326813146486776,0.8404255319148937,0.7160337552742616,0.5,0.5333333333333333,0.5161290322580645,0.8046413502109704,0.5319597769627064,0.4210207427978588,142,16,14,16
Stacking,Threshold tuning,25,5,0.0,1206282609.0,181252727.0,4173744709.0,3525319474.0,4047694863.0,0.17965680123009353,0.8404255319148937,0.7750154099034312,0.5121951219512195,0.6774193548387096,0.5833333333333334,0.8128210396548181,0.6543644107153497,0.4942732445277711,137,20,10,21
Stacking,Threshold tuning,26,5,1.0,1206282609.0,3588477321.0,4234956945.0,579457579.0,2593662324.0,0.19918316676829145,0.7659574468085106,0.6527635093486748,0.3488372093023256,0.4838709677419355,0.40540540540540543,0.7748099445243477,0.5182705585618571,0.26993678216900346,129,28,16,15
Stacking,Threshold tuning,27,5,2.0,1206282609.0,3175067715.0,3075588913.0,1017624944.0,170566409.0,0.3002924561137772,0.8882978723404256,0.7310126582278481,0.7142857142857143,0.5,0.5882352941176471,0.8339662447257384,0.6191840443790705,0.5371394635115445,152,6,15,15
Stacking,Threshold tuning,28,5,3.0,1206282609.0,4174702542.0,248528045.0,1973357461.0,4076310875.0,0.2237094809245719,0.8457446808510638,0.7462025316455696,0.5142857142857142,0.6,0.5538461538461539,0.8327004219409283,0.6253413166484357,0.4632676167492986,141,17,12,18
Stacking,Threshold tuning,29,5,4.0,1206282609.0,135446164.0,2099488127.0,1369199209.0,2209858538.0,0.15584482657246776,0.8191489361702128,0.7438818565400844,0.4523809523809524,0.6333333333333333,0.5277777777777778,0.8088607594936709,0.5032459790293243,0.4288422696185282,135,23,11,19
Stacking,Threshold tuning,30,6,0.0,3543069911.0,1403774233.0,2214915930.0,358816678.0,3178396543.0,0.16795807259852033,0.776595744680851,0.6850215738648038,0.37777777777777777,0.5483870967741935,0.4473684210526316,0.7957674131908774,0.538115161890137,0.32181683851868376,129,28,14,17
Stacking,Threshold tuning,31,6,1.0,3543069911.0,4175944194.0,405728193.0,3287936605.0,2956623679.0,0.24139003255147753,0.8723404255319149,0.7164577768645983,0.6521739130434783,0.4838709677419355,0.5555555555555556,0.8346003698376823,0.6194093706706845,0.49026170626958576,149,8,16,15
Stacking,Threshold tuning,32,6,2.0,3543069911.0,1089924410.0,567028721.0,1198403283.0,891082032.0,0.19934346305698133,0.8404255319148937,0.8105485232067511,0.5,0.7666666666666667,0.6052631578947368,0.8856540084388185,0.688039848700888,0.5290851190236621,135,23,7,23
Stacking,Threshold tuning,33,6,3.0,3543069911.0,1853925516.0,1863872798.0,1058424135.0,1884536810.0,0.19806417129356357,0.8457446808510638,0.7327004219409283,0.5151515151515151,0.5666666666666667,0.5396825396825397,0.8151898734177215,0.5968151872293052,0.4480159938152291,142,16,13,17
Stacking,Threshold tuning,34,6,4.0,3543069911.0,3501807147.0,3989253737.0,2458343744.0,296452580.0,0.3040139721498511,0.824468085106383,0.6390295358649789,0.44,0.36666666666666664,0.4,0.6892405063291139,0.39551897040928474,0.2998903098200192,144,14,19,11
Stacking,Threshold tuning,35,7,0.0,3479688010.0,3236768435.0,335087047.0,3717381573.0,3462551517.0,0.3587119051610237,0.8829787234042553,0.696938565851654,0.7647058823529411,0.41935483870967744,0.5416666666666666,0.7838504212040271,0.6008742588609794,0.5096463566358661,153,4,18,13
Stacking,Threshold tuning,36,7,1.0,3479688010.0,2305656012.0,1746315960.0,274540744.0,280777121.0,0.2509117163104236,0.824468085106383,0.6748510376001644,0.4666666666666667,0.45161290322580644,0.45901639344262296,0.8011095130470516,0.5680185213693129,0.35435593562407947,141,16,17,14
Stacking,Threshold tuning,37,7,2.0,3479688010.0,2356649683.0,42975804.0,2785959772.0,3898189485.0,0.3088312386050181,0.8563829787234043,0.7525316455696203,0.5454545454545454,0.6,0.5714285714285714,0.8388185654008439,0.6569052993323952,0.4861968672682042,143,15,12,18
Stacking,Threshold tuning,38,7,3.0,3479688010.0,2893281512.0,3772898232.0,2067358303.0,3295909268.0,0.2811255502179603,0.8670212765957447,0.6643459915611815,0.6470588235294118,0.36666666666666664,0.46808510638297873,0.8276371308016878,0.5581575422041,0.4197162332393936,152,6,19,11
Stacking,Threshold tuning,39,7,4.0,3479688010.0,4199500584.0,1121017600.0,2076917481.0,1242903605.0,0.2748518278673453,0.8617021276595744,0.6746835443037975,0.6,0.4,0.48,0.8215189873417721,0.5821852095730523,0.4149554977337419,150,8,18,12
Stacking,Threshold tuning,40,8,0.0,877132087.0,1103542793.0,671474569.0,435136259.0,3488126197.0,0.19606804734906433,0.8297872340425532,0.7427573453873022,0.48717948717948717,0.6129032258064516,0.5428571428571428,0.827203616190672,0.6818161645413597,0.44433201975449277,137,20,12,19
Stacking,Threshold tuning,41,8,1.0,877132087.0,3056684009.0,2994249408.0,3868011396.0,1624901603.0,0.24263200864149834,0.8404255319148937,0.6973494966098213,0.5172413793103449,0.4838709677419355,0.5,0.7635093486747483,0.5570783589903305,0.4055077237030789,143,14,16,15
Stacking,Threshold tuning,42,8,2.0,877132087.0,3791339622.0,1095158557.0,1931826301.0,2481860612.0,0.2113227156740137,0.8457446808510638,0.7327004219409283,0.5151515151515151,0.5666666666666667,0.5396825396825397,0.808860759493671,0.575158692289544,0.4480159938152291,142,16,13,17
Stacking,Threshold tuning,43,8,3.0,877132087.0,3127342568.0,3290378466.0,1447367171.0,614490060.0,0.24632239926509006,0.9042553191489362,0.7540084388185654,0.8,0.5333333333333333,0.64,0.8778481012658228,0.63114573443907,0.6033893952553445,154,4,14,16
Stacking,Threshold tuning,44,8,4.0,877132087.0,1127828914.0,2771829480.0,3836414172.0,971691957.0,0.21264297412068783,0.824468085106383,0.6660337552742617,0.4482758620689655,0.43333333333333335,0.4406779661016949,0.7554852320675105,0.44790029351518185,0.3366805252778381,142,16,17,13
Stacking,Threshold tuning,45,9,0.0,1244265337.0,3338291230.0,1625321201.0,1726253117.0,4091480049.0,0.32456054688842445,0.8563829787234043,0.6292377234435997,0.6428571428571429,0.2903225806451613,0.4,0.8477501540990343,0.5853671328871609,0.3653518628051761,152,5,22,9
Stacking,Threshold tuning,46,9,1.0,1244265337.0,624068715.0,3088281031.0,2595669362.0,4060608640.0,0.18635466817536214,0.851063829787234,0.8461064310663653,0.5306122448979592,0.8387096774193549,0.65,0.8717896034518183,0.6277689061366064,0.5851468853897328,134,23,5,26
Stacking,Threshold tuning,47,9,2.0,1244265337.0,2744585060.0,2496535969.0,3226722439.0,4290377319.0,0.19492154704129988,0.8085106382978723,0.751054852320675,0.43478260869565216,0.6666666666666666,0.5263157894736842,0.839029535864979,0.6379455688204494,0.42772506225418333,132,26,10,20
Stacking,Threshold tuning,48,9,3.0,1244265337.0,1970194164.0,1627951001.0,3484485987.0,1029585550.0,0.20071469974122416,0.8297872340425532,0.669198312236287,0.4642857142857143,0.43333333333333335,0.4482758620689655,0.7964135021097047,0.5935409733179502,0.3480776883899808,143,15,17,13
Stacking,Threshold tuning,49,9,4.0,1244265337.0,173601491.0,2979726867.0,3503683260.0,3309214119.0,0.26882815411352445,0.8776595744680851,0.6571729957805907,0.7692307692307693,0.3333333333333333,0.46511627906976744,0.7896624472573839,0.5808786906808836,0.45373930038602095,155,3,20,10
Stacking,Calibrated sigmoid + threshold,0,0,0.0,2684470948.0,4029279179.0,83222699.0,1813064088.0,665126715.0,0.22559538257143233,0.9042553191489362,0.8261762892952538,0.7096774193548387,0.7096774193548387,0.7096774193548387,0.8771317033079926,0.750818188906425,0.6523525785905075,148,9,9,22
Stacking,Calibrated sigmoid + threshold,1,0,1.0,2684470948.0,1907587041.0,3352153771.0,297447415.0,2108597707.0,0.2646275308644243,0.8457446808510638,0.6617012533388125,0.5454545454545454,0.3870967741935484,0.4528301886792453,0.7743990137661804,0.5057891903956134,0.37334356525754836,147,10,19,12
Stacking,Calibrated sigmoid + threshold,2,0,2.0,2684470948.0,550160846.0,2706068326.0,2329231569.0,979301460.0,0.23266344502937383,0.8457446808510638,0.7327004219409283,0.5151515151515151,0.5666666666666667,0.5396825396825397,0.8339662447257384,0.6573453425019213,0.4480159938152291,142,16,13,17
Stacking,Calibrated sigmoid + threshold,3,0,3.0,2684470948.0,456733724.0,3777265455.0,3449747170.0,2357247293.0,0.2484951661893755,0.824468085106383,0.6660337552742617,0.4482758620689655,0.43333333333333335,0.4406779661016949,0.7820675105485232,0.5166416569500047,0.3366805252778381,142,16,17,13
Stacking,Calibrated sigmoid + threshold,4,0,4.0,2684470948.0,3899025672.0,2389935562.0,291222737.0,3291859853.0,0.17398087439822027,0.7872340425531915,0.7113924050632912,0.391304347826087,0.6,0.47368421052631576,0.7664556962025317,0.5347282798385229,0.3601516910745308,130,28,12,18
Stacking,Calibrated sigmoid + threshold,5,1,0.0,4091952314.0,2709696717.0,3137355857.0,2124074218.0,148569397.0,0.18017761750840763,0.7712765957446809,0.7077254982535444,0.38,0.6129032258064516,0.4691358024691358,0.7904253133347031,0.6023363085292195,0.34892005540435994,126,31,12,19
Stacking,Calibrated sigmoid + threshold,6,1,1.0,4091952314.0,241719485.0,4122816128.0,388730761.0,111761250.0,0.2338683420420796,0.8191489361702128,0.6587220053420999,0.4482758620689655,0.41935483870967744,0.43333333333333335,0.7647421409492502,0.5235995304720603,0.3261371333270468,141,16,18,13
Stacking,Calibrated sigmoid + threshold,7,1,2.0,4091952314.0,3113315634.0,4054398601.0,605551254.0,2041496959.0,0.16845770575045718,0.8351063829787234,0.7263713080168777,0.4857142857142857,0.5666666666666667,0.5230769230769231,0.7780590717299578,0.5014245108311108,0.42595214462039194,140,18,13,17
Stacking,Calibrated sigmoid + threshold,8,1,3.0,4091952314.0,523556381.0,3985977983.0,344585506.0,2779697141.0,0.18445264080307092,0.8297872340425532,0.790717299578059,0.4782608695652174,0.7333333333333333,0.5789473684210527,0.8666666666666667,0.768478430564655,0.49529843343383584,134,24,8,22
Stacking,Calibrated sigmoid + threshold,9,1,4.0,4091952314.0,3458391536.0,2541790752.0,3661492421.0,1530483718.0,0.23012536333447742,0.8670212765957447,0.7858649789029536,0.5714285714285714,0.6666666666666666,0.6153846153846154,0.8620253164556961,0.5937145079902675,0.5378985610071119,143,15,10,20
Stacking,Calibrated sigmoid + threshold,10,2,0.0,233227757.0,1292076234.0,193150216.0,638936031.0,2703582216.0,0.3417457295353881,0.8617021276595744,0.6841997123484693,0.6190476190476191,0.41935483870967744,0.5,0.7707006369426751,0.521135374547043,0.4339920094825801,149,8,18,13
Stacking,Calibrated sigmoid + threshold,11,2,1.0,233227757.0,2243896038.0,336262131.0,1348151795.0,4176823138.0,0.20871972652214146,0.8723404255319149,0.7294020957468667,0.64,0.5161290322580645,0.5714285714285714,0.8214505855763304,0.6784847954149776,0.5014114457608657,148,9,15,16
Stacking,Calibrated sigmoid + threshold,12,2,2.0,233227757.0,851682062.0,1003556039.0,3531412290.0,455715854.0,0.16933610067286045,0.7978723404255319,0.7312236286919831,0.41304347826086957,0.6333333333333333,0.5,0.7921940928270041,0.5246604323844566,0.3939383766643571,131,27,11,19
Stacking,Calibrated sigmoid + threshold,13,2,3.0,233227757.0,3834429963.0,193230074.0,2794974752.0,752327329.0,0.16939817123415382,0.7819148936170213,0.6947257383966245,0.37777777777777777,0.5666666666666667,0.4533333333333333,0.8050632911392406,0.5327127237834702,0.33424756356142704,130,28,13,17
Stacking,Calibrated sigmoid + threshold,14,2,4.0,233227757.0,3941955730.0,817608371.0,655072962.0,529703627.0,0.30171194284969527,0.898936170212766,0.7508438818565402,0.7619047619047619,0.5333333333333333,0.6274509803921569,0.871097046413502,0.71410095696273,0.5832500658586542,153,5,14,16
Stacking,Calibrated sigmoid + threshold,15,3,0.0,3276785861.0,2794086942.0,1745445515.0,1473979882.0,2708896295.0,0.3052940173539075,0.8457446808510638,0.6746455722210808,0.5416666666666666,0.41935483870967744,0.4727272727272727,0.7885761249229505,0.5462576196724678,0.38841026889050206,146,11,18,13
Stacking,Calibrated sigmoid + threshold,16,3,1.0,3276785861.0,3337176271.0,3514673673.0,3465623964.0,3669339072.0,0.216548751790914,0.8138297872340425,0.707314567495377,0.4473684210526316,0.5483870967741935,0.4927536231884058,0.8107663858639819,0.6127124868366556,0.3831360883255822,136,21,14,17
Stacking,Calibrated sigmoid + threshold,17,3,2.0,3276785861.0,3176062672.0,3243411964.0,3127817385.0,4117018450.0,0.3110394270510653,0.851063829787234,0.7088607594936709,0.5357142857142857,0.5,0.5172413793103449,0.8251054852320674,0.5591723529150155,0.42967195948389153,145,13,15,15
Stacking,Calibrated sigmoid + threshold,18,3,3.0,3276785861.0,615075798.0,3443152246.0,97141551.0,2505332384.0,0.2329619923611602,0.851063829787234,0.7358649789029537,0.53125,0.5666666666666667,0.5483870967741935,0.8132911392405062,0.5770882335073158,0.459669131296881,143,15,13,17
Stacking,Calibrated sigmoid + threshold,19,3,4.0,3276785861.0,2328857014.0,270803559.0,475198802.0,3080793352.0,0.1729822927868926,0.824468085106383,0.7335443037974683,0.46153846153846156,0.6,0.5217391304347826,0.820464135021097,0.6204927287508267,0.42185481260065427,137,21,12,18
Stacking,Calibrated sigmoid + threshold,20,4,0.0,3644269654.0,481961022.0,1244165183.0,944548658.0,376095422.0,0.2891759478072525,0.8670212765957447,0.7521060201356071,0.6,0.5806451612903226,0.5901639344262295,0.8387096774193548,0.6739598040489417,0.5109221304474095,145,12,13,18
Stacking,Calibrated sigmoid + threshold,21,4,1.0,3644269654.0,934175084.0,3662904807.0,1680092123.0,1553743356.0,0.2074536628286933,0.8670212765957447,0.7521060201356071,0.6,0.5806451612903226,0.5901639344262295,0.8019313745633861,0.6365092820798133,0.5109221304474095,145,12,13,18
Stacking,Calibrated sigmoid + threshold,22,4,2.0,3644269654.0,2927577421.0,653518632.0,3501863856.0,1239597015.0,0.23094923946447984,0.8617021276595744,0.7286919831223628,0.5714285714285714,0.5333333333333333,0.5517241379310345,0.7852320675105486,0.6170267855264234,0.4704690950308469,146,12,14,16
Stacking,Calibrated sigmoid + threshold,23,4,3.0,3644269654.0,3330064557.0,2031870628.0,1661688989.0,307736754.0,0.2560684646213503,0.8617021276595744,0.7016877637130802,0.5833333333333334,0.4666666666666667,0.5185185185185185,0.8018987341772151,0.5991209036239546,0.4426609097331697,148,10,16,14
Stacking,Calibrated sigmoid + threshold,24,4,4.0,3644269654.0,492020271.0,1572789746.0,22335409.0,3594302561.0,0.37182179294219037,0.851063829787234,0.6413502109704641,0.5555555555555556,0.3333333333333333,0.4166666666666667,0.820886075949367,0.5359798529835109,0.35184786029996173,150,8,20,10
Stacking,Calibrated sigmoid + threshold,25,5,0.0,1206282609.0,181252727.0,3906775306.0,282650361.0,967801833.0,0.16540473686941626,0.8138297872340425,0.7590918430244504,0.45652173913043476,0.6774193548387096,0.5454545454545454,0.8426135196219438,0.6797780990792681,0.4472921960725229,132,25,10,21
Stacking,Calibrated sigmoid + threshold,26,5,1.0,1206282609.0,3588477321.0,1886457217.0,3116786030.0,690601694.0,0.19203644855910582,0.776595744680851,0.6591329361002671,0.36585365853658536,0.4838709677419355,0.4166666666666667,0.7824121635504417,0.5412205844409179,0.2860027104122217,131,26,16,15
Stacking,Calibrated sigmoid + threshold,27,5,2.0,1206282609.0,3175067715.0,3993616390.0,374340235.0,3512204978.0,0.23217290611147837,0.8829787234042553,0.7548523206751054,0.6538461538461539,0.5666666666666667,0.6071428571428571,0.8413502109704641,0.6224369408800225,0.5407089744386416,149,9,13,17
Stacking,Calibrated sigmoid + threshold,28,5,3.0,1206282609.0,4174702542.0,2271211610.0,3214179978.0,670703829.0,0.17092321333006807,0.8297872340425532,0.7637130801687764,0.47619047619047616,0.6666666666666666,0.5555555555555556,0.8409282700421941,0.6052656954310203,0.46371352683664385,136,22,10,20
Stacking,Calibrated sigmoid + threshold,29,5,4.0,1206282609.0,135446164.0,3388201566.0,3935851298.0,2350855779.0,0.18019712103427818,0.8031914893617021,0.7208860759493672,0.4186046511627907,0.6,0.4931506849315068,0.8118143459915612,0.5360854738996057,0.38518492128945664,133,25,12,18
Stacking,Calibrated sigmoid + threshold,30,6,0.0,3543069911.0,1403774233.0,132725471.0,2653895536.0,26059699.0,0.3095267130994897,0.8351063829787234,0.6682761454694884,0.5,0.41935483870967744,0.45614035087719296,0.7945346209163756,0.560119436693977,0.36177540888826143,144,13,18,13
Stacking,Calibrated sigmoid + threshold,31,6,1.0,3543069911.0,4175944194.0,2549164289.0,670847316.0,500364093.0,0.2753773124754128,0.8670212765957447,0.7132730634888022,0.625,0.4838709677419355,0.5454545454545454,0.8389151427984385,0.634325056648936,0.4743174813039307,148,9,16,15
Stacking,Calibrated sigmoid + threshold,32,6,2.0,3543069911.0,1089924410.0,1015340923.0,1584461416.0,1530124306.0,0.19311207402580435,0.8351063829787234,0.7938818565400844,0.4888888888888889,0.7333333333333333,0.5866666666666667,0.8856540084388186,0.6565827194854565,0.5044494648332263,135,23,8,22
Stacking,Calibrated sigmoid + threshold,33,6,3.0,3543069911.0,1853925516.0,2783353432.0,1261584869.0,945055586.0,0.2651066811318011,0.898936170212766,0.7508438818565402,0.7619047619047619,0.5333333333333333,0.6274509803921569,0.8436708860759494,0.6443640427914242,0.5832500658586542,153,5,14,16
Stacking,Calibrated sigmoid + threshold,34,6,4.0,3543069911.0,3501807147.0,3602947011.0,504003505.0,2571812152.0,0.2363456542547017,0.8085106382978723,0.6430379746835443,0.4,0.4,0.4,0.6928270042194092,0.4198197171003867,0.28607594936708863,140,18,18,12
Stacking,Calibrated sigmoid + threshold,35,7,0.0,3479688010.0,3236768435.0,3992725145.0,1911616270.0,2959674726.0,0.30666965144910924,0.8723404255319149,0.6905691391000617,0.6842105263157895,0.41935483870967744,0.52,0.7850832134785288,0.6095213242843017,0.46923790598582393,151,6,18,13
Stacking,Calibrated sigmoid + threshold,36,7,1.0,3479688010.0,2305656012.0,189418162.0,1446346476.0,1760432263.0,0.1998910888303496,0.824468085106383,0.7654612697760428,0.4772727272727273,0.6774193548387096,0.56,0.8111773166221492,0.6193690792280525,0.46532271341549414,134,23,10,21
Stacking,Calibrated sigmoid + threshold,37,7,2.0,3479688010.0,2356649683.0,1200335668.0,198847706.0,315183552.0,0.16095745599927305,0.7819148936170213,0.7622362869198311,0.4,0.7333333333333333,0.5176470588235295,0.8622362869198312,0.6856848691384764,0.4221869337737358,125,33,8,22
Stacking,Calibrated sigmoid + threshold,38,7,3.0,3479688010.0,2893281512.0,2784417081.0,605475590.0,2405059235.0,0.22034668162376322,0.8829787234042553,0.7548523206751054,0.6538461538461539,0.5666666666666667,0.6071428571428571,0.8172995780590718,0.5628854732066131,0.5407089744386416,149,9,13,17
Stacking,Calibrated sigmoid + threshold,39,7,4.0,3479688010.0,4199500584.0,3174594009.0,410553198.0,2787067951.0,0.19698060599712988,0.8723404255319149,0.7620253164556963,0.6,0.6,0.6,0.808649789029536,0.5086179359537936,0.5240506329113924,146,12,12,18
Stacking,Calibrated sigmoid + threshold,40,8,0.0,877132087.0,1103542793.0,205055121.0,1046392112.0,16813224.0,0.1599929732451229,0.7872340425531915,0.7302239572632012,0.40816326530612246,0.6451612903225806,0.5,0.8257653585370865,0.6898497184791785,0.3892294954462426,128,29,11,20
Stacking,Calibrated sigmoid + threshold,41,8,1.0,877132087.0,3056684009.0,3836746192.0,3687475897.0,4051484867.0,0.21327531206645292,0.8457446808510638,0.7134785288678858,0.5333333333333333,0.5161290322580645,0.5245901639344263,0.7772755290733512,0.5775053555232321,0.4326390330357445,143,14,15,16
Stacking,Calibrated sigmoid + threshold,42,8,2.0,877132087.0,3791339622.0,3747726665.0,822011783.0,722776068.0,0.23996575169170575,0.8670212765957447,0.7318565400843882,0.5925925925925926,0.5333333333333333,0.5614035087719298,0.8054852320675105,0.5456756582992518,0.4842210857241727,147,11,14,16
Stacking,Calibrated sigmoid + threshold,43,8,3.0,877132087.0,3127342568.0,3961595207.0,1872370805.0,13928307.0,0.184892070052083,0.8457446808510638,0.7462025316455696,0.5142857142857142,0.6,0.5538461538461539,0.8774261603375527,0.6407970595016294,0.4632676167492986,141,17,12,18
Stacking,Calibrated sigmoid + threshold,44,8,4.0,877132087.0,1127828914.0,2222094103.0,3099447569.0,3154523785.0,0.2464429686385126,0.824468085106383,0.6930379746835442,0.45454545454545453,0.5,0.47619047619047616,0.7525316455696203,0.4634155996863155,0.3716542469092789,140,18,15,15
Stacking,Calibrated sigmoid + threshold,45,9,0.0,1244265337.0,3338291230.0,3300099984.0,195394897.0,2570544130.0,0.339776977724986,0.8563829787234043,0.6551263612081364,0.6111111111111112,0.3548387096774194,0.4489795918367347,0.8452845695500308,0.5914585631521123,0.39127811801426904,150,7,20,11
Stacking,Calibrated sigmoid + threshold,46,9,1.0,1244265337.0,624068715.0,3553538270.0,397114330.0,2166852790.0,0.18646022422088224,0.8085106382978723,0.7947400862954592,0.4528301886792453,0.7741935483870968,0.5714285714285714,0.8756934456544072,0.6712585412380312,0.48617772388112485,128,29,7,24
Stacking,Calibrated sigmoid + threshold,47,9,2.0,1244265337.0,2744585060.0,528696443.0,3462449833.0,3190062141.0,0.20288953104091165,0.8085106382978723,0.751054852320675,0.43478260869565216,0.6666666666666666,0.5263157894736842,0.8573839662447258,0.6229785691973738,0.42772506225418333,132,26,10,20
Stacking,Calibrated sigmoid + threshold,48,9,3.0,1244265337.0,1970194164.0,4195648845.0,1092632766.0,1862694057.0,0.2143465038738017,0.8031914893617021,0.6668776371308016,0.4,0.4666666666666667,0.4307692307692308,0.7770042194092827,0.5991618600364884,0.31400572823367195,137,21,16,14
Stacking,Calibrated sigmoid + threshold,49,9,4.0,1244265337.0,173601491.0,415182884.0,4143772230.0,2917522744.0,0.2684882132813136,0.8882978723404256,0.7310126582278481,0.7142857142857143,0.5,0.5882352941176471,0.7911392405063291,0.598015022714631,0.5371394635115445,152,6,15,15
Stacking,Calibrated isotonic + threshold,0,0,0.0,2684470948.0,4029279179.0,1877148039.0,2597893420.0,1063125069.0,0.2676470588235294,0.9148936170212766,0.8454900349291145,0.7419354838709677,0.7419354838709677,0.7419354838709677,0.8740497226217383,0.7698548064917556,0.6909800698582289,149,8,8,23
Stacking,Calibrated isotonic + threshold,1,0,1.0,2684470948.0,1907587041.0,228714212.0,4252472027.0,711919744.0,0.24552741944046294,0.824468085106383,0.6877953564824327,0.46875,0.4838709677419355,0.47619047619047616,0.7728580234230532,0.47018321045519673,0.37085849362745865,140,17,16,15
Stacking,Calibrated isotonic + threshold,2,0,2.0,2684470948.0,550160846.0,1688807345.0,2676729826.0,1086931440.0,0.25126262626262624,0.8404255319148937,0.7565400843881857,0.5,0.6333333333333333,0.5588235294117647,0.8419831223628692,0.6540211177532098,0.46788268331344035,139,19,11,19
Stacking,Calibrated isotonic + threshold,3,0,3.0,2684470948.0,456733724.0,4106246600.0,1350905564.0,663610589.0,0.3701936561878429,0.8617021276595744,0.6611814345991561,0.6111111111111112,0.36666666666666664,0.4583333333333333,0.7815400843881857,0.5139928472718448,0.40121158995398626,151,7,19,11
Stacking,Calibrated isotonic + threshold,4,0,4.0,2684470948.0,3899025672.0,3291333417.0,591955164.0,1276792569.0,0.30662393162393164,0.8351063829787234,0.6858649789029536,0.4827586206896552,0.4666666666666667,0.4745762711864407,0.7817510548523207,0.5490798760364792,0.3768939552347845,143,15,16,14
Stacking,Calibrated isotonic + threshold,5,1,0.0,4091952314.0,2709696717.0,3601338444.0,4154689804.0,688399251.0,0.27997703871797097,0.8138297872340425,0.707314567495377,0.4473684210526316,0.5483870967741935,0.4927536231884058,0.7931990959523321,0.5749201743610826,0.3831360883255822,136,21,14,17
Stacking,Calibrated isotonic + threshold,6,1,1.0,4091952314.0,241719485.0,1304351315.0,4235788815.0,23107991.0,0.26139122315592905,0.8085106382978723,0.6782412163550442,0.42857142857142855,0.4838709677419355,0.45454545454545453,0.7801520443805218,0.5289074628469613,0.3398514039955694,137,20,16,15
Stacking,Calibrated isotonic + threshold,7,1,2.0,4091952314.0,3113315634.0,3738511117.0,2278898970.0,370112692.0,0.27576877954748125,0.8457446808510638,0.7056962025316456,0.5172413793103449,0.5,0.5084745762711864,0.7836497890295359,0.47758396374799794,0.41710738519173085,144,14,15,15
Stacking,Calibrated isotonic + threshold,8,1,3.0,4091952314.0,523556381.0,3341869541.0,4151026007.0,3197180190.0,0.2213464696223317,0.8829787234042553,0.8358649789029536,0.6052631578947368,0.7666666666666667,0.6764705882352942,0.8658227848101265,0.7587016307436315,0.612556934074833,143,15,7,23
Stacking,Calibrated isotonic + threshold,9,1,4.0,4091952314.0,3458391536.0,1941762557.0,628456981.0,1881908461.0,0.3262480261429223,0.8936170212765957,0.7611814345991561,0.7083333333333334,0.5666666666666667,0.6296296296296297,0.8552742616033754,0.5875167664699655,0.5732366174159667,151,7,13,17
Stacking,Calibrated isotonic + threshold,10,2,0.0,233227757.0,1292076234.0,3050972178.0,652722012.0,3884764195.0,0.2735449735449736,0.7925531914893617,0.6557427573453873,0.3888888888888889,0.45161290322580644,0.417910447761194,0.7520032874460654,0.5277980507711297,0.2937619103816635,135,22,17,14
Stacking,Calibrated isotonic + threshold,11,2,1.0,233227757.0,2243896038.0,3703446465.0,1042385735.0,1254337891.0,0.2475304251620041,0.8617021276595744,0.7230326689952743,0.5925925925925926,0.5161290322580645,0.5517241379310345,0.7931990959523321,0.6335251958220993,0.4719916659052685,146,11,15,16
Stacking,Calibrated isotonic + threshold,12,2,2.0,233227757.0,851682062.0,1247329154.0,2428223744.0,3862047065.0,0.35579710144927534,0.8776595744680851,0.7111814345991561,0.6666666666666666,0.4666666666666667,0.5490196078431373,0.8009493670886076,0.5299637802526768,0.4910288611644347,151,7,16,14
Stacking,Calibrated isotonic + threshold,13,2,3.0,233227757.0,3834429963.0,1649333139.0,1462404078.0,277244445.0,0.26003536693191864,0.8351063829787234,0.7128691983122363,0.48484848484848486,0.5333333333333333,0.5079365079365079,0.8183544303797468,0.5620371104186257,0.409835120362254,141,17,14,16
Stacking,Calibrated isotonic + threshold,14,2,4.0,233227757.0,3941955730.0,651262348.0,3809556565.0,447976509.0,0.3296767786204406,0.8723404255319149,0.7080168776371307,0.6363636363636364,0.4666666666666667,0.5384615384615384,0.8728902953586498,0.6600815978988247,0.4739716387019047,150,8,16,14
Stacking,Calibrated isotonic + threshold,15,3,0.0,3276785861.0,2794086942.0,81549683.0,14147857.0,2433730659.0,0.24225368127807154,0.8085106382978723,0.7041298541195808,0.4358974358974359,0.5483870967741935,0.4857142857142857,0.800904047667968,0.5398141992828627,0.3736300140720174,135,22,14,17
Stacking,Calibrated isotonic + threshold,16,3,1.0,3276785861.0,3337176271.0,3383654528.0,1750996761.0,3839812753.0,0.25087461684634405,0.8617021276595744,0.7618656256420793,0.5757575757575758,0.6129032258064516,0.59375,0.8318265872200533,0.6258255982953518,0.5108769910698261,143,14,12,19
Stacking,Calibrated isotonic + threshold,17,3,2.0,3276785861.0,3176062672.0,656673546.0,686964455.0,2831424089.0,0.24545454545454545,0.8351063829787234,0.7533755274261603,0.48717948717948717,0.6333333333333333,0.5507246376811594,0.8253164556962026,0.532995825632271,0.45767626913584986,138,20,11,19
Stacking,Calibrated isotonic + threshold,18,3,3.0,3276785861.0,615075798.0,454750254.0,2797772518.0,2181402592.0,0.25148156759409956,0.8457446808510638,0.7327004219409283,0.5151515151515151,0.5666666666666667,0.5396825396825397,0.8208860759493671,0.4893191177241516,0.4480159938152291,142,16,13,17
Stacking,Calibrated isotonic + threshold,19,3,4.0,3276785861.0,2328857014.0,1313637351.0,963456481.0,1047614459.0,0.3204787234042553,0.8776595744680851,0.7246835443037974,0.6521739130434783,0.5,0.5660377358490566,0.8088607594936709,0.6255048953729048,0.5022090591182015,150,8,15,15
Stacking,Calibrated isotonic + threshold,20,4,0.0,3644269654.0,481961022.0,1609893198.0,579663734.0,232845665.0,0.3024420024420024,0.8617021276595744,0.7230326689952743,0.5925925925925926,0.5161290322580645,0.5517241379310345,0.8376823505239368,0.6212699864903553,0.4719916659052685,146,11,15,16
Stacking,Calibrated isotonic + threshold,21,4,1.0,3644269654.0,934175084.0,2429976972.0,3749626619.0,3418806164.0,0.1811965811965812,0.7925531914893617,0.759297308403534,0.4230769230769231,0.7096774193548387,0.5301204819277109,0.8267926854325046,0.6476834406461127,0.43021698408668185,127,30,9,22
Stacking,Calibrated isotonic + threshold,22,4,2.0,3644269654.0,2927577421.0,1298286044.0,857666919.0,3915592317.0,0.2319039451114923,0.8404255319148937,0.7565400843881857,0.5,0.6333333333333333,0.5588235294117647,0.8062236286919832,0.6091146939602652,0.46788268331344035,139,19,11,19
Stacking,Calibrated isotonic + threshold,23,4,3.0,3644269654.0,3330064557.0,1709556734.0,3044115618.0,1353177119.0,0.2134622367465505,0.7872340425531915,0.7113924050632912,0.391304347826087,0.6,0.47368421052631576,0.7997890295358651,0.55490711191201,0.3601516910745308,130,28,12,18
Stacking,Calibrated isotonic + threshold,24,4,4.0,3644269654.0,492020271.0,1854112219.0,4096311041.0,4261304702.0,0.2425197796891181,0.7978723404255319,0.7042194092827004,0.40476190476190477,0.5666666666666667,0.4722222222222222,0.8001054852320675,0.5129175250127203,0.359099755182297,133,25,13,17
Stacking,Calibrated isotonic + threshold,25,5,0.0,1206282609.0,181252727.0,2091203759.0,1704956490.0,335444227.0,0.2794089968003011,0.8670212765957447,0.7650503390178756,0.59375,0.6129032258064516,0.6031746031746031,0.8263817546743374,0.661609614486926,0.5234217251415992,144,13,12,19
Stacking,Calibrated isotonic + threshold,26,5,1.0,1206282609.0,3588477321.0,2074457342.0,2080102001.0,3310821802.0,0.25476805709363853,0.7819148936170213,0.649373330593795,0.3684210526315789,0.45161290322580644,0.4057971014492754,0.7786110540373947,0.5406877377770072,0.27605543727720344,133,24,17,14
Stacking,Calibrated isotonic + threshold,27,5,2.0,1206282609.0,3175067715.0,1940796014.0,2220175794.0,3953940424.0,0.3194805194805195,0.8882978723404256,0.7175105485232067,0.7368421052631579,0.4666666666666667,0.5714285714285714,0.844831223628692,0.608766118153398,0.5285417974724407,153,5,16,14
Stacking,Calibrated isotonic + threshold,28,5,3.0,1206282609.0,4174702542.0,3347010792.0,1508585511.0,1743838381.0,0.25961538461538464,0.8404255319148937,0.7565400843881857,0.5,0.6333333333333333,0.5588235294117647,0.8577004219409283,0.6495438875356699,0.46788268331344035,139,19,11,19
Stacking,Calibrated isotonic + threshold,29,5,4.0,1206282609.0,135446164.0,1103588661.0,3545685893.0,999585374.0,0.23611111111111113,0.8031914893617021,0.7073839662447257,0.4146341463414634,0.5666666666666667,0.4788732394366197,0.8034810126582278,0.5218368104219103,0.367827120156456,134,24,13,17
Stacking,Calibrated isotonic + threshold,30,6,0.0,3543069911.0,1403774233.0,655108470.0,2726019264.0,2081281478.0,0.31575507395940833,0.8563829787234043,0.6680706800904048,0.6,0.3870967741935484,0.47058823529411764,0.7711115677008424,0.5220572332561776,0.40456004368348075,149,8,19,12
Stacking,Calibrated isotonic + threshold,31,6,1.0,3543069911.0,4175944194.0,3477131327.0,1138626282.0,277461388.0,0.27420277420277417,0.8776595744680851,0.7714197657694679,0.6333333333333333,0.6129032258064516,0.6229508196721312,0.8539141154715431,0.6602060366599712,0.5500636791532421,146,11,12,19
Stacking,Calibrated isotonic + threshold,32,6,2.0,3543069911.0,1089924410.0,1661233613.0,1315565543.0,3139247189.0,0.2880485527544351,0.8617021276595744,0.7827004219409283,0.5555555555555556,0.6666666666666666,0.6060606060606061,0.8848101265822784,0.6602405505057088,0.5262263353299309,142,16,10,20
Stacking,Calibrated isotonic + threshold,33,6,3.0,3543069911.0,1853925516.0,292097238.0,1148063130.0,896367715.0,0.34468305561919116,0.8882978723404256,0.7310126582278481,0.7142857142857143,0.5,0.5882352941176471,0.835548523206751,0.6115070532983883,0.5371394635115445,152,6,15,15
Stacking,Calibrated isotonic + threshold,34,6,4.0,3543069911.0,3501807147.0,3664285116.0,3328480393.0,3134613299.0,0.44619295409061727,0.8563829787234043,0.6310126582278481,0.6,0.3,0.4,0.6690928270042193,0.38543275497788465,0.35413083538368567,152,6,21,9
Stacking,Calibrated isotonic + threshold,35,7,0.0,3479688010.0,3236768435.0,3359038976.0,128687460.0,3170065117.0,0.3251105583195136,0.8297872340425532,0.6780357509759606,0.4827586206896552,0.45161290322580644,0.4666666666666667,0.794329155537292,0.5985549006427284,0.36582242851506286,142,15,17,14
Stacking,Calibrated isotonic + threshold,36,7,1.0,3479688010.0,2305656012.0,4208349291.0,2436560896.0,1147162115.0,0.36527176527176525,0.8351063829787234,0.6553318265872201,0.5,0.3870967741935484,0.43636363636363634,0.7996712553934662,0.5704246048581968,0.3454566626837877,145,12,19,12
Stacking,Calibrated isotonic + threshold,37,7,2.0,3479688010.0,2356649683.0,3287902853.0,176333438.0,784010560.0,0.23171163202122955,0.8297872340425532,0.7637130801687764,0.47619047619047616,0.6666666666666666,0.5555555555555556,0.8467299578059071,0.6586941569379995,0.46371352683664385,136,22,10,20
Stacking,Calibrated isotonic + threshold,38,7,3.0,3479688010.0,2893281512.0,3985166981.0,2693027926.0,2246455389.0,0.25157361795292826,0.8723404255319149,0.7080168776371307,0.6363636363636364,0.4666666666666667,0.5384615384615384,0.7966244725738397,0.5520949202572527,0.4739716387019047,150,8,16,14
Stacking,Calibrated isotonic + threshold,39,7,4.0,3479688010.0,4199500584.0,3185821997.0,586796574.0,3159699955.0,0.31334175084175087,0.8829787234042553,0.6873417721518987,0.75,0.4,0.5217391304347826,0.8021097046413502,0.543849405728461,0.49173325049046235,154,4,18,12
Stacking,Calibrated isotonic + threshold,40,8,0.0,877132087.0,1103542793.0,799761160.0,1786347845.0,3048538856.0,0.2327141382868937,0.8297872340425532,0.7427573453873022,0.48717948717948717,0.6129032258064516,0.5428571428571428,0.826073556605712,0.6680396285686782,0.44433201975449277,137,20,12,19
Stacking,Calibrated isotonic + threshold,41,8,1.0,877132087.0,3056684009.0,918031307.0,2842709764.0,4226833045.0,0.3277777777777778,0.8617021276595744,0.7230326689952743,0.5925925925925926,0.5161290322580645,0.5517241379310345,0.7984384631189645,0.6102222224758218,0.4719916659052685,146,11,15,16
Stacking,Calibrated isotonic + threshold,42,8,2.0,877132087.0,3791339622.0,3150016938.0,2603340467.0,3198715897.0,0.2133628645256552,0.8404255319148937,0.729535864978903,0.5,0.5666666666666667,0.53125,0.7862869198312236,0.5267753643111315,0.43678719830810225,141,17,13,17
Stacking,Calibrated isotonic + threshold,43,8,3.0,877132087.0,3127342568.0,2555943347.0,2923141679.0,138737358.0,0.269162210338681,0.8723404255319149,0.7350210970464135,0.6153846153846154,0.5333333333333333,0.5714285714285714,0.8732067510548523,0.6372873626228633,0.4986339383482175,148,10,14,16
Stacking,Calibrated isotonic + threshold,44,8,4.0,877132087.0,1127828914.0,308443962.0,1242416532.0,1861631999.0,0.2801649239648989,0.824468085106383,0.679535864978903,0.45161290322580644,0.4666666666666667,0.45901639344262296,0.7535864978902954,0.5052580519187537,0.35435593562407947,141,17,16,14
Stacking,Calibrated isotonic + threshold,45,9,0.0,1244265337.0,3338291230.0,4211269332.0,80439930.0,648097447.0,0.2706946577914319,0.8031914893617021,0.636223546332443,0.4,0.3870967741935484,0.39344262295081966,0.8071707417300185,0.5052601072945154,0.27607283821241446,139,18,19,12
Stacking,Calibrated isotonic + threshold,46,9,1.0,1244265337.0,624068715.0,140253679.0,777970108.0,3176377395.0,0.28078817733990147,0.8723404255319149,0.7941236901582083,0.6,0.6774193548387096,0.6363636363636364,0.8890486952948429,0.6911138626418204,0.5608037865356283,143,14,10,21
Stacking,Calibrated isotonic + threshold,47,9,2.0,1244265337.0,2744585060.0,1733540565.0,202170083.0,396890198.0,0.19202313693839115,0.7978723404255319,0.7447257383966245,0.4166666666666667,0.6666666666666666,0.5128205128205128,0.8567510548523206,0.6072790616661039,0.41106848037714355,130,28,10,20
Stacking,Calibrated isotonic + threshold,48,9,3.0,1244265337.0,1970194164.0,1006165655.0,686145789.0,832124600.0,0.27472089314194575,0.8191489361702128,0.7033755274261604,0.4444444444444444,0.5333333333333333,0.48484848484848486,0.7771097046413502,0.5795012103106882,0.37856879646123387,138,20,14,16
Stacking,Calibrated isotonic + threshold,49,9,4.0,1244265337.0,173601491.0,1549541475.0,3682176125.0,1291878350.0,0.3075005685696914,0.8936170212765957,0.680168776371308,0.9166666666666666,0.36666666666666664,0.5238095238095238,0.7958860759493671,0.5922018913758781,0.539823440238441,157,1,19,11
Majority baseline,Majority class,0,0,,,,,,,1.0,0.8351063829787234,0.5,0.0,0.0,0.0,0.5,0.16489361702127658,0.0,157,0,31,0
Majority baseline,Majority class,1,0,,,,,,,1.0,0.8351063829787234,0.5,0.0,0.0,0.0,0.5,0.16489361702127658,0.0,157,0,31,0
Majority baseline,Majority class,2,0,,,,,,,1.0,0.8404255319148937,0.5,0.0,0.0,0.0,0.5,0.1595744680851064,0.0,158,0,30,0
Majority baseline,Majority class,3,0,,,,,,,1.0,0.8404255319148937,0.5,0.0,0.0,0.0,0.5,0.1595744680851064,0.0,158,0,30,0
Majority baseline,Majority class,4,0,,,,,,,1.0,0.8404255319148937,0.5,0.0,0.0,0.0,0.5,0.1595744680851064,0.0,158,0,30,0
Majority baseline,Majority class,5,1,,,,,,,1.0,0.8351063829787234,0.5,0.0,0.0,0.0,0.5,0.16489361702127658,0.0,157,0,31,0
Majority baseline,Majority class,6,1,,,,,,,1.0,0.8351063829787234,0.5,0.0,0.0,0.0,0.5,0.16489361702127658,0.0,157,0,31,0
Majority baseline,Majority class,7,1,,,,,,,1.0,0.8404255319148937,0.5,0.0,0.0,0.0,0.5,0.1595744680851064,0.0,158,0,30,0
Majority baseline,Majority class,8,1,,,,,,,1.0,0.8404255319148937,0.5,0.0,0.0,0.0,0.5,0.1595744680851064,0.0,158,0,30,0
Majority baseline,Majority class,9,1,,,,,,,1.0,0.8404255319148937,0.5,0.0,0.0,0.0,0.5,0.1595744680851064,0.0,158,0,30,0
Majority baseline,Majority class,10,2,,,,,,,1.0,0.8351063829787234,0.5,0.0,0.0,0.0,0.5,0.16489361702127658,0.0,157,0,31,0
Majority baseline,Majority class,11,2,,,,,,,1.0,0.8351063829787234,0.5,0.0,0.0,0.0,0.5,0.16489361702127658,0.0,157,0,31,0
Majority baseline,Majority class,12,2,,,,,,,1.0,0.8404255319148937,0.5,0.0,0.0,0.0,0.5,0.1595744680851064,0.0,158,0,30,0
Majority baseline,Majority class,13,2,,,,,,,1.0,0.8404255319148937,0.5,0.0,0.0,0.0,0.5,0.1595744680851064,0.0,158,0,30,0
Majority baseline,Majority class,14,2,,,,,,,1.0,0.8404255319148937,0.5,0.0,0.0,0.0,0.5,0.1595744680851064,0.0,158,0,30,0
Majority baseline,Majority class,15,3,,,,,,,1.0,0.8351063829787234,0.5,0.0,0.0,0.0,0.5,0.16489361702127658,0.0,157,0,31,0
Majority baseline,Majority class,16,3,,,,,,,1.0,0.8351063829787234,0.5,0.0,0.0,0.0,0.5,0.16489361702127658,0.0,157,0,31,0
Majority baseline,Majority class,17,3,,,,,,,1.0,0.8404255319148937,0.5,0.0,0.0,0.0,0.5,0.1595744680851064,0.0,158,0,30,0
Majority baseline,Majority class,18,3,,,,,,,1.0,0.8404255319148937,0.5,0.0,0.0,0.0,0.5,0.1595744680851064,0.0,158,0,30,0
Majority baseline,Majority class,19,3,,,,,,,1.0,0.8404255319148937,0.5,0.0,0.0,0.0,0.5,0.1595744680851064,0.0,158,0,30,0
Majority baseline,Majority class,20,4,,,,,,,1.0,0.8351063829787234,0.5,0.0,0.0,0.0,0.5,0.16489361702127658,0.0,157,0,31,0
Majority baseline,Majority class,21,4,,,,,,,1.0,0.8351063829787234,0.5,0.0,0.0,0.0,0.5,0.16489361702127658,0.0,157,0,31,0
Majority baseline,Majority class,22,4,,,,,,,1.0,0.8404255319148937,0.5,0.0,0.0,0.0,0.5,0.1595744680851064,0.0,158,0,30,0
Majority baseline,Majority class,23,4,,,,,,,1.0,0.8404255319148937,0.5,0.0,0.0,0.0,0.5,0.1595744680851064,0.0,158,0,30,0
Majority baseline,Majority class,24,4,,,,,,,1.0,0.8404255319148937,0.5,0.0,0.0,0.0,0.5,0.1595744680851064,0.0,158,0,30,0
Majority baseline,Majority class,25,5,,,,,,,1.0,0.8351063829787234,0.5,0.0,0.0,0.0,0.5,0.16489361702127658,0.0,157,0,31,0
Majority baseline,Majority class,26,5,,,,,,,1.0,0.8351063829787234,0.5,0.0,0.0,0.0,0.5,0.16489361702127658,0.0,157,0,31,0
Majority baseline,Majority class,27,5,,,,,,,1.0,0.8404255319148937,0.5,0.0,0.0,0.0,0.5,0.1595744680851064,0.0,158,0,30,0
Majority baseline,Majority class,28,5,,,,,,,1.0,0.8404255319148937,0.5,0.0,0.0,0.0,0.5,0.1595744680851064,0.0,158,0,30,0
Majority baseline,Majority class,29,5,,,,,,,1.0,0.8404255319148937,0.5,0.0,0.0,0.0,0.5,0.1595744680851064,0.0,158,0,30,0
Majority baseline,Majority class,30,6,,,,,,,1.0,0.8351063829787234,0.5,0.0,0.0,0.0,0.5,0.16489361702127658,0.0,157,0,31,0
Majority baseline,Majority class,31,6,,,,,,,1.0,0.8351063829787234,0.5,0.0,0.0,0.0,0.5,0.16489361702127658,0.0,157,0,31,0
Majority baseline,Majority class,32,6,,,,,,,1.0,0.8404255319148937,0.5,0.0,0.0,0.0,0.5,0.1595744680851064,0.0,158,0,30,0
Majority baseline,Majority class,33,6,,,,,,,1.0,0.8404255319148937,0.5,0.0,0.0,0.0,0.5,0.1595744680851064,0.0,158,0,30,0
Majority baseline,Majority class,34,6,,,,,,,1.0,0.8404255319148937,0.5,0.0,0.0,0.0,0.5,0.1595744680851064,0.0,158,0,30,0
Majority baseline,Majority class,35,7,,,,,,,1.0,0.8351063829787234,0.5,0.0,0.0,0.0,0.5,0.16489361702127658,0.0,157,0,31,0
Majority baseline,Majority class,36,7,,,,,,,1.0,0.8351063829787234,0.5,0.0,0.0,0.0,0.5,0.16489361702127658,0.0,157,0,31,0
Majority baseline,Majority class,37,7,,,,,,,1.0,0.8404255319148937,0.5,0.0,0.0,0.0,0.5,0.1595744680851064,0.0,158,0,30,0
Majority baseline,Majority class,38,7,,,,,,,1.0,0.8404255319148937,0.5,0.0,0.0,0.0,0.5,0.1595744680851064,0.0,158,0,30,0
Majority baseline,Majority class,39,7,,,,,,,1.0,0.8404255319148937,0.5,0.0,0.0,0.0,0.5,0.1595744680851064,0.0,158,0,30,0
Majority baseline,Majority class,40,8,,,,,,,1.0,0.8351063829787234,0.5,0.0,0.0,0.0,0.5,0.16489361702127658,0.0,157,0,31,0
Majority baseline,Majority class,41,8,,,,,,,1.0,0.8351063829787234,0.5,0.0,0.0,0.0,0.5,0.16489361702127658,0.0,157,0,31,0
Majority baseline,Majority class,42,8,,,,,,,1.0,0.8404255319148937,0.5,0.0,0.0,0.0,0.5,0.1595744680851064,0.0,158,0,30,0
Majority baseline,Majority class,43,8,,,,,,,1.0,0.8404255319148937,0.5,0.0,0.0,0.0,0.5,0.1595744680851064,0.0,158,0,30,0
Majority baseline,Majority class,44,8,,,,,,,1.0,0.8404255319148937,0.5,0.0,0.0,0.0,0.5,0.1595744680851064,0.0,158,0,30,0
Majority baseline,Majority class,45,9,,,,,,,1.0,0.8351063829787234,0.5,0.0,0.0,0.0,0.5,0.16489361702127658,0.0,157,0,31,0
Majority baseline,Majority class,46,9,,,,,,,1.0,0.8351063829787234,0.5,0.0,0.0,0.0,0.5,0.16489361702127658,0.0,157,0,31,0
Majority baseline,Majority class,47,9,,,,,,,1.0,0.8404255319148937,0.5,0.0,0.0,0.0,0.5,0.1595744680851064,0.0,158,0,30,0
Majority baseline,Majority class,48,9,,,,,,,1.0,0.8404255319148937,0.5,0.0,0.0,0.0,0.5,0.1595744680851064,0.0,158,0,30,0
Majority baseline,Majority class,49,9,,,,,,,1.0,0.8404255319148937,0.5,0.0,0.0,0.0,0.5,0.1595744680851064,0.0,158,0,30,0
