model,strategy,fold,repeat,fold_in_repeat,outer_random_state,inner_random_state,search_random_state,estimator_random_state,threshold_random_state,threshold,accuracy,balanced_accuracy,precision,recall,f1,roc_auc,pr_auc,mcc,tn,fp,fn,tp
Logistic Regression,No handling,0,0,0,2684470948,4029279179,4105897265,102725933,3512649701,0.5,0.898936170212766,0.7064927059790426,0.9285714285714286,0.41935483870967744,0.5777777777777777,0.870351345798233,0.7503079392409212,0.5837497966918951,156,1,18,13
Logistic Regression,No handling,1,0,1,2684470948,1907587041,1825371592,2549310062,2096371409,0.5,0.8670212765957447,0.6097185124306554,0.875,0.22580645161290322,0.358974358974359,0.7780973905896855,0.5694461356819117,0.4034217728037728,156,1,24,7
Logistic Regression,No handling,2,0,2,2684470948,550160846,2049507875,4055454050,2719828950,0.5,0.8563829787234043,0.6445147679324894,0.5882352941176471,0.3333333333333333,0.425531914893617,0.8651898734177216,0.617493915934586,0.36907011523618055,151,7,20,10
Logistic Regression,No handling,3,0,3,2684470948,456733724,996297436,1996296376,1673607927,0.5,0.851063829787234,0.5468354430379747,0.75,0.1,0.17647058823529413,0.7772151898734176,0.6034601253894181,0.2377140723371707,157,1,27,3
Logistic Regression,No handling,4,0,4,2684470948,3899025672,587376926,1446288183,30325782,0.5,0.8617021276595744,0.580168776371308,0.8333333333333334,0.16666666666666666,0.2777777777777778,0.7732067510548523,0.5656943815698682,0.3340512508171713,157,1,25,5
Logistic Regression,No handling,5,1,0,4091952314,2709696717,1354799501,1282762961,3021396993,0.5,0.8776595744680851,0.6549208958290528,0.8333333333333334,0.3225806451612903,0.46511627906976744,0.7947400862954592,0.5763464626375245,0.47035277592089136,155,2,21,10
Logistic Regression,No handling,6,1,1,4091952314,241719485,1780566804,2836972548,8076297,0.5,0.8723404255319149,0.6517361824532566,0.7692307692307693,0.3225806451612903,0.45454545454545453,0.7780973905896856,0.5975977623424564,0.44387340189353125,154,3,21,10
Logistic Regression,No handling,7,1,2,4091952314,3113315634,4286836222,3854364186,1215598099,0.5,0.8670212765957447,0.5833333333333334,1.0,0.16666666666666666,0.2857142857142857,0.7763713080168776,0.595260861164422,0.3793388938100241,158,0,25,5
Logistic Regression,No handling,8,1,3,4091952314,523556381,1231798989,2059904202,4262543476,0.5,0.898936170212766,0.6833333333333333,1.0,0.36666666666666664,0.5365853658536586,0.8827004219409283,0.7879486481692516,0.5721074793995741,158,0,19,11
Logistic Regression,No handling,9,1,4,4091952314,3458391536,2810828935,2274104450,1108222719,0.5,0.8882978723404256,0.7310126582278481,0.7142857142857143,0.5,0.5882352941176471,0.8687763713080169,0.6649946125045519,0.5371394635115445,152,6,15,15
Logistic Regression,No handling,10,2,0,233227757,1292076234,3726408516,987977475,58586804,0.5,0.8670212765957447,0.6226628313129238,0.8,0.25806451612903225,0.3902439024390244,0.7575508526813232,0.5398434776524834,0.40566136952842236,155,2,23,8
Logistic Regression,No handling,11,2,1,233227757,2243896038,1041210226,1899091447,633121232,0.5,0.8723404255319149,0.62584754468872,0.8888888888888888,0.25806451612903225,0.4,0.8346003698376824,0.6953421166015277,0.4374794378336286,156,1,23,8
Logistic Regression,No handling,12,2,2,233227757,851682062,1600918877,1034908438,2798009526,0.5,0.9042553191489362,0.7270042194092827,0.875,0.4666666666666667,0.6086956521739131,0.830168776371308,0.6873296015465711,0.595838938657362,156,2,16,14
Logistic Regression,No handling,13,2,3,233227757,3834429963,227082451,3049643630,2164872562,0.5,0.9042553191489362,0.740506329113924,0.8333333333333334,0.5,0.625,0.8776371308016877,0.7000630217680159,0.5986665085700842,155,3,15,15
Logistic Regression,No handling,14,2,4,233227757,3941955730,2992679058,3519463932,2981777899,0.5,0.8776595744680851,0.6976793248945148,0.6842105263157895,0.43333333333333335,0.5306122448979592,0.8597046413502111,0.6747171685737705,0.48035272961365366,152,6,17,13
Logistic Regression,No handling,15,3,0,3276785861,2794086942,147147267,2218480298,3556488226,0.5,0.8670212765957447,0.6744401068419972,0.6666666666666666,0.3870967741935484,0.4897959183673469,0.8046024244914731,0.5873414650926577,0.4399935393299529,151,6,19,12
Logistic Regression,No handling,16,3,1,3276785861,3337176271,3796056824,1902015802,2923402021,0.5,0.8936170212765957,0.690363673720978,0.9230769230769231,0.3870967741935484,0.5454545454545454,0.8247380316416684,0.6800990575220393,0.5568702868711668,156,1,19,12
Logistic Regression,No handling,17,3,2,3276785861,3176062672,832713721,3294419568,4202614995,0.5,0.8776595744680851,0.670675105485232,0.7333333333333333,0.36666666666666664,0.4888888888888889,0.8620253164556961,0.6632779881999981,0.4613395262888917,154,4,19,11
Logistic Regression,No handling,18,3,3,3276785861,615075798,3334185844,1763243628,912752722,0.5,0.8936170212765957,0.6936708860759494,0.8571428571428571,0.4,0.5454545454545454,0.8242616033755275,0.6388771937409178,0.5403123122552212,156,2,18,12
Logistic Regression,No handling,19,3,4,3276785861,2328857014,1459638097,1647295201,797155491,0.5,0.8776595744680851,0.6436708860759494,0.8181818181818182,0.3,0.43902439024390244,0.829324894514768,0.5945807208142213,0.4483373917964441,156,2,21,9
Logistic Regression,No handling,20,4,0,3644269654,481961022,2839206609,2091361037,1946746461,0.5,0.8776595744680851,0.6419765769467844,0.9,0.2903225806451613,0.43902439024390244,0.8832956646805012,0.6530978918572423,0.4695343489851589,156,1,22,9
Logistic Regression,No handling,21,4,1,3644269654,934175084,3183020046,475801026,1854495165,0.5,0.8829787234042553,0.6710499280871174,0.8461538461538461,0.3548387096774194,0.5,0.8500102732689543,0.7017628636406231,0.500371844382349,155,2,20,11
Logistic Regression,No handling,22,4,2,3644269654,2927577421,1568982788,3770254680,2994343970,0.5,0.8936170212765957,0.6936708860759494,0.8571428571428571,0.4,0.5454545454545454,0.768987341772152,0.6259282743468468,0.5403123122552212,156,2,18,12
Logistic Regression,No handling,23,4,3,3644269654,3330064557,3043601057,1930510766,1646885381,0.5,0.8882978723404256,0.6770042194092827,0.8461538461538461,0.36666666666666664,0.5116279069767442,0.8166666666666667,0.6452525594218808,0.5109896282199619,156,2,19,11
Logistic Regression,No handling,24,4,4,3644269654,492020271,475713260,320877373,3460163443,0.5,0.8936170212765957,0.7341772151898734,0.75,0.5,0.6,0.8056962025316456,0.617239121199029,0.5562809208749439,153,5,15,15
Logistic Regression,No handling,25,5,0,1206282609,181252727,3107249164,3511083446,524789662,0.5,0.8936170212765957,0.6774193548387097,1.0,0.3548387096774194,0.5238095238095238,0.8354222313540169,0.702530333318599,0.5610204454584019,157,0,20,11
Logistic Regression,No handling,26,5,1,1206282609,3588477321,1174190087,1813139592,2232401927,0.5,0.8670212765957447,0.6356071501951921,0.75,0.2903225806451613,0.4186046511627907,0.7832340250667762,0.5574958504919111,0.41171463144269005,154,3,22,9
Logistic Regression,No handling,27,5,2,1206282609,3175067715,3536080506,4183277440,2357202639,0.5,0.8617021276595744,0.580168776371308,0.8333333333333334,0.16666666666666666,0.2777777777777778,0.8113924050632911,0.6086097574126376,0.3340512508171713,157,1,25,5
Logistic Regression,No handling,28,5,3,1206282609,4174702542,1869386975,2230514642,712305334,0.5,0.8882978723404256,0.6770042194092827,0.8461538461538461,0.36666666666666664,0.5116279069767442,0.8725738396624474,0.6936957457723265,0.5109896282199619,156,2,19,11
Logistic Regression,No handling,29,5,4,1206282609,135446164,3793653848,3640131406,502493845,0.5,0.8829787234042553,0.6603375527426161,0.8333333333333334,0.3333333333333333,0.47619047619047616,0.8255274261603375,0.63290593683649,0.48040493510680926,156,2,20,10
Logistic Regression,No handling,30,6,0,3543069911,1403774233,3191492848,1383768417,1373173770,0.5,0.8776595744680851,0.6290322580645161,1.0,0.25806451612903225,0.41025641025641024,0.8290528046024245,0.6485509787430596,0.47443609236099127,157,0,23,8
Logistic Regression,No handling,31,6,1,3543069911,4175944194,1063966064,1502733096,1545324914,0.5,0.8936170212765957,0.6774193548387097,1.0,0.3548387096774194,0.5238095238095238,0.89171974522293,0.7619222326700842,0.5610204454584019,157,0,20,11
Logistic Regression,No handling,32,6,2,3543069911,1089924410,2363346933,2016140418,1731057428,0.5,0.8829787234042553,0.7413502109704642,0.6666666666666666,0.5333333333333333,0.5925925925925926,0.9025316455696204,0.7284478856552917,0.5297113815217009,150,8,14,16
Logistic Regression,No handling,33,6,3,3543069911,1853925516,1599642231,3001251445,2649495488,0.5,0.8776595744680851,0.630168776371308,0.8888888888888888,0.26666666666666666,0.41025641025641024,0.8202531645569621,0.636515618210955,0.446558354307258,157,1,22,8
Logistic Regression,No handling,34,6,4,3543069911,3501807147,1101380660,1394027998,474720043,0.5,0.851063829787234,0.5603375527426161,0.6666666666666666,0.13333333333333333,0.2222222222222222,0.6839662447257384,0.4515215712675174,0.25141752035187104,156,2,26,4
Logistic Regression,No handling,35,7,0,3479688010,3236768435,3553760210,3486706467,2764408333,0.5,0.8776595744680851,0.6549208958290528,0.8333333333333334,0.3225806451612903,0.46511627906976744,0.8282309430860901,0.649342951539291,0.47035277592089136,155,2,21,10
Logistic Regression,No handling,36,7,1,3479688010,2305656012,2198022862,2726190120,2460832305,0.5,0.8670212765957447,0.6614957879597287,0.6875,0.3548387096774194,0.46808510638297873,0.8446681734127799,0.6593951990949886,0.42953410627561633,152,5,20,11
Logistic Regression,No handling,37,7,2,3479688010,2356649683,4204990199,2545175595,2150890744,0.5,0.8776595744680851,0.6841772151898735,0.7058823529411765,0.4,0.5106382978723404,0.8379746835443037,0.6684873606690188,0.4703623512426067,153,5,18,12
Logistic Regression,No handling,38,7,3,3479688010,2893281512,354418776,3601843743,3194252189,0.5,0.8457446808510638,0.530168776371308,0.6666666666666666,0.06666666666666667,0.12121212121212122,0.819831223628692,0.5507157781470384,0.1763316903364669,157,1,28,2
Logistic Regression,No handling,39,7,4,3479688010,4199500584,4127229505,1942477657,2674241733,0.5,0.8936170212765957,0.7206751054852321,0.7777777777777778,0.4666666666666667,0.5833333333333334,0.7976793248945148,0.6446800960846432,0.5493027789160597,154,4,16,14
Logistic Regression,No handling,40,8,0,877132087,1103542793,728814022,3527629406,1310678433,0.5,0.8829787234042553,0.7098828847339224,0.7368421052631579,0.45161290322580644,0.56,0.7980275323607972,0.6487596187561795,0.5167940926841177,152,5,17,14
Logistic Regression,No handling,41,8,1,877132087,3056684009,1930106700,3402069737,300342950,0.5,0.851063829787234,0.5613314156564619,0.8,0.12903225806451613,0.2222222222222222,0.8017259091843024,0.5743385541046226,0.2829001065154713,156,1,27,4
Logistic Regression,No handling,42,8,2,877132087,3791339622,3782686043,4254954840,1510845177,0.5,0.8829787234042553,0.6468354430379747,0.9,0.3,0.45,0.8145569620253164,0.6358258346785034,0.4792256590137332,157,1,21,9
Logistic Regression,No handling,43,8,3,877132087,3127342568,1457129337,2223020235,2259852070,0.5,0.8829787234042553,0.6468354430379747,0.9,0.3,0.45,0.9088607594936708,0.753420989542726,0.4792256590137332,157,1,21,9
Logistic Regression,No handling,44,8,4,877132087,1127828914,2744310346,4018874258,119216594,0.5,0.8457446808510638,0.5436708860759494,0.6,0.1,0.17142857142857143,0.7793248945147679,0.4890420519352449,0.1987927873890506,156,2,27,3
Logistic Regression,No handling,45,9,0,1244265337,3338291230,3317520330,1771909187,2502150942,0.5,0.8936170212765957,0.7033079926032464,0.8666666666666667,0.41935483870967744,0.5652173913043478,0.8280254777070063,0.6851176161189759,0.556860534604024,155,2,18,13
Logistic Regression,No handling,46,9,1,1244265337,624068715,1465829182,3978800159,1231311829,0.5,0.8936170212765957,0.6774193548387097,1.0,0.3548387096774194,0.5238095238095238,0.9009656872816929,0.8104618048320649,0.5610204454584019,157,0,20,11
Logistic Regression,No handling,47,9,2,1244265337,2744585060,1769336027,2200827156,3785256400,0.5,0.8936170212765957,0.680168776371308,0.9166666666666666,0.36666666666666664,0.5238095238095238,0.889662447257384,0.7113851783862861,0.539823440238441,157,1,19,11
Logistic Regression,No handling,48,9,3,1244265337,1970194164,664304608,3966907083,2000522260,0.5,0.8723404255319149,0.640506329113924,0.75,0.3,0.42857142857142855,0.7649789029535866,0.4654478859412905,0.4209864299751776,155,3,21,9
Logistic Regression,No handling,49,9,4,1244265337,173601491,4021953158,360463785,2298159398,0.5,0.851063829787234,0.5333333333333333,1.0,0.06666666666666667,0.125,0.7457805907172996,0.5682650293094723,0.23797231850103878,158,0,28,2
Logistic Regression,Class weight,0,0,0,2684470948,4029279179,1003961512,4274209957,1190844966,0.5,0.824468085106383,0.7913499075405794,0.4791666666666667,0.7419354838709677,0.5822784810126582,0.8576124922950482,0.7328028571456777,0.4958963558742593,132,25,8,23
Logistic Regression,Class weight,1,0,1,2684470948,1907587041,2945931455,2620989842,2515509848,0.5,0.7287234042553191,0.7081364290117115,0.3387096774193548,0.6774193548387096,0.45161290322580644,0.7783028559687692,0.5395271720562625,0.32856980543712344,116,41,10,21
Logistic Regression,Class weight,2,0,2,2684470948,550160846,1849226273,3843203930,1807798019,0.5,0.7340425531914894,0.7337552742616034,0.34375,0.7333333333333333,0.46808510638297873,0.8485232067510549,0.6026358271688236,0.3613098119099278,116,42,8,22
Logistic Regression,Class weight,3,0,3,2684470948,456733724,977137299,2951548202,4012095733,0.5,0.7074468085106383,0.6909282700421941,0.3076923076923077,0.6666666666666666,0.42105263157894735,0.7622362869198311,0.562565044011756,0.29402223192240623,113,45,10,20
Logistic Regression,Class weight,4,0,4,2684470948,3899025672,3546528190,521448777,3124820892,0.5,0.7659574468085106,0.7257383966244726,0.37037037037037035,0.6666666666666666,0.47619047619047616,0.7664556962025316,0.5642817600183084,0.3654057048344844,124,34,10,20
Logistic Regression,Class weight,5,1,0,4091952314,2709696717,957323461,2691067540,1422198014,0.5,0.7021276595744681,0.6922128621327306,0.31343283582089554,0.6774193548387096,0.42857142857142855,0.7774809944524348,0.5589590772426123,0.29786057796450793,111,46,10,21
Logistic Regression,Class weight,6,1,1,4091952314,241719485,594052520,3181279295,1575560408,0.5,0.7925531914893617,0.7463529895212657,0.42,0.6774193548387096,0.5185185185185185,0.7850832134785288,0.6120801360302602,0.41380331001961185,128,29,10,21
Logistic Regression,Class weight,7,1,2,4091952314,3113315634,1842068043,859899040,4215222046,0.5,0.7287234042553191,0.7440928270042194,0.34328358208955223,0.7666666666666667,0.4742268041237113,0.7658227848101267,0.5695004164954734,0.3732880586886382,114,44,7,23
Logistic Regression,Class weight,8,1,3,4091952314,523556381,2286203142,1190208763,1561752405,0.5,0.7659574468085106,0.7932489451476794,0.390625,0.8333333333333334,0.5319148936170213,0.8778481012658228,0.7625333342661429,0.45326772432743645,119,39,5,25
Logistic Regression,Class weight,9,1,4,4091952314,3458391536,3459213072,4262935927,1064033893,0.5,0.75,0.7567510548523206,0.36507936507936506,0.7666666666666667,0.4946236559139785,0.8588607594936709,0.6483297236647158,0.39838788389511176,118,40,7,23
Logistic Regression,Class weight,10,2,0,233227757,1292076234,242029037,2908590786,2475464927,0.5,0.7606382978723404,0.7143003903842202,0.37037037037037035,0.6451612903225806,0.47058823529411764,0.7448119991781385,0.515570893846232,0.35150730252976725,123,34,11,20
Logistic Regression,Class weight,11,2,1,233227757,2243896038,3857682750,3182108843,204510430,0.5,0.75,0.7338196013971646,0.36666666666666664,0.7096774193548387,0.4835164835164835,0.8208341894390795,0.665330523241253,0.3722725161018172,119,38,9,22
Logistic Regression,Class weight,12,2,2,233227757,851682062,4152737003,752062676,773691371,0.5,0.7340425531914894,0.7337552742616034,0.34375,0.7333333333333333,0.46808510638297873,0.8278481012658228,0.6825210748100939,0.3613098119099278,116,42,8,22
Logistic Regression,Class weight,13,2,3,233227757,3834429963,1338780941,1138116918,3803552851,0.5,0.7553191489361702,0.7869198312236287,0.3787878787878788,0.8333333333333334,0.5208333333333334,0.8780590717299578,0.6957182939414611,0.4402788770200003,117,41,5,25
Logistic Regression,Class weight,14,2,4,233227757,3941955730,2303551520,3864556028,2907730403,0.5,0.7925531914893617,0.7685654008438818,0.41509433962264153,0.7333333333333333,0.5301204819277109,0.8419831223628693,0.6327777440701732,0.4371841511127929,127,31,8,22
Logistic Regression,Class weight,15,3,0,3276785861,2794086942,534009078,2228644780,3446112102,0.5,0.7553191489361702,0.7240599958906924,0.3684210526315789,0.6774193548387096,0.4772727272727273,0.8021368399424696,0.5953454847456661,0.3617861331186441,121,36,10,21
Logistic Regression,Class weight,16,3,1,3276785861,3337176271,314990811,1293432476,753604176,0.5,0.7606382978723404,0.7531333470310253,0.38333333333333336,0.7419354838709677,0.5054945054945055,0.8401479350729404,0.6801222260964702,0.40302261848632587,120,37,8,23
Logistic Regression,Class weight,17,3,2,3276785861,3176062672,2321942526,2578464736,3255480947,0.5,0.7659574468085106,0.779746835443038,0.3870967741935484,0.8,0.5217391304347826,0.8497890295358651,0.6271041240183376,0.4358160614585321,120,38,6,24
Logistic Regression,Class weight,18,3,3,3276785861,615075798,2627955233,1682640094,2441640373,0.5,0.7180851063829787,0.7242616033755274,0.3283582089552239,0.7333333333333333,0.4536082474226804,0.809282700421941,0.5826618230958558,0.342960420385499,113,45,8,22
Logistic Regression,Class weight,19,3,4,3276785861,2328857014,2527636565,2995716889,2876386581,0.5,0.7393617021276596,0.7639240506329115,0.3582089552238806,0.8,0.4948453608247423,0.8181434599156119,0.5659720347520023,0.4036156969917773,115,43,6,24
Logistic Regression,Class weight,20,4,0,3644269654,481961022,967627849,41030039,2537513979,0.5,0.7606382978723404,0.8049106225600986,0.39705882352941174,0.8709677419354839,0.5454545454545454,0.8814464762687487,0.6439361510706576,0.4709644692684647,116,41,4,27
Logistic Regression,Class weight,21,4,1,3644269654,934175084,2082134178,3886920948,2079863272,0.5,0.7659574468085106,0.7433737415245532,0.38596491228070173,0.7096774193548387,0.5,0.8413807273474418,0.6718213890562106,0.39297173285560194,122,35,9,22
Logistic Regression,Class weight,22,4,2,3644269654,2927577421,4039291973,3783127,4109176149,0.5,0.7606382978723404,0.7225738396624473,0.36363636363636365,0.6666666666666666,0.47058823529411764,0.7681434599156118,0.6052740089490523,0.3583324337339431,123,35,10,20
Logistic Regression,Class weight,23,4,3,3644269654,3330064557,2580345639,2680939555,728600247,0.5,0.7606382978723404,0.7360759493670885,0.3684210526315789,0.7,0.4827586206896552,0.8175105485232068,0.6366577732727393,0.37618184808243477,122,36,9,21
Logistic Regression,Class weight,24,4,4,3644269654,492020271,1575701,526518406,3149013352,0.5,0.7180851063829787,0.7242616033755274,0.3283582089552239,0.7333333333333333,0.4536082474226804,0.8012658227848101,0.5990522312352919,0.342960420385499,113,45,8,22
Logistic Regression,Class weight,25,5,0,1206282609,181252727,122577959,692510364,405561764,0.5,0.7659574468085106,0.7692623792890898,0.39344262295081966,0.7741935483870968,0.5217391304347826,0.8356276967331004,0.7124555660927319,0.4268443821004439,120,37,7,24
Logistic Regression,Class weight,26,5,1,1206282609,3588477321,2868397878,3803688230,1050921738,0.5,0.7074468085106383,0.7212862132730635,0.32857142857142857,0.7419354838709677,0.45544554455445546,0.7659749332237518,0.542729192694804,0.33972304037593754,110,47,8,23
Logistic Regression,Class weight,27,5,2,1206282609,3175067715,3602989722,2004453466,3659830878,0.5,0.7819148936170213,0.7487341772151899,0.39622641509433965,0.7,0.5060240963855421,0.799789029535865,0.5824728808484857,0.404901896435179,126,32,9,21
Logistic Regression,Class weight,28,5,3,1206282609,4174702542,1601855446,1070417594,1864117223,0.5,0.7712765957446809,0.809915611814346,0.4,0.8666666666666667,0.5473684210526316,0.8717299578059072,0.6731443197807583,0.4772581864022262,119,39,4,26
Logistic Regression,Class weight,29,5,4,1206282609,135446164,1278862993,3542173144,2079357081,0.5,0.776595744680851,0.7725738396624473,0.39655172413793105,0.7666666666666667,0.5227272727272727,0.8364978902953587,0.6643171352540173,0.43223274556224545,123,35,7,23
Logistic Regression,Class weight,30,6,0,3543069911,1403774233,3404095904,1847751949,1232411042,0.5,0.7819148936170213,0.76587220053421,0.4107142857142857,0.7419354838709677,0.5287356321839081,0.8280254777070064,0.6243808486257694,0.4314720019529665,124,33,8,23
Logistic Regression,Class weight,31,6,1,3543069911,4175944194,3232897752,2358236580,1566393990,0.5,0.776595744680851,0.7885761249229505,0.4098360655737705,0.8064516129032258,0.5434782608695652,0.8888432299157593,0.7519858930238309,0.4574612244640011,121,36,6,25
Logistic Regression,Class weight,32,6,2,3543069911,1089924410,3182563847,3679840457,3024492640,0.5,0.7446808510638298,0.8075949367088608,0.375,0.9,0.5294117647058824,0.9040084388185654,0.7263138078122061,0.46345023421984444,113,45,3,27
Logistic Regression,Class weight,33,6,3,3543069911,1853925516,277948992,4156840694,522532021,0.5,0.7659574468085106,0.7527426160337553,0.3793103448275862,0.7333333333333333,0.5,0.8069620253164557,0.61554176457078,0.4007854715043112,122,36,8,22
Logistic Regression,Class weight,34,6,4,3543069911,3501807147,3141570294,1007071193,1650957769,0.5,0.7127659574468085,0.680590717299578,0.3064516129032258,0.6333333333333333,0.41304347826086957,0.6869198312236287,0.4377749890465122,0.28134128854336615,115,43,11,19
Logistic Regression,Class weight,35,7,0,3479688010,3236768435,4185276846,3387778548,2265651650,0.5,0.75,0.7338196013971646,0.36666666666666664,0.7096774193548387,0.4835164835164835,0.8208341894390795,0.6118430304801582,0.3722725161018172,119,38,9,22
Logistic Regression,Class weight,36,7,1,3479688010,2305656012,1757867621,92310930,1259339386,0.5,0.7925531914893617,0.7851859461680707,0.42857142857142855,0.7741935483870968,0.5517241379310345,0.8323402506677624,0.6432731513314203,0.46281540858633496,125,32,7,24
Logistic Regression,Class weight,37,7,2,3479688010,2356649683,2474920802,1008432422,3632889916,0.5,0.776595744680851,0.79957805907173,0.4032258064516129,0.8333333333333334,0.5434782608695652,0.8348101265822785,0.6659935689722802,0.4667110160415653,121,37,5,25
Logistic Regression,Class weight,38,7,3,3479688010,2893281512,2744767792,833236082,4265455703,0.5,0.6968085106382979,0.7116033755274261,0.30985915492957744,0.7333333333333333,0.43564356435643564,0.8255274261603376,0.5908666790436089,0.319683081339955,109,49,8,22
Logistic Regression,Class weight,39,7,4,3479688010,4199500584,4129990074,988126918,2975192826,0.5,0.7925531914893617,0.7415611814345991,0.40816326530612246,0.6666666666666666,0.5063291139240507,0.7869198312236287,0.6329591672639575,0.40303324509044836,129,29,10,20
Logistic Regression,Class weight,40,8,0,877132087,1103542793,2292519782,650463077,4092219779,0.5,0.6914893617021277,0.7117320731456749,0.3150684931506849,0.7419354838709677,0.4423076923076923,0.794329155537292,0.6511577679340924,0.3224311323076231,107,50,8,23
Logistic Regression,Class weight,41,8,1,877132087,3056684009,828376954,3387953314,3778237800,0.5,0.7446808510638298,0.7435792069036367,0.36507936507936506,0.7419354838709677,0.48936170212765956,0.8013149784261352,0.6101087073028916,0.38297956332181027,117,40,8,23
Logistic Regression,Class weight,42,8,2,877132087,3791339622,801250749,2524915007,3492662419,0.5,0.7606382978723404,0.7495780590717299,0.3728813559322034,0.7333333333333333,0.4943820224719101,0.8162447257383967,0.6315942220742196,0.3939169861477784,121,37,8,22
Logistic Regression,Class weight,43,8,3,877132087,3127342568,451772945,466843846,2342459323,0.5,0.7872340425531915,0.819409282700422,0.41935483870967744,0.8666666666666667,0.5652173913043478,0.9016877637130802,0.713032437506085,0.4976059706245985,122,36,4,26
Logistic Regression,Class weight,44,8,4,877132087,1127828914,2108267552,411373643,3936412712,0.5,0.7712765957446809,0.7424050632911392,0.38181818181818183,0.7,0.49411764705882355,0.7578059071729957,0.44955030186130734,0.3902596837538394,124,34,9,21
Logistic Regression,Class weight,45,9,0,1244265337,3338291230,3341462895,1688884084,3790178701,0.5,0.7127659574468085,0.737415245531128,0.3380281690140845,0.7741935483870968,0.47058823529411764,0.8204232586809123,0.6496284461388159,0.3634520871138415,110,47,7,24
Logistic Regression,Class weight,46,9,1,1244265337,624068715,430694734,3609618794,959459011,0.5,0.7393617021276596,0.7792274501746456,0.37142857142857144,0.8387096774193549,0.5148514851485149,0.8732278611054037,0.7477121317012281,0.42867559133788213,113,44,5,26
Logistic Regression,Class weight,47,9,2,1244265337,2744585060,1941501548,3783483304,960549776,0.5,0.7606382978723404,0.7900843881856541,0.38461538461538464,0.8333333333333334,0.5263157894736842,0.8736286919831224,0.6591975688062531,0.4467188606555896,118,40,5,25
Logistic Regression,Class weight,48,9,3,1244265337,1970194164,2494384293,3762506552,255970405,0.5,0.7819148936170213,0.681223628691983,0.37209302325581395,0.5333333333333333,0.4383561643835616,0.7620253164556962,0.4653592957107522,0.3160208666548646,131,27,14,16
Logistic Regression,Class weight,49,9,4,1244265337,173601491,2326733242,4001303683,1946730814,0.5,0.7606382978723404,0.6820675105485232,0.3469387755102041,0.5666666666666667,0.43037974683544306,0.7565400843881857,0.5686100228380958,0.30377090874502793,126,32,13,17
Logistic Regression,SMOTE-NC,0,0,0,2684470948,4029279179,1940131830,2589018594,835683276,0.5,0.8670212765957447,0.8168276145469489,0.575,0.7419354838709677,0.647887323943662,0.8814464762687487,0.721719154742071,0.5745434036901961,140,17,8,23
Logistic Regression,SMOTE-NC,1,0,1,2684470948,1907587041,438564525,1964706876,2684742819,0.5,0.723404255319149,0.6272858023423054,0.29411764705882354,0.4838709677419355,0.36585365853658536,0.7337168687076226,0.4191870502045518,0.2124688472451831,121,36,16,15
Logistic Regression,SMOTE-NC,2,0,2,2684470948,550160846,2425325085,1885638759,2034382024,0.5,0.7659574468085106,0.7122362869198312,0.36538461538461536,0.6333333333333333,0.4634146341463415,0.8407172995780591,0.5973148673684026,0.34751029855613436,125,33,11,19
Logistic Regression,SMOTE-NC,3,0,3,2684470948,456733724,4056021112,1480764330,3833442139,0.5,0.7819148936170213,0.7082278481012658,0.3829787234042553,0.6,0.4675324675324675,0.7972573839662447,0.6132992209530365,0.3522082237986393,129,29,12,18
Logistic Regression,SMOTE-NC,4,0,4,2684470948,3899025672,3545531724,1681206389,1660908854,0.5,0.7819148936170213,0.7082278481012658,0.3829787234042553,0.6,0.4675324675324675,0.770042194092827,0.609525401735688,0.3522082237986393,129,29,12,18
Logistic Regression,SMOTE-NC,5,1,0,4091952314,2709696717,576964997,3945639892,2161510343,0.5,0.7180851063829787,0.6499897267310458,0.30357142857142855,0.5483870967741935,0.39080459770114945,0.7507704951715637,0.4681770780321632,0.24341156215275545,118,39,14,17
Logistic Regression,SMOTE-NC,6,1,1,4091952314,241719485,1182123724,2849939526,2325222427,0.5,0.7819148936170213,0.7140949250051367,0.3958333333333333,0.6129032258064516,0.4810126582278481,0.7737826176289295,0.5937257261834995,0.3644033870387717,128,29,12,19
Logistic Regression,SMOTE-NC,7,1,2,4091952314,3113315634,3821201220,607797539,4185918705,0.5,0.7446808510638298,0.69957805907173,0.3392857142857143,0.6333333333333333,0.4418604651162791,0.7843881856540085,0.5734031160985948,0.3196325371587324,121,37,11,19
Logistic Regression,SMOTE-NC,8,1,3,4091952314,523556381,2083539345,4027699665,1156544529,0.5,0.7978723404255319,0.7987341772151899,0.42857142857142855,0.8,0.5581395348837209,0.8546413502109704,0.7088050587398071,0.4784351718993288,126,32,6,24
Logistic Regression,SMOTE-NC,9,1,4,4091952314,3458391536,3882655913,1276335423,390623639,0.5,0.7553191489361702,0.7059071729957807,0.35185185185185186,0.6333333333333333,0.4523809523809524,0.8139240506329114,0.5866797357644935,0.33330464291444556,123,35,11,19
Logistic Regression,SMOTE-NC,10,2,0,233227757,1292076234,597742721,2958133555,263310577,0.5,0.7712765957446809,0.6818368604890076,0.3695652173913043,0.5483870967741935,0.44155844155844154,0.760427367988494,0.5424780019057069,0.31392037551481583,128,29,14,17
Logistic Regression,SMOTE-NC,11,2,1,233227757,2243896038,3167126354,3009350946,2749558087,0.5,0.8085106382978723,0.7688514485309226,0.4489795918367347,0.7096774193548387,0.55,0.8296692007396753,0.6682723510062225,0.4545352920940727,130,27,9,22
Logistic Regression,SMOTE-NC,12,2,2,233227757,851682062,1787626417,2396586846,2936560824,0.5,0.75,0.7162447257383966,0.3508771929824561,0.6666666666666666,0.45977011494252873,0.809915611814346,0.6467691784487692,0.3445812281362785,121,37,10,20
Logistic Regression,SMOTE-NC,13,2,3,233227757,3834429963,2540425711,1575900915,3417578568,0.5,0.7819148936170213,0.7622362869198311,0.4,0.7333333333333333,0.5176470588235295,0.8755274261603375,0.6673942280341529,0.4221869337737358,125,33,8,22
Logistic Regression,SMOTE-NC,14,2,4,233227757,3941955730,3357318134,4249938539,4165384493,0.5,0.824468085106383,0.7875527426160338,0.46808510638297873,0.7333333333333333,0.5714285714285714,0.8364978902953587,0.6176490716367715,0.48638278524574,133,25,8,22
Logistic Regression,SMOTE-NC,15,3,0,3276785861,2794086942,3704749685,1971273154,4047764566,0.5,0.7819148936170213,0.6882062872406,0.38636363636363635,0.5483870967741935,0.4533333333333333,0.7748099445243476,0.5331558367914,0.32990371941841534,130,27,14,17
Logistic Regression,SMOTE-NC,16,3,1,3276785861,3337176271,4260302499,1444680185,639450560,0.5,0.8031914893617021,0.7656667351551264,0.44,0.7096774193548387,0.5432098765432098,0.8436408465173618,0.7009756988454455,0.4462449373272378,129,28,9,22
Logistic Regression,SMOTE-NC,17,3,2,3276785861,3176062672,209085262,3664415953,3962972938,0.5,0.7659574468085106,0.7662447257383966,0.38333333333333336,0.7666666666666667,0.5111111111111111,0.8394514767932489,0.6087536641413765,0.41833053859573804,121,37,7,23
Logistic Regression,SMOTE-NC,18,3,3,3276785861,615075798,3876135860,3437958509,2263601863,0.5,0.7606382978723404,0.7090717299578059,0.3584905660377358,0.6333333333333333,0.4578313253012048,0.8067510548523207,0.5615964657096431,0.3403373870799511,124,34,11,19
Logistic Regression,SMOTE-NC,19,3,4,3276785861,2328857014,1850190115,2757664481,2935572714,0.5,0.7978723404255319,0.7717299578059071,0.4230769230769231,0.7333333333333333,0.5365853658536586,0.8151898734177215,0.5910560608348346,0.4449237222070587,128,30,8,22
Logistic Regression,SMOTE-NC,20,4,0,3644269654,481961022,1543887316,1894892289,9164889,0.5,0.7659574468085106,0.7304294226422847,0.38181818181818183,0.6774193548387096,0.4883720930232558,0.8730223957263201,0.6536163852962865,0.3759165404481975,123,34,10,21
Logistic Regression,SMOTE-NC,21,4,1,3644269654,934175084,1605641428,2542092278,1818112530,0.5,0.7872340425531915,0.7561125950277379,0.41509433962264153,0.7096774193548387,0.5238095238095238,0.850626669406205,0.677391897377156,0.42246115916195337,126,31,9,22
Logistic Regression,SMOTE-NC,22,4,2,3644269654,2927577421,392066935,778000391,1823403956,0.5,0.8191489361702128,0.7573839662447257,0.45454545454545453,0.6666666666666666,0.5405405405405406,0.7829113924050634,0.6158983313805101,0.44523886933790535,134,24,10,20
Logistic Regression,SMOTE-NC,23,4,3,3644269654,3330064557,4006950215,380738948,8674761,0.5,0.776595744680851,0.7050632911392405,0.375,0.6,0.46153846153846156,0.7808016877637131,0.5741998422537589,0.3444470370056754,128,30,12,18
Logistic Regression,SMOTE-NC,24,4,4,3644269654,492020271,2347473781,3950770380,2342168012,0.5,0.7925531914893617,0.7685654008438818,0.41509433962264153,0.7333333333333333,0.5301204819277109,0.8084388185654008,0.5916897967027871,0.4371841511127929,127,31,8,22
Logistic Regression,SMOTE-NC,25,5,0,1206282609,181252727,196667620,2096635027,2440940098,0.5,0.7659574468085106,0.7692623792890898,0.39344262295081966,0.7741935483870968,0.5217391304347826,0.8370659543866859,0.7024226699503391,0.4268443821004439,120,37,7,24
Logistic Regression,SMOTE-NC,26,5,1,1206282609,3588477321,1919356770,841897108,3803400039,0.5,0.7287234042553191,0.6951921101294432,0.3333333333333333,0.6451612903225806,0.43956043956043955,0.757139921923156,0.4944130891672873,0.3107723113328,117,40,11,20
Logistic Regression,SMOTE-NC,27,5,2,1206282609,3175067715,534440860,1680152628,1872906491,0.5,0.7925531914893617,0.7145569620253165,0.4,0.6,0.48,0.7719409282700421,0.5656853784916576,0.3682879438157869,131,27,12,18
Logistic Regression,SMOTE-NC,28,5,3,1206282609,4174702542,2567971122,706557470,1118103703,0.5,0.7925531914893617,0.7685654008438818,0.41509433962264153,0.7333333333333333,0.5301204819277109,0.8706751054852321,0.689588388531781,0.4371841511127929,127,31,8,22
Logistic Regression,SMOTE-NC,29,5,4,1206282609,135446164,2835585416,2155240780,568395840,0.5,0.7712765957446809,0.7559071729957806,0.38596491228070173,0.7333333333333333,0.5057471264367817,0.8177215189873418,0.6332635166605333,0.4077824680285911,123,35,8,22
Logistic Regression,SMOTE-NC,30,6,0,3543069911,1403774233,2467679289,3328438420,3651763265,0.5,0.8138297872340425,0.7720361619067188,0.4583333333333333,0.7096774193548387,0.5569620253164557,0.8128210396548181,0.5866006192609041,0.4630231136653874,131,26,9,22
Logistic Regression,SMOTE-NC,31,6,1,3543069911,4175944194,1793648370,2304427448,232433151,0.5,0.8031914893617021,0.791555372919663,0.4444444444444444,0.7741935483870968,0.5647058823529412,0.8750770495171565,0.7340943440112889,0.4782251795683027,127,30,7,24
Logistic Regression,SMOTE-NC,32,6,2,3543069911,1089924410,1570173762,3807122787,154235817,0.5,0.7659574468085106,0.8067510548523207,0.3939393939393939,0.8666666666666667,0.5416666666666666,0.8932489451476793,0.7195335668909124,0.47070991704932386,118,40,4,26
Logistic Regression,SMOTE-NC,33,6,3,3543069911,1853925516,3924494101,3012113694,3084476886,0.5,0.8351063829787234,0.780379746835443,0.4883720930232558,0.7,0.5753424657534246,0.8234177215189873,0.6599029709775458,0.4889310032413447,136,22,9,21
Logistic Regression,SMOTE-NC,34,6,4,3543069911,3501807147,707252176,1427554376,3290631367,0.5,0.7287234042553191,0.6495780590717299,0.3018867924528302,0.5333333333333333,0.3855421686746988,0.669831223628692,0.4034994960578516,0.24349062304710933,121,37,14,16
Logistic Regression,SMOTE-NC,35,7,0,3479688010,3236768435,1032962142,2444512635,3310446285,0.5,0.7446808510638298,0.7047462502568318,0.3508771929824561,0.6451612903225806,0.45454545454545453,0.7896034518183687,0.6059484066864633,0.3306005333816862,120,37,11,20
Logistic Regression,SMOTE-NC,36,7,1,3479688010,2305656012,3247800347,2924669095,1389772032,0.5,0.8191489361702128,0.7881651941647833,0.46938775510204084,0.7419354838709677,0.575,0.8267926854325046,0.6277753715457652,0.4871881904179877,131,26,8,23
Logistic Regression,SMOTE-NC,37,7,2,3479688010,2356649683,3126640835,617853063,2958454195,0.5,0.7606382978723404,0.7765822784810127,0.38095238095238093,0.8,0.5161290322580645,0.8177215189873417,0.6113360629149754,0.4291590105065665,119,39,6,24
Logistic Regression,SMOTE-NC,38,7,3,3479688010,2893281512,3406727698,3443785590,311786200,0.5,0.7340425531914894,0.679746835443038,0.32142857142857145,0.6,0.4186046511627907,0.7924050632911391,0.5468001485866654,0.2878720102106131,120,38,12,18
Logistic Regression,SMOTE-NC,39,7,4,3479688010,4199500584,3805140447,511756147,746929078,0.5,0.7659574468085106,0.7257383966244726,0.37037037037037035,0.6666666666666666,0.47619047619047616,0.7540084388185654,0.5814071660087254,0.3654057048344844,124,34,10,20
Logistic Regression,SMOTE-NC,40,8,0,877132087,1103542793,2444660524,626775689,3485945514,0.5,0.7659574468085106,0.7304294226422847,0.38181818181818183,0.6774193548387096,0.4883720930232558,0.8171358126155742,0.6865819415089776,0.3759165404481975,123,34,10,21
Logistic Regression,SMOTE-NC,41,8,1,877132087,3056684009,951223749,144247911,3400476690,0.5,0.7712765957446809,0.733614136018081,0.3888888888888889,0.6774193548387096,0.49411764705882355,0.7939182247791248,0.6016979848857416,0.3831867717894011,124,33,10,21
Logistic Regression,SMOTE-NC,42,8,2,877132087,3791339622,595958022,3835758851,1105811925,0.5,0.7819148936170213,0.7352320675105485,0.39215686274509803,0.6666666666666666,0.49382716049382713,0.7938818565400845,0.5951506509968278,0.38749876311054304,127,31,10,20
Logistic Regression,SMOTE-NC,43,8,3,877132087,3127342568,3071616298,2873577927,1090274050,0.5,0.8191489361702128,0.7978902953586497,0.46,0.7666666666666667,0.575,0.8862869198312235,0.7125551582616932,0.4937998755856016,131,27,7,23
Logistic Regression,SMOTE-NC,44,8,4,877132087,1127828914,1434901922,1578110847,1166692186,0.5,0.7712765957446809,0.7018987341772152,0.3673469387755102,0.6,0.45569620253164556,0.7367088607594936,0.38898140613513643,0.3368583541935014,127,31,12,18
Logistic Regression,SMOTE-NC,45,9,0,1244265337,3338291230,3978908621,2326970086,2121237948,0.5,0.7606382978723404,0.7531333470310253,0.38333333333333336,0.7419354838709677,0.5054945054945055,0.8241216355044175,0.6757219638025641,0.40302261848632587,120,37,8,23
Logistic Regression,SMOTE-NC,46,9,1,1244265337,624068715,3035878466,333743334,1201239186,0.5,0.7712765957446809,0.7853914115471543,0.4032258064516129,0.8064516129032258,0.5376344086021505,0.871995068830902,0.7504472211571732,0.450526613773114,120,37,6,25
Logistic Regression,SMOTE-NC,47,9,2,1244265337,2744585060,2039781380,3349836075,1523057945,0.5,0.7872340425531915,0.778902953586498,0.4107142857142857,0.7666666666666667,0.5348837209302325,0.8430379746835444,0.6285734515370739,0.4466746449512095,125,33,7,23
Logistic Regression,SMOTE-NC,48,9,3,1244265337,1970194164,974556983,1283015817,228493356,0.5,0.776595744680851,0.6780590717299578,0.36363636363636365,0.5333333333333333,0.43243243243243246,0.7550632911392405,0.47033410804766995,0.3080177096075345,130,28,14,16
Logistic Regression,SMOTE-NC,49,9,4,1244265337,173601491,737635838,3692992592,664430757,0.5,0.8085106382978723,0.7375527426160338,0.4318181818181818,0.6333333333333333,0.5135135135135135,0.7818565400843882,0.5961111606289465,0.4109335794053126,133,25,11,19
Logistic Regression,Random undersampling,0,0,0,2684470948,4029279179,2760053715,3291039050,2555809418,0.5,0.7819148936170213,0.8047051571810151,0.41935483870967744,0.8387096774193549,0.5591397849462365,0.8804191493733307,0.7575603348001216,0.4810158158571116,121,36,5,26
Logistic Regression,Random undersampling,1,0,1,2684470948,1907587041,1707303629,4111900003,1017251375,0.5,0.7180851063829787,0.7276556400246559,0.3382352941176471,0.7419354838709677,0.46464646464646464,0.7752208752825149,0.5272944996981224,0.3516365444403362,112,45,8,23
Logistic Regression,Random undersampling,2,0,2,2684470948,550160846,677783689,2131075795,2389997028,0.5,0.7021276595744681,0.7417721518987341,0.32432432432432434,0.8,0.46153846153846156,0.8343881856540084,0.5328341646963423,0.3624575553221687,108,50,6,24
Logistic Regression,Random undersampling,3,0,3,2684470948,456733724,1324952582,1542518038,3973388053,0.5,0.7393617021276596,0.7234177215189873,0.3442622950819672,0.7,0.46153846153846156,0.8105485232067511,0.5984750171003586,0.34951837048556406,118,40,9,21
Logistic Regression,Random undersampling,4,0,4,2684470948,3899025672,3143297705,2738574463,2557268617,0.5,0.7127659574468085,0.721097046413502,0.3235294117647059,0.7333333333333333,0.4489795918367347,0.7487341772151899,0.5477922999994252,0.3370210506031952,112,46,8,22
Logistic Regression,Random undersampling,5,1,0,4091952314,2709696717,3876456620,491804835,1407007054,0.5,0.675531914893617,0.689233614136018,0.2972972972972973,0.7096774193548387,0.41904761904761906,0.7832340250667763,0.5719106246892393,0.28746876765170254,105,52,9,22
Logistic Regression,Random undersampling,6,1,1,4091952314,241719485,3267244141,157023131,2622371564,0.5,0.7180851063829787,0.7147113211423874,0.3333333333333333,0.7096774193548387,0.4536082474226804,0.7468666529689747,0.4463207984339296,0.33385949327341347,113,44,9,22
Logistic Regression,Random undersampling,7,1,2,4091952314,3113315634,2942685823,1165752702,672728203,0.5,0.7021276595744681,0.7147679324894515,0.3142857142857143,0.7333333333333333,0.44,0.7664556962025316,0.5709231445693839,0.32538578725020645,110,48,8,22
Logistic Regression,Random undersampling,8,1,3,4091952314,523556381,33600539,701522250,1691661104,0.5,0.7074468085106383,0.7449367088607595,0.3287671232876712,0.8,0.46601941747572817,0.8419831223628693,0.7467420787255367,0.36809735291209233,109,49,6,24
Logistic Regression,Random undersampling,9,1,4,4091952314,3458391536,2547615828,822920510,2525975860,0.5,0.75,0.7972573839662447,0.37681159420289856,0.8666666666666667,0.5252525252525253,0.8681434599156118,0.649913397518339,0.4517038496663546,115,43,4,26
Logistic Regression,Random undersampling,10,2,0,233227757,1292076234,2914937049,3994784419,3033935536,0.5,0.7393617021276596,0.7145058557633039,0.35,0.6774193548387096,0.46153846153846156,0.7513868913088144,0.48872887721674735,0.3415224137173086,118,39,10,21
Logistic Regression,Random undersampling,11,2,1,233227757,2243896038,861405978,4059751099,480359600,0.5,0.6914893617021277,0.7117320731456749,0.3150684931506849,0.7419354838709677,0.4423076923076923,0.8136429011711526,0.6891959032606358,0.3224311323076231,107,50,8,23
Logistic Regression,Random undersampling,12,2,2,233227757,851682062,621900253,61538364,4023525737,0.5,0.6436170212765957,0.6934599156118144,0.27710843373493976,0.7666666666666667,0.40707964601769914,0.7936708860759494,0.6093126020364007,0.28534907218433075,98,60,7,23
Logistic Regression,Random undersampling,13,2,3,233227757,3834429963,4222542465,308201672,3017894836,0.5,0.7340425531914894,0.7877637130801688,0.3611111111111111,0.8666666666666667,0.5098039215686274,0.8487341772151898,0.5986550953987989,0.4335707266638325,112,46,4,26
Logistic Regression,Random undersampling,14,2,4,233227757,3941955730,1355317780,3425188596,3227665839,0.5,0.6914893617021277,0.748945147679325,0.32051282051282054,0.8333333333333334,0.46296296296296297,0.8257383966244726,0.626546267062012,0.37006600196398115,105,53,5,25
Logistic Regression,Random undersampling,15,3,0,3276785861,2794086942,1169890543,4220017381,73400693,0.5,0.6861702127659575,0.6826587220053421,0.3,0.6774193548387096,0.4158415841584158,0.766385863981919,0.5339978221480021,0.28042133973464106,108,49,10,21
Logistic Regression,Random undersampling,16,3,1,3276785861,3337176271,1695219539,2129334858,2499463872,0.5,0.7446808510638298,0.7306348880213684,0.36065573770491804,0.7096774193548387,0.4782608695652174,0.8087117320731456,0.584056221102916,0.36561069737332946,118,39,9,22
Logistic Regression,Random undersampling,17,3,2,3276785861,3176062672,4070900216,2852876623,1682665257,0.5,0.723404255319149,0.7544303797468355,0.34285714285714286,0.8,0.48,0.8225738396624472,0.5849594802799604,0.38547667919818174,112,46,6,24
Logistic Regression,Random undersampling,18,3,3,3276785861,615075798,341470162,3472067114,4254526975,0.5,0.6276595744680851,0.6434599156118144,0.25,0.6666666666666666,0.36363636363636365,0.7586497890295358,0.5168587576661001,0.21251660350824894,98,60,10,20
Logistic Regression,Random undersampling,19,3,4,3276785861,2328857014,1983964306,790577426,1717493812,0.5,0.7127659574468085,0.7616033755274262,0.33783783783783783,0.8333333333333334,0.4807692307692308,0.8217299578059072,0.6118374955176469,0.39218793071508656,109,49,5,25
Logistic Regression,Random undersampling,20,4,0,3644269654,481961022,3166016764,2668902670,2416934364,0.5,0.6808510638297872,0.7700842408054243,0.32941176470588235,0.9032258064516129,0.4827586206896552,0.8732278611054037,0.616074334154397,0.4027465582655385,100,57,3,28
Logistic Regression,Random undersampling,21,4,1,3644269654,934175084,2692237616,1335438992,1287099118,0.5,0.7340425531914894,0.763098417916581,0.36231884057971014,0.8064516129032258,0.5,0.7953564824327101,0.5868432105772733,0.4051173837008631,113,44,6,25
Logistic Regression,Random undersampling,22,4,2,3644269654,2927577421,2777641383,2430919291,4046241735,0.5,0.7446808510638298,0.7265822784810126,0.35,0.7,0.4666666666666667,0.7793248945147678,0.6330834029358208,0.3560118846686392,119,39,9,21
Logistic Regression,Random undersampling,23,4,3,3644269654,3330064557,386493467,917033501,3952108058,0.5,0.7340425531914894,0.7607594936708861,0.35294117647058826,0.8,0.4897959183673469,0.8067510548523207,0.5582574310876678,0.39747902532972257,114,44,6,24
Logistic Regression,Random undersampling,24,4,4,3644269654,492020271,1565897592,2533575481,3073635664,0.5,0.6648936170212766,0.6926160337552743,0.2857142857142857,0.7333333333333333,0.411214953271028,0.7793248945147679,0.5111313344849153,0.2868829581361017,103,55,8,22
Logistic Regression,Random undersampling,25,5,0,1206282609,181252727,585389068,3446100376,3591719833,0.5,0.7180851063829787,0.7535442777891925,0.3472222222222222,0.8064516129032258,0.4854368932038835,0.8224779124717485,0.6676539268549841,0.3870964953850632,110,47,6,25
Logistic Regression,Random undersampling,26,5,1,1206282609,3588477321,3337181119,668126509,1321286495,0.5,0.6861702127659575,0.7085473597698788,0.3108108108108108,0.7419354838709677,0.4380952380952381,0.7474830491062256,0.5216575801875353,0.3168086853056223,106,51,8,23
Logistic Regression,Random undersampling,27,5,2,1206282609,3175067715,1513584796,2310662371,3114905917,0.5,0.7393617021276596,0.7099156118143459,0.3389830508474576,0.6666666666666666,0.449438202247191,0.7947257383966245,0.5459467050220851,0.3313164845452574,119,39,10,20
Logistic Regression,Random undersampling,28,5,3,1206282609,4174702542,3808877510,2423160319,2715497274,0.5,0.7712765957446809,0.7829113924050632,0.39344262295081966,0.8,0.5274725274725275,0.8432489451476795,0.6254640797263394,0.44259125101146496,121,37,6,24
Logistic Regression,Random undersampling,29,5,4,1206282609,135446164,1929755248,4189443369,3409031950,0.5,0.6914893617021277,0.6949367088607594,0.3,0.7,0.42,0.7940928270042195,0.564193561879091,0.29534034127621883,109,49,9,21
Logistic Regression,Random undersampling,30,6,0,3543069911,1403774233,1295515288,4232873050,3290467369,0.5,0.7021276595744681,0.7439901376618039,0.3333333333333333,0.8064516129032258,0.4716981132075472,0.8202177933018286,0.6330236234940725,0.36979674779222604,107,50,6,25
Logistic Regression,Random undersampling,31,6,1,3543069911,4175944194,3776273128,2453552440,3006965901,0.5,0.7659574468085106,0.7822066981713581,0.3968253968253968,0.8064516129032258,0.5319148936170213,0.8643928498048079,0.6983771126304978,0.44371356408477974,119,38,6,25
Logistic Regression,Random undersampling,32,6,2,3543069911,1089924410,2100308794,2344794903,1603716148,0.5,0.6914893617021277,0.748945147679325,0.32051282051282054,0.8333333333333334,0.46296296296296297,0.8848101265822785,0.6564843650679348,0.37006600196398115,105,53,5,25
Logistic Regression,Random undersampling,33,6,3,3543069911,1853925516,2291785722,2774120713,4161138748,0.5,0.7446808510638298,0.7265822784810126,0.35,0.7,0.4666666666666667,0.7740506329113923,0.4592391804330681,0.3560118846686392,119,39,9,21
Logistic Regression,Random undersampling,34,6,4,3543069911,3501807147,3095151406,3281994782,494764695,0.5,0.675531914893617,0.6449367088607595,0.26865671641791045,0.6,0.3711340206185567,0.6824894514767932,0.4312456542884665,0.22164986717294247,109,49,12,18
Logistic Regression,Random undersampling,35,7,0,3479688010,3236768435,639136452,3486000707,1971154989,0.5,0.6702127659574468,0.686048900760222,0.29333333333333333,0.7096774193548387,0.41509433962264153,0.800904047667968,0.582399279795331,0.28197975168493533,104,53,9,22
Logistic Regression,Random undersampling,36,7,1,3479688010,2305656012,1492087018,1906748490,545616122,0.5,0.7553191489361702,0.7887815903020341,0.3880597014925373,0.8387096774193549,0.5306122448979592,0.8089171974522292,0.5815242714869806,0.4475072606404232,116,41,5,26
Logistic Regression,Random undersampling,37,7,2,3479688010,2356649683,3694757735,252332285,2838073615,0.5,0.6914893617021277,0.7354430379746836,0.3157894736842105,0.8,0.4528301886792453,0.8229957805907173,0.6269314246880956,0.3513898494639138,106,52,6,24
Logistic Regression,Random undersampling,38,7,3,3479688010,2893281512,3065200641,953512080,460833914,0.5,0.7021276595744681,0.7552742616033755,0.32894736842105265,0.8333333333333334,0.4716981132075472,0.8284810126582279,0.5452931274263144,0.38098720237574885,107,51,5,25
Logistic Regression,Random undersampling,39,7,4,3479688010,4199500584,439727612,2711742697,746708850,0.5,0.7074468085106383,0.7044303797468354,0.31343283582089554,0.7,0.4329896907216495,0.800632911392405,0.5883257712214259,0.3126327820823599,112,46,9,21
Logistic Regression,Random undersampling,40,8,0,877132087,1103542793,3128554885,2906054769,4119913184,0.5,0.7127659574468085,0.737415245531128,0.3380281690140845,0.7741935483870968,0.47058823529411764,0.8159030203410725,0.639830818396983,0.3634520871138415,110,47,7,24
Logistic Regression,Random undersampling,41,8,1,877132087,3056684009,2505567871,42180692,3317709780,0.5,0.675531914893617,0.7151222519005547,0.3076923076923077,0.7741935483870968,0.44036697247706424,0.7914526402301213,0.5636823013924303,0.3240427881469683,103,54,7,24
Logistic Regression,Random undersampling,42,8,2,877132087,3791339622,4055868149,1470641322,187811268,0.5,0.7287234042553191,0.7440928270042194,0.34328358208955223,0.7666666666666667,0.4742268041237113,0.8099156118143459,0.55611497650674,0.3732880586886382,114,44,7,23
Logistic Regression,Random undersampling,43,8,3,877132087,3127342568,2142556943,1884200458,2898786429,0.5,0.7712765957446809,0.7964135021097047,0.3968253968253968,0.8333333333333334,0.5376344086021505,0.8909282700421941,0.7154478019487642,0.45993013711802133,120,38,5,25
Logistic Regression,Random undersampling,44,8,4,877132087,1127828914,1216502529,55744832,3278355227,0.5,0.7553191489361702,0.7194092827004219,0.35714285714285715,0.6666666666666666,0.46511627906976744,0.7097046413502108,0.36458638995030385,0.35139306410685167,122,36,10,20
Logistic Regression,Random undersampling,45,9,0,1244265337,3338291230,1852482216,1793080349,2879086209,0.5,0.6382978723404256,0.6798849393877131,0.27710843373493976,0.7419354838709677,0.40350877192982454,0.7487158413807273,0.5002272413610539,0.26885726553243433,97,60,8,23
Logistic Regression,Random undersampling,46,9,1,1244265337,624068715,3652168957,973170560,2676680139,0.5,0.6329787234042553,0.7414218204232587,0.2978723404255319,0.9032258064516129,0.448,0.8590507499486336,0.6571441582302475,0.3583515898210377,91,66,3,28
Logistic Regression,Random undersampling,47,9,2,1244265337,2744585060,4248467742,2551012144,2608649888,0.5,0.723404255319149,0.7814345991561182,0.35135135135135137,0.8666666666666667,0.5,0.8767932489451477,0.6874478227763541,0.4219183061080044,110,48,4,26
Logistic Regression,Random undersampling,48,9,3,1244265337,1970194164,594009858,528242201,3215144021,0.5,0.7659574468085106,0.6987341772151898,0.36,0.6,0.45,0.7569620253164557,0.439187093274978,0.329433061474247,126,32,12,18
Logistic Regression,Random undersampling,49,9,4,1244265337,173601491,3086124443,2853100054,2797909746,0.5,0.7606382978723404,0.7090717299578059,0.3584905660377358,0.6333333333333333,0.4578313253012048,0.709493670886076,0.4913996196304096,0.3403373870799511,124,34,11,19
Logistic Regression,Threshold tuning,0,0,0,2684470948,4029279179,4053490478,2873181299,3104279283,0.35123972328799624,0.898936170212766,0.7841586192726526,0.7307692307692307,0.6129032258064516,0.6666666666666666,0.8715841380727348,0.7547125619612519,0.6109101227014231,150,7,12,19
Logistic Regression,Threshold tuning,1,0,1,2684470948,1907587041,3042774529,2256714295,3004386087,0.34745596428996794,0.851063829787234,0.6648859667146085,0.5714285714285714,0.3870967741935484,0.46153846153846156,0.7758372714197657,0.564690895017723,0.3884869911988517,148,9,19,12
Logistic Regression,Threshold tuning,2,0,2,2684470948,550160846,709602701,2202751764,1094827670,0.38122106462928274,0.8723404255319149,0.7215189873417722,0.625,0.5,0.5555555555555556,0.869409282700422,0.627543053892472,0.48618614562743534,149,9,15,15
Logistic Regression,Threshold tuning,3,0,3,2684470948,456733724,969662186,4161471298,2924848487,0.3400658782159099,0.8882978723404256,0.7310126582278481,0.7142857142857143,0.5,0.5882352941176471,0.7744725738396625,0.5986122240871066,0.5371394635115445,152,6,15,15
Logistic Regression,Threshold tuning,4,0,4,2684470948,3899025672,2512315106,717583664,3024434913,0.30947927145562976,0.8457446808510638,0.7191983122362869,0.5161290322580645,0.5333333333333333,0.5245901639344263,0.7736286919831223,0.5671531731471066,0.4326390330357445,143,15,14,16
Logistic Regression,Threshold tuning,5,1,0,4091952314,2709696717,1949858456,4158149711,2352355125,0.3189998302001352,0.8457446808510638,0.7005342099856174,0.5357142857142857,0.4838709677419355,0.5084745762711864,0.7945346209163756,0.5748679680138686,0.4180325826180583,144,13,16,15
Logistic Regression,Threshold tuning,6,1,1,4091952314,241719485,2309905274,1201801149,3590330219,0.3229451954828876,0.8723404255319149,0.7552907335114034,0.6206896551724138,0.5806451612903226,0.6,0.7780973905896856,0.5942118275310571,0.5245636092671271,146,11,13,18
Logistic Regression,Threshold tuning,7,1,2,4091952314,3113315634,4228984763,2706208516,3812448431,0.34306734558666563,0.8563829787234043,0.6715189873417722,0.5714285714285714,0.4,0.47058823529411764,0.7645569620253164,0.5722371060250122,0.3988076564702152,149,9,18,12
Logistic Regression,Threshold tuning,8,1,3,4091952314,523556381,1456016481,3326338932,624095705,0.2624995350262485,0.8563829787234043,0.8200421940928271,0.5348837209302325,0.7666666666666667,0.6301369863013698,0.8827004219409283,0.7879486481692516,0.5580950578759367,138,20,7,23
Logistic Regression,Threshold tuning,9,1,4,4091952314,3458391536,416954186,2012762475,3650663311,0.37659521672727353,0.8723404255319149,0.7485232067510548,0.6071428571428571,0.5666666666666667,0.5862068965517241,0.8713080168776371,0.666713826176742,0.5112662305778022,147,11,13,17
Logistic Regression,Threshold tuning,10,2,0,233227757,1292076234,287767988,812547949,3506987819,0.2878580285958131,0.8191489361702128,0.6975549619889049,0.45714285714285713,0.5161290322580645,0.48484848484848486,0.7563180604068215,0.5297623856834316,0.3766768010855792,138,19,15,16
Logistic Regression,Threshold tuning,11,2,1,233227757,2243896038,3966433836,3669487208,3750902341,0.3396751765117419,0.8936170212765957,0.7939182247791248,0.6896551724137931,0.6451612903225806,0.6666666666666666,0.8395315389356892,0.6902676179711806,0.6039341996431592,148,9,11,20
Logistic Regression,Threshold tuning,12,2,2,233227757,851682062,2256373188,410557184,3320739341,0.31396648003259353,0.8457446808510638,0.7327004219409283,0.5151515151515151,0.5666666666666667,0.5396825396825397,0.8312236286919831,0.6877392450785218,0.4480159938152291,142,16,13,17
Logistic Regression,Threshold tuning,13,2,3,233227757,3834429963,996630962,4026914959,3615207224,0.34678137792814595,0.8776595744680851,0.7651898734177215,0.6206896551724138,0.6,0.6101694915254238,0.8776371308016877,0.7006005706902794,0.5377476750625699,147,11,12,18
Logistic Regression,Threshold tuning,14,2,4,233227757,3941955730,4165405983,3908392037,3345245437,0.35397474602758977,0.8829787234042553,0.7548523206751054,0.6538461538461539,0.5666666666666667,0.6071428571428571,0.860337552742616,0.6695836081432014,0.5407089744386416,149,9,13,17
Logistic Regression,Threshold tuning,15,3,0,3276785861,2794086942,3947983022,3064721647,1583443684,0.3207062755240659,0.8457446808510638,0.7005342099856174,0.5357142857142857,0.4838709677419355,0.5084745762711864,0.8039860283542223,0.5952989010375637,0.4180325826180583,144,13,16,15
Logistic Regression,Threshold tuning,16,3,1,3276785861,3337176271,449738862,3001934316,32141403,0.36163384005214505,0.8670212765957447,0.7262173823710705,0.6153846153846154,0.5161290322580645,0.5614035087719298,0.8257653585370864,0.6805451488735385,0.48634276579484226,147,10,15,16
Logistic Regression,Threshold tuning,17,3,2,3276785861,3176062672,3725925446,2044442297,2933684229,0.3003280079025421,0.8670212765957447,0.8128691983122363,0.5641025641025641,0.7333333333333333,0.6376811594202898,0.8639240506329114,0.670022867120953,0.5651406387414366,141,17,8,22
Logistic Regression,Threshold tuning,18,3,3,3276785861,615075798,2122003572,656791210,356485825,0.3778011868547114,0.8936170212765957,0.7746835443037974,0.6923076923076923,0.6,0.6428571428571429,0.8248945147679325,0.6380652711627632,0.5827840105290657,150,8,12,18
Logistic Regression,Threshold tuning,19,3,4,3276785861,2328857014,3540487196,1536525663,521169640,0.3572004147913616,0.8617021276595744,0.6881856540084388,0.5909090909090909,0.43333333333333335,0.5,0.8282700421940927,0.5940029127710236,0.42878570154371093,149,9,17,13
Logistic Regression,Threshold tuning,20,4,0,3644269654,481961022,2792962778,1432926970,686588464,0.34409751818057793,0.8617021276595744,0.6971440312307376,0.6086956521739131,0.45161290322580644,0.5185185185185185,0.8806246147524143,0.6446887391921592,0.4465174249318154,148,9,17,14
Logistic Regression,Threshold tuning,21,4,1,3644269654,934175084,323961972,121450711,2996657004,0.35086431098841464,0.8936170212765957,0.7680295870145881,0.72,0.5806451612903226,0.6428571428571429,0.8510376001643722,0.7030583213876421,0.5858407801120011,150,7,13,18
Logistic Regression,Threshold tuning,22,4,2,3644269654,2927577421,2125254121,3828374428,1098920827,0.3144086627734212,0.8563829787234043,0.7525316455696203,0.5454545454545454,0.6,0.5714285714285714,0.7679324894514769,0.626142816530268,0.4861968672682042,143,15,12,18
Logistic Regression,Threshold tuning,23,4,3,3644269654,3330064557,2801410290,1627399095,1109541337,0.38557602235095856,0.8829787234042553,0.7413502109704642,0.6666666666666666,0.5333333333333333,0.5925925925925926,0.8145569620253165,0.6409529529397278,0.5297113815217009,150,8,14,16
Logistic Regression,Threshold tuning,24,4,4,3644269654,492020271,781687103,2038743981,124522572,0.3418319695064042,0.8882978723404256,0.7850210970464135,0.6551724137931034,0.6333333333333333,0.6440677966101694,0.7983122362869198,0.6158974465254063,0.5779611050195163,148,10,11,19
Logistic Regression,Threshold tuning,25,5,0,1206282609,181252727,2221663840,3820989941,367543668,0.3321241658444052,0.8829787234042553,0.7616601602629958,0.6666666666666666,0.5806451612903226,0.6206896551724138,0.823299773988083,0.6941441114072737,0.5537368830311924,148,9,13,18
Logistic Regression,Threshold tuning,26,5,1,1206282609,3588477321,1103947845,2809598749,3619297698,0.35089019341099537,0.851063829787234,0.6907746044791453,0.56,0.45161290322580644,0.5,0.7729607561125951,0.5784865980223992,0.41698211140973024,146,11,17,14
Logistic Regression,Threshold tuning,27,5,2,1206282609,3175067715,2754201569,2879895672,2104545787,0.27813655073283994,0.8670212765957447,0.7723628691983122,0.5757575757575758,0.6333333333333333,0.6031746031746031,0.8135021097046413,0.6349462592283627,0.5243777407211793,144,14,11,19
Logistic Regression,Threshold tuning,28,5,3,1206282609,4174702542,1098581416,2967404318,2222599571,0.337710256030414,0.8882978723404256,0.7445147679324895,0.6956521739130435,0.5333333333333333,0.6037735849056604,0.8727848101265823,0.6827575689312276,0.5465354925051601,151,7,14,16
Logistic Regression,Threshold tuning,29,5,4,1206282609,135446164,2429150126,3039340390,458573709,0.3508068910572655,0.898936170212766,0.7778481012658227,0.72,0.6,0.6545454545454545,0.8316455696202532,0.6578300569891437,0.5993255508846211,151,7,12,18
Logistic Regression,Threshold tuning,30,6,0,3543069911,1403774233,4227047343,4246458080,3459626933,0.4065459318419811,0.8617021276595744,0.6841997123484693,0.6190476190476191,0.41935483870967744,0.5,0.8323402506677625,0.6301586273032459,0.4339920094825801,149,8,18,13
Logistic Regression,Threshold tuning,31,6,1,3543069911,4175944194,2756028229,1278670334,3120436317,0.31299744013480135,0.9095744680851063,0.8164166837887816,0.75,0.6774193548387096,0.711864406779661,0.8902814875693446,0.7596667317919883,0.6596005914260346,150,7,10,21
Logistic Regression,Threshold tuning,32,6,2,3543069911,1089924410,2272968064,413308048,1445587104,0.2859421206404212,0.8351063829787234,0.8073839662447257,0.48936170212765956,0.7666666666666667,0.5974025974025974,0.9052742616033755,0.7286729009755885,0.5199264256075152,134,24,7,23
Logistic Regression,Threshold tuning,33,6,3,3543069911,1853925516,1462708909,895471164,3555509679,0.31662133495902756,0.8776595744680851,0.7651898734177215,0.6206896551724138,0.6,0.6101694915254238,0.8196202531645569,0.6285614392024762,0.5377476750625699,147,11,12,18
Logistic Regression,Threshold tuning,34,6,4,3543069911,3501807147,3265745924,3521464887,2720496883,0.42265846025723486,0.8670212765957447,0.6373417721518987,0.6923076923076923,0.3,0.4186046511627907,0.6964135021097047,0.46969328577910446,0.39648897255208004,154,4,21,9
Logistic Regression,Threshold tuning,35,7,0,3479688010,3236768435,1087429471,460149778,3039311312,0.3232974638316186,0.8723404255319149,0.7682350523936716,0.6129032258064516,0.6129032258064516,0.6129032258064516,0.8282309430860901,0.6479184604632185,0.5364701047873434,145,12,12,19
Logistic Regression,Threshold tuning,36,7,1,3479688010,2305656012,3074524332,3054833457,4280276821,0.3577040126062428,0.8670212765957447,0.7391617012533388,0.6071428571428571,0.5483870967741935,0.576271186440678,0.8401479350729402,0.6347691741027849,0.49855525222071706,146,11,14,17
Logistic Regression,Threshold tuning,37,7,2,3479688010,2356649683,353392124,446960840,3821989555,0.2969780897929026,0.8723404255319149,0.8160337552742616,0.5789473684210527,0.7333333333333333,0.6470588235294118,0.8379746835443038,0.6681864180029103,0.5763883713844848,142,16,8,22
Logistic Regression,Threshold tuning,38,7,3,3479688010,2893281512,3257107979,3099169257,3642674215,0.35360643139276327,0.8776595744680851,0.6841772151898735,0.7058823529411765,0.4,0.5106382978723404,0.8183544303797469,0.5472345670730563,0.4703623512426067,153,5,18,12
Logistic Regression,Threshold tuning,39,7,4,3479688010,4199500584,1876284403,4288739103,731892129,0.3566132045068699,0.8670212765957447,0.7048523206751055,0.6086956521739131,0.4666666666666667,0.5283018867924528,0.7894514767932489,0.6412446095416726,0.4578826257312429,149,9,16,14
Logistic Regression,Threshold tuning,40,8,0,877132087,1103542793,474469859,4130177078,1761783234,0.29741365381033386,0.824468085106383,0.7525169508937744,0.47619047619047616,0.6451612903225806,0.547945205479452,0.7998767207725499,0.6606502208776396,0.4499353672860139,135,22,11,20
Logistic Regression,Threshold tuning,41,8,1,877132087,3056684009,3172734666,498408084,2012208041,0.2866712308001156,0.8457446808510638,0.7652558043969591,0.5263157894736842,0.6451612903225806,0.5797101449275363,0.8089171974522293,0.6051480947231855,0.490216739373961,139,18,11,20
Logistic Regression,Threshold tuning,42,8,2,877132087,3791339622,392332907,1505642934,3936175703,0.30930412905896654,0.8723404255319149,0.7485232067510548,0.6071428571428571,0.5666666666666667,0.5862068965517241,0.8160337552742616,0.6388656206014068,0.5112662305778022,147,11,13,17
Logistic Regression,Threshold tuning,43,8,3,877132087,3127342568,321268097,4028482067,1954234339,0.3401770730641257,0.8882978723404256,0.7715189873417722,0.6666666666666666,0.6,0.631578947368421,0.909704641350211,0.7587012762877805,0.5670541740919111,149,9,12,18
Logistic Regression,Threshold tuning,44,8,4,877132087,1127828914,1312000817,3539951182,4210004942,0.34379519950561,0.8457446808510638,0.6381856540084389,0.5263157894736842,0.3333333333333333,0.40816326530612246,0.779535864978903,0.4886248012527328,0.3357855260372926,149,9,20,10
Logistic Regression,Threshold tuning,45,9,0,1244265337,3338291230,966011049,3450926845,1925538267,0.3114928426478077,0.8563829787234043,0.7716252311485514,0.5555555555555556,0.6451612903225806,0.5970149253731343,0.8302855968769263,0.6948355642398357,0.5123393740429539,141,16,11,20
Logistic Regression,Threshold tuning,46,9,1,1244265337,624068715,3377763259,1690169113,1144052206,0.2971154050652572,0.8617021276595744,0.8136429011711527,0.5609756097560976,0.7419354838709677,0.6388888888888888,0.8882268337785083,0.7744257671001894,0.563696755899621,139,18,8,23
Logistic Regression,Threshold tuning,47,9,2,1244265337,2744585060,2508707136,1024753476,3170006404,0.3164341160651119,0.8670212765957447,0.7723628691983122,0.5757575757575758,0.6333333333333333,0.6031746031746031,0.8928270042194092,0.7239811129656071,0.5243777407211793,144,14,11,19
Logistic Regression,Threshold tuning,48,9,3,1244265337,1970194164,471270299,1612424652,2930403394,0.3853310208167148,0.8563829787234043,0.6310126582278481,0.6,0.3,0.4,0.7651898734177216,0.4650404619880236,0.35413083538368567,152,6,21,9
Logistic Regression,Threshold tuning,49,9,4,1244265337,173601491,1743689500,2800945712,98905990,0.31830458776307513,0.8829787234042553,0.7143459915611814,0.7,0.4666666666666667,0.56,0.7379746835443038,0.5440329827316116,0.5091724464945432,152,6,16,14
Logistic Regression,Calibrated sigmoid + threshold,0,0,0,2684470948,4029279179,166347139,3468871304,3468849857,0.23760225469193022,0.8670212765957447,0.8038832956646805,0.5789473684210527,0.7096774193548387,0.6376811594202898,0.8648037805629752,0.7364727535152904,0.5616038400728802,141,16,9,22
Logistic Regression,Calibrated sigmoid + threshold,1,0,1,2684470948,1907587041,3000094519,1271229866,3469766510,0.3152815240805481,0.8563829787234043,0.6939593178549415,0.5833333333333334,0.45161290322580644,0.509090909090909,0.7780973905896856,0.5711647307355163,0.43136387509721635,147,10,17,14
Logistic Regression,Calibrated sigmoid + threshold,2,0,2,2684470948,550160846,1685836894,1394089510,2592425617,0.3385274365172768,0.8617021276595744,0.7151898734177216,0.5769230769230769,0.5,0.5357142857142857,0.8702531645569621,0.6308842566890362,0.45655890225779344,147,11,15,15
Logistic Regression,Calibrated sigmoid + threshold,3,0,3,2684470948,456733724,3556101316,3079484381,725024733,0.305183314744359,0.8776595744680851,0.7651898734177215,0.6206896551724138,0.6,0.6101694915254238,0.7845991561181435,0.6097942164718367,0.5377476750625699,147,11,12,18
Logistic Regression,Calibrated sigmoid + threshold,4,0,4,2684470948,3899025672,1294008639,2683218155,3619375958,0.351627522728208,0.8723404255319149,0.7080168776371307,0.6363636363636364,0.4666666666666667,0.5384615384615384,0.7751054852320676,0.5627346678732091,0.4739716387019047,150,8,16,14
Logistic Regression,Calibrated sigmoid + threshold,5,1,0,4091952314,2709696717,3231426690,2345669441,4204341283,0.298640700285582,0.8404255319148937,0.6973494966098213,0.5172413793103449,0.4838709677419355,0.5,0.8015204438052188,0.5835726904359362,0.4055077237030789,143,14,16,15
Logistic Regression,Calibrated sigmoid + threshold,6,1,1,4091952314,241719485,947042279,74253176,1641039234,0.3214900412506874,0.8829787234042553,0.7616601602629958,0.6666666666666666,0.5806451612903226,0.6206896551724138,0.7659749332237518,0.5660445815460363,0.5537368830311924,148,9,13,18
Logistic Regression,Calibrated sigmoid + threshold,7,1,2,4091952314,3113315634,2273646528,81836197,2953299187,0.34161667084571473,0.8563829787234043,0.6850210970464135,0.5652173913043478,0.43333333333333335,0.49056603773584906,0.7687763713080168,0.5817267805039928,0.41355619234428426,148,10,17,13
Logistic Regression,Calibrated sigmoid + threshold,8,1,3,4091952314,523556381,3134142742,2696525105,2334888904,0.21487144022214869,0.8457446808510638,0.8407172995780591,0.5102040816326531,0.8333333333333334,0.6329113924050633,0.8926160337552743,0.7877298787558369,0.5684704723328159,134,24,5,25
Logistic Regression,Calibrated sigmoid + threshold,9,1,4,4091952314,3458391536,1314097044,3135966789,3339596767,0.31811111502140443,0.8617021276595744,0.7556962025316456,0.5625,0.6,0.5806451612903226,0.8675105485232069,0.6722882450504117,0.49831751979590316,144,14,12,18
Logistic Regression,Calibrated sigmoid + threshold,10,2,0,233227757,1292076234,3043383815,742227215,2553061399,0.32667112347953875,0.8457446808510638,0.7005342099856174,0.5357142857142857,0.4838709677419355,0.5084745762711864,0.7589891103349086,0.5363799552593533,0.4180325826180583,144,13,16,15
Logistic Regression,Calibrated sigmoid + threshold,11,2,1,233227757,2243896038,3579391433,2133703340,3781048639,0.31826463033940694,0.898936170212766,0.7712143003903842,0.75,0.5806451612903226,0.6545454545454545,0.8115882473803164,0.6989061766054517,0.6031782999240738,151,6,13,18
Logistic Regression,Calibrated sigmoid + threshold,12,2,2,233227757,851682062,3518288819,2005557174,4021517125,0.3162706161301739,0.8563829787234043,0.7390295358649789,0.5483870967741935,0.5666666666666667,0.5573770491803278,0.8318565400843881,0.6908669410884275,0.471780581741577,144,14,13,17
Logistic Regression,Calibrated sigmoid + threshold,13,2,3,233227757,3834429963,470907255,1629039206,2304053890,0.34983935290129625,0.8776595744680851,0.7516877637130801,0.6296296296296297,0.5666666666666667,0.5964912280701754,0.880590717299578,0.6971059303736052,0.5256376299080419,148,10,13,17
Logistic Regression,Calibrated sigmoid + threshold,14,2,4,233227757,3941955730,523912814,3352421330,1877071241,0.3242549652189037,0.8670212765957447,0.7453586497890295,0.5862068965517241,0.5666666666666667,0.576271186440678,0.8580168776371307,0.6739765375360334,0.49753424510562355,146,12,13,17
Logistic Regression,Calibrated sigmoid + threshold,15,3,0,3276785861,2794086942,1032334205,1963675991,2866703636,0.28983868130283796,0.8404255319148937,0.7102938154920896,0.5161290322580645,0.5161290322580645,0.5161290322580645,0.8021368399424696,0.5853176637870787,0.4205876309841792,142,15,15,16
Logistic Regression,Calibrated sigmoid + threshold,16,3,1,3276785861,3337176271,1477276013,3566947146,3095716204,0.246632489574902,0.8351063829787234,0.7459420587630985,0.5,0.6129032258064516,0.5507246376811594,0.8228888432299158,0.6839969279571136,0.4545231890245014,138,19,12,19
Logistic Regression,Calibrated sigmoid + threshold,17,3,2,3276785861,3176062672,4097803507,1142274672,1118003991,0.3752693274442458,0.8670212765957447,0.6913502109704641,0.6190476190476191,0.43333333333333335,0.5098039215686274,0.8616033755274262,0.6606520844711536,0.444918258817325,150,8,17,13
Logistic Regression,Calibrated sigmoid + threshold,18,3,3,3276785861,615075798,3538684189,774707695,3953044926,0.3004605810004926,0.8670212765957447,0.799367088607595,0.5675675675675675,0.7,0.6268656716417911,0.8267932489451477,0.65869656476648,0.551485228785657,142,16,9,21
Logistic Regression,Calibrated sigmoid + threshold,19,3,4,3276785861,2328857014,4127296106,3919719990,3416234389,0.27921030113574524,0.8351063829787234,0.7533755274261603,0.48717948717948717,0.6333333333333333,0.5507246376811594,0.829746835443038,0.5934188441826561,0.45767626913584986,138,20,11,19
Logistic Regression,Calibrated sigmoid + threshold,20,4,0,3644269654,481961022,704460561,2312913995,2520583222,0.3109881510901095,0.8457446808510638,0.7005342099856174,0.5357142857142857,0.4838709677419355,0.5084745762711864,0.8810355455105814,0.6459947772979671,0.4180325826180583,144,13,16,15
Logistic Regression,Calibrated sigmoid + threshold,21,4,1,3644269654,934175084,2984061834,171144164,3335974,0.3209854753837796,0.898936170212766,0.7841586192726526,0.7307692307692307,0.6129032258064516,0.6666666666666666,0.8471337579617835,0.6963384690876361,0.6109101227014231,150,7,12,19
Logistic Regression,Calibrated sigmoid + threshold,22,4,2,3644269654,2927577421,3404182082,490809247,2608284019,0.33300220731392477,0.8670212765957447,0.7453586497890295,0.5862068965517241,0.5666666666666667,0.576271186440678,0.7696202531645571,0.6006006213352763,0.49753424510562355,146,12,13,17
Logistic Regression,Calibrated sigmoid + threshold,23,4,3,3644269654,3330064557,1066203821,3385115188,2467887443,0.2519132571249581,0.8563829787234043,0.7660337552742615,0.5428571428571428,0.6333333333333333,0.5846153846153846,0.8164556962025317,0.6424014491295083,0.5005830888782052,142,16,11,19
Logistic Regression,Calibrated sigmoid + threshold,24,4,4,3644269654,492020271,3200550523,1476784881,1274171575,0.2873732223161654,0.8563829787234043,0.7795358649789029,0.5405405405405406,0.6666666666666666,0.5970149253731343,0.8048523206751054,0.6152710497042376,0.5149527330098629,141,17,10,20
Logistic Regression,Calibrated sigmoid + threshold,25,5,0,1206282609,181252727,266049833,1600685579,1297315088,0.33817379442593815,0.8882978723404256,0.7777891925210603,0.6785714285714286,0.6129032258064516,0.6440677966101694,0.8222724470926649,0.6946859231206756,0.5790779218233758,148,9,12,19
Logistic Regression,Calibrated sigmoid + threshold,26,5,1,1206282609,3588477321,2320626684,1999515706,3501908740,0.3574490983095924,0.8617021276595744,0.6971440312307376,0.6086956521739131,0.45161290322580644,0.5185185185185185,0.7692623792890898,0.5846193349584569,0.4465174249318154,148,9,17,14
Logistic Regression,Calibrated sigmoid + threshold,27,5,2,1206282609,3175067715,219892978,3521145214,595677241,0.32715697181129083,0.8936170212765957,0.7476793248945148,0.7272727272727273,0.5333333333333333,0.6153846153846154,0.8139240506329113,0.6160563112255981,0.5643435130182922,152,6,14,16
Logistic Regression,Calibrated sigmoid + threshold,28,5,3,1206282609,4174702542,624681791,4173759579,1077293226,0.29821184988312677,0.8723404255319149,0.7890295358649788,0.5882352941176471,0.6666666666666666,0.625,0.870253164556962,0.6812920933968255,0.5499985861048714,144,14,10,20
Logistic Regression,Calibrated sigmoid + threshold,29,5,4,1206282609,135446164,1627766159,1427099482,1232188444,0.330361638433959,0.8829787234042553,0.7413502109704642,0.6666666666666666,0.5333333333333333,0.5925925925925926,0.8270042194092827,0.6306289430647956,0.5297113815217009,150,8,14,16
Logistic Regression,Calibrated sigmoid + threshold,30,6,0,3543069911,1403774233,4007396546,3606805708,1441045810,0.2785658058232212,0.8563829787234043,0.7327922745017464,0.5666666666666667,0.5483870967741935,0.5573770491803278,0.8325457160468461,0.6351672565268804,0.471780581741577,144,13,14,17
Logistic Regression,Calibrated sigmoid + threshold,31,6,1,3543069911,4175944194,2853436135,3098970162,504667507,0.29449152228672065,0.8936170212765957,0.806862543661393,0.6774193548387096,0.6774193548387096,0.6774193548387096,0.8843229915759194,0.7565810150951708,0.6137250873227861,147,10,10,21
Logistic Regression,Calibrated sigmoid + threshold,32,6,2,3543069911,1089924410,1759923565,2002211679,265801270,0.3001669669230323,0.8297872340425532,0.7637130801687764,0.47619047619047616,0.6666666666666666,0.5555555555555556,0.9029535864978904,0.729112403501319,0.46371352683664385,136,22,10,20
Logistic Regression,Calibrated sigmoid + threshold,33,6,3,3543069911,1853925516,3476593716,2880133240,3147248472,0.3247702112338176,0.8776595744680851,0.7381856540084388,0.64,0.5333333333333333,0.5818181818181818,0.8189873417721518,0.6377034526186243,0.5137726248661634,149,9,14,16
Logistic Regression,Calibrated sigmoid + threshold,34,6,4,3543069911,3501807147,3482086196,226296100,4263534345,0.35750273248779724,0.8404255319148937,0.6620253164556962,0.5,0.4,0.4444444444444444,0.6949367088607595,0.4597481891241484,0.3556104379446384,146,12,18,12
Logistic Regression,Calibrated sigmoid + threshold,35,7,0,3479688010,3236768435,3704012290,1370223142,3542834782,0.3379178979186533,0.8829787234042553,0.7487158413807273,0.68,0.5483870967741935,0.6071428571428571,0.8263817546743374,0.6556468232886173,0.5436261129364334,149,8,14,17
Logistic Regression,Calibrated sigmoid + threshold,36,7,1,3479688010,2305656012,977584152,2052054138,1002163727,0.3342486652410677,0.8882978723404256,0.7777891925210603,0.6785714285714286,0.6129032258064516,0.6440677966101694,0.8442572426546128,0.6654891240070805,0.5790779218233758,148,9,12,19
Logistic Regression,Calibrated sigmoid + threshold,37,7,2,3479688010,2356649683,3417008304,1519375895,509017196,0.3581117512025975,0.8776595744680851,0.7111814345991561,0.6666666666666666,0.4666666666666667,0.5490196078431373,0.8358649789029535,0.6620247811229827,0.4910288611644347,151,7,16,14
Logistic Regression,Calibrated sigmoid + threshold,38,7,3,3479688010,2893281512,1723253121,415962919,1365911932,0.3229369449403499,0.8670212765957447,0.7183544303797469,0.6,0.5,0.5454545454545454,0.8194092827004219,0.5350267699332794,0.47099616185693455,148,10,15,15
Logistic Regression,Calibrated sigmoid + threshold,39,7,4,3479688010,4199500584,2029289587,1246198815,3798673117,0.30471549523589486,0.8563829787234043,0.7120253164556962,0.5555555555555556,0.5,0.5263157894736842,0.7991561181434599,0.6437269672494268,0.4428045415403035,146,12,15,15
Logistic Regression,Calibrated sigmoid + threshold,40,8,0,877132087,1103542793,1345878775,2141955940,3200868421,0.2658439115280233,0.8031914893617021,0.7397780973905896,0.43478260869565216,0.6451612903225806,0.5194805194805194,0.7982329977398808,0.6496830922272787,0.41394924093309615,131,26,11,20
Logistic Regression,Calibrated sigmoid + threshold,41,8,1,877132087,3056684009,2820260724,2518507641,888727922,0.3013082682886582,0.8457446808510638,0.7523114855146908,0.5277777777777778,0.6129032258064516,0.5671641791044776,0.8095335935894802,0.5984862676816951,0.4759097967660722,140,17,12,19
Logistic Regression,Calibrated sigmoid + threshold,42,8,2,877132087,3791339622,48135275,2686977254,814174515,0.3402239425785354,0.8723404255319149,0.7215189873417722,0.625,0.5,0.5555555555555556,0.8128691983122364,0.6364731920128226,0.48618614562743534,149,9,15,15
Logistic Regression,Calibrated sigmoid + threshold,43,8,3,877132087,3127342568,4132537796,580359147,641750587,0.25847745971929886,0.8829787234042553,0.8223628691983123,0.6111111111111112,0.7333333333333333,0.6666666666666666,0.9113924050632911,0.7843284644500196,0.6000551047642794,144,14,8,22
Logistic Regression,Calibrated sigmoid + threshold,44,8,4,877132087,1127828914,43215560,3826202535,1119529259,0.31753296566377204,0.851063829787234,0.6683544303797468,0.5454545454545454,0.4,0.46153846153846156,0.7833333333333333,0.49769299575250575,0.3835997643855172,148,10,18,12
Logistic Regression,Calibrated sigmoid + threshold,45,9,0,1244265337,3338291230,927661336,3346713163,783849042,0.33712990351972666,0.8723404255319149,0.7682350523936716,0.6129032258064516,0.6129032258064516,0.6129032258064516,0.8348058352167659,0.6982570644194026,0.5364701047873434,145,12,12,19
Logistic Regression,Calibrated sigmoid + threshold,46,9,1,1244265337,624068715,1950481135,1931195356,3665494957,0.2979181853789233,0.8829787234042553,0.8263817546743374,0.6216216216216216,0.7419354838709677,0.6764705882352942,0.8824738031641669,0.7621296320484949,0.6092523401946914,143,14,8,23
Logistic Regression,Calibrated sigmoid + threshold,47,9,2,1244265337,2744585060,1209339281,3694969272,3250455429,0.3030124936493341,0.8723404255319149,0.7755274261603375,0.59375,0.6333333333333333,0.6129032258064516,0.8921940928270041,0.7192601837773975,0.5369659082949254,145,13,11,19
Logistic Regression,Calibrated sigmoid + threshold,48,9,3,1244265337,1970194164,4217702566,3080102402,294785031,0.3211541167413996,0.824468085106383,0.6255274261603375,0.43478260869565216,0.3333333333333333,0.37735849056603776,0.7630801687763713,0.4684518846760307,0.28057689218340837,145,13,20,10
Logistic Regression,Calibrated sigmoid + threshold,49,9,4,1244265337,173601491,2516547233,3206224108,882592052,0.31176380281201777,0.8617021276595744,0.7016877637130802,0.5833333333333334,0.4666666666666667,0.5185185185185185,0.7584388185654009,0.5882287855785825,0.4426609097331697,148,10,16,14
Logistic Regression,Calibrated isotonic + threshold,0,0,0,2684470948,4029279179,3848767543,1795990820,2142573988,0.27485380116959063,0.8936170212765957,0.7680295870145881,0.72,0.5806451612903226,0.6428571428571429,0.8711732073145676,0.7278715373043554,0.5858407801120011,150,7,13,18
Logistic Regression,Calibrated isotonic + threshold,1,0,1,2684470948,1907587041,1378840125,213488355,3758714426,0.3059770114942529,0.8617021276595744,0.6971440312307376,0.6086956521739131,0.45161290322580644,0.5185185185185185,0.7674131908773372,0.5438649227055341,0.4465174249318154,148,9,17,14
Logistic Regression,Calibrated isotonic + threshold,2,0,2,2684470948,550160846,1512281611,1769895838,57394594,0.2949843260188088,0.8723404255319149,0.7350210970464135,0.6153846153846154,0.5333333333333333,0.5714285714285714,0.854746835443038,0.6027796256005135,0.4986339383482175,148,10,14,16
Logistic Regression,Calibrated isotonic + threshold,3,0,3,2684470948,456733724,1556980102,2961139605,3014845715,0.3138888888888889,0.8776595744680851,0.7246835443037974,0.6521739130434783,0.5,0.5660377358490566,0.7829113924050634,0.5643935895180467,0.5022090591182015,150,8,15,15
Logistic Regression,Calibrated isotonic + threshold,4,0,4,2684470948,3899025672,2110674359,1317767699,3750759971,0.31014612627515853,0.8617021276595744,0.7151898734177216,0.5769230769230769,0.5,0.5357142857142857,0.7747890295358649,0.5549386126312992,0.45655890225779344,147,11,15,15
Logistic Regression,Calibrated isotonic + threshold,5,1,0,4091952314,2709696717,4087130213,3600984314,1800833100,0.3927759460476798,0.8457446808510638,0.6228682966920074,0.5625,0.2903225806451613,0.3829787234042553,0.7579617834394904,0.5014112181287236,0.32679566864226284,150,7,22,9
Logistic Regression,Calibrated isotonic + threshold,6,1,1,4091952314,241719485,2128454458,3904808816,868796176,0.2021072796934866,0.8457446808510638,0.7393671666324224,0.5294117647058824,0.5806451612903226,0.5538461538461539,0.7491267721388946,0.5112548273045918,0.46155709254292526,141,16,13,18
Logistic Regression,Calibrated isotonic + threshold,7,1,2,4091952314,3113315634,3906402811,3753920349,2393047997,0.3068871547132417,0.8670212765957447,0.7183544303797469,0.6,0.5,0.5454545454545454,0.7897679324894515,0.6198001163321878,0.47099616185693455,148,10,15,15
Logistic Regression,Calibrated isotonic + threshold,8,1,3,4091952314,523556381,2998671039,3731135046,2294433307,0.31513970110461337,0.9042553191489362,0.8350210970464135,0.6875,0.7333333333333333,0.7096774193548387,0.8718354430379747,0.7694152080882573,0.652911073791992,148,10,8,22
Logistic Regression,Calibrated isotonic + threshold,9,1,4,4091952314,3458391536,4173015458,4178663001,2766244927,0.3287037037037037,0.8936170212765957,0.7746835443037974,0.6923076923076923,0.6,0.6428571428571429,0.8774261603375527,0.6676065958594614,0.5827840105290657,150,8,12,18
Logistic Regression,Calibrated isotonic + threshold,10,2,0,233227757,1292076234,1966692913,827330569,966127557,0.28245280280193175,0.8351063829787234,0.6941647832340251,0.5,0.4838709677419355,0.4918032786885246,0.7506677624820216,0.5227597470544749,0.393497484329912,142,15,16,15
Logistic Regression,Calibrated isotonic + threshold,11,2,1,233227757,2243896038,144910229,2760853824,2032874492,0.2898155227975981,0.8670212765957447,0.7779946579001438,0.5882352941176471,0.6451612903225806,0.6153846153846154,0.8244298335730429,0.6581766313646067,0.536040125502642,143,14,11,20
Logistic Regression,Calibrated isotonic + threshold,12,2,2,233227757,851682062,2589533499,3936156685,3888982407,0.3343360803594715,0.8723404255319149,0.7485232067510548,0.6071428571428571,0.5666666666666667,0.5862068965517241,0.8349156118143459,0.6810734970320484,0.5112662305778022,147,11,13,17
Logistic Regression,Calibrated isotonic + threshold,13,2,3,233227757,3834429963,2679307533,2309030245,738330764,0.33397784435381467,0.8723404255319149,0.7755274261603375,0.59375,0.6333333333333333,0.6129032258064516,0.8598101265822784,0.6513192957079725,0.5369659082949254,145,13,11,19
Logistic Regression,Calibrated isotonic + threshold,14,2,4,233227757,3941955730,3183929788,3476523724,1341942030,0.38472964943553184,0.8829787234042553,0.7008438818565401,0.7222222222222222,0.43333333333333335,0.5416666666666666,0.8490506329113925,0.6110959912246816,0.4999390492620352,153,5,17,13
Logistic Regression,Calibrated isotonic + threshold,15,3,0,3276785861,2794086942,1709056870,4080000294,1656497637,0.2729442970822281,0.8457446808510638,0.7134785288678858,0.5333333333333333,0.5161290322580645,0.5245901639344263,0.808506266694062,0.5790279470150658,0.4326390330357445,143,14,15,16
Logistic Regression,Calibrated isotonic + threshold,16,3,1,3276785861,3337176271,3480803036,1307563858,4030593041,0.1786030061892131,0.8138297872340425,0.7590918430244504,0.45652173913043476,0.6774193548387096,0.5454545454545454,0.8279227450174645,0.6697347228086368,0.4472921960725229,132,25,10,21
Logistic Regression,Calibrated isotonic + threshold,17,3,2,3276785861,3176062672,1213196046,989449369,2409291640,0.29163372859025033,0.8670212765957447,0.7723628691983122,0.5757575757575758,0.6333333333333333,0.6031746031746031,0.8512658227848102,0.6358958695270452,0.5243777407211793,144,14,11,19
Logistic Regression,Calibrated isotonic + threshold,18,3,3,3276785861,615075798,3860873257,3998638616,462060610,0.3055555555555555,0.8723404255319149,0.7620253164556963,0.6,0.6,0.6,0.8292194092827004,0.5887530429892649,0.5240506329113924,146,12,12,18
Logistic Regression,Calibrated isotonic + threshold,19,3,4,3276785861,2328857014,1174190446,388876284,438620270,0.36693548387096775,0.8404255319148937,0.689029535864979,0.5,0.4666666666666667,0.4827586206896552,0.8126582278481012,0.6039451938762479,0.3888748239369362,144,14,16,14
Logistic Regression,Calibrated isotonic + threshold,20,4,0,3644269654,481961022,2380125070,2146074520,3023645045,0.29365079365079366,0.8563829787234043,0.7327922745017464,0.5666666666666667,0.5483870967741935,0.5573770491803278,0.8658311074583933,0.6376419316836222,0.471780581741577,144,13,14,17
Logistic Regression,Calibrated isotonic + threshold,21,4,1,3644269654,934175084,3657681025,171496697,1454414609,0.41190476190476194,0.8882978723404256,0.7260119169919869,0.75,0.4838709677419355,0.5882352941176471,0.8438463118964453,0.6782624978241696,0.5440293985963678,152,5,16,15
Logistic Regression,Calibrated isotonic + threshold,22,4,2,3644269654,2927577421,1431541109,2908655217,2052423922,0.2961068485365161,0.8617021276595744,0.7421940928270042,0.5666666666666667,0.5666666666666667,0.5666666666666667,0.7677215189873419,0.5935608688744264,0.48438818565400843,145,13,13,17
Logistic Regression,Calibrated isotonic + threshold,23,4,3,3644269654,3330064557,2227403258,1852249215,2953093230,0.26233842538190366,0.8670212765957447,0.7588607594936709,0.5806451612903226,0.6,0.5901639344262295,0.818565400843882,0.6540591163456885,0.5109221304474095,145,13,12,18
Logistic Regression,Calibrated isotonic + threshold,24,4,4,3644269654,492020271,3825412570,1771292201,1013694520,0.30050505050505044,0.8723404255319149,0.7620253164556963,0.6,0.6,0.6,0.7831223628691982,0.5924519683814149,0.5240506329113924,146,12,12,18
Logistic Regression,Calibrated isotonic + threshold,25,5,0,1206282609,181252727,108375924,881536434,1345977567,0.25925925925925924,0.8776595744680851,0.7714197657694679,0.6333333333333333,0.6129032258064516,0.6229508196721312,0.8156975549619889,0.6770817017635907,0.5500636791532421,146,11,12,19
Logistic Regression,Calibrated isotonic + threshold,26,5,1,1206282609,3588477321,3093462548,4241036623,3787230843,0.19267061663375026,0.824468085106383,0.7266283131292377,0.47368421052631576,0.5806451612903226,0.5217391304347826,0.7797411136223547,0.5563216694428909,0.4188296386750418,137,20,13,18
Logistic Regression,Calibrated isotonic + threshold,27,5,2,1206282609,3175067715,3899267606,2354253000,2174362389,0.34814814814814815,0.8829787234042553,0.7008438818565401,0.7222222222222222,0.43333333333333335,0.5416666666666666,0.8108649789029536,0.604234330770396,0.4999390492620352,153,5,17,13
Logistic Regression,Calibrated isotonic + threshold,28,5,3,1206282609,4174702542,1970320070,665416982,3671260853,0.3054054054054054,0.8829787234042553,0.7683544303797468,0.6428571428571429,0.6,0.6206896551724138,0.8657172995780591,0.6641060004427257,0.5520633661247576,148,10,12,18
Logistic Regression,Calibrated isotonic + threshold,29,5,4,1206282609,135446164,556257041,501578980,2332179684,0.27777777777777773,0.8723404255319149,0.7755274261603375,0.59375,0.6333333333333333,0.6129032258064516,0.8239451476793249,0.5898481192513578,0.5369659082949254,145,13,11,19
Logistic Regression,Calibrated isotonic + threshold,30,6,0,3543069911,1403774233,4159033935,1449715002,3382078655,0.26685405695457387,0.8457446808510638,0.7652558043969591,0.5263157894736842,0.6451612903225806,0.5797101449275363,0.8161084857201562,0.6067124846185257,0.490216739373961,139,18,11,20
Logistic Regression,Calibrated isotonic + threshold,31,6,1,3543069911,4175944194,1358550066,3016803674,2851295506,0.32393822393822397,0.898936170212766,0.7582699815081159,0.7727272727272727,0.5483870967741935,0.6415094339622641,0.862132730634888,0.6996189625575302,0.5963060502271134,152,5,14,17
Logistic Regression,Calibrated isotonic + threshold,32,6,2,3543069911,1089924410,3047955187,1541546890,1041442146,0.32303921568627453,0.851063829787234,0.7628691983122362,0.5277777777777778,0.6333333333333333,0.5757575757575758,0.8958860759493671,0.7182229765342723,0.4893119506127566,141,17,11,19
Logistic Regression,Calibrated isotonic + threshold,33,6,3,3543069911,1853925516,3417239273,3072581133,196039426,0.2795772854596384,0.8776595744680851,0.7651898734177215,0.6206896551724138,0.6,0.6101694915254238,0.8156118143459915,0.6088011762219964,0.5377476750625699,147,11,12,18
Logistic Regression,Calibrated isotonic + threshold,34,6,4,3543069911,3501807147,1893478230,3944457294,1128483614,0.40873015873015867,0.8617021276595744,0.6746835443037975,0.6,0.4,0.48,0.7010548523206751,0.4530364978638499,0.4149554977337419,150,8,18,12
Logistic Regression,Calibrated isotonic + threshold,35,7,0,3479688010,3236768435,2359271090,4263203871,1260031929,0.3495827843653931,0.8723404255319149,0.7294020957468667,0.64,0.5161290322580645,0.5714285714285714,0.8143620299979453,0.6401560209625246,0.5014114457608657,148,9,15,16
Logistic Regression,Calibrated isotonic + threshold,36,7,1,3479688010,2305656012,3557524988,2197862576,3747487112,0.2687074829931973,0.8776595744680851,0.7843640846517361,0.625,0.6451612903225806,0.6349206349206349,0.8405588658311074,0.6721504078785825,0.5615625330201344,145,12,11,20
Logistic Regression,Calibrated isotonic + threshold,37,7,2,3479688010,2356649683,3138111348,2641587579,350743990,0.3055555555555556,0.8723404255319149,0.7485232067510548,0.6071428571428571,0.5666666666666667,0.5862068965517241,0.8340717299578059,0.6410134441355452,0.5112662305778022,147,11,13,17
Logistic Regression,Calibrated isotonic + threshold,38,7,3,3479688010,2893281512,4010529114,3078180827,521549725,0.35000000000000003,0.898936170212766,0.7238396624472574,0.8235294117647058,0.4666666666666667,0.5957446808510638,0.8214135021097048,0.5764604992810608,0.571654587249033,155,3,16,14
Logistic Regression,Calibrated isotonic + threshold,39,7,4,3479688010,4199500584,175227954,3135417682,2565015418,0.32469135802469135,0.8563829787234043,0.7120253164556962,0.5555555555555556,0.5,0.5263157894736842,0.8186708860759494,0.6510792505158361,0.4428045415403035,146,12,15,15
Logistic Regression,Calibrated isotonic + threshold,40,8,0,877132087,1103542793,3774840207,2757472980,1779730552,0.2647058823529412,0.8297872340425532,0.7557016642695706,0.4878048780487805,0.6451612903225806,0.5555555555555556,0.7839531538935689,0.6600555114398478,0.4595614888418462,136,21,11,20
Logistic Regression,Calibrated isotonic + threshold,41,8,1,877132087,3056684009,3188605076,488416897,3718960879,0.26957915273132665,0.824468085106383,0.7136839942469694,0.4722222222222222,0.5483870967741935,0.5074626865671642,0.7983357304294226,0.5499598808070743,0.40305064221230874,138,19,14,17
Logistic Regression,Calibrated isotonic + threshold,42,8,2,877132087,3791339622,2608428014,1753248382,1833489036,0.3074074074074074,0.8670212765957447,0.7318565400843882,0.5925925925925926,0.5333333333333333,0.5614035087719298,0.814662447257384,0.6250407986422274,0.4842210857241727,147,11,14,16
Logistic Regression,Calibrated isotonic + threshold,43,8,3,877132087,3127342568,1668542275,2489102095,28277664,0.23565323565323562,0.8829787234042553,0.7818565400843882,0.6333333333333333,0.6333333333333333,0.6333333333333333,0.8984177215189872,0.7518588309637341,0.5637130801687764,147,11,11,19
Logistic Regression,Calibrated isotonic + threshold,44,8,4,877132087,1127828914,985574272,4039131109,1591787686,0.2048185926339552,0.8297872340425532,0.669198312236287,0.4642857142857143,0.43333333333333335,0.4482758620689655,0.7564345991561181,0.47241058948147086,0.3480776883899808,143,15,17,13
Logistic Regression,Calibrated isotonic + threshold,45,9,0,1244265337,3338291230,80300669,2426153335,2726879608,0.21794871794871795,0.8351063829787234,0.7718306965276351,0.5,0.6774193548387096,0.5753424657534246,0.8286418738442571,0.6756950194762499,0.4843486500564657,136,21,10,21
Logistic Regression,Calibrated isotonic + threshold,46,9,1,1244265337,624068715,993949939,175608893,62335716,0.20976915575589827,0.8776595744680851,0.8361413601808095,0.6,0.7741935483870968,0.676056338028169,0.8805218820628724,0.7521979676718662,0.6095674503483532,141,16,7,24
Logistic Regression,Calibrated isotonic + threshold,47,9,2,1244265337,2744585060,3001246383,2105502618,1974796016,0.23426748689906585,0.8404255319148937,0.7835443037974683,0.5,0.7,0.5833333333333334,0.894198312236287,0.7003410712662834,0.4985847840547595,137,21,9,21
Logistic Regression,Calibrated isotonic + threshold,48,9,3,1244265337,1970194164,1454938252,1791849840,430262585,0.2705116489914219,0.8191489361702128,0.6223628691983122,0.4166666666666667,0.3333333333333333,0.37037037037037035,0.7727848101265823,0.4637342191950027,0.26855996615610717,144,14,20,10
Logistic Regression,Calibrated isotonic + threshold,49,9,4,1244265337,173601491,162506881,1353889269,2283660363,0.32362708015383707,0.8776595744680851,0.6976793248945148,0.6842105263157895,0.43333333333333335,0.5306122448979592,0.7455696202531644,0.5411452831448771,0.48035272961365366,152,6,17,13
Random Forest,No handling,0,0,0,2684470948,4029279179,3395475071,3898172799,2576132864,0.5,0.8723404255319149,0.62584754468872,0.8888888888888888,0.25806451612903225,0.4,0.8493938771317033,0.6829282222876659,0.4374794378336286,156,1,23,8
Random Forest,No handling,1,0,1,2684470948,1907587041,1415571853,1876676426,2107738235,0.5,0.851063829787234,0.5872200534209986,0.6666666666666666,0.1935483870967742,0.3,0.7289911649886994,0.38682199481305013,0.3032000348740822,154,3,25,6
Random Forest,No handling,2,0,2,2684470948,550160846,113661774,3261873589,2766846563,0.5,0.8617021276595744,0.6071729957805907,0.7,0.23333333333333334,0.35,0.8234177215189874,0.5815410784236483,0.3497796476709432,155,3,23,7
Random Forest,No handling,3,0,3,2684470948,456733724,1331850046,344406898,3717489072,0.5,0.851063829787234,0.5468354430379747,0.75,0.1,0.17647058823529413,0.7759493670886076,0.48278248536758706,0.2377140723371707,157,1,27,3
Random Forest,No handling,4,0,4,2684470948,3899025672,1095540498,1642796316,2980318875,0.5,0.8670212765957447,0.5968354430379746,0.8571428571428571,0.2,0.32432432432432434,0.7626582278481012,0.5258567234489389,0.37459778315654035,157,1,24,6
Random Forest,No handling,5,1,0,4091952314,2709696717,859921928,4276632976,1515208791,0.5,0.8723404255319149,0.6387918635709883,0.8181818181818182,0.2903225806451613,0.42857142857142855,0.7873433326484486,0.584201742838564,0.4388758667135501,155,2,22,9
Random Forest,No handling,6,1,1,4091952314,241719485,812156507,833332923,1940727231,0.5,0.8457446808510638,0.5581467022806657,0.6666666666666666,0.12903225806451613,0.21621621621621623,0.7507704951715636,0.4465982907320505,0.24551296934199285,155,2,27,4
Random Forest,No handling,7,1,2,4091952314,3113315634,2379548057,1342537366,2902724235,0.5,0.8563829787234043,0.5905063291139241,0.6666666666666666,0.2,0.3076923076923077,0.7679324894514767,0.4633148664590709,0.31049195137409025,155,3,24,6
Random Forest,No handling,8,1,3,4091952314,523556381,351728750,243645292,2925765690,0.5,0.8936170212765957,0.6666666666666666,1.0,0.3333333333333333,0.5,0.8662447257383966,0.7270254694918384,0.5439486646851283,158,0,20,10
Random Forest,No handling,9,1,4,4091952314,3458391536,3954258034,941370343,4062362160,0.5,0.8404255319148937,0.5135021097046414,0.5,0.03333333333333333,0.0625,0.8637130801687763,0.6080471523748465,0.09639385053206635,157,1,29,1
Random Forest,No handling,10,2,0,233227757,1292076234,1112899313,3199974888,2015056643,0.5,0.8617021276595744,0.5806451612903226,1.0,0.16129032258064516,0.2777777777777778,0.7666940620505445,0.505796337071043,0.3719875772439615,157,0,26,5
Random Forest,No handling,11,2,1,233227757,2243896038,3869388574,1735067966,3797233912,0.5,0.8617021276595744,0.5806451612903226,1.0,0.16129032258064516,0.2777777777777778,0.8352167659749333,0.6908212415824355,0.3719875772439615,157,0,26,5
Random Forest,No handling,12,2,2,233227757,851682062,2583096389,1784418974,1723359192,0.5,0.8457446808510638,0.5571729957805908,0.5714285714285714,0.13333333333333333,0.21621621621621623,0.7894514767932489,0.4616762784323218,0.22116775432553906,155,3,26,4
Random Forest,No handling,13,2,3,233227757,3834429963,3628781816,3879169082,2812279029,0.5,0.8457446808510638,0.5571729957805908,0.5714285714285714,0.13333333333333333,0.21621621621621623,0.7666666666666667,0.43506676094101904,0.22116775432553906,155,3,26,4
Random Forest,No handling,14,2,4,233227757,3941955730,131692524,2669001376,2044867880,0.5,0.8563829787234043,0.5770042194092827,0.7142857142857143,0.16666666666666666,0.2702702702702703,0.8639240506329113,0.66152049620335,0.2978827687410397,156,2,25,5
Random Forest,No handling,15,3,0,3276785861,2794086942,2462893504,153343919,3806625897,0.5,0.851063829787234,0.6001643723032669,0.6363636363636364,0.22580645161290322,0.3333333333333333,0.7618656256420794,0.4628123745331203,0.31673128796869826,153,4,24,7
Random Forest,No handling,16,3,1,3276785861,3337176271,2319934449,3347011129,2933831945,0.5,0.851063829787234,0.5742757345387303,0.7142857142857143,0.16129032258064516,0.2631578947368421,0.7922745017464558,0.5388056211039042,0.2911516909401959,155,2,26,5
Random Forest,No handling,17,3,2,3276785861,3176062672,4101279731,2265608146,261929741,0.5,0.8563829787234043,0.6175105485232067,0.6153846153846154,0.26666666666666666,0.37209302325581395,0.8267932489451477,0.5431372694413286,0.33923864471813914,153,5,22,8
Random Forest,No handling,18,3,3,3276785861,615075798,2828171746,480681813,817416660,0.5,0.8670212765957447,0.610337552742616,0.7777777777777778,0.23333333333333334,0.358974358974359,0.8308016877637131,0.5755314765522805,0.3785251528406741,156,2,23,7
Random Forest,No handling,19,3,4,3276785861,2328857014,3070436978,71688021,2998242074,0.5,0.8723404255319149,0.6,1.0,0.2,0.3333333333333333,0.8012658227848102,0.6023802205561374,0.41668498128247156,158,0,24,6
Random Forest,No handling,20,4,0,3644269654,481961022,247712200,1864863133,484571917,0.5,0.8670212765957447,0.6097185124306554,0.875,0.22580645161290322,0.358974358974359,0.8267926854325047,0.5907447414505287,0.4034217728037728,156,1,24,7
Random Forest,No handling,21,4,1,3644269654,934175084,1210671133,3165542877,2173928683,0.5,0.8404255319148937,0.5290733511403328,0.6666666666666666,0.06451612903225806,0.11764705882352941,0.7898089171974522,0.585729049039878,0.17219053319358937,156,1,29,2
Random Forest,No handling,22,4,2,3644269654,2927577421,2820004128,1466458845,556302940,0.5,0.8670212765957447,0.5833333333333334,1.0,0.16666666666666666,0.2857142857142857,0.7850210970464135,0.5393067046312655,0.3793388938100241,158,0,25,5
Random Forest,No handling,23,4,3,3644269654,3330064557,782950300,2275992478,2519204641,0.5,0.8563829787234043,0.5905063291139241,0.6666666666666666,0.2,0.3076923076923077,0.8028481012658227,0.5171074688771883,0.31049195137409025,155,3,24,6
Random Forest,No handling,24,4,4,3644269654,492020271,712350552,606288935,3977232913,0.5,0.8617021276595744,0.6071729957805907,0.7,0.23333333333333334,0.35,0.7966244725738397,0.47843924908206886,0.3497796476709432,155,3,23,7
Random Forest,No handling,25,5,0,1206282609,181252727,2929662264,2315961018,4111771970,0.5,0.8617021276595744,0.6065337990548593,0.7777777777777778,0.22580645161290322,0.35,0.8078898705568112,0.5984085168114995,0.3703397363538554,155,2,24,7
Random Forest,No handling,26,5,1,1206282609,3588477321,605815657,789072852,3508507524,0.5,0.851063829787234,0.5742757345387303,0.7142857142857143,0.16129032258064516,0.2631578947368421,0.7672077254982536,0.470059844976115,0.2911516909401959,155,2,26,5
Random Forest,No handling,27,5,2,1206282609,3175067715,2106452365,3544950826,2094833796,0.5,0.8670212765957447,0.5968354430379746,0.8571428571428571,0.2,0.32432432432432434,0.8261603375527427,0.5885727823427298,0.37459778315654035,157,1,24,6
Random Forest,No handling,28,5,3,1206282609,4174702542,4241008048,3596570708,2707344802,0.5,0.851063829787234,0.5738396624472574,0.625,0.16666666666666666,0.2631578947368421,0.8493670886075949,0.5767676001569255,0.26793387376853145,155,3,25,5
Random Forest,No handling,29,5,4,1206282609,135446164,1527077220,1620247043,1504807939,0.5,0.851063829787234,0.5603375527426161,0.6666666666666666,0.13333333333333333,0.2222222222222222,0.7755274261603377,0.47237015391668274,0.25141752035187104,156,2,26,4
Random Forest,No handling,30,6,0,3543069911,1403774233,3622440154,1406193983,1424232087,0.5,0.8670212765957447,0.6226628313129238,0.8,0.25806451612903225,0.3902439024390244,0.7953564824327102,0.5235780306812617,0.40566136952842236,155,2,23,8
Random Forest,No handling,31,6,1,3543069911,4175944194,3159122302,3679485891,5458217,0.5,0.8670212765957447,0.5967741935483871,1.0,0.1935483870967742,0.32432432432432434,0.8479556194781179,0.6387414606613953,0.40860992424056053,157,0,25,6
Random Forest,No handling,32,6,2,3543069911,1089924410,3711033792,2327289639,4211204426,0.5,0.8617021276595744,0.5936708860759494,0.75,0.2,0.3157894736842105,0.8862869198312237,0.6427429054156635,0.33989325700922274,156,2,24,6
Random Forest,No handling,33,6,3,3543069911,1853925516,3070575740,3046551230,1327111001,0.5,0.851063829787234,0.5603375527426161,0.6666666666666666,0.13333333333333333,0.2222222222222222,0.8278481012658228,0.5807657258631778,0.25141752035187104,156,2,26,4
Random Forest,No handling,34,6,4,3543069911,3501807147,4118287387,4043967978,3612693559,0.5,0.8351063829787234,0.5238396624472574,0.4,0.06666666666666667,0.11428571428571428,0.6691983122362869,0.3271591945487764,0.10851973417856386,155,3,28,2
Random Forest,No handling,35,7,0,3479688010,3236768435,2865411636,3318840422,3912474428,0.5,0.8723404255319149,0.62584754468872,0.8888888888888888,0.25806451612903225,0.4,0.7789192521060202,0.5501289875532971,0.4374794378336286,156,1,23,8
Random Forest,No handling,36,7,1,3479688010,2305656012,3381877115,1556977878,84856793,0.5,0.8670212765957447,0.6097185124306554,0.875,0.22580645161290322,0.358974358974359,0.8259708239161702,0.6339765595348901,0.4034217728037728,156,1,24,7
Random Forest,No handling,37,7,2,3479688010,2356649683,318010218,3016662055,3567410876,0.5,0.8882978723404256,0.65,1.0,0.3,0.46153846153846156,0.8364978902953587,0.6659554455118595,0.5145915557738419,158,0,21,9
Random Forest,No handling,38,7,3,3479688010,2893281512,2469679860,1922377286,2253123359,0.5,0.8457446808510638,0.5166666666666667,1.0,0.03333333333333333,0.06451612903225806,0.8259493670886077,0.4876671022551785,0.16782131232318268,158,0,29,1
Random Forest,No handling,39,7,4,3479688010,4199500584,4249980439,3041302169,4183030404,0.5,0.8351063829787234,0.5373417721518987,0.42857142857142855,0.1,0.16216216216216217,0.7924050632911392,0.482169550555457,0.14445273991003843,154,4,27,3
Random Forest,No handling,40,8,0,877132087,1103542793,3995548951,2399361964,2069602279,0.5,0.8882978723404256,0.6742346414629135,0.9166666666666666,0.3548387096774194,0.5116279069767442,0.8312101910828026,0.6770281702150679,0.5289909203990927,156,1,20,11
Random Forest,No handling,41,8,1,877132087,3056684009,598137562,3931308232,2988533825,0.5,0.8563829787234043,0.6033490856790631,0.7,0.22580645161290322,0.34146341463414637,0.7655640024655846,0.5032851936457349,0.3417883900716859,154,3,24,7
Random Forest,No handling,42,8,2,877132087,3791339622,2739617650,2445966928,2828353709,0.5,0.8457446808510638,0.5436708860759494,0.6,0.1,0.17142857142857143,0.7886075949367088,0.44903868157862553,0.1987927873890506,156,2,27,3
Random Forest,No handling,43,8,3,877132087,3127342568,2681935584,3331213130,2133334754,0.5,0.8617021276595744,0.5936708860759494,0.75,0.2,0.3157894736842105,0.8483122362869198,0.5724640939941521,0.33989325700922274,156,2,24,6
Random Forest,No handling,44,8,4,877132087,1127828914,2728054716,2320617598,3041774250,0.5,0.8457446808510638,0.5571729957805908,0.5714285714285714,0.13333333333333333,0.21621621621621623,0.7540084388185654,0.4757017108359282,0.22116775432553906,155,3,26,4
Random Forest,No handling,45,9,0,1244265337,3338291230,2890539395,2953800145,3606663329,0.5,0.851063829787234,0.5742757345387303,0.7142857142857143,0.16129032258064516,0.2631578947368421,0.8121019108280254,0.48634429857773953,0.2911516909401959,155,2,26,5
Random Forest,No handling,46,9,1,1244265337,624068715,4268927658,38935874,1532648771,0.5,0.8563829787234043,0.5904047667967948,0.75,0.1935483870967742,0.3076923076923077,0.8744606533799054,0.6120159400798171,0.33240745324655435,155,2,25,6
Random Forest,No handling,47,9,2,1244265337,2744585060,359786879,1846607031,3881619427,0.5,0.8723404255319149,0.6270042194092827,0.8,0.26666666666666666,0.4,0.8188818565400844,0.5307274003367523,0.4145026533423382,156,2,22,8
Random Forest,No handling,48,9,3,1244265337,1970194164,946277564,1678602414,3144807049,0.5,0.8776595744680851,0.6166666666666667,1.0,0.23333333333333334,0.3783783783783784,0.7637130801687764,0.573245956294504,0.45131279757204096,158,0,23,7
Random Forest,No handling,49,9,4,1244265337,173601491,2866459933,429950392,4283531392,0.5,0.8457446808510638,0.530168776371308,0.6666666666666666,0.06666666666666667,0.12121212121212122,0.7974683544303798,0.5652099473735714,0.1763316903364669,157,1,28,2
Random Forest,Class weight,0,0,0,2684470948,4029279179,2404884986,1831965477,2450371103,0.5,0.8776595744680851,0.6937538524758579,0.7222222222222222,0.41935483870967744,0.5306122448979592,0.8612081364290116,0.68019161207505,0.4887089606456367,152,5,18,13
Random Forest,Class weight,1,0,1,2684470948,1907587041,319304850,2120761011,2778126724,0.5,0.8297872340425532,0.6003698376823505,0.47058823529411764,0.25806451612903225,0.3333333333333333,0.7295048284364084,0.37443526621256845,0.25974151822286967,148,9,23,8
Random Forest,Class weight,2,0,2,2684470948,550160846,162088679,3827313941,3968954892,0.5,0.8617021276595744,0.7016877637130802,0.5833333333333334,0.4666666666666667,0.5185185185185185,0.8120253164556962,0.5906790370791056,0.4426609097331697,148,10,16,14
Random Forest,Class weight,3,0,3,2684470948,456733724,2555878538,4109446085,1897359641,0.5,0.8457446808510638,0.6786919831223629,0.52,0.43333333333333335,0.4727272727272727,0.770675105485232,0.48814245336688,0.3854432358384769,146,12,17,13
Random Forest,Class weight,4,0,4,2684470948,3899025672,3374659372,3228469206,38485105,0.5,0.8297872340425532,0.669198312236287,0.4642857142857143,0.43333333333333335,0.4482758620689655,0.759282700421941,0.5081716023811171,0.3480776883899808,143,15,17,13
Random Forest,Class weight,5,1,0,4091952314,2709696717,404797425,482881158,2159381029,0.5,0.8297872340425532,0.729813026505034,0.4864864864864865,0.5806451612903226,0.5294117647058824,0.8002876515307171,0.572734086755499,0.4289888212198693,138,19,13,18
Random Forest,Class weight,6,1,1,4091952314,241719485,2509909753,846830587,3534504437,0.5,0.8457446808510638,0.6617012533388125,0.5454545454545454,0.3870967741935484,0.4528301886792453,0.7501540990343127,0.4605369037016724,0.37334356525754836,147,10,19,12
Random Forest,Class weight,7,1,2,4091952314,3113315634,541648390,457574433,3122018153,0.5,0.8404255319148937,0.6350210970464135,0.5,0.3333333333333333,0.4,0.7573839662447257,0.45210147154516056,0.32073854897294063,148,10,20,10
Random Forest,Class weight,8,1,3,4091952314,523556381,326709777,2064446629,2575519354,0.5,0.8617021276595744,0.7691983122362869,0.5588235294117647,0.6333333333333333,0.59375,0.8339662447257383,0.6952927793647924,0.5122614568392817,143,15,11,19
Random Forest,Class weight,9,1,4,4091952314,3458391536,3776616463,3031619406,703221468,0.5,0.8404255319148937,0.7430379746835443,0.5,0.6,0.5454545454545454,0.8421940928270042,0.5772749801892767,0.4523975658955824,140,18,12,18
Random Forest,Class weight,10,2,0,233227757,1292076234,53887817,3533679353,2144277999,0.5,0.7978723404255319,0.6589274707211835,0.4,0.45161290322580644,0.42424242424242425,0.7513868913088144,0.4887234138328213,0.3030260069055596,136,21,17,14
Random Forest,Class weight,11,2,1,233227757,2243896038,209837144,2649872160,86535694,0.5,0.8776595744680851,0.7325868091226628,0.6666666666666666,0.5161290322580645,0.5818181818181818,0.7984384631189644,0.6459435449870985,0.5172710875106451,149,8,15,16
Random Forest,Class weight,12,2,2,233227757,851682062,809980283,2230482677,2422494044,0.5,0.8404255319148937,0.7160337552742616,0.5,0.5333333333333333,0.5161290322580645,0.7772151898734178,0.48245116371704094,0.4210207427978588,142,16,14,16
Random Forest,Class weight,13,2,3,233227757,3834429963,2269050367,3274230074,3867302873,0.5,0.8404255319148937,0.689029535864979,0.5,0.4666666666666667,0.4827586206896552,0.7818565400843882,0.44272405887428967,0.3888748239369362,144,14,16,14
Random Forest,Class weight,14,2,4,233227757,3941955730,634079115,2996949520,1608002297,0.5,0.8776595744680851,0.7516877637130801,0.6296296296296297,0.5666666666666667,0.5964912280701754,0.8525316455696204,0.6087490859200821,0.5256376299080419,148,10,13,17
Random Forest,Class weight,15,3,0,3276785861,2794086942,1223581241,1221078912,863064176,0.5,0.8351063829787234,0.6553318265872201,0.5,0.3870967741935484,0.43636363636363634,0.758783644955825,0.4613544987416719,0.3454566626837877,145,12,19,12
Random Forest,Class weight,16,3,1,3276785861,3337176271,3321025982,893119454,1046488244,0.5,0.851063829787234,0.6519416478323403,0.5789473684210527,0.3548387096774194,0.44,0.7939182247791247,0.5706289428693543,0.3741255325892365,149,8,20,11
Random Forest,Class weight,17,3,2,3276785861,3176062672,586655721,2459076759,4124490731,0.5,0.851063829787234,0.7493670886075949,0.5294117647058824,0.6,0.5625,0.848523206751055,0.5520515305024855,0.47452432757369195,142,16,12,18
Random Forest,Class weight,18,3,3,3276785861,615075798,519742181,2112888310,2975551207,0.5,0.8723404255319149,0.6810126582278482,0.6666666666666666,0.4,0.5,0.8071729957805907,0.531157629092349,0.4505753196080107,152,6,18,12
Random Forest,Class weight,19,3,4,3276785861,2328857014,114135890,1959788151,64968609,0.5,0.8297872340425532,0.7097046413502109,0.47058823529411764,0.5333333333333333,0.5,0.80042194092827,0.586562466605998,0.39905006904251256,140,18,14,16
Random Forest,Class weight,20,4,0,3644269654,481961022,2062448186,314054229,281417226,0.5,0.851063829787234,0.7684405177727553,0.5405405405405406,0.6451612903225806,0.5882352941176471,0.8317238545305116,0.5976342539179621,0.5010942288097981,140,17,11,20
Random Forest,Class weight,21,4,1,3644269654,934175084,3362287455,3714032599,933877359,0.5,0.851063829787234,0.7296075611259503,0.5483870967741935,0.5483870967741935,0.5483870967741935,0.7998767207725498,0.604350321932532,0.45921512225190053,143,14,14,17
Random Forest,Class weight,22,4,2,3644269654,2927577421,3599068780,1491529431,2555604329,0.5,0.8351063829787234,0.6993670886075949,0.4838709677419355,0.5,0.4918032786885246,0.7476793248945147,0.4918069862266356,0.393497484329912,142,16,15,15
Random Forest,Class weight,23,4,3,3644269654,3330064557,233463472,1040305160,829331388,0.5,0.851063829787234,0.7628691983122362,0.5277777777777778,0.6333333333333333,0.5757575757575758,0.7949367088607595,0.5694828162087014,0.4893119506127566,141,17,11,19
Random Forest,Class weight,24,4,4,3644269654,492020271,2970621428,1446061982,1530446371,0.5,0.8351063829787234,0.6588607594936708,0.48,0.4,0.43636363636363634,0.7734177215189872,0.4649455338085218,0.34266677282924807,145,13,18,12
Random Forest,Class weight,25,5,0,1206282609,181252727,166237341,2792107696,474108288,0.5,0.8351063829787234,0.7459420587630985,0.5,0.6129032258064516,0.5507246376811594,0.7836449558249435,0.6010154187728729,0.4545231890245014,138,19,12,19
Random Forest,Class weight,26,5,1,1206282609,3588477321,1207141105,779297474,1627097562,0.5,0.8351063829787234,0.6812204643517568,0.5,0.45161290322580644,0.4745762711864407,0.7725498253544278,0.45854954782352597,0.3777712478167289,143,14,17,14
Random Forest,Class weight,27,5,2,1206282609,3175067715,2275390866,3520990010,1532055890,0.5,0.851063829787234,0.7088607594936709,0.5357142857142857,0.5,0.5172413793103449,0.8295358649789029,0.5582656902077778,0.42967195948389153,145,13,15,15
Random Forest,Class weight,28,5,3,1206282609,4174702542,2600960707,3453138847,2546339619,0.5,0.8563829787234043,0.7660337552742615,0.5428571428571428,0.6333333333333333,0.5846153846153846,0.8367088607594937,0.6154113227376065,0.5005830888782052,142,16,11,19
Random Forest,Class weight,29,5,4,1206282609,135446164,802010249,3168557507,1367275293,0.5,0.8404255319148937,0.6350210970464135,0.5,0.3333333333333333,0.4,0.7822784810126582,0.46435794931141783,0.32073854897294063,148,10,20,10
Random Forest,Class weight,30,6,0,3543069911,1403774233,3769206494,1629163091,2344613278,0.5,0.824468085106383,0.6360180809533593,0.4583333333333333,0.3548387096774194,0.4,0.7770700636942676,0.433902877276228,0.3025030564770734,144,13,20,11
Random Forest,Class weight,31,6,1,3543069911,4175944194,3246839537,2609337872,3255319326,0.5,0.8829787234042553,0.7616601602629958,0.6666666666666666,0.5806451612903226,0.6206896551724138,0.8541195808506267,0.6581290011950773,0.5537368830311924,148,9,13,18
Random Forest,Class weight,32,6,2,3543069911,1089924410,180054817,2841123491,1437949854,0.5,0.9042553191489362,0.7675105485232068,0.7727272727272727,0.5666666666666667,0.6538461538461539,0.8609704641350212,0.6396825558040271,0.609529450176486,153,5,13,17
Random Forest,Class weight,33,6,3,3543069911,1853925516,1193920683,1225679581,926900172,0.5,0.8617021276595744,0.7286919831223628,0.5714285714285714,0.5333333333333333,0.5517241379310345,0.7949367088607594,0.5457580046508627,0.4704690950308469,146,12,14,16
Random Forest,Class weight,34,6,4,3543069911,3501807147,1845939251,2749523710,454159131,0.5,0.7659574468085106,0.6312236286919831,0.325,0.43333333333333335,0.37142857142857144,0.6808016877637131,0.36165356353061684,0.2348390723372611,131,27,17,13
Random Forest,Class weight,35,7,0,3479688010,3236768435,674059109,1619408543,4151410785,0.5,0.8563829787234043,0.6939593178549415,0.5833333333333334,0.45161290322580644,0.509090909090909,0.7659749332237519,0.5698855419447408,0.43136387509721635,147,10,17,14
Random Forest,Class weight,36,7,1,3479688010,2305656012,1276261552,1419836195,3634355605,0.5,0.8563829787234043,0.6939593178549415,0.5833333333333334,0.45161290322580644,0.509090909090909,0.8154920895829053,0.610571686757642,0.43136387509721635,147,10,17,14
Random Forest,Class weight,37,7,2,3479688010,2356649683,4134839319,1358687623,535445432,0.5,0.8085106382978723,0.7240506329113924,0.42857142857142855,0.6,0.5,0.8149789029535864,0.615766771513464,0.3939710124004126,134,24,12,18
Random Forest,Class weight,38,7,3,3479688010,2893281512,3107404633,2563158547,4130810657,0.5,0.8723404255319149,0.6945147679324895,0.65,0.43333333333333335,0.52,0.809282700421941,0.45471326085710045,0.4620639721141426,151,7,17,13
Random Forest,Class weight,39,7,4,3479688010,4199500584,1802289242,3172535092,2122448191,0.5,0.8670212765957447,0.7048523206751055,0.6086956521739131,0.4666666666666667,0.5283018867924528,0.7573839662447257,0.45575525480273826,0.4578826257312429,149,9,16,14
Random Forest,Class weight,40,8,0,877132087,1103542793,415525309,667984522,118004539,0.5,0.8191489361702128,0.7104992808711732,0.4594594594594595,0.5483870967741935,0.5,0.7854941442366961,0.6273000204882367,0.39293611742490486,137,20,14,17
Random Forest,Class weight,41,8,1,877132087,3056684009,3216907205,274089918,503731260,0.5,0.8351063829787234,0.6423875077049517,0.5,0.3548387096774194,0.41509433962264153,0.7686459831518389,0.49997277796040207,0.3287510682636353,146,11,20,11
Random Forest,Class weight,42,8,2,877132087,3791339622,4175311531,1785529777,3566288826,0.5,0.8351063829787234,0.6993670886075949,0.4838709677419355,0.5,0.4918032786885246,0.7959915611814345,0.4753821117424608,0.393497484329912,142,16,15,15
Random Forest,Class weight,43,8,3,877132087,3127342568,891859977,154366579,2817707785,0.5,0.8723404255319149,0.6810126582278482,0.6666666666666666,0.4,0.5,0.8580168776371309,0.5622449948536539,0.4505753196080107,152,6,18,12
Random Forest,Class weight,44,8,4,877132087,1127828914,18559708,1227020382,1636569377,0.5,0.8138297872340425,0.7137130801687763,0.4358974358974359,0.5666666666666667,0.4927536231884058,0.7689873417721519,0.5532057223395076,0.3860333560654587,136,22,13,17
Random Forest,Class weight,45,9,0,1244265337,3338291230,2983225132,562070677,2082412315,0.5,0.8297872340425532,0.6262584754468872,0.47619047619047616,0.3225806451612903,0.38461538461538464,0.7851859461680706,0.47077592627859843,0.29747695463139484,146,11,21,10
Random Forest,Class weight,46,9,1,1244265337,624068715,866693366,907480905,1532188142,0.5,0.8670212765957447,0.8168276145469489,0.575,0.7419354838709677,0.647887323943662,0.8726114649681528,0.6309553757382336,0.5745434036901961,140,17,8,23
Random Forest,Class weight,47,9,2,1244265337,2744585060,1136216604,1126434054,1481312847,0.5,0.824468085106383,0.7335443037974683,0.46153846153846156,0.6,0.5217391304347826,0.8232067510548523,0.588444733434775,0.42185481260065427,137,21,12,18
Random Forest,Class weight,48,9,3,1244265337,1970194164,1756427834,294490224,419667254,0.5,0.8297872340425532,0.6827004219409283,0.4666666666666667,0.4666666666666667,0.4666666666666667,0.7616033755274262,0.5590452902790056,0.36540084388185656,142,16,16,14
Random Forest,Class weight,49,9,4,1244265337,173601491,3856544271,343483639,3247940456,0.5,0.8829787234042553,0.7278481012658228,0.6818181818181818,0.5,0.5769230769230769,0.7753164556962026,0.5042113086491393,0.5191575758600985,151,7,15,15
Random Forest,SMOTE-NC,0,0,0,2684470948,4029279179,3360645887,2696628212,1356252341,0.5,0.9095744680851063,0.790528046024245,0.7916666666666666,0.6129032258064516,0.6909090909090909,0.8894596260530101,0.7312769525965171,0.6461319061307881,152,5,12,19
Random Forest,SMOTE-NC,1,0,1,2684470948,1907587041,557730213,1695149914,1688860355,0.5,0.8297872340425532,0.5744811999178139,0.46153846153846156,0.1935483870967742,0.2727272727272727,0.7464557222108075,0.40310434530577655,0.2178796319382601,150,7,25,6
Random Forest,SMOTE-NC,2,0,2,2684470948,550160846,1457503807,562568889,3132366156,0.5,0.8829787234042553,0.7278481012658228,0.6818181818181818,0.5,0.5769230769230769,0.830379746835443,0.6188665625321567,0.5191575758600985,151,7,15,15
Random Forest,SMOTE-NC,3,0,3,2684470948,456733724,702423720,1981670290,782536883,0.5,0.8670212765957447,0.6778481012658228,0.631578947368421,0.4,0.4897959183673469,0.7620253164556963,0.5289309138837344,0.43216366175486665,151,7,18,12
Random Forest,SMOTE-NC,4,0,4,2684470948,3899025672,3045101291,1937716053,2081991084,0.5,0.8563829787234043,0.6715189873417722,0.5714285714285714,0.4,0.47058823529411764,0.7481012658227848,0.4587031914209814,0.3988076564702152,149,9,18,12
Random Forest,SMOTE-NC,5,1,0,4091952314,2709696717,3594185213,1080336586,2881106430,0.5,0.8563829787234043,0.6939593178549415,0.5833333333333334,0.45161290322580644,0.509090909090909,0.7989521265666735,0.5463085609393897,0.43136387509721635,147,10,17,14
Random Forest,SMOTE-NC,6,1,1,4091952314,241719485,2164937330,4236408569,320351383,0.5,0.851063829787234,0.6519416478323403,0.5789473684210527,0.3548387096774194,0.44,0.7503595644133964,0.4836567585205662,0.3741255325892365,149,8,20,11
Random Forest,SMOTE-NC,7,1,2,4091952314,3113315634,2688827027,1223626424,30179836,0.5,0.8297872340425532,0.6016877637130802,0.4444444444444444,0.26666666666666666,0.3333333333333333,0.7803797468354431,0.4859000182017955,0.2531204009919128,148,10,22,8
Random Forest,SMOTE-NC,8,1,3,4091952314,523556381,2819432917,1521767076,180800265,0.5,0.8723404255319149,0.7080168776371307,0.6363636363636364,0.4666666666666667,0.5384615384615384,0.8495780590717299,0.6648184007796051,0.4739716387019047,150,8,16,14
Random Forest,SMOTE-NC,9,1,4,4091952314,3458391536,734044306,470734787,2101257499,0.5,0.8776595744680851,0.670675105485232,0.7333333333333333,0.36666666666666664,0.4888888888888889,0.8229957805907172,0.5445150948420876,0.4613395262888917,154,4,19,11
Random Forest,SMOTE-NC,10,2,0,233227757,1292076234,1610657266,1435602779,1418242571,0.5,0.851063829787234,0.6260530100678036,0.6,0.2903225806451613,0.391304347826087,0.7446065337990548,0.4931186726573068,0.34525915915065053,151,6,22,9
Random Forest,SMOTE-NC,11,2,1,233227757,2243896038,1174134860,4191925228,3349823502,0.5,0.898936170212766,0.7194370248613109,0.875,0.45161290322580644,0.5957446808510638,0.8054242860078077,0.6173729669474004,0.5836417627256466,155,2,17,14
Random Forest,SMOTE-NC,12,2,2,233227757,851682062,1263386973,4026542193,1429439307,0.5,0.7978723404255319,0.6232067510548523,0.36666666666666664,0.36666666666666664,0.36666666666666664,0.7677215189873418,0.4823320997882581,0.24641350210970464,139,19,19,11
Random Forest,SMOTE-NC,13,2,3,233227757,3834429963,181047785,1024516306,3112137734,0.5,0.8617021276595744,0.6746835443037975,0.6,0.4,0.48,0.7966244725738396,0.4819836204425118,0.4149554977337419,150,8,18,12
Random Forest,SMOTE-NC,14,2,4,233227757,3941955730,3908574561,1185405439,4000414235,0.5,0.8670212765957447,0.6643459915611815,0.6470588235294118,0.36666666666666664,0.46808510638297873,0.8624472573839663,0.6564525739805639,0.4197162332393936,152,6,19,11
Random Forest,SMOTE-NC,15,3,0,3276785861,2794086942,3056383561,974556378,2062880230,0.5,0.8457446808510638,0.648756934456544,0.55,0.3548387096774194,0.43137254901960786,0.7602219026094104,0.49005173613902475,0.3580702587125184,148,9,20,11
Random Forest,SMOTE-NC,16,3,1,3276785861,3337176271,1574386953,1687393426,534190542,0.5,0.8723404255319149,0.6776248202177932,0.7058823529411765,0.3870967741935484,0.5,0.8041914937333059,0.5944456935776512,0.4596653889532668,152,5,19,12
Random Forest,SMOTE-NC,17,3,2,3276785861,3176062672,387481140,1200026481,1301059740,0.5,0.8723404255319149,0.6810126582278482,0.6666666666666666,0.4,0.5,0.8801687763713081,0.6093928238306874,0.4505753196080107,152,6,18,12
Random Forest,SMOTE-NC,18,3,3,3276785861,615075798,2656575921,1188493596,738745264,0.5,0.8617021276595744,0.6746835443037975,0.6,0.4,0.48,0.8141350210970464,0.5473020116119197,0.4149554977337419,150,8,18,12
Random Forest,SMOTE-NC,19,3,4,3276785861,2328857014,113017545,3406573264,2238824206,0.5,0.8829787234042553,0.7143459915611814,0.7,0.4666666666666667,0.56,0.8078059071729957,0.5919214862391692,0.5091724464945432,152,6,16,14
Random Forest,SMOTE-NC,20,4,0,3644269654,481961022,2400321541,1937606250,3402784662,0.5,0.8776595744680851,0.7066981713581262,0.7,0.45161290322580644,0.5490196078431373,0.8789808917197452,0.6905969211695608,0.49753961362540544,151,6,17,14
Random Forest,SMOTE-NC,21,4,1,3644269654,934175084,2663526624,987036129,128570851,0.5,0.8723404255319149,0.6776248202177932,0.7058823529411765,0.3870967741935484,0.5,0.7756318060406822,0.5252652645850621,0.4596653889532668,152,5,19,12
Random Forest,SMOTE-NC,22,4,2,3644269654,2927577421,2680358294,411423033,1878880031,0.5,0.8617021276595744,0.7016877637130802,0.5833333333333334,0.4666666666666667,0.5185185185185185,0.7516877637130802,0.5385495139729141,0.4426609097331697,148,10,16,14
Random Forest,SMOTE-NC,23,4,3,3644269654,3330064557,412002951,1082772579,411628896,0.5,0.8723404255319149,0.7215189873417722,0.625,0.5,0.5555555555555556,0.7949367088607595,0.5686420246781981,0.48618614562743534,149,9,15,15
Random Forest,SMOTE-NC,24,4,4,3644269654,492020271,3618980060,972521857,1461586489,0.5,0.8297872340425532,0.6421940928270042,0.4583333333333333,0.36666666666666664,0.4074074074074074,0.7778481012658228,0.4390207784270452,0.31208520205037277,145,13,19,11
Random Forest,SMOTE-NC,25,5,0,1206282609,181252727,3890269275,2023037613,661762411,0.5,0.8776595744680851,0.7196424902403945,0.6818181818181818,0.4838709677419355,0.5660377358490566,0.810766385863982,0.6329863979473614,0.5071210562392874,150,7,16,15
Random Forest,SMOTE-NC,26,5,1,1206282609,3588477321,483589101,294489890,606645734,0.5,0.7978723404255319,0.5812615574275735,0.34782608695652173,0.25806451612903225,0.2962962962962963,0.7287856996096158,0.39759761573062297,0.18405173690519333,142,15,23,8
Random Forest,SMOTE-NC,27,5,2,1206282609,3175067715,281661510,2905944643,3750986982,0.5,0.8670212765957447,0.7048523206751055,0.6086956521739131,0.4666666666666667,0.5283018867924528,0.8097046413502111,0.5330482881997168,0.4578826257312429,149,9,16,14
Random Forest,SMOTE-NC,28,5,3,1206282609,4174702542,855541827,2163829101,2091414646,0.5,0.8723404255319149,0.7080168776371307,0.6363636363636364,0.4666666666666667,0.5384615384615384,0.8622362869198312,0.6816181693337112,0.4739716387019047,150,8,16,14
Random Forest,SMOTE-NC,29,5,4,1206282609,135446164,403024965,726578943,3662816730,0.5,0.8351063829787234,0.6183544303797468,0.47368421052631576,0.3,0.3673469387755102,0.7934599156118144,0.46294559818980674,0.28759645817850554,148,10,21,9
Random Forest,SMOTE-NC,30,6,0,3543069911,1403774233,2043867562,369170570,216988073,0.5,0.824468085106383,0.6101294431888227,0.45,0.2903225806451613,0.35294117647058826,0.7737826176289295,0.45150122382921687,0.2650906887705938,146,11,22,9
Random Forest,SMOTE-NC,31,6,1,3543069911,4175944194,94953376,2486442767,4238531149,0.5,0.8776595744680851,0.6937538524758579,0.7222222222222222,0.41935483870967744,0.5306122448979592,0.8078898705568112,0.6149730387863194,0.4887089606456367,152,5,18,13
Random Forest,SMOTE-NC,32,6,2,3543069911,1089924410,1592854643,194110636,2205751843,0.5,0.8723404255319149,0.7350210970464135,0.6153846153846154,0.5333333333333333,0.5714285714285714,0.8375527426160339,0.576029507858904,0.4986339383482175,148,10,14,16
Random Forest,SMOTE-NC,33,6,3,3543069911,1853925516,2555468934,2477709305,788266035,0.5,0.851063829787234,0.6413502109704641,0.5555555555555556,0.3333333333333333,0.4166666666666667,0.8244725738396624,0.5798797063049993,0.35184786029996173,150,8,20,10
Random Forest,SMOTE-NC,34,6,4,3543069911,3501807147,501289663,4007826876,376757675,0.5,0.776595744680851,0.570042194092827,0.2857142857142857,0.26666666666666666,0.27586206896551724,0.6962025316455696,0.3881043216650336,0.14409201065520402,138,20,22,8
Random Forest,SMOTE-NC,35,7,0,3479688010,3236768435,2514009242,2928748267,3078071414,0.5,0.8563829787234043,0.6939593178549415,0.5833333333333334,0.45161290322580644,0.509090909090909,0.7524142182042326,0.5263977954172224,0.43136387509721635,147,10,17,14
Random Forest,SMOTE-NC,36,7,1,3479688010,2305656012,3474936239,4188349517,2642170719,0.5,0.851063829787234,0.677830285596877,0.5652173913043478,0.41935483870967744,0.48148148148148145,0.8239161701253339,0.611371077119738,0.40277314359404504,147,10,18,13
Random Forest,SMOTE-NC,37,7,2,3479688010,2356649683,2100089774,3307041500,1856255925,0.5,0.8723404255319149,0.7485232067510548,0.6071428571428571,0.5666666666666667,0.5862068965517241,0.8149789029535864,0.6241248009775847,0.5112662305778022,147,11,13,17
Random Forest,SMOTE-NC,38,7,3,3479688010,2893281512,2687999613,1019452968,2406741960,0.5,0.851063829787234,0.6413502109704641,0.5555555555555556,0.3333333333333333,0.4166666666666667,0.8571729957805907,0.5608921675874775,0.35184786029996173,150,8,20,10
Random Forest,SMOTE-NC,39,7,4,3479688010,4199500584,3171275596,3251524175,2432844058,0.5,0.8617021276595744,0.6206751054852321,0.6666666666666666,0.26666666666666666,0.38095238095238093,0.7639240506329115,0.45695259802311744,0.36156792484354594,154,4,22,8
Random Forest,SMOTE-NC,40,8,0,877132087,1103542793,1200887761,3214292538,3466718770,0.5,0.8617021276595744,0.7359769878775426,0.5862068965517241,0.5483870967741935,0.5666666666666667,0.7896034518183686,0.6251788199748696,0.48487831407911103,145,12,14,17
Random Forest,SMOTE-NC,41,8,1,877132087,3056684009,2566377028,3799089395,2647624722,0.5,0.851063829787234,0.677830285596877,0.5652173913043478,0.41935483870967744,0.48148148148148145,0.7616601602629958,0.4856752021847165,0.40277314359404504,147,10,18,13
Random Forest,SMOTE-NC,42,8,2,877132087,3791339622,544007449,800398185,1368814329,0.5,0.8617021276595744,0.6881856540084388,0.5909090909090909,0.43333333333333335,0.5,0.7987341772151899,0.5066930515942921,0.42878570154371093,149,9,17,13
Random Forest,SMOTE-NC,43,8,3,877132087,3127342568,2615585469,565903330,3127495400,0.5,0.8670212765957447,0.6508438818565401,0.6666666666666666,0.3333333333333333,0.4444444444444444,0.8417721518987342,0.5746633160675567,0.4077351808362887,153,5,20,10
Random Forest,SMOTE-NC,44,8,4,877132087,1127828914,3737847116,892500444,3790940604,0.5,0.8563829787234043,0.6310126582278481,0.6,0.3,0.4,0.769831223628692,0.5094426116493499,0.35413083538368567,152,6,21,9
Random Forest,SMOTE-NC,45,9,0,1244265337,3338291230,2567855247,1144113025,3687424670,0.5,0.851063829787234,0.6648859667146085,0.5714285714285714,0.3870967741935484,0.46153846153846156,0.7750154099034312,0.4566470020231831,0.3884869911988517,148,9,19,12
Random Forest,SMOTE-NC,46,9,1,1244265337,624068715,1010308418,4079713129,3097509291,0.5,0.8723404255319149,0.7294020957468667,0.64,0.5161290322580645,0.5714285714285714,0.8699404150400658,0.587585787296582,0.5014114457608657,148,9,15,16
Random Forest,SMOTE-NC,47,9,2,1244265337,2744585060,2817981225,894317208,2841282767,0.5,0.851063829787234,0.6683544303797468,0.5454545454545454,0.4,0.46153846153846156,0.8141350210970465,0.5793187435824484,0.3835997643855172,148,10,18,12
Random Forest,SMOTE-NC,48,9,3,1244265337,1970194164,1956713221,3571158934,4116453481,0.5,0.8723404255319149,0.6675105485232068,0.6875,0.36666666666666664,0.4782608695652174,0.7742616033755275,0.5568238922364424,0.4396804064070125,153,5,19,11
Random Forest,SMOTE-NC,49,9,4,1244265337,173601491,848293156,2219671207,1452220558,0.5,0.8723404255319149,0.6675105485232068,0.6875,0.36666666666666664,0.4782608695652174,0.781012658227848,0.5105002432825299,0.4396804064070125,153,5,19,11
Random Forest,Random undersampling,0,0,0,2684470948,4029279179,2072056482,3466172363,3082906056,0.5,0.8138297872340425,0.7979247996712554,0.46153846153846156,0.7741935483870968,0.5783132530120482,0.8820628724059996,0.7026347800827821,0.4943063604799435,129,28,7,24
Random Forest,Random undersampling,1,0,1,2684470948,1907587041,2092562032,253993737,2184154972,0.5,0.7287234042553191,0.6563591534826382,0.3148148148148148,0.5483870967741935,0.4,0.7585781795767413,0.4655171602485423,0.25646889475086565,120,37,14,17
Random Forest,Random undersampling,2,0,2,2684470948,550160846,3646369931,1926256503,547295060,0.5,0.7074468085106383,0.7584388185654009,0.3333333333333333,0.8333333333333334,0.47619047619047616,0.8177215189873418,0.5707584685077801,0.3865512305009838,108,50,5,25
Random Forest,Random undersampling,3,0,3,2684470948,456733724,2420325884,4106928476,1416298043,0.5,0.8085106382978723,0.751054852320675,0.43478260869565216,0.6666666666666666,0.5263157894736842,0.7649789029535864,0.4268179431756708,0.42772506225418333,132,26,10,20
Random Forest,Random undersampling,4,0,4,2684470948,3899025672,1638048231,3558756530,1460575124,0.5,0.7393617021276596,0.6694092827004219,0.32075471698113206,0.5666666666666667,0.40963855421686746,0.7428270042194093,0.4829617578634298,0.27577287772472325,122,36,13,17
Random Forest,Random undersampling,5,1,0,4091952314,2709696717,2357977600,2991505274,4124072149,0.5,0.723404255319149,0.7178960345181837,0.3384615384615385,0.7096774193548387,0.4583333333333333,0.7951510170536265,0.5557608929702313,0.3400171018812866,114,43,9,22
Random Forest,Random undersampling,6,1,1,4091952314,241719485,818848522,3807262161,3340079597,0.5,0.7819148936170213,0.6882062872406,0.38636363636363635,0.5483870967741935,0.4533333333333333,0.7144031230737621,0.44301474371329774,0.32990371941841534,130,27,14,17
Random Forest,Random undersampling,7,1,2,4091952314,3113315634,2147775006,1769353229,72739271,0.5,0.7978723404255319,0.7042194092827004,0.40476190476190477,0.5666666666666667,0.4722222222222222,0.7710970464135021,0.4965782650798319,0.359099755182297,133,25,13,17
Random Forest,Random undersampling,8,1,3,4091952314,523556381,875925486,2343331574,1301833396,0.5,0.7287234042553191,0.730590717299578,0.3384615384615385,0.7333333333333333,0.4631578947368421,0.8251054852320674,0.649055306458498,0.3551008834156796,115,43,8,22
Random Forest,Random undersampling,9,1,4,4091952314,3458391536,2012060538,3712945233,3232879953,0.5,0.7712765957446809,0.7829113924050632,0.39344262295081966,0.8,0.5274725274725275,0.8765822784810128,0.6304086633258201,0.44259125101146496,121,37,6,24
Random Forest,Random undersampling,10,2,0,233227757,1292076234,455978236,1797253005,3423151065,0.5,0.7074468085106383,0.6824532566262584,0.3125,0.6451612903225806,0.42105263157894735,0.7345387302239573,0.4306505338158582,0.285766594115826,113,44,11,20
Random Forest,Random undersampling,11,2,1,233227757,2243896038,3956910774,2260501226,1320992649,0.5,0.776595744680851,0.7238545305116089,0.39215686274509803,0.6451612903225806,0.4878048780487805,0.8031641668378879,0.6472372641665,0.3736639371648539,126,31,11,20
Random Forest,Random undersampling,12,2,2,233227757,851682062,3484230002,823004225,2788629977,0.5,0.7393617021276596,0.7099156118143459,0.3389830508474576,0.6666666666666666,0.449438202247191,0.7808016877637131,0.49730645436051146,0.3313164845452574,119,39,10,20
Random Forest,Random undersampling,13,2,3,233227757,3834429963,1724820224,4008981434,661731982,0.5,0.7180851063829787,0.670253164556962,0.3050847457627119,0.6,0.4044943820224719,0.7118143459915613,0.3308991701068952,0.2687159829427364,117,41,12,18
Random Forest,Random undersampling,14,2,4,233227757,3941955730,3007234068,603229990,1267407376,0.5,0.776595744680851,0.7725738396624473,0.39655172413793105,0.7666666666666667,0.5227272727272727,0.8445147679324895,0.5996970737016126,0.43223274556224545,123,35,7,23
Random Forest,Random undersampling,15,3,0,3276785861,2794086942,90699465,3383257222,1790528488,0.5,0.7872340425531915,0.6913910006163961,0.3953488372093023,0.5483870967741935,0.4594594594594595,0.762687487158414,0.44524548167765754,0.3381924849904865,131,26,14,17
Random Forest,Random undersampling,16,3,1,3276785861,3337176271,3651513455,1236348068,2354284705,0.5,0.7819148936170213,0.7399835627696734,0.40384615384615385,0.6774193548387096,0.5060240963855421,0.783850421204027,0.528854068814799,0.398172295890051,126,31,10,21
Random Forest,Random undersampling,17,3,2,3276785861,3176062672,1702324807,3344460875,1192608665,0.5,0.8191489361702128,0.7978902953586497,0.46,0.7666666666666667,0.575,0.8217299578059072,0.5704655974338833,0.4937998755856016,131,27,7,23
Random Forest,Random undersampling,18,3,3,3276785861,615075798,2908736917,1241864734,1083015039,0.5,0.723404255319149,0.7274261603375527,0.3333333333333333,0.7333333333333333,0.4583333333333333,0.7854430379746835,0.40184246382047795,0.34898575693202966,114,44,8,22
Random Forest,Random undersampling,19,3,4,3276785861,2328857014,4235336834,3909727960,2939820770,0.5,0.7287234042553191,0.7035864978902953,0.32786885245901637,0.6666666666666666,0.43956043956043955,0.7938818565400844,0.5949491701695215,0.3184940769769304,117,41,10,20
Random Forest,Random undersampling,20,4,0,3644269654,481961022,3621748167,94403008,4269529856,0.5,0.7180851063829787,0.7017670022601191,0.328125,0.6774193548387096,0.4421052631578947,0.8138483665502363,0.5218524952488942,0.31601666151096974,114,43,10,21
Random Forest,Random undersampling,21,4,1,3644269654,934175084,508782226,1626513947,414305615,0.5,0.7446808510638298,0.7176905691391,0.3559322033898305,0.6774193548387096,0.4666666666666667,0.7721388945962605,0.5016128359920965,0.34816044006494024,119,38,10,21
Random Forest,Random undersampling,22,4,2,3644269654,2927577421,3223874465,675723646,575437282,0.5,0.7606382978723404,0.7225738396624473,0.36363636363636365,0.6666666666666666,0.47058823529411764,0.7877637130801688,0.5363989525514712,0.3583324337339431,123,35,10,20
Random Forest,Random undersampling,23,4,3,3644269654,3330064557,2718210131,1761875428,4052760281,0.5,0.7340425531914894,0.720253164556962,0.3387096774193548,0.7,0.45652173913043476,0.7837552742616034,0.5297582750441628,0.3431311977094325,117,41,9,21
Random Forest,Random undersampling,24,4,4,3644269654,492020271,1632780634,695435818,3788996126,0.5,0.7340425531914894,0.7337552742616034,0.34375,0.7333333333333333,0.46808510638297873,0.7625527426160338,0.45352133151110263,0.3613098119099278,116,42,8,22
Random Forest,Random undersampling,25,5,0,1206282609,181252727,3726792620,1950501815,1645038544,0.5,0.723404255319149,0.730840353400452,0.34328358208955223,0.7419354838709677,0.46938775510204084,0.761454694883912,0.5796410697609949,0.357719251034874,113,44,8,23
Random Forest,Random undersampling,26,5,1,1206282609,3588477321,3693157203,1699387673,2419594178,0.5,0.7127659574468085,0.6856379700020546,0.31746031746031744,0.6451612903225806,0.425531914893617,0.7509759605506472,0.44710462274771345,0.291878562177356,114,43,11,20
Random Forest,Random undersampling,27,5,2,1206282609,3175067715,586688067,2550974566,1407958378,0.5,0.7819148936170213,0.7487341772151899,0.39622641509433965,0.7,0.5060240963855421,0.8164556962025317,0.5949811224880881,0.404901896435179,126,32,9,21
Random Forest,Random undersampling,28,5,3,1206282609,4174702542,3455071863,2195104593,936761857,0.5,0.7872340425531915,0.7654008438818565,0.4074074074074074,0.7333333333333333,0.5238095238095238,0.8420886075949366,0.590581442638261,0.42960782867456204,126,32,8,22
Random Forest,Random undersampling,29,5,4,1206282609,135446164,1982820206,1420251269,1072627406,0.5,0.7287234042553191,0.690084388185654,0.3220338983050847,0.6333333333333333,0.42696629213483145,0.770253164556962,0.4624284220704261,0.30001623374399694,118,40,11,19
Random Forest,Random undersampling,30,6,0,3543069911,1403774233,3788760256,3019443337,4191131222,0.5,0.75,0.7338196013971646,0.36666666666666664,0.7096774193548387,0.4835164835164835,0.7517978220669818,0.4369261093538328,0.3722725161018172,119,38,9,22
Random Forest,Random undersampling,31,6,1,3543069911,4175944194,587905657,3910235011,2096835030,0.5,0.7819148936170213,0.76587220053421,0.4107142857142857,0.7419354838709677,0.5287356321839081,0.8459009656872817,0.5753758926409531,0.4314720019529665,124,33,8,23
Random Forest,Random undersampling,32,6,2,3543069911,1089924410,3991073378,1031917113,2770241215,0.5,0.776595744680851,0.79957805907173,0.4032258064516129,0.8333333333333334,0.5434782608695652,0.869620253164557,0.6392360264653743,0.4667110160415653,121,37,5,25
Random Forest,Random undersampling,33,6,3,3543069911,1853925516,3373366509,563349377,3380315926,0.5,0.7872340425531915,0.7248945147679324,0.3958333333333333,0.6333333333333333,0.48717948717948717,0.7841772151898735,0.5696337382615249,0.3777577586914095,129,29,11,19
Random Forest,Random undersampling,34,6,4,3543069911,3501807147,3725096249,3555770649,1786133380,0.5,0.6808510638297872,0.5805907172995781,0.23214285714285715,0.43333333333333335,0.3023255813953488,0.6618143459915613,0.3379663794275716,0.12906937547001668,115,43,17,13
Random Forest,Random undersampling,35,7,0,3479688010,3236768435,3597030947,1270952301,2201311987,0.5,0.7446808510638298,0.7176905691391,0.3559322033898305,0.6774193548387096,0.4666666666666667,0.7633038832956647,0.5770904981188651,0.34816044006494024,119,38,10,21
Random Forest,Random undersampling,36,7,1,3479688010,2305656012,3566422434,877755832,1598058418,0.5,0.776595744680851,0.7367988493938771,0.39622641509433965,0.6774193548387096,0.5,0.8066570782823095,0.602577227109121,0.39060287680236766,125,32,10,21
Random Forest,Random undersampling,37,7,2,3479688010,2356649683,2237218462,1137534641,2801194651,0.5,0.675531914893617,0.7259493670886077,0.3037974683544304,0.8,0.44036697247706424,0.8034810126582278,0.5980857387658526,0.3352767986546787,103,55,6,24
Random Forest,Random undersampling,38,7,3,3479688010,2893281512,702234915,1678226238,260385429,0.5,0.7925531914893617,0.7280590717299578,0.40425531914893614,0.6333333333333333,0.4935064935064935,0.8316455696202532,0.4487582505589826,0.3857518641604145,130,28,11,19
Random Forest,Random undersampling,39,7,4,3479688010,4199500584,3799799437,3252986340,1514335236,0.5,0.75,0.7027426160337553,0.34545454545454546,0.6333333333333333,0.4470588235294118,0.7318565400843882,0.3866217952177152,0.3264051837140467,122,36,11,19
Random Forest,Random undersampling,40,8,0,877132087,1103542793,3118496557,40020016,821127453,0.5,0.7021276595744681,0.6792685432504623,0.3076923076923077,0.6451612903225806,0.4166666666666667,0.7867269365111978,0.63273669376585,0.27974061423047863,112,45,11,20
Random Forest,Random undersampling,41,8,1,877132087,3056684009,3074913745,88933986,1511460873,0.5,0.723404255319149,0.7178960345181837,0.3384615384615385,0.7096774193548387,0.4583333333333333,0.7698787754263408,0.5346601840063857,0.3400171018812866,114,43,9,22
Random Forest,Random undersampling,42,8,2,877132087,3791339622,1697161796,3181013033,2081220804,0.5,0.7925531914893617,0.7280590717299578,0.40425531914893614,0.6333333333333333,0.4935064935064935,0.7949367088607596,0.49854558517875736,0.3857518641604145,130,28,11,19
Random Forest,Random undersampling,43,8,3,877132087,3127342568,1953809176,2196508731,1763391376,0.5,0.7659574468085106,0.7392405063291139,0.375,0.7,0.4883720930232558,0.8200421940928271,0.4899227556591961,0.383153591054971,123,35,9,21
Random Forest,Random undersampling,44,8,4,877132087,1127828914,1564653318,2478644994,923085293,0.5,0.7553191489361702,0.7464135021097047,0.36666666666666664,0.7333333333333333,0.4888888888888889,0.7871308016877637,0.5577743883110327,0.3871712116321886,120,38,8,22
Random Forest,Random undersampling,45,9,0,1244265337,3338291230,2654043786,81801098,3991583950,0.5,0.6968085106382979,0.6631395109923978,0.296875,0.6129032258064516,0.4,0.759810971851243,0.4738928046693561,0.25551652672068226,112,45,12,19
Random Forest,Random undersampling,46,9,1,1244265337,624068715,95760626,770741470,1666050549,0.5,0.7127659574468085,0.7503595644133962,0.3424657534246575,0.8064516129032258,0.4807692307692308,0.8514485309225396,0.5923091494807826,0.38125408512065867,109,48,6,25
Random Forest,Random undersampling,47,9,2,1244265337,2744585060,2760210116,2068234031,2011792315,0.5,0.7180851063829787,0.6972573839662447,0.31746031746031744,0.6666666666666666,0.43010752688172044,0.8094936708860759,0.5154041392281197,0.3060745040607473,115,43,10,20
Random Forest,Random undersampling,48,9,3,1244265337,1970194164,1702474814,3203475766,3464823235,0.5,0.7606382978723404,0.6955696202531645,0.35294117647058826,0.6,0.4444444444444444,0.7706751054852321,0.5121360948597813,0.3221626487923528,125,33,12,18
Random Forest,Random undersampling,49,9,4,1244265337,173601491,2468005583,1214859093,3548714570,0.5,0.7872340425531915,0.7248945147679324,0.3958333333333333,0.6333333333333333,0.48717948717948717,0.7789029535864979,0.5399373166146448,0.3777577586914095,129,29,11,19
Random Forest,Threshold tuning,0,0,0,2684470948,4029279179,3466432294,2452889694,1647545743,0.24145229672861254,0.9042553191489362,0.8520649270597904,0.6857142857142857,0.7741935483870968,0.7272727272727273,0.8602835422231354,0.703503376183997,0.6712799778056578,146,11,7,24
Random Forest,Threshold tuning,1,0,1,2684470948,1907587041,1004142889,1363402403,830823724,0.2208287008828805,0.776595744680851,0.6850215738648038,0.37777777777777777,0.5483870967741935,0.4473684210526316,0.7506677624820217,0.406325819362223,0.32181683851868376,129,28,14,17
Random Forest,Threshold tuning,2,0,2,2684470948,550160846,3396421023,799277347,2955785147,0.2588439153439154,0.8563829787234043,0.7525316455696203,0.5454545454545454,0.6,0.5714285714285714,0.8390295358649789,0.6074724085310979,0.4861968672682042,143,15,12,18
Random Forest,Threshold tuning,3,0,3,2684470948,456733724,2869877517,3840830037,4039527060,0.2767671957671956,0.8191489361702128,0.649367088607595,0.42857142857142855,0.4,0.41379310344827586,0.7662447257383966,0.4670989158303328,0.30728055284302547,142,16,18,12
Random Forest,Threshold tuning,4,0,4,2684470948,3899025672,445556153,1192504824,3064166110,0.3364484126984127,0.8617021276595744,0.6476793248945147,0.625,0.3333333333333333,0.43478260869565216,0.7681434599156117,0.5414917426252049,0.38762756232356266,152,6,20,10
Random Forest,Threshold tuning,5,1,0,4091952314,2709696717,90607363,4031187339,4238339045,0.3065559533059533,0.8457446808510638,0.7134785288678858,0.5333333333333333,0.5161290322580645,0.5245901639344263,0.8108691185535237,0.5713513967042156,0.4326390330357445,143,14,15,16
Random Forest,Threshold tuning,6,1,1,4091952314,241719485,3887808651,3152011230,739467275,0.2459225640635293,0.824468085106383,0.6748510376001644,0.4666666666666667,0.45161290322580644,0.45901639344262296,0.7326895418122047,0.45019430862019716,0.35435593562407947,141,16,17,14
Random Forest,Threshold tuning,7,1,2,4091952314,3113315634,3144297731,3899636087,3466818704,0.2601873872182486,0.8404255319148937,0.7025316455696202,0.5,0.5,0.5,0.7774261603375527,0.49051941351866035,0.4050632911392405,143,15,15,15
Random Forest,Threshold tuning,8,1,3,4091952314,523556381,688753673,579922251,3495306369,0.2569558459031879,0.8776595744680851,0.8056962025316455,0.6,0.7,0.6461538461538462,0.8529535864978903,0.7110043651997797,0.5752140331360186,144,14,9,21
Random Forest,Threshold tuning,9,1,4,4091952314,3458391536,184540227,3767836097,3167927679,0.3373972400977253,0.8723404255319149,0.6945147679324895,0.65,0.43333333333333335,0.52,0.8594936708860759,0.5748991780240059,0.4620639721141426,151,7,17,13
Random Forest,Threshold tuning,10,2,0,233227757,1292076234,31089502,3287737579,537267363,0.23071406670632955,0.776595744680851,0.6591329361002671,0.36585365853658536,0.4838709677419355,0.4166666666666667,0.7495377028970618,0.49818237118547914,0.2860027104122217,131,26,16,15
Random Forest,Threshold tuning,11,2,1,233227757,2243896038,2871235262,479711381,923994424,0.2696853515979128,0.8670212765957447,0.7391617012533388,0.6071428571428571,0.5483870967741935,0.576271186440678,0.8136429011711526,0.630698324220293,0.49855525222071706,146,11,14,17
Random Forest,Threshold tuning,12,2,2,233227757,851682062,886324778,3606734957,3817440694,0.25878345945993014,0.8351063829787234,0.7533755274261603,0.48717948717948717,0.6333333333333333,0.5507246376811594,0.7883966244725739,0.4842450159136036,0.45767626913584986,138,20,11,19
Random Forest,Threshold tuning,13,2,3,233227757,3834429963,3159868479,3639243649,238155677,0.2534915580180263,0.8191489361702128,0.7033755274261604,0.4444444444444444,0.5333333333333333,0.48484848484848486,0.7740506329113924,0.4332170323906133,0.37856879646123387,138,20,14,16
Random Forest,Threshold tuning,14,2,4,233227757,3941955730,2700111096,4263018531,372333534,0.2572423317423318,0.8670212765957447,0.799367088607595,0.5675675675675675,0.7,0.6268656716417911,0.8798523206751055,0.6952354205912551,0.551485228785657,142,16,9,21
Random Forest,Threshold tuning,15,3,0,3276785861,2794086942,386853592,4026479785,451683625,0.2966666666666667,0.7978723404255319,0.6848161084857202,0.41025641025641024,0.5161290322580645,0.45714285714285713,0.7693651119786317,0.46511991575361666,0.33827901123077975,134,23,15,16
Random Forest,Threshold tuning,16,3,1,3276785861,3337176271,3155937810,3629079143,1883051527,0.3228650793650794,0.851063829787234,0.6648859667146085,0.5714285714285714,0.3870967741935484,0.46153846153846156,0.7965892747072119,0.5629327804938812,0.3884869911988517,148,9,19,12
Random Forest,Threshold tuning,17,3,2,3276785861,3176062672,2245588345,1045267597,528921572,0.29333333333333333,0.8723404255319149,0.7620253164556963,0.6,0.6,0.6,0.8339662447257384,0.5394692642764076,0.5240506329113924,146,12,12,18
Random Forest,Threshold tuning,18,3,3,3276785861,615075798,2105675325,342310803,1057025038,0.2866666666666667,0.8617021276595744,0.7151898734177216,0.5769230769230769,0.5,0.5357142857142857,0.840295358649789,0.5937168506620903,0.45655890225779344,147,11,15,15
Random Forest,Threshold tuning,19,3,4,3276785861,2328857014,2976927334,3602730923,3276195215,0.26100000000000007,0.8297872340425532,0.7097046413502109,0.47058823529411764,0.5333333333333333,0.5,0.7972573839662447,0.6197508165009437,0.39905006904251256,140,18,14,16
Random Forest,Threshold tuning,20,4,0,3644269654,481961022,1430700676,1787808986,3475973106,0.29333333333333333,0.8563829787234043,0.7457365933840148,0.5625,0.5806451612903226,0.5714285714285714,0.8253544277789193,0.5825500858845085,0.48528091726306405,143,14,13,18
Random Forest,Threshold tuning,21,4,1,3644269654,934175084,2603554766,1256136879,605803049,0.29,0.8776595744680851,0.7325868091226628,0.6666666666666666,0.5161290322580645,0.5818181818181818,0.8099445243476473,0.619122585930102,0.5172710875106451,149,8,15,16
Random Forest,Threshold tuning,22,4,2,3644269654,2927577421,4291028793,1134701417,853213337,0.28758438012085885,0.8617021276595744,0.7421940928270042,0.5666666666666667,0.5666666666666667,0.5666666666666667,0.7778481012658228,0.5185593087858097,0.48438818565400843,145,13,13,17
Random Forest,Threshold tuning,23,4,3,3644269654,3330064557,2170671135,2975054148,4014901841,0.2454962074962075,0.8457446808510638,0.7597046413502109,0.5135135135135135,0.6333333333333333,0.5671641791044776,0.8086497890295359,0.5421990806592613,0.47842023723406885,140,18,11,19
Random Forest,Threshold tuning,24,4,4,3644269654,492020271,2611170425,4060834592,1132021915,0.2777475304686268,0.8297872340425532,0.669198312236287,0.4642857142857143,0.43333333333333335,0.4482758620689655,0.7943037974683544,0.4630179636651346,0.3480776883899808,143,15,17,13
Random Forest,Threshold tuning,25,5,0,1206282609,181252727,3604129734,3507824040,1017260471,0.2906857364341884,0.8457446808510638,0.7393671666324224,0.5294117647058824,0.5806451612903226,0.5538461538461539,0.8159030203410725,0.6196637663824052,0.46155709254292526,141,16,13,18
Random Forest,Threshold tuning,26,5,1,1206282609,3588477321,1236305550,170187674,850067061,0.28712104562104557,0.8457446808510638,0.6746455722210808,0.5416666666666666,0.41935483870967744,0.4727272727272727,0.7797411136223547,0.47524873801646567,0.38841026889050206,146,11,18,13
Random Forest,Threshold tuning,27,5,2,1206282609,3175067715,2923971825,3053603715,3050955633,0.26539163322291615,0.8670212765957447,0.7453586497890295,0.5862068965517241,0.5666666666666667,0.576271186440678,0.8253164556962025,0.5739608235596516,0.49753424510562355,146,12,13,17
Random Forest,Threshold tuning,28,5,3,1206282609,4174702542,1757639860,3919155950,3065095553,0.2916666666666667,0.8563829787234043,0.7255274261603375,0.5517241379310345,0.5333333333333333,0.5423728813559322,0.8280590717299579,0.5729007224455952,0.4573208151486772,145,13,14,16
Random Forest,Threshold tuning,29,5,4,1206282609,135446164,3497571568,1455686941,1105980834,0.25426984126984126,0.7978723404255319,0.6772151898734178,0.39473684210526316,0.5,0.4411764705882353,0.7922995780590718,0.4652585298983247,0.3232084325520476,135,23,15,15
Random Forest,Threshold tuning,30,6,0,3543069911,1403774233,2767504912,415184300,405379729,0.24638390413354933,0.8297872340425532,0.7168687076227656,0.4857142857142857,0.5483870967741935,0.5151515151515151,0.7861105403739469,0.5061459831464927,0.41350219817558903,139,18,14,17
Random Forest,Threshold tuning,31,6,1,3543069911,4175944194,3110976818,3254330902,3659131925,0.24941096633713594,0.8776595744680851,0.7843640846517361,0.625,0.6451612903225806,0.6349206349206349,0.8526813231970414,0.6326682214650882,0.5615625330201344,145,12,11,20
Random Forest,Threshold tuning,32,6,2,3543069911,1089924410,2077506054,2986723252,3160399134,0.27921128287062713,0.8776595744680851,0.7651898734177215,0.6206896551724138,0.6,0.6101694915254238,0.8791139240506329,0.6416634150849406,0.5377476750625699,147,11,12,18
Random Forest,Threshold tuning,33,6,3,3543069911,1853925516,270302129,113017345,667713266,0.24,0.8457446808510638,0.7191983122362869,0.5161290322580645,0.5333333333333333,0.5245901639344263,0.8215189873417722,0.5764359510168393,0.4326390330357445,143,15,14,16
Random Forest,Threshold tuning,34,6,4,3543069911,3501807147,1352072564,3333665024,45365335,0.32649422472951867,0.8031914893617021,0.6128691983122363,0.37037037037037035,0.3333333333333333,0.3508771929824561,0.6833333333333333,0.35056507671849774,0.2357218206209576,141,17,20,10
Random Forest,Threshold tuning,35,7,0,3479688010,3236768435,2411751313,3152699178,3894757763,0.27029114866614873,0.8297872340425532,0.6780357509759606,0.4827586206896552,0.45161290322580644,0.4666666666666667,0.7567289911649886,0.5497502006217692,0.36582242851506286,142,15,17,14
Random Forest,Threshold tuning,36,7,1,3479688010,2305656012,568825435,1012534749,2313477140,0.29446199171199167,0.851063829787234,0.7554961988904869,0.5428571428571428,0.6129032258064516,0.5757575757575758,0.8150811588247381,0.6091274178156263,0.4871529923556087,141,16,12,19
Random Forest,Threshold tuning,37,7,2,3479688010,2356649683,916953797,1348895195,1931578500,0.2528156010656012,0.8031914893617021,0.7478902953586497,0.425531914893617,0.6666666666666666,0.5194805194805194,0.8434599156118143,0.6183656496683575,0.41929550452218967,131,27,10,20
Random Forest,Threshold tuning,38,7,3,3479688010,2893281512,3946269480,616767739,1708196623,0.25074048174048175,0.8829787234042553,0.7278481012658228,0.6818181818181818,0.5,0.5769230769230769,0.8238396624472574,0.5018911606060045,0.5191575758600985,151,7,15,15
Random Forest,Threshold tuning,39,7,4,3479688010,4199500584,3445102756,424079699,2419248879,0.26115448272811653,0.8563829787234043,0.7255274261603375,0.5517241379310345,0.5333333333333333,0.5423728813559322,0.7850210970464135,0.47016092859941944,0.4573208151486772,145,13,14,16
Random Forest,Threshold tuning,40,8,0,877132087,1103542793,1989895247,3969749790,4076206141,0.26241593591593587,0.8670212765957447,0.7521060201356071,0.6,0.5806451612903226,0.5901639344262295,0.8146702280665707,0.6699374424939749,0.5109221304474095,145,12,13,18
Random Forest,Threshold tuning,41,8,1,877132087,3056684009,3556367775,2409328422,2740307440,0.2733333333333333,0.8191489361702128,0.6846106431066366,0.45454545454545453,0.4838709677419355,0.46875,0.7645366755701664,0.49921315528222665,0.3601592596910465,139,18,16,15
Random Forest,Threshold tuning,42,8,2,877132087,3791339622,3116701966,2510139241,3418328266,0.2377604941354943,0.8297872340425532,0.7232067510548523,0.4722222222222222,0.5666666666666667,0.5151515151515151,0.7970464135021097,0.45449112268492486,0.41548318117840816,139,19,13,17
Random Forest,Threshold tuning,43,8,3,877132087,3127342568,2782126323,2199028627,3659521710,0.2639960317460317,0.8670212765957447,0.7183544303797469,0.6,0.5,0.5454545454545454,0.8413502109704641,0.5707487688721564,0.47099616185693455,148,10,15,15
Random Forest,Threshold tuning,44,8,4,877132087,1127828914,3344138660,273983274,1188295159,0.2550834253690182,0.8085106382978723,0.710548523206751,0.425,0.5666666666666667,0.4857142857142857,0.7677215189873418,0.5026309875176298,0.3767996691199141,135,23,13,17
Random Forest,Threshold tuning,45,9,0,1244265337,3338291230,1142811340,1343660406,3660986676,0.27940058090058095,0.8138297872340425,0.6425929730840354,0.42857142857142855,0.3870967741935484,0.4067796610169492,0.8058352167659749,0.4868198746333311,0.29724857821407014,141,16,19,12
Random Forest,Threshold tuning,46,9,1,1244265337,624068715,316831742,3643759386,3849799875,0.25441798941798943,0.8404255319148937,0.800904047667968,0.5111111111111111,0.7419354838709677,0.6052631578947368,0.8730223957263201,0.6226240851773673,0.5233767462638671,135,22,8,23
Random Forest,Threshold tuning,47,9,2,1244265337,2744585060,3093671605,660725378,3110658471,0.2934097014097014,0.8723404255319149,0.7755274261603375,0.59375,0.6333333333333333,0.6129032258064516,0.8413502109704641,0.6106375752718133,0.5369659082949254,145,13,11,19
Random Forest,Threshold tuning,48,9,3,1244265337,1970194164,3028651709,174070425,3174664169,0.32540476190476186,0.8723404255319149,0.6945147679324895,0.65,0.43333333333333335,0.52,0.7619198312236286,0.5752796629283367,0.4620639721141426,151,7,17,13
Random Forest,Threshold tuning,49,9,4,1244265337,173601491,725371193,2813961141,3979278364,0.2522167092167092,0.8617021276595744,0.7016877637130802,0.5833333333333334,0.4666666666666667,0.5185185185185185,0.7799578059071729,0.5214952481740072,0.4426609097331697,148,10,16,14
Random Forest,Calibrated sigmoid + threshold,0,0,0,2684470948,4029279179,1304737177,2809625261,585205341,0.3166652752406907,0.898936170212766,0.7712143003903842,0.75,0.5806451612903226,0.6545454545454545,0.870351345798233,0.714258284048064,0.6031782999240738,151,6,13,18
Random Forest,Calibrated sigmoid + threshold,1,0,1,2684470948,1907587041,2522185963,3213409581,2358201250,0.27655286267180373,0.8297872340425532,0.6262584754468872,0.47619047619047616,0.3225806451612903,0.38461538461538464,0.7520032874460654,0.4198578157805875,0.29747695463139484,146,11,21,10
Random Forest,Calibrated sigmoid + threshold,2,0,2,2684470948,550160846,3856770,1307707051,2010888178,0.21411407219990644,0.8457446808510638,0.7597046413502109,0.5135135135135135,0.6333333333333333,0.5671641791044776,0.8327004219409283,0.5806385139078101,0.47842023723406885,140,18,11,19
Random Forest,Calibrated sigmoid + threshold,3,0,3,2684470948,456733724,1776090274,2878571245,2606100938,0.2051308655612942,0.8191489361702128,0.689873417721519,0.4411764705882353,0.5,0.46875,0.7685654008438818,0.4716258277188759,0.3613129397769228,139,19,15,15
Random Forest,Calibrated sigmoid + threshold,4,0,4,2684470948,3899025672,3254849491,3477796777,3375409386,0.3376878126042575,0.8723404255319149,0.6675105485232068,0.6875,0.36666666666666664,0.4782608695652174,0.7871308016877637,0.5502257087659357,0.4396804064070125,153,5,19,11
Random Forest,Calibrated sigmoid + threshold,5,1,0,4091952314,2709696717,4193734683,3533543338,2646541348,0.25430313864827686,0.8351063829787234,0.7200534209985617,0.5,0.5483870967741935,0.5230769230769231,0.7963838093281282,0.5759973155319226,0.4243155760630669,140,17,14,17
Random Forest,Calibrated sigmoid + threshold,6,1,1,4091952314,241719485,3634344093,3280770415,4239589849,0.1429200216569678,0.7606382978723404,0.6884117526196836,0.36,0.5806451612903226,0.4444444444444444,0.7509759605506472,0.45218504825950073,0.316478428096734,125,32,13,18
Random Forest,Calibrated sigmoid + threshold,7,1,2,4091952314,3113315634,3483347839,1023131004,1644647043,0.2731135144180155,0.8351063829787234,0.6723628691983122,0.48148148148148145,0.43333333333333335,0.45614035087719296,0.7854430379746835,0.48143390946227455,0.3599714531725651,144,14,17,13
Random Forest,Calibrated sigmoid + threshold,8,1,3,4091952314,523556381,830364993,3139727040,656468869,0.2577218203020066,0.8723404255319149,0.7890295358649788,0.5882352941176471,0.6666666666666666,0.625,0.860126582278481,0.7363042967104404,0.5499985861048714,144,14,10,20
Random Forest,Calibrated sigmoid + threshold,9,1,4,4091952314,3458391536,3514567460,2666237586,1112895845,0.1806550721493394,0.824468085106383,0.7740506329113923,0.4666666666666667,0.7,0.56,0.8622362869198312,0.6091599382779136,0.47040908457886643,134,24,9,21
Random Forest,Calibrated sigmoid + threshold,10,2,0,233227757,1292076234,1402611737,3423612556,4086184131,0.2761603833030451,0.8351063829787234,0.6423875077049517,0.5,0.3548387096774194,0.41509433962264153,0.7552907335114033,0.5110358384034231,0.3287510682636353,146,11,20,11
Random Forest,Calibrated sigmoid + threshold,11,2,1,233227757,2243896038,3601295716,260434713,1249699057,0.2207030035119478,0.8563829787234043,0.7327922745017464,0.5666666666666667,0.5483870967741935,0.5573770491803278,0.8319293199095952,0.6807717593877872,0.471780581741577,144,13,14,17
Random Forest,Calibrated sigmoid + threshold,12,2,2,233227757,851682062,158622743,756179968,602992697,0.2733031047236922,0.8351063829787234,0.7398734177215189,0.4864864864864865,0.6,0.5373134328358209,0.7985232067510548,0.47684662486850615,0.4418877414582748,139,19,12,18
Random Forest,Calibrated sigmoid + threshold,13,2,3,233227757,3834429963,1988533915,2071436858,4083121205,0.2368403348048652,0.8191489361702128,0.7033755274261604,0.4444444444444444,0.5333333333333333,0.48484848484848486,0.779746835443038,0.4305639110137277,0.37856879646123387,138,20,14,16
Random Forest,Calibrated sigmoid + threshold,14,2,4,233227757,3941955730,2495325316,245319737,1377796863,0.29905183406074803,0.898936170212766,0.7913502109704641,0.7037037037037037,0.6333333333333333,0.6666666666666666,0.8729957805907174,0.676881811806528,0.6084707182757803,150,8,11,19
Random Forest,Calibrated sigmoid + threshold,15,3,0,3276785861,2794086942,1412388136,210124262,1239310487,0.3664892125730425,0.8563829787234043,0.6810149989726731,0.5909090909090909,0.41935483870967744,0.49056603773584906,0.7846722827203616,0.5110867835175567,0.41793606225146135,148,9,18,13
Random Forest,Calibrated sigmoid + threshold,16,3,1,3276785861,3337176271,3910006791,1166450628,1213065940,0.26926611254288413,0.8617021276595744,0.7230326689952743,0.5925925925925926,0.5161290322580645,0.5517241379310345,0.8000821861516334,0.5719280402765918,0.4719916659052685,146,11,15,16
Random Forest,Calibrated sigmoid + threshold,17,3,2,3276785861,3176062672,522940994,4038119654,235827881,0.292275444424702,0.8563829787234043,0.7120253164556962,0.5555555555555556,0.5,0.5263157894736842,0.8322784810126581,0.5476563884727018,0.4428045415403035,146,12,15,15
Random Forest,Calibrated sigmoid + threshold,18,3,3,3276785861,615075798,2443357130,2426250886,3409471287,0.3100947346236891,0.8829787234042553,0.7143459915611814,0.7,0.4666666666666667,0.56,0.8478902953586498,0.6181484666807838,0.5091724464945432,152,6,16,14
Random Forest,Calibrated sigmoid + threshold,19,3,4,3276785861,2328857014,2056560152,3579062659,2972832641,0.2580804857072527,0.8297872340425532,0.7097046413502109,0.47058823529411764,0.5333333333333333,0.5,0.8118143459915611,0.6174885769244333,0.39905006904251256,140,18,14,16
Random Forest,Calibrated sigmoid + threshold,20,4,0,3644269654,481961022,2358877717,504478918,1980506940,0.28384010225566997,0.8670212765957447,0.7391617012533388,0.6071428571428571,0.5483870967741935,0.576271186440678,0.8146702280665707,0.5980795894467826,0.49855525222071706,146,11,14,17
Random Forest,Calibrated sigmoid + threshold,21,4,1,3644269654,934175084,4249667336,2938260502,2934842441,0.18021215326723214,0.8191489361702128,0.7363879186357098,0.4634146341463415,0.6129032258064516,0.5277777777777778,0.8115882473803164,0.6311737938903981,0.4248497331559213,135,22,12,19
Random Forest,Calibrated sigmoid + threshold,22,4,2,3644269654,2927577421,1209990745,157722017,2491946334,0.23214871534107995,0.8617021276595744,0.7556962025316456,0.5625,0.6,0.5806451612903226,0.8160337552742617,0.5848867019230286,0.49831751979590316,144,14,12,18
Random Forest,Calibrated sigmoid + threshold,23,4,3,3644269654,3330064557,2221520410,3852324287,4251252136,0.22242266594591117,0.824468085106383,0.7065400843881857,0.45714285714285713,0.5333333333333333,0.49230769230769234,0.8035864978902953,0.5559673526075878,0.38863667249148526,139,19,14,16
Random Forest,Calibrated sigmoid + threshold,24,4,4,3644269654,492020271,1733338942,2219175312,4019870428,0.25460216308113265,0.8297872340425532,0.669198312236287,0.4642857142857143,0.43333333333333335,0.4482758620689655,0.8084388185654009,0.49219106433965926,0.3480776883899808,143,15,17,13
Random Forest,Calibrated sigmoid + threshold,25,5,0,1206282609,181252727,1926669051,2765983479,551735022,0.2003474532258649,0.824468085106383,0.7654612697760428,0.4772727272727273,0.6774193548387096,0.56,0.8247380316416685,0.640816832389291,0.46532271341549414,134,23,10,21
Random Forest,Calibrated sigmoid + threshold,26,5,1,1206282609,3588477321,2455992076,330192232,331849439,0.34918928952016426,0.8670212765957447,0.6873844257242655,0.65,0.41935483870967744,0.5098039215686274,0.7729607561125948,0.4889450689945677,0.4510498286544431,150,7,18,13
Random Forest,Calibrated sigmoid + threshold,27,5,2,1206282609,3175067715,2751651354,730212079,1146371469,0.24802123807321744,0.8829787234042553,0.7548523206751054,0.6538461538461539,0.5666666666666667,0.6071428571428571,0.8348101265822785,0.6015976143169585,0.5407089744386416,149,9,13,17
Random Forest,Calibrated sigmoid + threshold,28,5,3,1206282609,4174702542,2129858836,3489871565,1462471987,0.2618867448288172,0.8617021276595744,0.7556962025316456,0.5625,0.6,0.5806451612903226,0.829957805907173,0.6084892181141848,0.49831751979590316,144,14,12,18
Random Forest,Calibrated sigmoid + threshold,29,5,4,1206282609,135446164,2457431966,358288789,3116342347,0.1990162495903934,0.8085106382978723,0.710548523206751,0.425,0.5666666666666667,0.4857142857142857,0.7871308016877636,0.466417537644112,0.3767996691199141,135,23,13,17
Random Forest,Calibrated sigmoid + threshold,30,6,0,3543069911,1403774233,85193113,4095766281,1538679727,0.22702347386824298,0.8191489361702128,0.6846106431066366,0.45454545454545453,0.4838709677419355,0.46875,0.7789192521060201,0.5159154779374229,0.3601592596910465,139,18,16,15
Random Forest,Calibrated sigmoid + threshold,31,6,1,3543069911,4175944194,1843403779,1184629662,2245022473,0.2750523931786811,0.8563829787234043,0.7069036367372098,0.5769230769230769,0.4838709677419355,0.5263157894736842,0.8475446887199507,0.6241284872025293,0.44482031349264867,146,11,16,15
Random Forest,Calibrated sigmoid + threshold,32,6,2,3543069911,1089924410,1324046242,2045202079,773882819,0.25408589757337613,0.898936170212766,0.8183544303797468,0.6774193548387096,0.7,0.6885245901639344,0.8860759493670887,0.6547177427909862,0.6283467765649071,148,10,9,21
Random Forest,Calibrated sigmoid + threshold,33,6,3,3543069911,1853925516,831434001,138539191,1217469437,0.24736358170623243,0.8723404255319149,0.7215189873417722,0.625,0.5,0.5555555555555556,0.8364978902953587,0.585940737208839,0.48618614562743534,149,9,15,15
Random Forest,Calibrated sigmoid + threshold,34,6,4,3543069911,3501807147,3190943068,755320307,3231003154,0.2819097101807851,0.7872340425531915,0.6168776371308017,0.34375,0.36666666666666664,0.3548387096774194,0.6843881856540085,0.3514759476842369,0.22777880030274783,137,21,19,11
Random Forest,Calibrated sigmoid + threshold,35,7,0,3479688010,3236768435,879092216,607878719,646525074,0.17795005027023134,0.7819148936170213,0.7270392438874049,0.4,0.6451612903225806,0.49382716049382713,0.7735771522498458,0.5722801771117931,0.3813616827119859,127,30,11,20
Random Forest,Calibrated sigmoid + threshold,36,7,1,3479688010,2305656012,1918137269,2966995624,3855287765,0.3071339726428422,0.8617021276595744,0.7230326689952743,0.5925925925925926,0.5161290322580645,0.5517241379310345,0.8212451201972468,0.6214017399555274,0.4719916659052685,146,11,15,16
Random Forest,Calibrated sigmoid + threshold,37,7,2,3479688010,2356649683,2074553279,932535166,4001117083,0.20033732322291564,0.7872340425531915,0.7518987341772152,0.40384615384615385,0.7,0.5121951219512195,0.8495780590717299,0.6699127798583443,0.4124525809900839,127,31,9,21
Random Forest,Calibrated sigmoid + threshold,38,7,3,3479688010,2893281512,598597869,1448128515,1955714894,0.30338329781333584,0.8404255319148937,0.6080168776371307,0.5,0.26666666666666666,0.34782608695652173,0.8033755274261604,0.4721076683599985,0.28352187415666297,150,8,22,8
Random Forest,Calibrated sigmoid + threshold,39,7,4,3479688010,4199500584,1540197453,1590293032,1290430987,0.2355141965417609,0.8776595744680851,0.7381856540084388,0.64,0.5333333333333333,0.5818181818181818,0.8031645569620253,0.5315500282797796,0.5137726248661634,149,9,14,16
Random Forest,Calibrated sigmoid + threshold,40,8,0,877132087,1103542793,1785811109,1788258693,3820433775,0.22295696814777965,0.8457446808510638,0.7523114855146908,0.5277777777777778,0.6129032258064516,0.5671641791044776,0.8261762892952537,0.6382711877556856,0.4759097967660722,140,17,12,19
Random Forest,Calibrated sigmoid + threshold,41,8,1,877132087,3056684009,3579805203,925165160,1911635278,0.23196127458277274,0.8404255319148937,0.7102938154920896,0.5161290322580645,0.5161290322580645,0.5161290322580645,0.7789192521060202,0.5321394661738261,0.4205876309841792,142,15,15,16
Random Forest,Calibrated sigmoid + threshold,42,8,2,877132087,3791339622,1140852406,1619511752,3577137800,0.2718622022790641,0.851063829787234,0.6953586497890296,0.5384615384615384,0.4666666666666667,0.5,0.7981012658227848,0.45632107318522713,0.4144838661673693,146,12,16,14
Random Forest,Calibrated sigmoid + threshold,43,8,3,877132087,3127342568,2626540866,3670348225,2163343199,0.21836812780853476,0.8670212765957447,0.7318565400843882,0.5925925925925926,0.5333333333333333,0.5614035087719298,0.8518987341772152,0.5602662144729111,0.4842210857241727,147,11,14,16
Random Forest,Calibrated sigmoid + threshold,44,8,4,877132087,1127828914,2257923665,479078253,89012825,0.2704110453714517,0.8457446808510638,0.7191983122362869,0.5161290322580645,0.5333333333333333,0.5245901639344263,0.7761603375527427,0.5524787121518278,0.4326390330357445,143,15,14,16
Random Forest,Calibrated sigmoid + threshold,45,9,0,1244265337,3338291230,554943281,3619784875,1531400212,0.2762412262132245,0.8191489361702128,0.6457776864598315,0.4444444444444444,0.3870967741935484,0.41379310344827586,0.8109718512430655,0.49810798895232494,0.3085012316534205,142,15,19,12
Random Forest,Calibrated sigmoid + threshold,46,9,1,1244265337,624068715,1940607848,4235927023,235926618,0.15880552759202174,0.7872340425531915,0.8078898705568112,0.4262295081967213,0.8387096774193549,0.5652173913043478,0.8680912266283131,0.6132791531561562,0.48807806682755833,122,35,5,26
Random Forest,Calibrated sigmoid + threshold,47,9,2,1244265337,2744585060,1947687397,2696031953,3845342473,0.31900938024544573,0.8563829787234043,0.6715189873417722,0.5714285714285714,0.4,0.47058823529411764,0.8375527426160337,0.5681087370167704,0.3988076564702152,149,9,18,12
Random Forest,Calibrated sigmoid + threshold,48,9,3,1244265337,1970194164,3009973709,3748705020,3271369147,0.30404864479535765,0.8617021276595744,0.6881856540084388,0.5909090909090909,0.43333333333333335,0.5,0.769409282700422,0.5791374804404471,0.42878570154371093,149,9,17,13
Random Forest,Calibrated sigmoid + threshold,49,9,4,1244265337,173601491,2754864988,2901686848,4267298156,0.22456806347491118,0.851063829787234,0.6818565400843881,0.5416666666666666,0.43333333333333335,0.48148148148148145,0.7934599156118144,0.5757309940958627,0.3991356738389041,147,11,17,13
