2026-09-30T00:41:07.550884+00:00 | RUN_START quick_run=False; output=C:\Users\asus\OneDrive\Desktop\Research\Project\results
2026-09-30T00:41:07.622594+00:00 | START model=Logistic Regression; strategy=No handling; outer_fold=0
2026-09-30T00:41:12.203851+00:00 | FINISH model=Logistic Regression; strategy=No handling; outer_fold=0; elapsed_seconds=4.581
2026-09-30T00:41:12.204573+00:00 | START model=Logistic Regression; strategy=No handling; outer_fold=1
2026-09-30T00:41:12.419113+00:00 | FINISH model=Logistic Regression; strategy=No handling; outer_fold=1; elapsed_seconds=0.215
2026-09-30T00:41:12.419492+00:00 | START model=Logistic Regression; strategy=No handling; outer_fold=2
2026-09-30T00:41:12.643742+00:00 | FINISH model=Logistic Regression; strategy=No handling; outer_fold=2; elapsed_seconds=0.224
2026-09-30T00:41:12.644248+00:00 | START model=Logistic Regression; strategy=No handling; outer_fold=3
2026-09-30T00:41:12.892685+00:00 | FINISH model=Logistic Regression; strategy=No handling; outer_fold=3; elapsed_seconds=0.248
2026-09-30T00:41:12.893125+00:00 | START model=Logistic Regression; strategy=No handling; outer_fold=4
2026-09-30T00:41:13.111387+00:00 | FINISH model=Logistic Regression; strategy=No handling; outer_fold=4; elapsed_seconds=0.218
2026-09-30T00:41:13.111925+00:00 | START model=Logistic Regression; strategy=No handling; outer_fold=5
2026-09-30T00:41:13.350889+00:00 | FINISH model=Logistic Regression; strategy=No handling; outer_fold=5; elapsed_seconds=0.239
2026-09-30T00:41:13.351294+00:00 | START model=Logistic Regression; strategy=No handling; outer_fold=6
2026-09-30T00:41:13.583077+00:00 | FINISH model=Logistic Regression; strategy=No handling; outer_fold=6; elapsed_seconds=0.232
2026-09-30T00:41:13.584741+00:00 | START model=Logistic Regression; strategy=No handling; outer_fold=7
2026-09-30T00:41:13.824768+00:00 | FINISH model=Logistic Regression; strategy=No handling; outer_fold=7; elapsed_seconds=0.240
2026-09-30T00:41:13.825244+00:00 | START model=Logistic Regression; strategy=No handling; outer_fold=8
2026-09-30T00:41:14.059752+00:00 | FINISH model=Logistic Regression; strategy=No handling; outer_fold=8; elapsed_seconds=0.234
2026-09-30T00:41:14.060202+00:00 | START model=Logistic Regression; strategy=No handling; outer_fold=9
2026-09-30T00:41:14.282038+00:00 | FINISH model=Logistic Regression; strategy=No handling; outer_fold=9; elapsed_seconds=0.222
2026-09-30T00:41:14.282495+00:00 | START model=Logistic Regression; strategy=No handling; outer_fold=10
2026-09-30T00:41:14.496897+00:00 | FINISH model=Logistic Regression; strategy=No handling; outer_fold=10; elapsed_seconds=0.214
2026-09-30T00:41:14.497260+00:00 | START model=Logistic Regression; strategy=No handling; outer_fold=11
2026-09-30T00:41:14.713439+00:00 | FINISH model=Logistic Regression; strategy=No handling; outer_fold=11; elapsed_seconds=0.216
2026-09-30T00:41:14.713912+00:00 | START model=Logistic Regression; strategy=No handling; outer_fold=12
2026-09-30T00:41:14.935885+00:00 | FINISH model=Logistic Regression; strategy=No handling; outer_fold=12; elapsed_seconds=0.222
2026-09-30T00:41:14.936282+00:00 | START model=Logistic Regression; strategy=No handling; outer_fold=13
2026-09-30T00:41:15.187879+00:00 | FINISH model=Logistic Regression; strategy=No handling; outer_fold=13; elapsed_seconds=0.252
2026-09-30T00:41:15.188292+00:00 | START model=Logistic Regression; strategy=No handling; outer_fold=14
2026-09-30T00:41:15.399232+00:00 | FINISH model=Logistic Regression; strategy=No handling; outer_fold=14; elapsed_seconds=0.211
2026-09-30T00:41:15.399667+00:00 | START model=Logistic Regression; strategy=No handling; outer_fold=15
2026-09-30T00:41:15.623836+00:00 | FINISH model=Logistic Regression; strategy=No handling; outer_fold=15; elapsed_seconds=0.224
2026-09-30T00:41:15.624435+00:00 | START model=Logistic Regression; strategy=No handling; outer_fold=16
2026-09-30T00:41:15.854787+00:00 | FINISH model=Logistic Regression; strategy=No handling; outer_fold=16; elapsed_seconds=0.230
2026-09-30T00:41:15.855234+00:00 | START model=Logistic Regression; strategy=No handling; outer_fold=17
2026-09-30T00:41:16.074370+00:00 | FINISH model=Logistic Regression; strategy=No handling; outer_fold=17; elapsed_seconds=0.219
2026-09-30T00:41:16.074753+00:00 | START model=Logistic Regression; strategy=No handling; outer_fold=18
2026-09-30T00:41:16.301825+00:00 | FINISH model=Logistic Regression; strategy=No handling; outer_fold=18; elapsed_seconds=0.227
2026-09-30T00:41:16.302411+00:00 | START model=Logistic Regression; strategy=No handling; outer_fold=19
2026-09-30T00:41:16.524616+00:00 | FINISH model=Logistic Regression; strategy=No handling; outer_fold=19; elapsed_seconds=0.222
2026-09-30T00:41:16.525009+00:00 | START model=Logistic Regression; strategy=No handling; outer_fold=20
2026-09-30T00:41:16.775202+00:00 | FINISH model=Logistic Regression; strategy=No handling; outer_fold=20; elapsed_seconds=0.250
2026-09-30T00:41:16.775699+00:00 | START model=Logistic Regression; strategy=No handling; outer_fold=21
2026-09-30T00:41:17.029448+00:00 | FINISH model=Logistic Regression; strategy=No handling; outer_fold=21; elapsed_seconds=0.254
2026-09-30T00:41:17.029962+00:00 | START model=Logistic Regression; strategy=No handling; outer_fold=22
2026-09-30T00:41:17.284089+00:00 | FINISH model=Logistic Regression; strategy=No handling; outer_fold=22; elapsed_seconds=0.254
2026-09-30T00:41:17.284596+00:00 | START model=Logistic Regression; strategy=No handling; outer_fold=23
2026-09-30T00:41:17.517041+00:00 | FINISH model=Logistic Regression; strategy=No handling; outer_fold=23; elapsed_seconds=0.232
2026-09-30T00:41:17.517435+00:00 | START model=Logistic Regression; strategy=No handling; outer_fold=24
2026-09-30T00:41:17.736740+00:00 | FINISH model=Logistic Regression; strategy=No handling; outer_fold=24; elapsed_seconds=0.219
2026-09-30T00:41:17.737470+00:00 | START model=Logistic Regression; strategy=No handling; outer_fold=25
2026-09-30T00:41:17.980264+00:00 | FINISH model=Logistic Regression; strategy=No handling; outer_fold=25; elapsed_seconds=0.243
2026-09-30T00:41:17.980696+00:00 | START model=Logistic Regression; strategy=No handling; outer_fold=26
2026-09-30T00:41:18.222669+00:00 | FINISH model=Logistic Regression; strategy=No handling; outer_fold=26; elapsed_seconds=0.242
2026-09-30T00:41:18.223154+00:00 | START model=Logistic Regression; strategy=No handling; outer_fold=27
2026-09-30T00:41:18.431545+00:00 | FINISH model=Logistic Regression; strategy=No handling; outer_fold=27; elapsed_seconds=0.208
2026-09-30T00:41:18.432024+00:00 | START model=Logistic Regression; strategy=No handling; outer_fold=28
2026-09-30T00:41:18.643226+00:00 | FINISH model=Logistic Regression; strategy=No handling; outer_fold=28; elapsed_seconds=0.211
2026-09-30T00:41:18.643621+00:00 | START model=Logistic Regression; strategy=No handling; outer_fold=29
2026-09-30T00:41:18.850262+00:00 | FINISH model=Logistic Regression; strategy=No handling; outer_fold=29; elapsed_seconds=0.207
2026-09-30T00:41:18.850717+00:00 | START model=Logistic Regression; strategy=No handling; outer_fold=30
2026-09-30T00:41:19.052870+00:00 | FINISH model=Logistic Regression; strategy=No handling; outer_fold=30; elapsed_seconds=0.202
2026-09-30T00:41:19.053573+00:00 | START model=Logistic Regression; strategy=No handling; outer_fold=31
2026-09-30T00:41:19.263698+00:00 | FINISH model=Logistic Regression; strategy=No handling; outer_fold=31; elapsed_seconds=0.210
2026-09-30T00:41:19.264124+00:00 | START model=Logistic Regression; strategy=No handling; outer_fold=32
2026-09-30T00:41:19.474313+00:00 | FINISH model=Logistic Regression; strategy=No handling; outer_fold=32; elapsed_seconds=0.210
2026-09-30T00:41:19.474705+00:00 | START model=Logistic Regression; strategy=No handling; outer_fold=33
2026-09-30T00:41:19.684387+00:00 | FINISH model=Logistic Regression; strategy=No handling; outer_fold=33; elapsed_seconds=0.210
2026-09-30T00:41:19.685121+00:00 | START model=Logistic Regression; strategy=No handling; outer_fold=34
2026-09-30T00:41:19.896071+00:00 | FINISH model=Logistic Regression; strategy=No handling; outer_fold=34; elapsed_seconds=0.211
2026-09-30T00:41:19.896517+00:00 | START model=Logistic Regression; strategy=No handling; outer_fold=35
2026-09-30T00:41:20.109205+00:00 | FINISH model=Logistic Regression; strategy=No handling; outer_fold=35; elapsed_seconds=0.213
2026-09-30T00:41:20.109602+00:00 | START model=Logistic Regression; strategy=No handling; outer_fold=36
2026-09-30T00:41:20.344922+00:00 | FINISH model=Logistic Regression; strategy=No handling; outer_fold=36; elapsed_seconds=0.235
2026-09-30T00:41:20.345314+00:00 | START model=Logistic Regression; strategy=No handling; outer_fold=37
2026-09-30T00:41:20.582675+00:00 | FINISH model=Logistic Regression; strategy=No handling; outer_fold=37; elapsed_seconds=0.237
2026-09-30T00:41:20.583136+00:00 | START model=Logistic Regression; strategy=No handling; outer_fold=38
2026-09-30T00:41:20.806405+00:00 | FINISH model=Logistic Regression; strategy=No handling; outer_fold=38; elapsed_seconds=0.223
2026-09-30T00:41:20.806806+00:00 | START model=Logistic Regression; strategy=No handling; outer_fold=39
2026-09-30T00:41:21.027142+00:00 | FINISH model=Logistic Regression; strategy=No handling; outer_fold=39; elapsed_seconds=0.220
2026-09-30T00:41:21.027503+00:00 | START model=Logistic Regression; strategy=No handling; outer_fold=40
2026-09-30T00:41:21.245054+00:00 | FINISH model=Logistic Regression; strategy=No handling; outer_fold=40; elapsed_seconds=0.218
2026-09-30T00:41:21.245495+00:00 | START model=Logistic Regression; strategy=No handling; outer_fold=41
2026-09-30T00:41:21.455189+00:00 | FINISH model=Logistic Regression; strategy=No handling; outer_fold=41; elapsed_seconds=0.210
2026-09-30T00:41:21.455720+00:00 | START model=Logistic Regression; strategy=No handling; outer_fold=42
2026-09-30T00:41:21.663466+00:00 | FINISH model=Logistic Regression; strategy=No handling; outer_fold=42; elapsed_seconds=0.208
2026-09-30T00:41:21.663940+00:00 | START model=Logistic Regression; strategy=No handling; outer_fold=43
2026-09-30T00:41:21.873883+00:00 | FINISH model=Logistic Regression; strategy=No handling; outer_fold=43; elapsed_seconds=0.210
2026-09-30T00:41:21.874253+00:00 | START model=Logistic Regression; strategy=No handling; outer_fold=44
2026-09-30T00:41:22.086817+00:00 | FINISH model=Logistic Regression; strategy=No handling; outer_fold=44; elapsed_seconds=0.212
2026-09-30T00:41:22.087414+00:00 | START model=Logistic Regression; strategy=No handling; outer_fold=45
2026-09-30T00:41:22.293191+00:00 | FINISH model=Logistic Regression; strategy=No handling; outer_fold=45; elapsed_seconds=0.206
2026-09-30T00:41:22.293591+00:00 | START model=Logistic Regression; strategy=No handling; outer_fold=46
2026-09-30T00:41:22.528684+00:00 | FINISH model=Logistic Regression; strategy=No handling; outer_fold=46; elapsed_seconds=0.235
2026-09-30T00:41:22.529177+00:00 | START model=Logistic Regression; strategy=No handling; outer_fold=47
2026-09-30T00:41:22.739595+00:00 | FINISH model=Logistic Regression; strategy=No handling; outer_fold=47; elapsed_seconds=0.210
2026-09-30T00:41:22.740101+00:00 | START model=Logistic Regression; strategy=No handling; outer_fold=48
2026-09-30T00:41:22.946922+00:00 | FINISH model=Logistic Regression; strategy=No handling; outer_fold=48; elapsed_seconds=0.207
2026-09-30T00:41:22.947307+00:00 | START model=Logistic Regression; strategy=No handling; outer_fold=49
2026-09-30T00:41:23.206505+00:00 | FINISH model=Logistic Regression; strategy=No handling; outer_fold=49; elapsed_seconds=0.259
2026-09-30T00:41:23.210503+00:00 | SAVED_CONFIG model=Logistic Regression; strategy=No handling; rows=50
2026-09-30T00:41:23.210748+00:00 | START model=Logistic Regression; strategy=Class weight; outer_fold=0
2026-09-30T00:41:23.437722+00:00 | FINISH model=Logistic Regression; strategy=Class weight; outer_fold=0; elapsed_seconds=0.227
2026-09-30T00:41:23.438317+00:00 | START model=Logistic Regression; strategy=Class weight; outer_fold=1
2026-09-30T00:41:23.646550+00:00 | FINISH model=Logistic Regression; strategy=Class weight; outer_fold=1; elapsed_seconds=0.208
2026-09-30T00:41:23.646986+00:00 | START model=Logistic Regression; strategy=Class weight; outer_fold=2
2026-09-30T00:41:23.876570+00:00 | FINISH model=Logistic Regression; strategy=Class weight; outer_fold=2; elapsed_seconds=0.230
2026-09-30T00:41:23.876938+00:00 | START model=Logistic Regression; strategy=Class weight; outer_fold=3
2026-09-30T00:41:24.106238+00:00 | FINISH model=Logistic Regression; strategy=Class weight; outer_fold=3; elapsed_seconds=0.229
2026-09-30T00:41:24.106614+00:00 | START model=Logistic Regression; strategy=Class weight; outer_fold=4
2026-09-30T00:41:24.334210+00:00 | FINISH model=Logistic Regression; strategy=Class weight; outer_fold=4; elapsed_seconds=0.228
2026-09-30T00:41:24.334721+00:00 | START model=Logistic Regression; strategy=Class weight; outer_fold=5
2026-09-30T00:41:24.555328+00:00 | FINISH model=Logistic Regression; strategy=Class weight; outer_fold=5; elapsed_seconds=0.221
2026-09-30T00:41:24.555780+00:00 | START model=Logistic Regression; strategy=Class weight; outer_fold=6
2026-09-30T00:41:24.779349+00:00 | FINISH model=Logistic Regression; strategy=Class weight; outer_fold=6; elapsed_seconds=0.224
2026-09-30T00:41:24.779829+00:00 | START model=Logistic Regression; strategy=Class weight; outer_fold=7
2026-09-30T00:41:25.003509+00:00 | FINISH model=Logistic Regression; strategy=Class weight; outer_fold=7; elapsed_seconds=0.224
2026-09-30T00:41:25.004017+00:00 | START model=Logistic Regression; strategy=Class weight; outer_fold=8
2026-09-30T00:41:25.216711+00:00 | FINISH model=Logistic Regression; strategy=Class weight; outer_fold=8; elapsed_seconds=0.213
2026-09-30T00:41:25.217112+00:00 | START model=Logistic Regression; strategy=Class weight; outer_fold=9
2026-09-30T00:41:25.434774+00:00 | FINISH model=Logistic Regression; strategy=Class weight; outer_fold=9; elapsed_seconds=0.218
2026-09-30T00:41:25.435436+00:00 | START model=Logistic Regression; strategy=Class weight; outer_fold=10
2026-09-30T00:41:25.644537+00:00 | FINISH model=Logistic Regression; strategy=Class weight; outer_fold=10; elapsed_seconds=0.209
2026-09-30T00:41:25.645003+00:00 | START model=Logistic Regression; strategy=Class weight; outer_fold=11
2026-09-30T00:41:25.864690+00:00 | FINISH model=Logistic Regression; strategy=Class weight; outer_fold=11; elapsed_seconds=0.220
2026-09-30T00:41:25.865068+00:00 | START model=Logistic Regression; strategy=Class weight; outer_fold=12
2026-09-30T00:41:26.070417+00:00 | FINISH model=Logistic Regression; strategy=Class weight; outer_fold=12; elapsed_seconds=0.205
2026-09-30T00:41:26.070905+00:00 | START model=Logistic Regression; strategy=Class weight; outer_fold=13
2026-09-30T00:41:26.281744+00:00 | FINISH model=Logistic Regression; strategy=Class weight; outer_fold=13; elapsed_seconds=0.211
2026-09-30T00:41:26.282209+00:00 | START model=Logistic Regression; strategy=Class weight; outer_fold=14
2026-09-30T00:41:26.496906+00:00 | FINISH model=Logistic Regression; strategy=Class weight; outer_fold=14; elapsed_seconds=0.215
2026-09-30T00:41:26.497344+00:00 | START model=Logistic Regression; strategy=Class weight; outer_fold=15
2026-09-30T00:41:26.703219+00:00 | FINISH model=Logistic Regression; strategy=Class weight; outer_fold=15; elapsed_seconds=0.206
2026-09-30T00:41:26.703842+00:00 | START model=Logistic Regression; strategy=Class weight; outer_fold=16
2026-09-30T00:41:26.939710+00:00 | FINISH model=Logistic Regression; strategy=Class weight; outer_fold=16; elapsed_seconds=0.236
2026-09-30T00:41:26.940199+00:00 | START model=Logistic Regression; strategy=Class weight; outer_fold=17
2026-09-30T00:41:27.160536+00:00 | FINISH model=Logistic Regression; strategy=Class weight; outer_fold=17; elapsed_seconds=0.220
2026-09-30T00:41:27.160962+00:00 | START model=Logistic Regression; strategy=Class weight; outer_fold=18
2026-09-30T00:41:27.396108+00:00 | FINISH model=Logistic Regression; strategy=Class weight; outer_fold=18; elapsed_seconds=0.235
2026-09-30T00:41:27.396573+00:00 | START model=Logistic Regression; strategy=Class weight; outer_fold=19
2026-09-30T00:41:27.624482+00:00 | FINISH model=Logistic Regression; strategy=Class weight; outer_fold=19; elapsed_seconds=0.228
2026-09-30T00:41:27.624924+00:00 | START model=Logistic Regression; strategy=Class weight; outer_fold=20
2026-09-30T00:41:27.864018+00:00 | FINISH model=Logistic Regression; strategy=Class weight; outer_fold=20; elapsed_seconds=0.239
2026-09-30T00:41:27.864609+00:00 | START model=Logistic Regression; strategy=Class weight; outer_fold=21
2026-09-30T00:41:28.096009+00:00 | FINISH model=Logistic Regression; strategy=Class weight; outer_fold=21; elapsed_seconds=0.231
2026-09-30T00:41:28.096396+00:00 | START model=Logistic Regression; strategy=Class weight; outer_fold=22
2026-09-30T00:41:28.323593+00:00 | FINISH model=Logistic Regression; strategy=Class weight; outer_fold=22; elapsed_seconds=0.227
2026-09-30T00:41:28.324027+00:00 | START model=Logistic Regression; strategy=Class weight; outer_fold=23
2026-09-30T00:41:28.530572+00:00 | FINISH model=Logistic Regression; strategy=Class weight; outer_fold=23; elapsed_seconds=0.207
2026-09-30T00:41:28.530959+00:00 | START model=Logistic Regression; strategy=Class weight; outer_fold=24
2026-09-30T00:41:28.742605+00:00 | FINISH model=Logistic Regression; strategy=Class weight; outer_fold=24; elapsed_seconds=0.212
2026-09-30T00:41:28.743039+00:00 | START model=Logistic Regression; strategy=Class weight; outer_fold=25
2026-09-30T00:41:28.957430+00:00 | FINISH model=Logistic Regression; strategy=Class weight; outer_fold=25; elapsed_seconds=0.214
2026-09-30T00:41:28.957897+00:00 | START model=Logistic Regression; strategy=Class weight; outer_fold=26
2026-09-30T00:41:29.176307+00:00 | FINISH model=Logistic Regression; strategy=Class weight; outer_fold=26; elapsed_seconds=0.218
2026-09-30T00:41:29.176865+00:00 | START model=Logistic Regression; strategy=Class weight; outer_fold=27
2026-09-30T00:41:29.382025+00:00 | FINISH model=Logistic Regression; strategy=Class weight; outer_fold=27; elapsed_seconds=0.205
2026-09-30T00:41:29.382535+00:00 | START model=Logistic Regression; strategy=Class weight; outer_fold=28
2026-09-30T00:41:29.603870+00:00 | FINISH model=Logistic Regression; strategy=Class weight; outer_fold=28; elapsed_seconds=0.221
2026-09-30T00:41:29.604379+00:00 | START model=Logistic Regression; strategy=Class weight; outer_fold=29
2026-09-30T00:41:29.824261+00:00 | FINISH model=Logistic Regression; strategy=Class weight; outer_fold=29; elapsed_seconds=0.220
2026-09-30T00:41:29.824895+00:00 | START model=Logistic Regression; strategy=Class weight; outer_fold=30
2026-09-30T00:41:30.039382+00:00 | FINISH model=Logistic Regression; strategy=Class weight; outer_fold=30; elapsed_seconds=0.215
2026-09-30T00:41:30.039805+00:00 | START model=Logistic Regression; strategy=Class weight; outer_fold=31
2026-09-30T00:41:30.264183+00:00 | FINISH model=Logistic Regression; strategy=Class weight; outer_fold=31; elapsed_seconds=0.224
2026-09-30T00:41:30.264562+00:00 | START model=Logistic Regression; strategy=Class weight; outer_fold=32
2026-09-30T00:41:30.506885+00:00 | FINISH model=Logistic Regression; strategy=Class weight; outer_fold=32; elapsed_seconds=0.242
2026-09-30T00:41:30.507319+00:00 | START model=Logistic Regression; strategy=Class weight; outer_fold=33
2026-09-30T00:41:30.757290+00:00 | FINISH model=Logistic Regression; strategy=Class weight; outer_fold=33; elapsed_seconds=0.250
2026-09-30T00:41:30.757834+00:00 | START model=Logistic Regression; strategy=Class weight; outer_fold=34
2026-09-30T00:41:31.028401+00:00 | FINISH model=Logistic Regression; strategy=Class weight; outer_fold=34; elapsed_seconds=0.271
2026-09-30T00:41:31.028850+00:00 | START model=Logistic Regression; strategy=Class weight; outer_fold=35
2026-09-30T00:41:31.276217+00:00 | FINISH model=Logistic Regression; strategy=Class weight; outer_fold=35; elapsed_seconds=0.247
2026-09-30T00:41:31.276715+00:00 | START model=Logistic Regression; strategy=Class weight; outer_fold=36
2026-09-30T00:41:31.537023+00:00 | FINISH model=Logistic Regression; strategy=Class weight; outer_fold=36; elapsed_seconds=0.260
2026-09-30T00:41:31.537667+00:00 | START model=Logistic Regression; strategy=Class weight; outer_fold=37
2026-09-30T00:41:31.761252+00:00 | FINISH model=Logistic Regression; strategy=Class weight; outer_fold=37; elapsed_seconds=0.224
2026-09-30T00:41:31.761788+00:00 | START model=Logistic Regression; strategy=Class weight; outer_fold=38
2026-09-30T00:41:31.982476+00:00 | FINISH model=Logistic Regression; strategy=Class weight; outer_fold=38; elapsed_seconds=0.221
2026-09-30T00:41:31.982888+00:00 | START model=Logistic Regression; strategy=Class weight; outer_fold=39
2026-09-30T00:41:32.194033+00:00 | FINISH model=Logistic Regression; strategy=Class weight; outer_fold=39; elapsed_seconds=0.211
2026-09-30T00:41:32.194500+00:00 | START model=Logistic Regression; strategy=Class weight; outer_fold=40
2026-09-30T00:41:32.415088+00:00 | FINISH model=Logistic Regression; strategy=Class weight; outer_fold=40; elapsed_seconds=0.221
2026-09-30T00:41:32.415446+00:00 | START model=Logistic Regression; strategy=Class weight; outer_fold=41
2026-09-30T00:41:32.632571+00:00 | FINISH model=Logistic Regression; strategy=Class weight; outer_fold=41; elapsed_seconds=0.217
2026-09-30T00:41:32.633037+00:00 | START model=Logistic Regression; strategy=Class weight; outer_fold=42
2026-09-30T00:41:32.848938+00:00 | FINISH model=Logistic Regression; strategy=Class weight; outer_fold=42; elapsed_seconds=0.216
2026-09-30T00:41:32.849522+00:00 | START model=Logistic Regression; strategy=Class weight; outer_fold=43
2026-09-30T00:41:33.065539+00:00 | FINISH model=Logistic Regression; strategy=Class weight; outer_fold=43; elapsed_seconds=0.216
2026-09-30T00:41:33.065989+00:00 | START model=Logistic Regression; strategy=Class weight; outer_fold=44
2026-09-30T00:41:33.281101+00:00 | FINISH model=Logistic Regression; strategy=Class weight; outer_fold=44; elapsed_seconds=0.215
2026-09-30T00:41:33.281597+00:00 | START model=Logistic Regression; strategy=Class weight; outer_fold=45
2026-09-30T00:41:33.492950+00:00 | FINISH model=Logistic Regression; strategy=Class weight; outer_fold=45; elapsed_seconds=0.211
2026-09-30T00:41:33.493446+00:00 | START model=Logistic Regression; strategy=Class weight; outer_fold=46
2026-09-30T00:41:33.719903+00:00 | FINISH model=Logistic Regression; strategy=Class weight; outer_fold=46; elapsed_seconds=0.226
2026-09-30T00:41:33.720445+00:00 | START model=Logistic Regression; strategy=Class weight; outer_fold=47
2026-09-30T00:41:33.932291+00:00 | FINISH model=Logistic Regression; strategy=Class weight; outer_fold=47; elapsed_seconds=0.212
2026-09-30T00:41:33.932852+00:00 | START model=Logistic Regression; strategy=Class weight; outer_fold=48
2026-09-30T00:41:34.142830+00:00 | FINISH model=Logistic Regression; strategy=Class weight; outer_fold=48; elapsed_seconds=0.210
2026-09-30T00:41:34.143219+00:00 | START model=Logistic Regression; strategy=Class weight; outer_fold=49
2026-09-30T00:41:34.375282+00:00 | FINISH model=Logistic Regression; strategy=Class weight; outer_fold=49; elapsed_seconds=0.232
2026-09-30T00:41:34.378553+00:00 | SAVED_CONFIG model=Logistic Regression; strategy=Class weight; rows=100
2026-09-30T00:41:34.378796+00:00 | START model=Logistic Regression; strategy=SMOTE-NC; outer_fold=0
2026-09-30T00:41:37.197216+00:00 | FINISH model=Logistic Regression; strategy=SMOTE-NC; outer_fold=0; elapsed_seconds=2.818
2026-09-30T00:41:37.198234+00:00 | START model=Logistic Regression; strategy=SMOTE-NC; outer_fold=1
2026-09-30T00:41:37.771535+00:00 | FINISH model=Logistic Regression; strategy=SMOTE-NC; outer_fold=1; elapsed_seconds=0.573
2026-09-30T00:41:37.772198+00:00 | START model=Logistic Regression; strategy=SMOTE-NC; outer_fold=2
2026-09-30T00:41:38.354037+00:00 | FINISH model=Logistic Regression; strategy=SMOTE-NC; outer_fold=2; elapsed_seconds=0.582
2026-09-30T00:41:38.354758+00:00 | START model=Logistic Regression; strategy=SMOTE-NC; outer_fold=3
2026-09-30T00:41:38.913084+00:00 | FINISH model=Logistic Regression; strategy=SMOTE-NC; outer_fold=3; elapsed_seconds=0.558
2026-09-30T00:41:38.913761+00:00 | START model=Logistic Regression; strategy=SMOTE-NC; outer_fold=4
2026-09-30T00:41:39.493798+00:00 | FINISH model=Logistic Regression; strategy=SMOTE-NC; outer_fold=4; elapsed_seconds=0.580
2026-09-30T00:41:39.494414+00:00 | START model=Logistic Regression; strategy=SMOTE-NC; outer_fold=5
2026-09-30T00:41:40.074793+00:00 | FINISH model=Logistic Regression; strategy=SMOTE-NC; outer_fold=5; elapsed_seconds=0.580
2026-09-30T00:41:40.075489+00:00 | START model=Logistic Regression; strategy=SMOTE-NC; outer_fold=6
2026-09-30T00:41:40.615898+00:00 | FINISH model=Logistic Regression; strategy=SMOTE-NC; outer_fold=6; elapsed_seconds=0.540
2026-09-30T00:41:40.616576+00:00 | START model=Logistic Regression; strategy=SMOTE-NC; outer_fold=7
2026-09-30T00:41:41.151296+00:00 | FINISH model=Logistic Regression; strategy=SMOTE-NC; outer_fold=7; elapsed_seconds=0.535
2026-09-30T00:41:41.151838+00:00 | START model=Logistic Regression; strategy=SMOTE-NC; outer_fold=8
2026-09-30T00:41:41.695217+00:00 | FINISH model=Logistic Regression; strategy=SMOTE-NC; outer_fold=8; elapsed_seconds=0.543
2026-09-30T00:41:41.695760+00:00 | START model=Logistic Regression; strategy=SMOTE-NC; outer_fold=9
2026-09-30T00:41:42.224268+00:00 | FINISH model=Logistic Regression; strategy=SMOTE-NC; outer_fold=9; elapsed_seconds=0.529
2026-09-30T00:41:42.224939+00:00 | START model=Logistic Regression; strategy=SMOTE-NC; outer_fold=10
2026-09-30T00:41:42.806182+00:00 | FINISH model=Logistic Regression; strategy=SMOTE-NC; outer_fold=10; elapsed_seconds=0.581
2026-09-30T00:41:42.806727+00:00 | START model=Logistic Regression; strategy=SMOTE-NC; outer_fold=11
2026-09-30T00:41:43.417522+00:00 | FINISH model=Logistic Regression; strategy=SMOTE-NC; outer_fold=11; elapsed_seconds=0.611
2026-09-30T00:41:43.418483+00:00 | START model=Logistic Regression; strategy=SMOTE-NC; outer_fold=12
2026-09-30T00:41:44.000063+00:00 | FINISH model=Logistic Regression; strategy=SMOTE-NC; outer_fold=12; elapsed_seconds=0.582
2026-09-30T00:41:44.000824+00:00 | START model=Logistic Regression; strategy=SMOTE-NC; outer_fold=13
2026-09-30T00:41:44.566230+00:00 | FINISH model=Logistic Regression; strategy=SMOTE-NC; outer_fold=13; elapsed_seconds=0.565
2026-09-30T00:41:44.567090+00:00 | START model=Logistic Regression; strategy=SMOTE-NC; outer_fold=14
2026-09-30T00:41:45.176164+00:00 | FINISH model=Logistic Regression; strategy=SMOTE-NC; outer_fold=14; elapsed_seconds=0.609
2026-09-30T00:41:45.176744+00:00 | START model=Logistic Regression; strategy=SMOTE-NC; outer_fold=15
2026-09-30T00:41:45.720903+00:00 | FINISH model=Logistic Regression; strategy=SMOTE-NC; outer_fold=15; elapsed_seconds=0.544
2026-09-30T00:41:45.721487+00:00 | START model=Logistic Regression; strategy=SMOTE-NC; outer_fold=16
2026-09-30T00:41:46.274733+00:00 | FINISH model=Logistic Regression; strategy=SMOTE-NC; outer_fold=16; elapsed_seconds=0.553
2026-09-30T00:41:46.275412+00:00 | START model=Logistic Regression; strategy=SMOTE-NC; outer_fold=17
2026-09-30T00:41:46.841949+00:00 | FINISH model=Logistic Regression; strategy=SMOTE-NC; outer_fold=17; elapsed_seconds=0.567
2026-09-30T00:41:46.842481+00:00 | START model=Logistic Regression; strategy=SMOTE-NC; outer_fold=18
2026-09-30T00:41:47.442061+00:00 | FINISH model=Logistic Regression; strategy=SMOTE-NC; outer_fold=18; elapsed_seconds=0.600
2026-09-30T00:41:47.442767+00:00 | START model=Logistic Regression; strategy=SMOTE-NC; outer_fold=19
2026-09-30T00:41:48.026910+00:00 | FINISH model=Logistic Regression; strategy=SMOTE-NC; outer_fold=19; elapsed_seconds=0.584
2026-09-30T00:41:48.027486+00:00 | START model=Logistic Regression; strategy=SMOTE-NC; outer_fold=20
2026-09-30T00:41:48.646904+00:00 | FINISH model=Logistic Regression; strategy=SMOTE-NC; outer_fold=20; elapsed_seconds=0.619
2026-09-30T00:41:48.647567+00:00 | START model=Logistic Regression; strategy=SMOTE-NC; outer_fold=21
2026-09-30T00:41:49.240723+00:00 | FINISH model=Logistic Regression; strategy=SMOTE-NC; outer_fold=21; elapsed_seconds=0.593
2026-09-30T00:41:49.241481+00:00 | START model=Logistic Regression; strategy=SMOTE-NC; outer_fold=22
2026-09-30T00:41:49.798777+00:00 | FINISH model=Logistic Regression; strategy=SMOTE-NC; outer_fold=22; elapsed_seconds=0.557
2026-09-30T00:41:49.799800+00:00 | START model=Logistic Regression; strategy=SMOTE-NC; outer_fold=23
2026-09-30T00:41:50.346453+00:00 | FINISH model=Logistic Regression; strategy=SMOTE-NC; outer_fold=23; elapsed_seconds=0.547
2026-09-30T00:41:50.347193+00:00 | START model=Logistic Regression; strategy=SMOTE-NC; outer_fold=24
2026-09-30T00:41:50.892568+00:00 | FINISH model=Logistic Regression; strategy=SMOTE-NC; outer_fold=24; elapsed_seconds=0.545
2026-09-30T00:41:50.893167+00:00 | START model=Logistic Regression; strategy=SMOTE-NC; outer_fold=25
2026-09-30T00:41:51.439997+00:00 | FINISH model=Logistic Regression; strategy=SMOTE-NC; outer_fold=25; elapsed_seconds=0.547
2026-09-30T00:41:51.440644+00:00 | START model=Logistic Regression; strategy=SMOTE-NC; outer_fold=26
2026-09-30T00:41:51.993841+00:00 | FINISH model=Logistic Regression; strategy=SMOTE-NC; outer_fold=26; elapsed_seconds=0.553
2026-09-30T00:41:51.994539+00:00 | START model=Logistic Regression; strategy=SMOTE-NC; outer_fold=27
2026-09-30T00:41:52.594452+00:00 | FINISH model=Logistic Regression; strategy=SMOTE-NC; outer_fold=27; elapsed_seconds=0.600
2026-09-30T00:41:52.595256+00:00 | START model=Logistic Regression; strategy=SMOTE-NC; outer_fold=28
2026-09-30T00:41:53.178232+00:00 | FINISH model=Logistic Regression; strategy=SMOTE-NC; outer_fold=28; elapsed_seconds=0.583
2026-09-30T00:41:53.178869+00:00 | START model=Logistic Regression; strategy=SMOTE-NC; outer_fold=29
2026-09-30T00:41:53.753955+00:00 | FINISH model=Logistic Regression; strategy=SMOTE-NC; outer_fold=29; elapsed_seconds=0.575
2026-09-30T00:41:53.754710+00:00 | START model=Logistic Regression; strategy=SMOTE-NC; outer_fold=30
2026-09-30T00:41:54.335921+00:00 | FINISH model=Logistic Regression; strategy=SMOTE-NC; outer_fold=30; elapsed_seconds=0.581
2026-09-30T00:41:54.336549+00:00 | START model=Logistic Regression; strategy=SMOTE-NC; outer_fold=31
2026-09-30T00:41:54.910033+00:00 | FINISH model=Logistic Regression; strategy=SMOTE-NC; outer_fold=31; elapsed_seconds=0.574
2026-09-30T00:41:54.910621+00:00 | START model=Logistic Regression; strategy=SMOTE-NC; outer_fold=32
2026-09-30T00:41:55.448935+00:00 | FINISH model=Logistic Regression; strategy=SMOTE-NC; outer_fold=32; elapsed_seconds=0.538
2026-09-30T00:41:55.449649+00:00 | START model=Logistic Regression; strategy=SMOTE-NC; outer_fold=33
2026-09-30T00:41:56.013654+00:00 | FINISH model=Logistic Regression; strategy=SMOTE-NC; outer_fold=33; elapsed_seconds=0.564
2026-09-30T00:41:56.014438+00:00 | START model=Logistic Regression; strategy=SMOTE-NC; outer_fold=34
2026-09-30T00:41:56.566903+00:00 | FINISH model=Logistic Regression; strategy=SMOTE-NC; outer_fold=34; elapsed_seconds=0.553
2026-09-30T00:41:56.567460+00:00 | START model=Logistic Regression; strategy=SMOTE-NC; outer_fold=35
2026-09-30T00:41:57.110743+00:00 | FINISH model=Logistic Regression; strategy=SMOTE-NC; outer_fold=35; elapsed_seconds=0.543
2026-09-30T00:41:57.111321+00:00 | START model=Logistic Regression; strategy=SMOTE-NC; outer_fold=36
2026-09-30T00:41:57.680040+00:00 | FINISH model=Logistic Regression; strategy=SMOTE-NC; outer_fold=36; elapsed_seconds=0.569
2026-09-30T00:41:57.680869+00:00 | START model=Logistic Regression; strategy=SMOTE-NC; outer_fold=37
2026-09-30T00:41:58.286252+00:00 | FINISH model=Logistic Regression; strategy=SMOTE-NC; outer_fold=37; elapsed_seconds=0.605
2026-09-30T00:41:58.286974+00:00 | START model=Logistic Regression; strategy=SMOTE-NC; outer_fold=38
2026-09-30T00:41:58.881539+00:00 | FINISH model=Logistic Regression; strategy=SMOTE-NC; outer_fold=38; elapsed_seconds=0.595
2026-09-30T00:41:58.882420+00:00 | START model=Logistic Regression; strategy=SMOTE-NC; outer_fold=39
2026-09-30T00:41:59.453132+00:00 | FINISH model=Logistic Regression; strategy=SMOTE-NC; outer_fold=39; elapsed_seconds=0.571
2026-09-30T00:41:59.453864+00:00 | START model=Logistic Regression; strategy=SMOTE-NC; outer_fold=40
2026-09-30T00:42:00.014398+00:00 | FINISH model=Logistic Regression; strategy=SMOTE-NC; outer_fold=40; elapsed_seconds=0.561
2026-09-30T00:42:00.015236+00:00 | START model=Logistic Regression; strategy=SMOTE-NC; outer_fold=41
2026-09-30T00:42:00.593537+00:00 | FINISH model=Logistic Regression; strategy=SMOTE-NC; outer_fold=41; elapsed_seconds=0.578
2026-09-30T00:42:00.594158+00:00 | START model=Logistic Regression; strategy=SMOTE-NC; outer_fold=42
2026-09-30T00:42:01.247283+00:00 | FINISH model=Logistic Regression; strategy=SMOTE-NC; outer_fold=42; elapsed_seconds=0.653
2026-09-30T00:42:01.248395+00:00 | START model=Logistic Regression; strategy=SMOTE-NC; outer_fold=43
2026-09-30T00:42:01.828857+00:00 | FINISH model=Logistic Regression; strategy=SMOTE-NC; outer_fold=43; elapsed_seconds=0.580
2026-09-30T00:42:01.829554+00:00 | START model=Logistic Regression; strategy=SMOTE-NC; outer_fold=44
2026-09-30T00:42:02.413520+00:00 | FINISH model=Logistic Regression; strategy=SMOTE-NC; outer_fold=44; elapsed_seconds=0.584
2026-09-30T00:42:02.414384+00:00 | START model=Logistic Regression; strategy=SMOTE-NC; outer_fold=45
2026-09-30T00:42:02.964728+00:00 | FINISH model=Logistic Regression; strategy=SMOTE-NC; outer_fold=45; elapsed_seconds=0.550
2026-09-30T00:42:02.965522+00:00 | START model=Logistic Regression; strategy=SMOTE-NC; outer_fold=46
2026-09-30T00:42:03.529608+00:00 | FINISH model=Logistic Regression; strategy=SMOTE-NC; outer_fold=46; elapsed_seconds=0.564
2026-09-30T00:42:03.530439+00:00 | START model=Logistic Regression; strategy=SMOTE-NC; outer_fold=47
2026-09-30T00:42:04.110465+00:00 | FINISH model=Logistic Regression; strategy=SMOTE-NC; outer_fold=47; elapsed_seconds=0.580
2026-09-30T00:42:04.111030+00:00 | START model=Logistic Regression; strategy=SMOTE-NC; outer_fold=48
2026-09-30T00:42:04.720782+00:00 | FINISH model=Logistic Regression; strategy=SMOTE-NC; outer_fold=48; elapsed_seconds=0.610
2026-09-30T00:42:04.721428+00:00 | START model=Logistic Regression; strategy=SMOTE-NC; outer_fold=49
2026-09-30T00:42:05.297865+00:00 | FINISH model=Logistic Regression; strategy=SMOTE-NC; outer_fold=49; elapsed_seconds=0.576
2026-09-30T00:42:05.303592+00:00 | SAVED_CONFIG model=Logistic Regression; strategy=SMOTE-NC; rows=150
2026-09-30T00:42:05.304017+00:00 | START model=Logistic Regression; strategy=Random undersampling; outer_fold=0
2026-09-30T00:42:05.576713+00:00 | FINISH model=Logistic Regression; strategy=Random undersampling; outer_fold=0; elapsed_seconds=0.273
2026-09-30T00:42:05.577325+00:00 | START model=Logistic Regression; strategy=Random undersampling; outer_fold=1
2026-09-30T00:42:05.850531+00:00 | FINISH model=Logistic Regression; strategy=Random undersampling; outer_fold=1; elapsed_seconds=0.273
2026-09-30T00:42:05.851270+00:00 | START model=Logistic Regression; strategy=Random undersampling; outer_fold=2
2026-09-30T00:42:06.132389+00:00 | FINISH model=Logistic Regression; strategy=Random undersampling; outer_fold=2; elapsed_seconds=0.281
2026-09-30T00:42:06.132969+00:00 | START model=Logistic Regression; strategy=Random undersampling; outer_fold=3
2026-09-30T00:42:06.405810+00:00 | FINISH model=Logistic Regression; strategy=Random undersampling; outer_fold=3; elapsed_seconds=0.273
2026-09-30T00:42:06.406542+00:00 | START model=Logistic Regression; strategy=Random undersampling; outer_fold=4
2026-09-30T00:42:06.667005+00:00 | FINISH model=Logistic Regression; strategy=Random undersampling; outer_fold=4; elapsed_seconds=0.260
2026-09-30T00:42:06.667540+00:00 | START model=Logistic Regression; strategy=Random undersampling; outer_fold=5
2026-09-30T00:42:06.917709+00:00 | FINISH model=Logistic Regression; strategy=Random undersampling; outer_fold=5; elapsed_seconds=0.250
2026-09-30T00:42:06.918369+00:00 | START model=Logistic Regression; strategy=Random undersampling; outer_fold=6
2026-09-30T00:42:07.180138+00:00 | FINISH model=Logistic Regression; strategy=Random undersampling; outer_fold=6; elapsed_seconds=0.261
2026-09-30T00:42:07.181105+00:00 | START model=Logistic Regression; strategy=Random undersampling; outer_fold=7
2026-09-30T00:42:07.475823+00:00 | FINISH model=Logistic Regression; strategy=Random undersampling; outer_fold=7; elapsed_seconds=0.295
2026-09-30T00:42:07.476356+00:00 | START model=Logistic Regression; strategy=Random undersampling; outer_fold=8
2026-09-30T00:42:07.730537+00:00 | FINISH model=Logistic Regression; strategy=Random undersampling; outer_fold=8; elapsed_seconds=0.254
2026-09-30T00:42:07.731145+00:00 | START model=Logistic Regression; strategy=Random undersampling; outer_fold=9
2026-09-30T00:42:07.989838+00:00 | FINISH model=Logistic Regression; strategy=Random undersampling; outer_fold=9; elapsed_seconds=0.259
2026-09-30T00:42:07.990515+00:00 | START model=Logistic Regression; strategy=Random undersampling; outer_fold=10
2026-09-30T00:42:08.243553+00:00 | FINISH model=Logistic Regression; strategy=Random undersampling; outer_fold=10; elapsed_seconds=0.253
2026-09-30T00:42:08.244210+00:00 | START model=Logistic Regression; strategy=Random undersampling; outer_fold=11
2026-09-30T00:42:08.503559+00:00 | FINISH model=Logistic Regression; strategy=Random undersampling; outer_fold=11; elapsed_seconds=0.259
2026-09-30T00:42:08.504114+00:00 | START model=Logistic Regression; strategy=Random undersampling; outer_fold=12
2026-09-30T00:42:08.778158+00:00 | FINISH model=Logistic Regression; strategy=Random undersampling; outer_fold=12; elapsed_seconds=0.274
2026-09-30T00:42:08.778739+00:00 | START model=Logistic Regression; strategy=Random undersampling; outer_fold=13
2026-09-30T00:42:09.049365+00:00 | FINISH model=Logistic Regression; strategy=Random undersampling; outer_fold=13; elapsed_seconds=0.271
2026-09-30T00:42:09.049952+00:00 | START model=Logistic Regression; strategy=Random undersampling; outer_fold=14
2026-09-30T00:42:09.335013+00:00 | FINISH model=Logistic Regression; strategy=Random undersampling; outer_fold=14; elapsed_seconds=0.285
2026-09-30T00:42:09.335571+00:00 | START model=Logistic Regression; strategy=Random undersampling; outer_fold=15
2026-09-30T00:42:09.623151+00:00 | FINISH model=Logistic Regression; strategy=Random undersampling; outer_fold=15; elapsed_seconds=0.288
2026-09-30T00:42:09.623734+00:00 | START model=Logistic Regression; strategy=Random undersampling; outer_fold=16
2026-09-30T00:42:09.906613+00:00 | FINISH model=Logistic Regression; strategy=Random undersampling; outer_fold=16; elapsed_seconds=0.283
2026-09-30T00:42:09.907385+00:00 | START model=Logistic Regression; strategy=Random undersampling; outer_fold=17
2026-09-30T00:42:10.189574+00:00 | FINISH model=Logistic Regression; strategy=Random undersampling; outer_fold=17; elapsed_seconds=0.282
2026-09-30T00:42:10.190235+00:00 | START model=Logistic Regression; strategy=Random undersampling; outer_fold=18
2026-09-30T00:42:10.466117+00:00 | FINISH model=Logistic Regression; strategy=Random undersampling; outer_fold=18; elapsed_seconds=0.276
2026-09-30T00:42:10.466789+00:00 | START model=Logistic Regression; strategy=Random undersampling; outer_fold=19
2026-09-30T00:42:10.727575+00:00 | FINISH model=Logistic Regression; strategy=Random undersampling; outer_fold=19; elapsed_seconds=0.261
2026-09-30T00:42:10.728268+00:00 | START model=Logistic Regression; strategy=Random undersampling; outer_fold=20
2026-09-30T00:42:10.973534+00:00 | FINISH model=Logistic Regression; strategy=Random undersampling; outer_fold=20; elapsed_seconds=0.245
2026-09-30T00:42:10.974132+00:00 | START model=Logistic Regression; strategy=Random undersampling; outer_fold=21
2026-09-30T00:42:11.221949+00:00 | FINISH model=Logistic Regression; strategy=Random undersampling; outer_fold=21; elapsed_seconds=0.248
2026-09-30T00:42:11.222503+00:00 | START model=Logistic Regression; strategy=Random undersampling; outer_fold=22
2026-09-30T00:42:11.480794+00:00 | FINISH model=Logistic Regression; strategy=Random undersampling; outer_fold=22; elapsed_seconds=0.258
2026-09-30T00:42:11.481538+00:00 | START model=Logistic Regression; strategy=Random undersampling; outer_fold=23
2026-09-30T00:42:11.736719+00:00 | FINISH model=Logistic Regression; strategy=Random undersampling; outer_fold=23; elapsed_seconds=0.255
2026-09-30T00:42:11.737267+00:00 | START model=Logistic Regression; strategy=Random undersampling; outer_fold=24
2026-09-30T00:42:11.986974+00:00 | FINISH model=Logistic Regression; strategy=Random undersampling; outer_fold=24; elapsed_seconds=0.250
2026-09-30T00:42:11.987556+00:00 | START model=Logistic Regression; strategy=Random undersampling; outer_fold=25
2026-09-30T00:42:12.246143+00:00 | FINISH model=Logistic Regression; strategy=Random undersampling; outer_fold=25; elapsed_seconds=0.258
2026-09-30T00:42:12.246860+00:00 | START model=Logistic Regression; strategy=Random undersampling; outer_fold=26
2026-09-30T00:42:12.496928+00:00 | FINISH model=Logistic Regression; strategy=Random undersampling; outer_fold=26; elapsed_seconds=0.250
2026-09-30T00:42:12.497619+00:00 | START model=Logistic Regression; strategy=Random undersampling; outer_fold=27
2026-09-30T00:42:12.795065+00:00 | FINISH model=Logistic Regression; strategy=Random undersampling; outer_fold=27; elapsed_seconds=0.297
2026-09-30T00:42:12.795797+00:00 | START model=Logistic Regression; strategy=Random undersampling; outer_fold=28
2026-09-30T00:42:13.080833+00:00 | FINISH model=Logistic Regression; strategy=Random undersampling; outer_fold=28; elapsed_seconds=0.285
2026-09-30T00:42:13.081521+00:00 | START model=Logistic Regression; strategy=Random undersampling; outer_fold=29
2026-09-30T00:42:13.364773+00:00 | FINISH model=Logistic Regression; strategy=Random undersampling; outer_fold=29; elapsed_seconds=0.283
2026-09-30T00:42:13.365514+00:00 | START model=Logistic Regression; strategy=Random undersampling; outer_fold=30
2026-09-30T00:42:13.649732+00:00 | FINISH model=Logistic Regression; strategy=Random undersampling; outer_fold=30; elapsed_seconds=0.284
2026-09-30T00:42:13.650381+00:00 | START model=Logistic Regression; strategy=Random undersampling; outer_fold=31
2026-09-30T00:42:13.922546+00:00 | FINISH model=Logistic Regression; strategy=Random undersampling; outer_fold=31; elapsed_seconds=0.272
2026-09-30T00:42:13.923085+00:00 | START model=Logistic Regression; strategy=Random undersampling; outer_fold=32
2026-09-30T00:42:14.193694+00:00 | FINISH model=Logistic Regression; strategy=Random undersampling; outer_fold=32; elapsed_seconds=0.271
2026-09-30T00:42:14.194247+00:00 | START model=Logistic Regression; strategy=Random undersampling; outer_fold=33
2026-09-30T00:42:14.461360+00:00 | FINISH model=Logistic Regression; strategy=Random undersampling; outer_fold=33; elapsed_seconds=0.267
2026-09-30T00:42:14.462009+00:00 | START model=Logistic Regression; strategy=Random undersampling; outer_fold=34
2026-09-30T00:42:14.722676+00:00 | FINISH model=Logistic Regression; strategy=Random undersampling; outer_fold=34; elapsed_seconds=0.261
2026-09-30T00:42:14.723290+00:00 | START model=Logistic Regression; strategy=Random undersampling; outer_fold=35
2026-09-30T00:42:14.968952+00:00 | FINISH model=Logistic Regression; strategy=Random undersampling; outer_fold=35; elapsed_seconds=0.246
2026-09-30T00:42:14.969722+00:00 | START model=Logistic Regression; strategy=Random undersampling; outer_fold=36
2026-09-30T00:42:15.226821+00:00 | FINISH model=Logistic Regression; strategy=Random undersampling; outer_fold=36; elapsed_seconds=0.257
2026-09-30T00:42:15.227610+00:00 | START model=Logistic Regression; strategy=Random undersampling; outer_fold=37
2026-09-30T00:42:15.497460+00:00 | FINISH model=Logistic Regression; strategy=Random undersampling; outer_fold=37; elapsed_seconds=0.270
2026-09-30T00:42:15.498026+00:00 | START model=Logistic Regression; strategy=Random undersampling; outer_fold=38
2026-09-30T00:42:15.760133+00:00 | FINISH model=Logistic Regression; strategy=Random undersampling; outer_fold=38; elapsed_seconds=0.262
2026-09-30T00:42:15.760754+00:00 | START model=Logistic Regression; strategy=Random undersampling; outer_fold=39
2026-09-30T00:42:16.013935+00:00 | FINISH model=Logistic Regression; strategy=Random undersampling; outer_fold=39; elapsed_seconds=0.253
2026-09-30T00:42:16.014595+00:00 | START model=Logistic Regression; strategy=Random undersampling; outer_fold=40
2026-09-30T00:42:16.273281+00:00 | FINISH model=Logistic Regression; strategy=Random undersampling; outer_fold=40; elapsed_seconds=0.259
2026-09-30T00:42:16.274007+00:00 | START model=Logistic Regression; strategy=Random undersampling; outer_fold=41
2026-09-30T00:42:16.543353+00:00 | FINISH model=Logistic Regression; strategy=Random undersampling; outer_fold=41; elapsed_seconds=0.269
2026-09-30T00:42:16.543981+00:00 | START model=Logistic Regression; strategy=Random undersampling; outer_fold=42
2026-09-30T00:42:16.830511+00:00 | FINISH model=Logistic Regression; strategy=Random undersampling; outer_fold=42; elapsed_seconds=0.286
2026-09-30T00:42:16.831310+00:00 | START model=Logistic Regression; strategy=Random undersampling; outer_fold=43
2026-09-30T00:42:17.109732+00:00 | FINISH model=Logistic Regression; strategy=Random undersampling; outer_fold=43; elapsed_seconds=0.278
2026-09-30T00:42:17.110295+00:00 | START model=Logistic Regression; strategy=Random undersampling; outer_fold=44
2026-09-30T00:42:17.431482+00:00 | FINISH model=Logistic Regression; strategy=Random undersampling; outer_fold=44; elapsed_seconds=0.321
2026-09-30T00:42:17.432065+00:00 | START model=Logistic Regression; strategy=Random undersampling; outer_fold=45
2026-09-30T00:42:17.698102+00:00 | FINISH model=Logistic Regression; strategy=Random undersampling; outer_fold=45; elapsed_seconds=0.266
2026-09-30T00:42:17.698814+00:00 | START model=Logistic Regression; strategy=Random undersampling; outer_fold=46
2026-09-30T00:42:17.963309+00:00 | FINISH model=Logistic Regression; strategy=Random undersampling; outer_fold=46; elapsed_seconds=0.264
2026-09-30T00:42:17.963983+00:00 | START model=Logistic Regression; strategy=Random undersampling; outer_fold=47
2026-09-30T00:42:18.227656+00:00 | FINISH model=Logistic Regression; strategy=Random undersampling; outer_fold=47; elapsed_seconds=0.264
2026-09-30T00:42:18.228578+00:00 | START model=Logistic Regression; strategy=Random undersampling; outer_fold=48
2026-09-30T00:42:18.487621+00:00 | FINISH model=Logistic Regression; strategy=Random undersampling; outer_fold=48; elapsed_seconds=0.259
2026-09-30T00:42:18.488256+00:00 | START model=Logistic Regression; strategy=Random undersampling; outer_fold=49
2026-09-30T00:42:18.789845+00:00 | FINISH model=Logistic Regression; strategy=Random undersampling; outer_fold=49; elapsed_seconds=0.302
2026-09-30T00:42:18.794734+00:00 | SAVED_CONFIG model=Logistic Regression; strategy=Random undersampling; rows=200
2026-09-30T00:42:18.795089+00:00 | START model=Logistic Regression; strategy=Threshold tuning; outer_fold=0
2026-09-30T00:42:19.724228+00:00 | FINISH model=Logistic Regression; strategy=Threshold tuning; outer_fold=0; elapsed_seconds=0.929
2026-09-30T00:42:19.724851+00:00 | START model=Logistic Regression; strategy=Threshold tuning; outer_fold=1
2026-09-30T00:42:20.713743+00:00 | FINISH model=Logistic Regression; strategy=Threshold tuning; outer_fold=1; elapsed_seconds=0.989
2026-09-30T00:42:20.714407+00:00 | START model=Logistic Regression; strategy=Threshold tuning; outer_fold=2
2026-09-30T00:42:21.648880+00:00 | FINISH model=Logistic Regression; strategy=Threshold tuning; outer_fold=2; elapsed_seconds=0.934
2026-09-30T00:42:21.649451+00:00 | START model=Logistic Regression; strategy=Threshold tuning; outer_fold=3
2026-09-30T00:42:22.695796+00:00 | FINISH model=Logistic Regression; strategy=Threshold tuning; outer_fold=3; elapsed_seconds=1.046
2026-09-30T00:42:22.696335+00:00 | START model=Logistic Regression; strategy=Threshold tuning; outer_fold=4
2026-09-30T00:42:23.596726+00:00 | FINISH model=Logistic Regression; strategy=Threshold tuning; outer_fold=4; elapsed_seconds=0.900
2026-09-30T00:42:23.597332+00:00 | START model=Logistic Regression; strategy=Threshold tuning; outer_fold=5
2026-09-30T00:42:24.479528+00:00 | FINISH model=Logistic Regression; strategy=Threshold tuning; outer_fold=5; elapsed_seconds=0.882
2026-09-30T00:42:24.480149+00:00 | START model=Logistic Regression; strategy=Threshold tuning; outer_fold=6
2026-09-30T00:42:25.463645+00:00 | FINISH model=Logistic Regression; strategy=Threshold tuning; outer_fold=6; elapsed_seconds=0.983
2026-09-30T00:42:25.464252+00:00 | START model=Logistic Regression; strategy=Threshold tuning; outer_fold=7
2026-09-30T00:42:26.394732+00:00 | FINISH model=Logistic Regression; strategy=Threshold tuning; outer_fold=7; elapsed_seconds=0.930
2026-09-30T00:42:26.395222+00:00 | START model=Logistic Regression; strategy=Threshold tuning; outer_fold=8
2026-09-30T00:42:27.292501+00:00 | FINISH model=Logistic Regression; strategy=Threshold tuning; outer_fold=8; elapsed_seconds=0.897
2026-09-30T00:42:27.293054+00:00 | START model=Logistic Regression; strategy=Threshold tuning; outer_fold=9
2026-09-30T00:42:28.279208+00:00 | FINISH model=Logistic Regression; strategy=Threshold tuning; outer_fold=9; elapsed_seconds=0.986
2026-09-30T00:42:28.280059+00:00 | START model=Logistic Regression; strategy=Threshold tuning; outer_fold=10
2026-09-30T00:42:29.190196+00:00 | FINISH model=Logistic Regression; strategy=Threshold tuning; outer_fold=10; elapsed_seconds=0.910
2026-09-30T00:42:29.190839+00:00 | START model=Logistic Regression; strategy=Threshold tuning; outer_fold=11
2026-09-30T00:42:30.103633+00:00 | FINISH model=Logistic Regression; strategy=Threshold tuning; outer_fold=11; elapsed_seconds=0.913
2026-09-30T00:42:30.104270+00:00 | START model=Logistic Regression; strategy=Threshold tuning; outer_fold=12
2026-09-30T00:42:31.194013+00:00 | FINISH model=Logistic Regression; strategy=Threshold tuning; outer_fold=12; elapsed_seconds=1.090
2026-09-30T00:42:31.194680+00:00 | START model=Logistic Regression; strategy=Threshold tuning; outer_fold=13
2026-09-30T00:42:32.195426+00:00 | FINISH model=Logistic Regression; strategy=Threshold tuning; outer_fold=13; elapsed_seconds=1.001
2026-09-30T00:42:32.195999+00:00 | START model=Logistic Regression; strategy=Threshold tuning; outer_fold=14
2026-09-30T00:42:33.090087+00:00 | FINISH model=Logistic Regression; strategy=Threshold tuning; outer_fold=14; elapsed_seconds=0.894
2026-09-30T00:42:33.090646+00:00 | START model=Logistic Regression; strategy=Threshold tuning; outer_fold=15
2026-09-30T00:42:34.010306+00:00 | FINISH model=Logistic Regression; strategy=Threshold tuning; outer_fold=15; elapsed_seconds=0.920
2026-09-30T00:42:34.011228+00:00 | START model=Logistic Regression; strategy=Threshold tuning; outer_fold=16
2026-09-30T00:42:34.958671+00:00 | FINISH model=Logistic Regression; strategy=Threshold tuning; outer_fold=16; elapsed_seconds=0.948
2026-09-30T00:42:34.959610+00:00 | START model=Logistic Regression; strategy=Threshold tuning; outer_fold=17
2026-09-30T00:42:35.903120+00:00 | FINISH model=Logistic Regression; strategy=Threshold tuning; outer_fold=17; elapsed_seconds=0.944
2026-09-30T00:42:35.903931+00:00 | START model=Logistic Regression; strategy=Threshold tuning; outer_fold=18
2026-09-30T00:42:36.825617+00:00 | FINISH model=Logistic Regression; strategy=Threshold tuning; outer_fold=18; elapsed_seconds=0.922
2026-09-30T00:42:36.826601+00:00 | START model=Logistic Regression; strategy=Threshold tuning; outer_fold=19
2026-09-30T00:42:37.767561+00:00 | FINISH model=Logistic Regression; strategy=Threshold tuning; outer_fold=19; elapsed_seconds=0.941
2026-09-30T00:42:37.768215+00:00 | START model=Logistic Regression; strategy=Threshold tuning; outer_fold=20
2026-09-30T00:42:38.654802+00:00 | FINISH model=Logistic Regression; strategy=Threshold tuning; outer_fold=20; elapsed_seconds=0.886
2026-09-30T00:42:38.655422+00:00 | START model=Logistic Regression; strategy=Threshold tuning; outer_fold=21
2026-09-30T00:42:39.564666+00:00 | FINISH model=Logistic Regression; strategy=Threshold tuning; outer_fold=21; elapsed_seconds=0.909
2026-09-30T00:42:39.565402+00:00 | START model=Logistic Regression; strategy=Threshold tuning; outer_fold=22
2026-09-30T00:42:40.541738+00:00 | FINISH model=Logistic Regression; strategy=Threshold tuning; outer_fold=22; elapsed_seconds=0.976
2026-09-30T00:42:40.542533+00:00 | START model=Logistic Regression; strategy=Threshold tuning; outer_fold=23
2026-09-30T00:42:41.452195+00:00 | FINISH model=Logistic Regression; strategy=Threshold tuning; outer_fold=23; elapsed_seconds=0.910
2026-09-30T00:42:41.452776+00:00 | START model=Logistic Regression; strategy=Threshold tuning; outer_fold=24
2026-09-30T00:42:42.346850+00:00 | FINISH model=Logistic Regression; strategy=Threshold tuning; outer_fold=24; elapsed_seconds=0.894
2026-09-30T00:42:42.347436+00:00 | START model=Logistic Regression; strategy=Threshold tuning; outer_fold=25
2026-09-30T00:42:43.252869+00:00 | FINISH model=Logistic Regression; strategy=Threshold tuning; outer_fold=25; elapsed_seconds=0.905
2026-09-30T00:42:43.253553+00:00 | START model=Logistic Regression; strategy=Threshold tuning; outer_fold=26
2026-09-30T00:42:44.180693+00:00 | FINISH model=Logistic Regression; strategy=Threshold tuning; outer_fold=26; elapsed_seconds=0.927
2026-09-30T00:42:44.181212+00:00 | START model=Logistic Regression; strategy=Threshold tuning; outer_fold=27
2026-09-30T00:42:45.110845+00:00 | FINISH model=Logistic Regression; strategy=Threshold tuning; outer_fold=27; elapsed_seconds=0.930
2026-09-30T00:42:45.111688+00:00 | START model=Logistic Regression; strategy=Threshold tuning; outer_fold=28
2026-09-30T00:42:46.068530+00:00 | FINISH model=Logistic Regression; strategy=Threshold tuning; outer_fold=28; elapsed_seconds=0.957
2026-09-30T00:42:46.069095+00:00 | START model=Logistic Regression; strategy=Threshold tuning; outer_fold=29
2026-09-30T00:42:47.067560+00:00 | FINISH model=Logistic Regression; strategy=Threshold tuning; outer_fold=29; elapsed_seconds=0.998
2026-09-30T00:42:47.068199+00:00 | START model=Logistic Regression; strategy=Threshold tuning; outer_fold=30
2026-09-30T00:42:48.009814+00:00 | FINISH model=Logistic Regression; strategy=Threshold tuning; outer_fold=30; elapsed_seconds=0.942
2026-09-30T00:42:48.010450+00:00 | START model=Logistic Regression; strategy=Threshold tuning; outer_fold=31
2026-09-30T00:42:48.922782+00:00 | FINISH model=Logistic Regression; strategy=Threshold tuning; outer_fold=31; elapsed_seconds=0.912
2026-09-30T00:42:48.923429+00:00 | START model=Logistic Regression; strategy=Threshold tuning; outer_fold=32
2026-09-30T00:42:49.928331+00:00 | FINISH model=Logistic Regression; strategy=Threshold tuning; outer_fold=32; elapsed_seconds=1.005
2026-09-30T00:42:49.928844+00:00 | START model=Logistic Regression; strategy=Threshold tuning; outer_fold=33
2026-09-30T00:42:50.919405+00:00 | FINISH model=Logistic Regression; strategy=Threshold tuning; outer_fold=33; elapsed_seconds=0.991
2026-09-30T00:42:50.920010+00:00 | START model=Logistic Regression; strategy=Threshold tuning; outer_fold=34
2026-09-30T00:42:51.855053+00:00 | FINISH model=Logistic Regression; strategy=Threshold tuning; outer_fold=34; elapsed_seconds=0.935
2026-09-30T00:42:51.855754+00:00 | START model=Logistic Regression; strategy=Threshold tuning; outer_fold=35
2026-09-30T00:42:52.768427+00:00 | FINISH model=Logistic Regression; strategy=Threshold tuning; outer_fold=35; elapsed_seconds=0.913
2026-09-30T00:42:52.768981+00:00 | START model=Logistic Regression; strategy=Threshold tuning; outer_fold=36
2026-09-30T00:42:53.680816+00:00 | FINISH model=Logistic Regression; strategy=Threshold tuning; outer_fold=36; elapsed_seconds=0.912
2026-09-30T00:42:53.681367+00:00 | START model=Logistic Regression; strategy=Threshold tuning; outer_fold=37
2026-09-30T00:42:54.637350+00:00 | FINISH model=Logistic Regression; strategy=Threshold tuning; outer_fold=37; elapsed_seconds=0.956
2026-09-30T00:42:54.637984+00:00 | START model=Logistic Regression; strategy=Threshold tuning; outer_fold=38
2026-09-30T00:42:55.638499+00:00 | FINISH model=Logistic Regression; strategy=Threshold tuning; outer_fold=38; elapsed_seconds=1.000
2026-09-30T00:42:55.639307+00:00 | START model=Logistic Regression; strategy=Threshold tuning; outer_fold=39
2026-09-30T00:42:56.650041+00:00 | FINISH model=Logistic Regression; strategy=Threshold tuning; outer_fold=39; elapsed_seconds=1.011
2026-09-30T00:42:56.650618+00:00 | START model=Logistic Regression; strategy=Threshold tuning; outer_fold=40
2026-09-30T00:42:57.594874+00:00 | FINISH model=Logistic Regression; strategy=Threshold tuning; outer_fold=40; elapsed_seconds=0.944
2026-09-30T00:42:57.595504+00:00 | START model=Logistic Regression; strategy=Threshold tuning; outer_fold=41
2026-09-30T00:42:58.498779+00:00 | FINISH model=Logistic Regression; strategy=Threshold tuning; outer_fold=41; elapsed_seconds=0.903
2026-09-30T00:42:58.499244+00:00 | START model=Logistic Regression; strategy=Threshold tuning; outer_fold=42
2026-09-30T00:42:59.402545+00:00 | FINISH model=Logistic Regression; strategy=Threshold tuning; outer_fold=42; elapsed_seconds=0.903
2026-09-30T00:42:59.403068+00:00 | START model=Logistic Regression; strategy=Threshold tuning; outer_fold=43
2026-09-30T00:43:00.355548+00:00 | FINISH model=Logistic Regression; strategy=Threshold tuning; outer_fold=43; elapsed_seconds=0.952
2026-09-30T00:43:00.356270+00:00 | START model=Logistic Regression; strategy=Threshold tuning; outer_fold=44
2026-09-30T00:43:01.391055+00:00 | FINISH model=Logistic Regression; strategy=Threshold tuning; outer_fold=44; elapsed_seconds=1.035
2026-09-30T00:43:01.391696+00:00 | START model=Logistic Regression; strategy=Threshold tuning; outer_fold=45
2026-09-30T00:43:02.379694+00:00 | FINISH model=Logistic Regression; strategy=Threshold tuning; outer_fold=45; elapsed_seconds=0.988
2026-09-30T00:43:02.380368+00:00 | START model=Logistic Regression; strategy=Threshold tuning; outer_fold=46
2026-09-30T00:43:03.289927+00:00 | FINISH model=Logistic Regression; strategy=Threshold tuning; outer_fold=46; elapsed_seconds=0.909
2026-09-30T00:43:03.290498+00:00 | START model=Logistic Regression; strategy=Threshold tuning; outer_fold=47
2026-09-30T00:43:04.218700+00:00 | FINISH model=Logistic Regression; strategy=Threshold tuning; outer_fold=47; elapsed_seconds=0.928
2026-09-30T00:43:04.219283+00:00 | START model=Logistic Regression; strategy=Threshold tuning; outer_fold=48
2026-09-30T00:43:05.111842+00:00 | FINISH model=Logistic Regression; strategy=Threshold tuning; outer_fold=48; elapsed_seconds=0.893
2026-09-30T00:43:05.112413+00:00 | START model=Logistic Regression; strategy=Threshold tuning; outer_fold=49
2026-09-30T00:43:06.004104+00:00 | FINISH model=Logistic Regression; strategy=Threshold tuning; outer_fold=49; elapsed_seconds=0.892
2026-09-30T00:43:06.010869+00:00 | SAVED_CONFIG model=Logistic Regression; strategy=Threshold tuning; rows=250
2026-09-30T00:43:06.011253+00:00 | START model=Logistic Regression; strategy=Calibrated sigmoid + threshold; outer_fold=0
2026-09-30T00:43:09.250200+00:00 | FINISH model=Logistic Regression; strategy=Calibrated sigmoid + threshold; outer_fold=0; elapsed_seconds=3.239
2026-09-30T00:43:09.250772+00:00 | START model=Logistic Regression; strategy=Calibrated sigmoid + threshold; outer_fold=1
2026-09-30T00:43:12.336741+00:00 | FINISH model=Logistic Regression; strategy=Calibrated sigmoid + threshold; outer_fold=1; elapsed_seconds=3.086
2026-09-30T00:43:12.337506+00:00 | START model=Logistic Regression; strategy=Calibrated sigmoid + threshold; outer_fold=2
2026-09-30T00:43:15.485945+00:00 | FINISH model=Logistic Regression; strategy=Calibrated sigmoid + threshold; outer_fold=2; elapsed_seconds=3.148
2026-09-30T00:43:15.486588+00:00 | START model=Logistic Regression; strategy=Calibrated sigmoid + threshold; outer_fold=3
2026-09-30T00:43:18.611485+00:00 | FINISH model=Logistic Regression; strategy=Calibrated sigmoid + threshold; outer_fold=3; elapsed_seconds=3.125
2026-09-30T00:43:18.612577+00:00 | START model=Logistic Regression; strategy=Calibrated sigmoid + threshold; outer_fold=4
2026-09-30T00:43:21.685376+00:00 | FINISH model=Logistic Regression; strategy=Calibrated sigmoid + threshold; outer_fold=4; elapsed_seconds=3.073
2026-09-30T00:43:21.685958+00:00 | START model=Logistic Regression; strategy=Calibrated sigmoid + threshold; outer_fold=5
2026-09-30T00:43:24.858822+00:00 | FINISH model=Logistic Regression; strategy=Calibrated sigmoid + threshold; outer_fold=5; elapsed_seconds=3.173
2026-09-30T00:43:24.859653+00:00 | START model=Logistic Regression; strategy=Calibrated sigmoid + threshold; outer_fold=6
2026-09-30T00:43:27.944691+00:00 | FINISH model=Logistic Regression; strategy=Calibrated sigmoid + threshold; outer_fold=6; elapsed_seconds=3.085
2026-09-30T00:43:27.945268+00:00 | START model=Logistic Regression; strategy=Calibrated sigmoid + threshold; outer_fold=7
2026-09-30T00:43:31.196237+00:00 | FINISH model=Logistic Regression; strategy=Calibrated sigmoid + threshold; outer_fold=7; elapsed_seconds=3.251
2026-09-30T00:43:31.196976+00:00 | START model=Logistic Regression; strategy=Calibrated sigmoid + threshold; outer_fold=8
2026-09-30T00:43:34.405568+00:00 | FINISH model=Logistic Regression; strategy=Calibrated sigmoid + threshold; outer_fold=8; elapsed_seconds=3.209
2026-09-30T00:43:34.406346+00:00 | START model=Logistic Regression; strategy=Calibrated sigmoid + threshold; outer_fold=9
2026-09-30T00:43:37.499011+00:00 | FINISH model=Logistic Regression; strategy=Calibrated sigmoid + threshold; outer_fold=9; elapsed_seconds=3.093
2026-09-30T00:43:37.499577+00:00 | START model=Logistic Regression; strategy=Calibrated sigmoid + threshold; outer_fold=10
2026-09-30T00:43:40.768445+00:00 | FINISH model=Logistic Regression; strategy=Calibrated sigmoid + threshold; outer_fold=10; elapsed_seconds=3.269
2026-09-30T00:43:40.769216+00:00 | START model=Logistic Regression; strategy=Calibrated sigmoid + threshold; outer_fold=11
2026-09-30T00:43:43.839981+00:00 | FINISH model=Logistic Regression; strategy=Calibrated sigmoid + threshold; outer_fold=11; elapsed_seconds=3.071
2026-09-30T00:43:43.840582+00:00 | START model=Logistic Regression; strategy=Calibrated sigmoid + threshold; outer_fold=12
2026-09-30T00:43:47.099732+00:00 | FINISH model=Logistic Regression; strategy=Calibrated sigmoid + threshold; outer_fold=12; elapsed_seconds=3.259
2026-09-30T00:43:47.100424+00:00 | START model=Logistic Regression; strategy=Calibrated sigmoid + threshold; outer_fold=13
2026-09-30T00:43:50.067334+00:00 | FINISH model=Logistic Regression; strategy=Calibrated sigmoid + threshold; outer_fold=13; elapsed_seconds=2.967
2026-09-30T00:43:50.067855+00:00 | START model=Logistic Regression; strategy=Calibrated sigmoid + threshold; outer_fold=14
2026-09-30T00:43:52.993686+00:00 | FINISH model=Logistic Regression; strategy=Calibrated sigmoid + threshold; outer_fold=14; elapsed_seconds=2.926
2026-09-30T00:43:52.994341+00:00 | START model=Logistic Regression; strategy=Calibrated sigmoid + threshold; outer_fold=15
2026-09-30T00:43:55.893630+00:00 | FINISH model=Logistic Regression; strategy=Calibrated sigmoid + threshold; outer_fold=15; elapsed_seconds=2.899
2026-09-30T00:43:55.894104+00:00 | START model=Logistic Regression; strategy=Calibrated sigmoid + threshold; outer_fold=16
2026-09-30T00:43:58.829164+00:00 | FINISH model=Logistic Regression; strategy=Calibrated sigmoid + threshold; outer_fold=16; elapsed_seconds=2.935
2026-09-30T00:43:58.829741+00:00 | START model=Logistic Regression; strategy=Calibrated sigmoid + threshold; outer_fold=17
2026-09-30T00:44:01.891746+00:00 | FINISH model=Logistic Regression; strategy=Calibrated sigmoid + threshold; outer_fold=17; elapsed_seconds=3.062
2026-09-30T00:44:01.892390+00:00 | START model=Logistic Regression; strategy=Calibrated sigmoid + threshold; outer_fold=18
2026-09-30T00:44:05.008692+00:00 | FINISH model=Logistic Regression; strategy=Calibrated sigmoid + threshold; outer_fold=18; elapsed_seconds=3.116
2026-09-30T00:44:05.009436+00:00 | START model=Logistic Regression; strategy=Calibrated sigmoid + threshold; outer_fold=19
2026-09-30T00:44:08.491308+00:00 | FINISH model=Logistic Regression; strategy=Calibrated sigmoid + threshold; outer_fold=19; elapsed_seconds=3.482
2026-09-30T00:44:08.491958+00:00 | START model=Logistic Regression; strategy=Calibrated sigmoid + threshold; outer_fold=20
2026-09-30T00:44:11.759063+00:00 | FINISH model=Logistic Regression; strategy=Calibrated sigmoid + threshold; outer_fold=20; elapsed_seconds=3.267
2026-09-30T00:44:11.759743+00:00 | START model=Logistic Regression; strategy=Calibrated sigmoid + threshold; outer_fold=21
2026-09-30T00:44:15.555657+00:00 | FINISH model=Logistic Regression; strategy=Calibrated sigmoid + threshold; outer_fold=21; elapsed_seconds=3.795
2026-09-30T00:44:15.556548+00:00 | START model=Logistic Regression; strategy=Calibrated sigmoid + threshold; outer_fold=22
2026-09-30T00:44:19.445557+00:00 | FINISH model=Logistic Regression; strategy=Calibrated sigmoid + threshold; outer_fold=22; elapsed_seconds=3.889
2026-09-30T00:44:19.446242+00:00 | START model=Logistic Regression; strategy=Calibrated sigmoid + threshold; outer_fold=23
2026-09-30T00:44:22.690546+00:00 | FINISH model=Logistic Regression; strategy=Calibrated sigmoid + threshold; outer_fold=23; elapsed_seconds=3.244
2026-09-30T00:44:22.691124+00:00 | START model=Logistic Regression; strategy=Calibrated sigmoid + threshold; outer_fold=24
2026-09-30T00:44:25.921256+00:00 | FINISH model=Logistic Regression; strategy=Calibrated sigmoid + threshold; outer_fold=24; elapsed_seconds=3.230
2026-09-30T00:44:25.921929+00:00 | START model=Logistic Regression; strategy=Calibrated sigmoid + threshold; outer_fold=25
2026-09-30T00:44:29.091124+00:00 | FINISH model=Logistic Regression; strategy=Calibrated sigmoid + threshold; outer_fold=25; elapsed_seconds=3.169
2026-09-30T00:44:29.092387+00:00 | START model=Logistic Regression; strategy=Calibrated sigmoid + threshold; outer_fold=26
2026-09-30T00:44:32.492698+00:00 | FINISH model=Logistic Regression; strategy=Calibrated sigmoid + threshold; outer_fold=26; elapsed_seconds=3.401
2026-09-30T00:44:32.493568+00:00 | START model=Logistic Regression; strategy=Calibrated sigmoid + threshold; outer_fold=27
2026-09-30T00:44:35.968786+00:00 | FINISH model=Logistic Regression; strategy=Calibrated sigmoid + threshold; outer_fold=27; elapsed_seconds=3.475
2026-09-30T00:44:35.969669+00:00 | START model=Logistic Regression; strategy=Calibrated sigmoid + threshold; outer_fold=28
2026-09-30T00:44:39.353052+00:00 | FINISH model=Logistic Regression; strategy=Calibrated sigmoid + threshold; outer_fold=28; elapsed_seconds=3.383
2026-09-30T00:44:39.353908+00:00 | START model=Logistic Regression; strategy=Calibrated sigmoid + threshold; outer_fold=29
2026-09-30T00:44:42.806188+00:00 | FINISH model=Logistic Regression; strategy=Calibrated sigmoid + threshold; outer_fold=29; elapsed_seconds=3.452
2026-09-30T00:44:42.806837+00:00 | START model=Logistic Regression; strategy=Calibrated sigmoid + threshold; outer_fold=30
2026-09-30T00:44:46.043468+00:00 | FINISH model=Logistic Regression; strategy=Calibrated sigmoid + threshold; outer_fold=30; elapsed_seconds=3.237
2026-09-30T00:44:46.044262+00:00 | START model=Logistic Regression; strategy=Calibrated sigmoid + threshold; outer_fold=31
2026-09-30T00:44:49.371917+00:00 | FINISH model=Logistic Regression; strategy=Calibrated sigmoid + threshold; outer_fold=31; elapsed_seconds=3.327
2026-09-30T00:44:49.372988+00:00 | START model=Logistic Regression; strategy=Calibrated sigmoid + threshold; outer_fold=32
2026-09-30T00:44:52.686291+00:00 | FINISH model=Logistic Regression; strategy=Calibrated sigmoid + threshold; outer_fold=32; elapsed_seconds=3.313
2026-09-30T00:44:52.687036+00:00 | START model=Logistic Regression; strategy=Calibrated sigmoid + threshold; outer_fold=33
2026-09-30T00:44:55.938158+00:00 | FINISH model=Logistic Regression; strategy=Calibrated sigmoid + threshold; outer_fold=33; elapsed_seconds=3.251
2026-09-30T00:44:55.939210+00:00 | START model=Logistic Regression; strategy=Calibrated sigmoid + threshold; outer_fold=34
2026-09-30T00:44:59.278316+00:00 | FINISH model=Logistic Regression; strategy=Calibrated sigmoid + threshold; outer_fold=34; elapsed_seconds=3.339
2026-09-30T00:44:59.278895+00:00 | START model=Logistic Regression; strategy=Calibrated sigmoid + threshold; outer_fold=35
2026-09-30T00:45:02.645983+00:00 | FINISH model=Logistic Regression; strategy=Calibrated sigmoid + threshold; outer_fold=35; elapsed_seconds=3.367
2026-09-30T00:45:02.646631+00:00 | START model=Logistic Regression; strategy=Calibrated sigmoid + threshold; outer_fold=36
2026-09-30T00:45:06.456169+00:00 | FINISH model=Logistic Regression; strategy=Calibrated sigmoid + threshold; outer_fold=36; elapsed_seconds=3.810
2026-09-30T00:45:06.457105+00:00 | START model=Logistic Regression; strategy=Calibrated sigmoid + threshold; outer_fold=37
2026-09-30T00:45:10.675978+00:00 | FINISH model=Logistic Regression; strategy=Calibrated sigmoid + threshold; outer_fold=37; elapsed_seconds=4.219
2026-09-30T00:45:10.676702+00:00 | START model=Logistic Regression; strategy=Calibrated sigmoid + threshold; outer_fold=38
2026-09-30T00:45:14.851492+00:00 | FINISH model=Logistic Regression; strategy=Calibrated sigmoid + threshold; outer_fold=38; elapsed_seconds=4.175
2026-09-30T00:45:14.852708+00:00 | START model=Logistic Regression; strategy=Calibrated sigmoid + threshold; outer_fold=39
2026-09-30T00:45:18.971640+00:00 | FINISH model=Logistic Regression; strategy=Calibrated sigmoid + threshold; outer_fold=39; elapsed_seconds=4.119
2026-09-30T00:45:18.972226+00:00 | START model=Logistic Regression; strategy=Calibrated sigmoid + threshold; outer_fold=40
2026-09-30T00:45:22.740690+00:00 | FINISH model=Logistic Regression; strategy=Calibrated sigmoid + threshold; outer_fold=40; elapsed_seconds=3.768
2026-09-30T00:45:22.741363+00:00 | START model=Logistic Regression; strategy=Calibrated sigmoid + threshold; outer_fold=41
2026-09-30T00:45:26.506947+00:00 | FINISH model=Logistic Regression; strategy=Calibrated sigmoid + threshold; outer_fold=41; elapsed_seconds=3.766
2026-09-30T00:45:26.507927+00:00 | START model=Logistic Regression; strategy=Calibrated sigmoid + threshold; outer_fold=42
2026-09-30T00:45:30.206040+00:00 | FINISH model=Logistic Regression; strategy=Calibrated sigmoid + threshold; outer_fold=42; elapsed_seconds=3.698
2026-09-30T00:45:30.206687+00:00 | START model=Logistic Regression; strategy=Calibrated sigmoid + threshold; outer_fold=43
2026-09-30T00:45:34.215028+00:00 | FINISH model=Logistic Regression; strategy=Calibrated sigmoid + threshold; outer_fold=43; elapsed_seconds=4.008
2026-09-30T00:45:34.215705+00:00 | START model=Logistic Regression; strategy=Calibrated sigmoid + threshold; outer_fold=44
2026-09-30T00:45:37.986895+00:00 | FINISH model=Logistic Regression; strategy=Calibrated sigmoid + threshold; outer_fold=44; elapsed_seconds=3.771
2026-09-30T00:45:37.987684+00:00 | START model=Logistic Regression; strategy=Calibrated sigmoid + threshold; outer_fold=45
2026-09-30T00:45:41.732696+00:00 | FINISH model=Logistic Regression; strategy=Calibrated sigmoid + threshold; outer_fold=45; elapsed_seconds=3.745
2026-09-30T00:45:41.733332+00:00 | START model=Logistic Regression; strategy=Calibrated sigmoid + threshold; outer_fold=46
2026-09-30T00:45:45.566110+00:00 | FINISH model=Logistic Regression; strategy=Calibrated sigmoid + threshold; outer_fold=46; elapsed_seconds=3.833
2026-09-30T00:45:45.566982+00:00 | START model=Logistic Regression; strategy=Calibrated sigmoid + threshold; outer_fold=47
2026-09-30T00:45:49.446770+00:00 | FINISH model=Logistic Regression; strategy=Calibrated sigmoid + threshold; outer_fold=47; elapsed_seconds=3.880
2026-09-30T00:45:49.447362+00:00 | START model=Logistic Regression; strategy=Calibrated sigmoid + threshold; outer_fold=48
2026-09-30T00:45:53.066558+00:00 | FINISH model=Logistic Regression; strategy=Calibrated sigmoid + threshold; outer_fold=48; elapsed_seconds=3.619
2026-09-30T00:45:53.067270+00:00 | START model=Logistic Regression; strategy=Calibrated sigmoid + threshold; outer_fold=49
2026-09-30T00:45:56.714930+00:00 | FINISH model=Logistic Regression; strategy=Calibrated sigmoid + threshold; outer_fold=49; elapsed_seconds=3.648
2026-09-30T00:45:56.721451+00:00 | SAVED_CONFIG model=Logistic Regression; strategy=Calibrated sigmoid + threshold; rows=300
2026-09-30T00:45:56.721955+00:00 | START model=Logistic Regression; strategy=Calibrated isotonic + threshold; outer_fold=0
2026-09-30T00:54:40.100710+00:00 | RUN_START quick_run=False; output=C:\Users\asus\OneDrive\Desktop\Research\Project\results
2026-09-30T00:54:40.206872+00:00 | SKIP model=Logistic Regression; strategy=No handling; outer_fold=0; checkpoint=unit_00_00_000.joblib
2026-09-30T00:54:40.226512+00:00 | SKIP model=Logistic Regression; strategy=No handling; outer_fold=1; checkpoint=unit_00_00_001.joblib
2026-09-30T00:54:40.247523+00:00 | SKIP model=Logistic Regression; strategy=No handling; outer_fold=2; checkpoint=unit_00_00_002.joblib
2026-09-30T00:54:40.273316+00:00 | SKIP model=Logistic Regression; strategy=No handling; outer_fold=3; checkpoint=unit_00_00_003.joblib
2026-09-30T00:54:40.295643+00:00 | SKIP model=Logistic Regression; strategy=No handling; outer_fold=4; checkpoint=unit_00_00_004.joblib
2026-09-30T00:54:40.317196+00:00 | SKIP model=Logistic Regression; strategy=No handling; outer_fold=5; checkpoint=unit_00_00_005.joblib
2026-09-30T00:54:40.337913+00:00 | SKIP model=Logistic Regression; strategy=No handling; outer_fold=6; checkpoint=unit_00_00_006.joblib
2026-09-30T00:54:40.349217+00:00 | SKIP model=Logistic Regression; strategy=No handling; outer_fold=7; checkpoint=unit_00_00_007.joblib
2026-09-30T00:54:40.371391+00:00 | SKIP model=Logistic Regression; strategy=No handling; outer_fold=8; checkpoint=unit_00_00_008.joblib
2026-09-30T00:54:40.396599+00:00 | SKIP model=Logistic Regression; strategy=No handling; outer_fold=9; checkpoint=unit_00_00_009.joblib
2026-09-30T00:54:40.418001+00:00 | SKIP model=Logistic Regression; strategy=No handling; outer_fold=10; checkpoint=unit_00_00_010.joblib
2026-09-30T00:54:40.437617+00:00 | SKIP model=Logistic Regression; strategy=No handling; outer_fold=11; checkpoint=unit_00_00_011.joblib
2026-09-30T00:54:40.460685+00:00 | SKIP model=Logistic Regression; strategy=No handling; outer_fold=12; checkpoint=unit_00_00_012.joblib
2026-09-30T00:54:40.484057+00:00 | SKIP model=Logistic Regression; strategy=No handling; outer_fold=13; checkpoint=unit_00_00_013.joblib
2026-09-30T00:54:40.509945+00:00 | SKIP model=Logistic Regression; strategy=No handling; outer_fold=14; checkpoint=unit_00_00_014.joblib
2026-09-30T00:54:40.534172+00:00 | SKIP model=Logistic Regression; strategy=No handling; outer_fold=15; checkpoint=unit_00_00_015.joblib
2026-09-30T00:54:40.557399+00:00 | SKIP model=Logistic Regression; strategy=No handling; outer_fold=16; checkpoint=unit_00_00_016.joblib
2026-09-30T00:54:40.593296+00:00 | SKIP model=Logistic Regression; strategy=No handling; outer_fold=17; checkpoint=unit_00_00_017.joblib
2026-09-30T00:54:40.619072+00:00 | SKIP model=Logistic Regression; strategy=No handling; outer_fold=18; checkpoint=unit_00_00_018.joblib
2026-09-30T00:54:40.643050+00:00 | SKIP model=Logistic Regression; strategy=No handling; outer_fold=19; checkpoint=unit_00_00_019.joblib
2026-09-30T00:54:40.673594+00:00 | SKIP model=Logistic Regression; strategy=No handling; outer_fold=20; checkpoint=unit_00_00_020.joblib
2026-09-30T00:54:40.697767+00:00 | SKIP model=Logistic Regression; strategy=No handling; outer_fold=21; checkpoint=unit_00_00_021.joblib
2026-09-30T00:54:40.722016+00:00 | SKIP model=Logistic Regression; strategy=No handling; outer_fold=22; checkpoint=unit_00_00_022.joblib
2026-09-30T00:54:40.747228+00:00 | SKIP model=Logistic Regression; strategy=No handling; outer_fold=23; checkpoint=unit_00_00_023.joblib
2026-09-30T00:54:40.773911+00:00 | SKIP model=Logistic Regression; strategy=No handling; outer_fold=24; checkpoint=unit_00_00_024.joblib
2026-09-30T00:54:40.802407+00:00 | SKIP model=Logistic Regression; strategy=No handling; outer_fold=25; checkpoint=unit_00_00_025.joblib
2026-09-30T00:54:40.827460+00:00 | SKIP model=Logistic Regression; strategy=No handling; outer_fold=26; checkpoint=unit_00_00_026.joblib
2026-09-30T00:54:40.852769+00:00 | SKIP model=Logistic Regression; strategy=No handling; outer_fold=27; checkpoint=unit_00_00_027.joblib
2026-09-30T00:54:40.879509+00:00 | SKIP model=Logistic Regression; strategy=No handling; outer_fold=28; checkpoint=unit_00_00_028.joblib
2026-09-30T00:54:40.906759+00:00 | SKIP model=Logistic Regression; strategy=No handling; outer_fold=29; checkpoint=unit_00_00_029.joblib
2026-09-30T00:54:40.923802+00:00 | SKIP model=Logistic Regression; strategy=No handling; outer_fold=30; checkpoint=unit_00_00_030.joblib
2026-09-30T00:54:40.945201+00:00 | SKIP model=Logistic Regression; strategy=No handling; outer_fold=31; checkpoint=unit_00_00_031.joblib
2026-09-30T00:54:40.959788+00:00 | SKIP model=Logistic Regression; strategy=No handling; outer_fold=32; checkpoint=unit_00_00_032.joblib
2026-09-30T00:54:40.977518+00:00 | SKIP model=Logistic Regression; strategy=No handling; outer_fold=33; checkpoint=unit_00_00_033.joblib
2026-09-30T00:54:40.993244+00:00 | SKIP model=Logistic Regression; strategy=No handling; outer_fold=34; checkpoint=unit_00_00_034.joblib
2026-09-30T00:54:41.007123+00:00 | SKIP model=Logistic Regression; strategy=No handling; outer_fold=35; checkpoint=unit_00_00_035.joblib
2026-09-30T00:54:41.023263+00:00 | SKIP model=Logistic Regression; strategy=No handling; outer_fold=36; checkpoint=unit_00_00_036.joblib
2026-09-30T00:54:41.046785+00:00 | SKIP model=Logistic Regression; strategy=No handling; outer_fold=37; checkpoint=unit_00_00_037.joblib
2026-09-30T00:54:41.068441+00:00 | SKIP model=Logistic Regression; strategy=No handling; outer_fold=38; checkpoint=unit_00_00_038.joblib
2026-09-30T00:54:41.094168+00:00 | SKIP model=Logistic Regression; strategy=No handling; outer_fold=39; checkpoint=unit_00_00_039.joblib
2026-09-30T00:54:41.121353+00:00 | SKIP model=Logistic Regression; strategy=No handling; outer_fold=40; checkpoint=unit_00_00_040.joblib
2026-09-30T00:54:41.142604+00:00 | SKIP model=Logistic Regression; strategy=No handling; outer_fold=41; checkpoint=unit_00_00_041.joblib
2026-09-30T00:54:41.162730+00:00 | SKIP model=Logistic Regression; strategy=No handling; outer_fold=42; checkpoint=unit_00_00_042.joblib
2026-09-30T00:54:41.214348+00:00 | SKIP model=Logistic Regression; strategy=No handling; outer_fold=43; checkpoint=unit_00_00_043.joblib
2026-09-30T00:54:41.239883+00:00 | SKIP model=Logistic Regression; strategy=No handling; outer_fold=44; checkpoint=unit_00_00_044.joblib
2026-09-30T00:54:41.264916+00:00 | SKIP model=Logistic Regression; strategy=No handling; outer_fold=45; checkpoint=unit_00_00_045.joblib
2026-09-30T00:54:41.287347+00:00 | SKIP model=Logistic Regression; strategy=No handling; outer_fold=46; checkpoint=unit_00_00_046.joblib
2026-09-30T00:54:41.308553+00:00 | SKIP model=Logistic Regression; strategy=No handling; outer_fold=47; checkpoint=unit_00_00_047.joblib
2026-09-30T00:54:41.314480+00:00 | SKIP model=Logistic Regression; strategy=No handling; outer_fold=48; checkpoint=unit_00_00_048.joblib
2026-09-30T00:54:41.333012+00:00 | SKIP model=Logistic Regression; strategy=No handling; outer_fold=49; checkpoint=unit_00_00_049.joblib
2026-09-30T00:54:41.340272+00:00 | SAVED_CONFIG model=Logistic Regression; strategy=No handling; rows=50
2026-09-30T00:54:41.356554+00:00 | SKIP model=Logistic Regression; strategy=Class weight; outer_fold=0; checkpoint=unit_00_01_000.joblib
2026-09-30T00:54:41.373383+00:00 | SKIP model=Logistic Regression; strategy=Class weight; outer_fold=1; checkpoint=unit_00_01_001.joblib
2026-09-30T00:54:41.396270+00:00 | SKIP model=Logistic Regression; strategy=Class weight; outer_fold=2; checkpoint=unit_00_01_002.joblib
2026-09-30T00:54:41.421897+00:00 | SKIP model=Logistic Regression; strategy=Class weight; outer_fold=3; checkpoint=unit_00_01_003.joblib
2026-09-30T00:54:41.440946+00:00 | SKIP model=Logistic Regression; strategy=Class weight; outer_fold=4; checkpoint=unit_00_01_004.joblib
2026-09-30T00:54:41.457033+00:00 | SKIP model=Logistic Regression; strategy=Class weight; outer_fold=5; checkpoint=unit_00_01_005.joblib
2026-09-30T00:54:41.471548+00:00 | SKIP model=Logistic Regression; strategy=Class weight; outer_fold=6; checkpoint=unit_00_01_006.joblib
2026-09-30T00:54:41.487817+00:00 | SKIP model=Logistic Regression; strategy=Class weight; outer_fold=7; checkpoint=unit_00_01_007.joblib
2026-09-30T00:54:41.506895+00:00 | SKIP model=Logistic Regression; strategy=Class weight; outer_fold=8; checkpoint=unit_00_01_008.joblib
2026-09-30T00:54:41.527734+00:00 | SKIP model=Logistic Regression; strategy=Class weight; outer_fold=9; checkpoint=unit_00_01_009.joblib
2026-09-30T00:54:41.538611+00:00 | SKIP model=Logistic Regression; strategy=Class weight; outer_fold=10; checkpoint=unit_00_01_010.joblib
2026-09-30T00:54:41.544632+00:00 | SKIP model=Logistic Regression; strategy=Class weight; outer_fold=11; checkpoint=unit_00_01_011.joblib
2026-09-30T00:54:41.558581+00:00 | SKIP model=Logistic Regression; strategy=Class weight; outer_fold=12; checkpoint=unit_00_01_012.joblib
2026-09-30T00:54:41.574074+00:00 | SKIP model=Logistic Regression; strategy=Class weight; outer_fold=13; checkpoint=unit_00_01_013.joblib
2026-09-30T00:54:41.594114+00:00 | SKIP model=Logistic Regression; strategy=Class weight; outer_fold=14; checkpoint=unit_00_01_014.joblib
2026-09-30T00:54:41.616460+00:00 | SKIP model=Logistic Regression; strategy=Class weight; outer_fold=15; checkpoint=unit_00_01_015.joblib
2026-09-30T00:54:41.638444+00:00 | SKIP model=Logistic Regression; strategy=Class weight; outer_fold=16; checkpoint=unit_00_01_016.joblib
2026-09-30T00:54:41.658990+00:00 | SKIP model=Logistic Regression; strategy=Class weight; outer_fold=17; checkpoint=unit_00_01_017.joblib
2026-09-30T00:54:41.681039+00:00 | SKIP model=Logistic Regression; strategy=Class weight; outer_fold=18; checkpoint=unit_00_01_018.joblib
2026-09-30T00:54:41.700367+00:00 | SKIP model=Logistic Regression; strategy=Class weight; outer_fold=19; checkpoint=unit_00_01_019.joblib
2026-09-30T00:54:41.724050+00:00 | SKIP model=Logistic Regression; strategy=Class weight; outer_fold=20; checkpoint=unit_00_01_020.joblib
2026-09-30T00:54:41.755429+00:00 | SKIP model=Logistic Regression; strategy=Class weight; outer_fold=21; checkpoint=unit_00_01_021.joblib
2026-09-30T00:54:41.775742+00:00 | SKIP model=Logistic Regression; strategy=Class weight; outer_fold=22; checkpoint=unit_00_01_022.joblib
2026-09-30T00:54:41.796826+00:00 | SKIP model=Logistic Regression; strategy=Class weight; outer_fold=23; checkpoint=unit_00_01_023.joblib
2026-09-30T00:54:41.824886+00:00 | SKIP model=Logistic Regression; strategy=Class weight; outer_fold=24; checkpoint=unit_00_01_024.joblib
2026-09-30T00:54:41.847659+00:00 | SKIP model=Logistic Regression; strategy=Class weight; outer_fold=25; checkpoint=unit_00_01_025.joblib
2026-09-30T00:54:41.875949+00:00 | SKIP model=Logistic Regression; strategy=Class weight; outer_fold=26; checkpoint=unit_00_01_026.joblib
2026-09-30T00:54:41.900276+00:00 | SKIP model=Logistic Regression; strategy=Class weight; outer_fold=27; checkpoint=unit_00_01_027.joblib
2026-09-30T00:54:41.924826+00:00 | SKIP model=Logistic Regression; strategy=Class weight; outer_fold=28; checkpoint=unit_00_01_028.joblib
2026-09-30T00:54:41.946405+00:00 | SKIP model=Logistic Regression; strategy=Class weight; outer_fold=29; checkpoint=unit_00_01_029.joblib
2026-09-30T00:54:41.966963+00:00 | SKIP model=Logistic Regression; strategy=Class weight; outer_fold=30; checkpoint=unit_00_01_030.joblib
2026-09-30T00:54:42.005977+00:00 | SKIP model=Logistic Regression; strategy=Class weight; outer_fold=31; checkpoint=unit_00_01_031.joblib
2026-09-30T00:54:42.020637+00:00 | SKIP model=Logistic Regression; strategy=Class weight; outer_fold=32; checkpoint=unit_00_01_032.joblib
2026-09-30T00:54:42.035976+00:00 | SKIP model=Logistic Regression; strategy=Class weight; outer_fold=33; checkpoint=unit_00_01_033.joblib
2026-09-30T00:54:42.052180+00:00 | SKIP model=Logistic Regression; strategy=Class weight; outer_fold=34; checkpoint=unit_00_01_034.joblib
2026-09-30T00:54:42.072920+00:00 | SKIP model=Logistic Regression; strategy=Class weight; outer_fold=35; checkpoint=unit_00_01_035.joblib
2026-09-30T00:54:42.090923+00:00 | SKIP model=Logistic Regression; strategy=Class weight; outer_fold=36; checkpoint=unit_00_01_036.joblib
2026-09-30T00:54:42.108913+00:00 | SKIP model=Logistic Regression; strategy=Class weight; outer_fold=37; checkpoint=unit_00_01_037.joblib
2026-09-30T00:54:42.128723+00:00 | SKIP model=Logistic Regression; strategy=Class weight; outer_fold=38; checkpoint=unit_00_01_038.joblib
2026-09-30T00:54:42.159165+00:00 | SKIP model=Logistic Regression; strategy=Class weight; outer_fold=39; checkpoint=unit_00_01_039.joblib
2026-09-30T00:54:42.181971+00:00 | SKIP model=Logistic Regression; strategy=Class weight; outer_fold=40; checkpoint=unit_00_01_040.joblib
2026-09-30T00:54:42.207601+00:00 | SKIP model=Logistic Regression; strategy=Class weight; outer_fold=41; checkpoint=unit_00_01_041.joblib
2026-09-30T00:54:42.238315+00:00 | SKIP model=Logistic Regression; strategy=Class weight; outer_fold=42; checkpoint=unit_00_01_042.joblib
2026-09-30T00:54:42.261711+00:00 | SKIP model=Logistic Regression; strategy=Class weight; outer_fold=43; checkpoint=unit_00_01_043.joblib
2026-09-30T00:54:42.281726+00:00 | SKIP model=Logistic Regression; strategy=Class weight; outer_fold=44; checkpoint=unit_00_01_044.joblib
2026-09-30T00:54:42.303027+00:00 | SKIP model=Logistic Regression; strategy=Class weight; outer_fold=45; checkpoint=unit_00_01_045.joblib
2026-09-30T00:54:42.326639+00:00 | SKIP model=Logistic Regression; strategy=Class weight; outer_fold=46; checkpoint=unit_00_01_046.joblib
2026-09-30T00:54:42.353077+00:00 | SKIP model=Logistic Regression; strategy=Class weight; outer_fold=47; checkpoint=unit_00_01_047.joblib
2026-09-30T00:54:42.377484+00:00 | SKIP model=Logistic Regression; strategy=Class weight; outer_fold=48; checkpoint=unit_00_01_048.joblib
2026-09-30T00:54:42.400779+00:00 | SKIP model=Logistic Regression; strategy=Class weight; outer_fold=49; checkpoint=unit_00_01_049.joblib
2026-09-30T00:54:42.410411+00:00 | SAVED_CONFIG model=Logistic Regression; strategy=Class weight; rows=100
2026-09-30T00:54:42.424300+00:00 | SKIP model=Logistic Regression; strategy=SMOTE-NC; outer_fold=0; checkpoint=unit_00_02_000.joblib
2026-09-30T00:54:42.446937+00:00 | SKIP model=Logistic Regression; strategy=SMOTE-NC; outer_fold=1; checkpoint=unit_00_02_001.joblib
2026-09-30T00:54:42.463541+00:00 | SKIP model=Logistic Regression; strategy=SMOTE-NC; outer_fold=2; checkpoint=unit_00_02_002.joblib
2026-09-30T00:54:42.488668+00:00 | SKIP model=Logistic Regression; strategy=SMOTE-NC; outer_fold=3; checkpoint=unit_00_02_003.joblib
2026-09-30T00:54:42.503660+00:00 | SKIP model=Logistic Regression; strategy=SMOTE-NC; outer_fold=4; checkpoint=unit_00_02_004.joblib
2026-09-30T00:54:42.516153+00:00 | SKIP model=Logistic Regression; strategy=SMOTE-NC; outer_fold=5; checkpoint=unit_00_02_005.joblib
2026-09-30T00:54:42.535798+00:00 | SKIP model=Logistic Regression; strategy=SMOTE-NC; outer_fold=6; checkpoint=unit_00_02_006.joblib
2026-09-30T00:54:42.555388+00:00 | SKIP model=Logistic Regression; strategy=SMOTE-NC; outer_fold=7; checkpoint=unit_00_02_007.joblib
2026-09-30T00:54:42.571179+00:00 | SKIP model=Logistic Regression; strategy=SMOTE-NC; outer_fold=8; checkpoint=unit_00_02_008.joblib
2026-09-30T00:54:42.595276+00:00 | SKIP model=Logistic Regression; strategy=SMOTE-NC; outer_fold=9; checkpoint=unit_00_02_009.joblib
2026-09-30T00:54:42.615525+00:00 | SKIP model=Logistic Regression; strategy=SMOTE-NC; outer_fold=10; checkpoint=unit_00_02_010.joblib
2026-09-30T00:54:42.640151+00:00 | SKIP model=Logistic Regression; strategy=SMOTE-NC; outer_fold=11; checkpoint=unit_00_02_011.joblib
2026-09-30T00:54:42.661282+00:00 | SKIP model=Logistic Regression; strategy=SMOTE-NC; outer_fold=12; checkpoint=unit_00_02_012.joblib
2026-09-30T00:54:42.676342+00:00 | SKIP model=Logistic Regression; strategy=SMOTE-NC; outer_fold=13; checkpoint=unit_00_02_013.joblib
2026-09-30T00:54:42.692429+00:00 | SKIP model=Logistic Regression; strategy=SMOTE-NC; outer_fold=14; checkpoint=unit_00_02_014.joblib
2026-09-30T00:54:42.708729+00:00 | SKIP model=Logistic Regression; strategy=SMOTE-NC; outer_fold=15; checkpoint=unit_00_02_015.joblib
2026-09-30T00:54:42.717723+00:00 | SKIP model=Logistic Regression; strategy=SMOTE-NC; outer_fold=16; checkpoint=unit_00_02_016.joblib
2026-09-30T00:54:42.736616+00:00 | SKIP model=Logistic Regression; strategy=SMOTE-NC; outer_fold=17; checkpoint=unit_00_02_017.joblib
2026-09-30T00:54:42.755272+00:00 | SKIP model=Logistic Regression; strategy=SMOTE-NC; outer_fold=18; checkpoint=unit_00_02_018.joblib
2026-09-30T00:54:42.772732+00:00 | SKIP model=Logistic Regression; strategy=SMOTE-NC; outer_fold=19; checkpoint=unit_00_02_019.joblib
2026-09-30T00:54:42.797665+00:00 | SKIP model=Logistic Regression; strategy=SMOTE-NC; outer_fold=20; checkpoint=unit_00_02_020.joblib
2026-09-30T00:54:42.817722+00:00 | SKIP model=Logistic Regression; strategy=SMOTE-NC; outer_fold=21; checkpoint=unit_00_02_021.joblib
2026-09-30T00:54:42.837584+00:00 | SKIP model=Logistic Regression; strategy=SMOTE-NC; outer_fold=22; checkpoint=unit_00_02_022.joblib
2026-09-30T00:54:42.856112+00:00 | SKIP model=Logistic Regression; strategy=SMOTE-NC; outer_fold=23; checkpoint=unit_00_02_023.joblib
2026-09-30T00:54:42.869677+00:00 | SKIP model=Logistic Regression; strategy=SMOTE-NC; outer_fold=24; checkpoint=unit_00_02_024.joblib
2026-09-30T00:54:42.879400+00:00 | SKIP model=Logistic Regression; strategy=SMOTE-NC; outer_fold=25; checkpoint=unit_00_02_025.joblib
2026-09-30T00:54:42.898596+00:00 | SKIP model=Logistic Regression; strategy=SMOTE-NC; outer_fold=26; checkpoint=unit_00_02_026.joblib
2026-09-30T00:54:42.918841+00:00 | SKIP model=Logistic Regression; strategy=SMOTE-NC; outer_fold=27; checkpoint=unit_00_02_027.joblib
2026-09-30T00:54:42.925736+00:00 | SKIP model=Logistic Regression; strategy=SMOTE-NC; outer_fold=28; checkpoint=unit_00_02_028.joblib
2026-09-30T00:54:42.940770+00:00 | SKIP model=Logistic Regression; strategy=SMOTE-NC; outer_fold=29; checkpoint=unit_00_02_029.joblib
2026-09-30T00:54:42.957487+00:00 | SKIP model=Logistic Regression; strategy=SMOTE-NC; outer_fold=30; checkpoint=unit_00_02_030.joblib
2026-09-30T00:54:42.974569+00:00 | SKIP model=Logistic Regression; strategy=SMOTE-NC; outer_fold=31; checkpoint=unit_00_02_031.joblib
2026-09-30T00:54:42.988274+00:00 | SKIP model=Logistic Regression; strategy=SMOTE-NC; outer_fold=32; checkpoint=unit_00_02_032.joblib
2026-09-30T00:54:43.010352+00:00 | SKIP model=Logistic Regression; strategy=SMOTE-NC; outer_fold=33; checkpoint=unit_00_02_033.joblib
2026-09-30T00:54:43.017816+00:00 | SKIP model=Logistic Regression; strategy=SMOTE-NC; outer_fold=34; checkpoint=unit_00_02_034.joblib
2026-09-30T00:54:43.034281+00:00 | SKIP model=Logistic Regression; strategy=SMOTE-NC; outer_fold=35; checkpoint=unit_00_02_035.joblib
2026-09-30T00:54:43.053364+00:00 | SKIP model=Logistic Regression; strategy=SMOTE-NC; outer_fold=36; checkpoint=unit_00_02_036.joblib
2026-09-30T00:54:43.068511+00:00 | SKIP model=Logistic Regression; strategy=SMOTE-NC; outer_fold=37; checkpoint=unit_00_02_037.joblib
2026-09-30T00:54:43.085096+00:00 | SKIP model=Logistic Regression; strategy=SMOTE-NC; outer_fold=38; checkpoint=unit_00_02_038.joblib
2026-09-30T00:54:43.106480+00:00 | SKIP model=Logistic Regression; strategy=SMOTE-NC; outer_fold=39; checkpoint=unit_00_02_039.joblib
2026-09-30T00:54:43.128154+00:00 | SKIP model=Logistic Regression; strategy=SMOTE-NC; outer_fold=40; checkpoint=unit_00_02_040.joblib
2026-09-30T00:54:43.144040+00:00 | SKIP model=Logistic Regression; strategy=SMOTE-NC; outer_fold=41; checkpoint=unit_00_02_041.joblib
2026-09-30T00:54:43.160250+00:00 | SKIP model=Logistic Regression; strategy=SMOTE-NC; outer_fold=42; checkpoint=unit_00_02_042.joblib
2026-09-30T00:54:43.185204+00:00 | SKIP model=Logistic Regression; strategy=SMOTE-NC; outer_fold=43; checkpoint=unit_00_02_043.joblib
2026-09-30T00:54:43.205790+00:00 | SKIP model=Logistic Regression; strategy=SMOTE-NC; outer_fold=44; checkpoint=unit_00_02_044.joblib
2026-09-30T00:54:43.234972+00:00 | SKIP model=Logistic Regression; strategy=SMOTE-NC; outer_fold=45; checkpoint=unit_00_02_045.joblib
2026-09-30T00:54:43.252220+00:00 | SKIP model=Logistic Regression; strategy=SMOTE-NC; outer_fold=46; checkpoint=unit_00_02_046.joblib
2026-09-30T00:54:43.268433+00:00 | SKIP model=Logistic Regression; strategy=SMOTE-NC; outer_fold=47; checkpoint=unit_00_02_047.joblib
2026-09-30T00:54:43.290042+00:00 | SKIP model=Logistic Regression; strategy=SMOTE-NC; outer_fold=48; checkpoint=unit_00_02_048.joblib
2026-09-30T00:54:43.301852+00:00 | SKIP model=Logistic Regression; strategy=SMOTE-NC; outer_fold=49; checkpoint=unit_00_02_049.joblib
2026-09-30T00:54:43.306526+00:00 | SAVED_CONFIG model=Logistic Regression; strategy=SMOTE-NC; rows=150
2026-09-30T00:54:43.325637+00:00 | SKIP model=Logistic Regression; strategy=Random undersampling; outer_fold=0; checkpoint=unit_00_03_000.joblib
2026-09-30T00:54:43.340752+00:00 | SKIP model=Logistic Regression; strategy=Random undersampling; outer_fold=1; checkpoint=unit_00_03_001.joblib
2026-09-30T00:54:43.363131+00:00 | SKIP model=Logistic Regression; strategy=Random undersampling; outer_fold=2; checkpoint=unit_00_03_002.joblib
2026-09-30T00:54:43.379613+00:00 | SKIP model=Logistic Regression; strategy=Random undersampling; outer_fold=3; checkpoint=unit_00_03_003.joblib
2026-09-30T00:54:43.389261+00:00 | SKIP model=Logistic Regression; strategy=Random undersampling; outer_fold=4; checkpoint=unit_00_03_004.joblib
2026-09-30T00:54:43.412214+00:00 | SKIP model=Logistic Regression; strategy=Random undersampling; outer_fold=5; checkpoint=unit_00_03_005.joblib
2026-09-30T00:54:43.429975+00:00 | SKIP model=Logistic Regression; strategy=Random undersampling; outer_fold=6; checkpoint=unit_00_03_006.joblib
2026-09-30T00:54:43.445190+00:00 | SKIP model=Logistic Regression; strategy=Random undersampling; outer_fold=7; checkpoint=unit_00_03_007.joblib
2026-09-30T00:54:43.465373+00:00 | SKIP model=Logistic Regression; strategy=Random undersampling; outer_fold=8; checkpoint=unit_00_03_008.joblib
2026-09-30T00:54:43.480972+00:00 | SKIP model=Logistic Regression; strategy=Random undersampling; outer_fold=9; checkpoint=unit_00_03_009.joblib
2026-09-30T00:54:43.503586+00:00 | SKIP model=Logistic Regression; strategy=Random undersampling; outer_fold=10; checkpoint=unit_00_03_010.joblib
2026-09-30T00:54:43.529605+00:00 | SKIP model=Logistic Regression; strategy=Random undersampling; outer_fold=11; checkpoint=unit_00_03_011.joblib
2026-09-30T00:54:43.555126+00:00 | SKIP model=Logistic Regression; strategy=Random undersampling; outer_fold=12; checkpoint=unit_00_03_012.joblib
2026-09-30T00:54:43.580144+00:00 | SKIP model=Logistic Regression; strategy=Random undersampling; outer_fold=13; checkpoint=unit_00_03_013.joblib
2026-09-30T00:54:43.603486+00:00 | SKIP model=Logistic Regression; strategy=Random undersampling; outer_fold=14; checkpoint=unit_00_03_014.joblib
2026-09-30T00:54:43.629262+00:00 | SKIP model=Logistic Regression; strategy=Random undersampling; outer_fold=15; checkpoint=unit_00_03_015.joblib
2026-09-30T00:54:43.654177+00:00 | SKIP model=Logistic Regression; strategy=Random undersampling; outer_fold=16; checkpoint=unit_00_03_016.joblib
2026-09-30T00:54:43.675829+00:00 | SKIP model=Logistic Regression; strategy=Random undersampling; outer_fold=17; checkpoint=unit_00_03_017.joblib
2026-09-30T00:54:43.697869+00:00 | SKIP model=Logistic Regression; strategy=Random undersampling; outer_fold=18; checkpoint=unit_00_03_018.joblib
2026-09-30T00:54:43.723436+00:00 | SKIP model=Logistic Regression; strategy=Random undersampling; outer_fold=19; checkpoint=unit_00_03_019.joblib
2026-09-30T00:54:43.747142+00:00 | SKIP model=Logistic Regression; strategy=Random undersampling; outer_fold=20; checkpoint=unit_00_03_020.joblib
2026-09-30T00:54:43.776985+00:00 | SKIP model=Logistic Regression; strategy=Random undersampling; outer_fold=21; checkpoint=unit_00_03_021.joblib
2026-09-30T00:54:43.799968+00:00 | SKIP model=Logistic Regression; strategy=Random undersampling; outer_fold=22; checkpoint=unit_00_03_022.joblib
2026-09-30T00:54:43.825134+00:00 | SKIP model=Logistic Regression; strategy=Random undersampling; outer_fold=23; checkpoint=unit_00_03_023.joblib
2026-09-30T00:54:43.849232+00:00 | SKIP model=Logistic Regression; strategy=Random undersampling; outer_fold=24; checkpoint=unit_00_03_024.joblib
2026-09-30T00:54:43.870109+00:00 | SKIP model=Logistic Regression; strategy=Random undersampling; outer_fold=25; checkpoint=unit_00_03_025.joblib
2026-09-30T00:54:43.892488+00:00 | SKIP model=Logistic Regression; strategy=Random undersampling; outer_fold=26; checkpoint=unit_00_03_026.joblib
2026-09-30T00:54:43.918125+00:00 | SKIP model=Logistic Regression; strategy=Random undersampling; outer_fold=27; checkpoint=unit_00_03_027.joblib
2026-09-30T00:54:43.944020+00:00 | SKIP model=Logistic Regression; strategy=Random undersampling; outer_fold=28; checkpoint=unit_00_03_028.joblib
2026-09-30T00:54:43.969149+00:00 | SKIP model=Logistic Regression; strategy=Random undersampling; outer_fold=29; checkpoint=unit_00_03_029.joblib
2026-09-30T00:54:43.988704+00:00 | SKIP model=Logistic Regression; strategy=Random undersampling; outer_fold=30; checkpoint=unit_00_03_030.joblib
2026-09-30T00:54:44.013788+00:00 | SKIP model=Logistic Regression; strategy=Random undersampling; outer_fold=31; checkpoint=unit_00_03_031.joblib
2026-09-30T00:54:44.035373+00:00 | SKIP model=Logistic Regression; strategy=Random undersampling; outer_fold=32; checkpoint=unit_00_03_032.joblib
2026-09-30T00:54:44.058120+00:00 | SKIP model=Logistic Regression; strategy=Random undersampling; outer_fold=33; checkpoint=unit_00_03_033.joblib
2026-09-30T00:54:44.084852+00:00 | SKIP model=Logistic Regression; strategy=Random undersampling; outer_fold=34; checkpoint=unit_00_03_034.joblib
2026-09-30T00:54:44.099961+00:00 | SKIP model=Logistic Regression; strategy=Random undersampling; outer_fold=35; checkpoint=unit_00_03_035.joblib
2026-09-30T00:54:44.124962+00:00 | SKIP model=Logistic Regression; strategy=Random undersampling; outer_fold=36; checkpoint=unit_00_03_036.joblib
2026-09-30T00:54:44.147416+00:00 | SKIP model=Logistic Regression; strategy=Random undersampling; outer_fold=37; checkpoint=unit_00_03_037.joblib
2026-09-30T00:54:44.168655+00:00 | SKIP model=Logistic Regression; strategy=Random undersampling; outer_fold=38; checkpoint=unit_00_03_038.joblib
2026-09-30T00:54:44.191189+00:00 | SKIP model=Logistic Regression; strategy=Random undersampling; outer_fold=39; checkpoint=unit_00_03_039.joblib
2026-09-30T00:54:44.216102+00:00 | SKIP model=Logistic Regression; strategy=Random undersampling; outer_fold=40; checkpoint=unit_00_03_040.joblib
2026-09-30T00:54:44.240054+00:00 | SKIP model=Logistic Regression; strategy=Random undersampling; outer_fold=41; checkpoint=unit_00_03_041.joblib
2026-09-30T00:54:44.266575+00:00 | SKIP model=Logistic Regression; strategy=Random undersampling; outer_fold=42; checkpoint=unit_00_03_042.joblib
2026-09-30T00:54:44.288275+00:00 | SKIP model=Logistic Regression; strategy=Random undersampling; outer_fold=43; checkpoint=unit_00_03_043.joblib
2026-09-30T00:54:44.308428+00:00 | SKIP model=Logistic Regression; strategy=Random undersampling; outer_fold=44; checkpoint=unit_00_03_044.joblib
2026-09-30T00:54:44.334933+00:00 | SKIP model=Logistic Regression; strategy=Random undersampling; outer_fold=45; checkpoint=unit_00_03_045.joblib
2026-09-30T00:54:44.357073+00:00 | SKIP model=Logistic Regression; strategy=Random undersampling; outer_fold=46; checkpoint=unit_00_03_046.joblib
2026-09-30T00:54:44.380532+00:00 | SKIP model=Logistic Regression; strategy=Random undersampling; outer_fold=47; checkpoint=unit_00_03_047.joblib
2026-09-30T00:54:44.411434+00:00 | SKIP model=Logistic Regression; strategy=Random undersampling; outer_fold=48; checkpoint=unit_00_03_048.joblib
2026-09-30T00:54:44.436168+00:00 | SKIP model=Logistic Regression; strategy=Random undersampling; outer_fold=49; checkpoint=unit_00_03_049.joblib
2026-09-30T00:54:44.450708+00:00 | SAVED_CONFIG model=Logistic Regression; strategy=Random undersampling; rows=200
2026-09-30T00:54:44.461686+00:00 | SKIP model=Logistic Regression; strategy=Threshold tuning; outer_fold=0; checkpoint=unit_00_04_000.joblib
2026-09-30T00:54:44.484154+00:00 | SKIP model=Logistic Regression; strategy=Threshold tuning; outer_fold=1; checkpoint=unit_00_04_001.joblib
2026-09-30T00:54:44.507116+00:00 | SKIP model=Logistic Regression; strategy=Threshold tuning; outer_fold=2; checkpoint=unit_00_04_002.joblib
2026-09-30T00:54:44.529805+00:00 | SKIP model=Logistic Regression; strategy=Threshold tuning; outer_fold=3; checkpoint=unit_00_04_003.joblib
2026-09-30T00:54:44.554382+00:00 | SKIP model=Logistic Regression; strategy=Threshold tuning; outer_fold=4; checkpoint=unit_00_04_004.joblib
2026-09-30T00:54:44.576849+00:00 | SKIP model=Logistic Regression; strategy=Threshold tuning; outer_fold=5; checkpoint=unit_00_04_005.joblib
2026-09-30T00:54:44.600699+00:00 | SKIP model=Logistic Regression; strategy=Threshold tuning; outer_fold=6; checkpoint=unit_00_04_006.joblib
2026-09-30T00:54:44.622367+00:00 | SKIP model=Logistic Regression; strategy=Threshold tuning; outer_fold=7; checkpoint=unit_00_04_007.joblib
2026-09-30T00:54:44.646923+00:00 | SKIP model=Logistic Regression; strategy=Threshold tuning; outer_fold=8; checkpoint=unit_00_04_008.joblib
2026-09-30T00:54:44.674939+00:00 | SKIP model=Logistic Regression; strategy=Threshold tuning; outer_fold=9; checkpoint=unit_00_04_009.joblib
2026-09-30T00:54:44.699789+00:00 | SKIP model=Logistic Regression; strategy=Threshold tuning; outer_fold=10; checkpoint=unit_00_04_010.joblib
2026-09-30T00:54:44.725001+00:00 | SKIP model=Logistic Regression; strategy=Threshold tuning; outer_fold=11; checkpoint=unit_00_04_011.joblib
2026-09-30T00:54:44.748167+00:00 | SKIP model=Logistic Regression; strategy=Threshold tuning; outer_fold=12; checkpoint=unit_00_04_012.joblib
2026-09-30T00:54:44.773757+00:00 | SKIP model=Logistic Regression; strategy=Threshold tuning; outer_fold=13; checkpoint=unit_00_04_013.joblib
2026-09-30T00:54:44.800356+00:00 | SKIP model=Logistic Regression; strategy=Threshold tuning; outer_fold=14; checkpoint=unit_00_04_014.joblib
2026-09-30T00:54:44.825969+00:00 | SKIP model=Logistic Regression; strategy=Threshold tuning; outer_fold=15; checkpoint=unit_00_04_015.joblib
2026-09-30T00:54:44.848948+00:00 | SKIP model=Logistic Regression; strategy=Threshold tuning; outer_fold=16; checkpoint=unit_00_04_016.joblib
2026-09-30T00:54:44.874592+00:00 | SKIP model=Logistic Regression; strategy=Threshold tuning; outer_fold=17; checkpoint=unit_00_04_017.joblib
2026-09-30T00:54:44.899005+00:00 | SKIP model=Logistic Regression; strategy=Threshold tuning; outer_fold=18; checkpoint=unit_00_04_018.joblib
2026-09-30T00:54:44.922362+00:00 | SKIP model=Logistic Regression; strategy=Threshold tuning; outer_fold=19; checkpoint=unit_00_04_019.joblib
2026-09-30T00:54:44.944556+00:00 | SKIP model=Logistic Regression; strategy=Threshold tuning; outer_fold=20; checkpoint=unit_00_04_020.joblib
2026-09-30T00:54:44.969994+00:00 | SKIP model=Logistic Regression; strategy=Threshold tuning; outer_fold=21; checkpoint=unit_00_04_021.joblib
2026-09-30T00:54:44.994723+00:00 | SKIP model=Logistic Regression; strategy=Threshold tuning; outer_fold=22; checkpoint=unit_00_04_022.joblib
2026-09-30T00:54:45.011484+00:00 | SKIP model=Logistic Regression; strategy=Threshold tuning; outer_fold=23; checkpoint=unit_00_04_023.joblib
2026-09-30T00:54:45.025185+00:00 | SKIP model=Logistic Regression; strategy=Threshold tuning; outer_fold=24; checkpoint=unit_00_04_024.joblib
2026-09-30T00:54:45.039632+00:00 | SKIP model=Logistic Regression; strategy=Threshold tuning; outer_fold=25; checkpoint=unit_00_04_025.joblib
2026-09-30T00:54:45.053135+00:00 | SKIP model=Logistic Regression; strategy=Threshold tuning; outer_fold=26; checkpoint=unit_00_04_026.joblib
2026-09-30T00:54:45.072359+00:00 | SKIP model=Logistic Regression; strategy=Threshold tuning; outer_fold=27; checkpoint=unit_00_04_027.joblib
2026-09-30T00:54:45.091738+00:00 | SKIP model=Logistic Regression; strategy=Threshold tuning; outer_fold=28; checkpoint=unit_00_04_028.joblib
2026-09-30T00:54:45.115245+00:00 | SKIP model=Logistic Regression; strategy=Threshold tuning; outer_fold=29; checkpoint=unit_00_04_029.joblib
2026-09-30T00:54:45.139879+00:00 | SKIP model=Logistic Regression; strategy=Threshold tuning; outer_fold=30; checkpoint=unit_00_04_030.joblib
2026-09-30T00:54:45.159203+00:00 | SKIP model=Logistic Regression; strategy=Threshold tuning; outer_fold=31; checkpoint=unit_00_04_031.joblib
2026-09-30T00:54:45.178631+00:00 | SKIP model=Logistic Regression; strategy=Threshold tuning; outer_fold=32; checkpoint=unit_00_04_032.joblib
2026-09-30T00:54:45.200677+00:00 | SKIP model=Logistic Regression; strategy=Threshold tuning; outer_fold=33; checkpoint=unit_00_04_033.joblib
2026-09-30T00:54:45.221157+00:00 | SKIP model=Logistic Regression; strategy=Threshold tuning; outer_fold=34; checkpoint=unit_00_04_034.joblib
2026-09-30T00:54:45.246956+00:00 | SKIP model=Logistic Regression; strategy=Threshold tuning; outer_fold=35; checkpoint=unit_00_04_035.joblib
2026-09-30T00:54:45.266935+00:00 | SKIP model=Logistic Regression; strategy=Threshold tuning; outer_fold=36; checkpoint=unit_00_04_036.joblib
2026-09-30T00:54:45.290024+00:00 | SKIP model=Logistic Regression; strategy=Threshold tuning; outer_fold=37; checkpoint=unit_00_04_037.joblib
2026-09-30T00:54:45.319395+00:00 | SKIP model=Logistic Regression; strategy=Threshold tuning; outer_fold=38; checkpoint=unit_00_04_038.joblib
2026-09-30T00:54:45.343655+00:00 | SKIP model=Logistic Regression; strategy=Threshold tuning; outer_fold=39; checkpoint=unit_00_04_039.joblib
2026-09-30T00:54:45.371025+00:00 | SKIP model=Logistic Regression; strategy=Threshold tuning; outer_fold=40; checkpoint=unit_00_04_040.joblib
2026-09-30T00:54:45.394895+00:00 | SKIP model=Logistic Regression; strategy=Threshold tuning; outer_fold=41; checkpoint=unit_00_04_041.joblib
2026-09-30T00:54:45.421346+00:00 | SKIP model=Logistic Regression; strategy=Threshold tuning; outer_fold=42; checkpoint=unit_00_04_042.joblib
2026-09-30T00:54:45.445486+00:00 | SKIP model=Logistic Regression; strategy=Threshold tuning; outer_fold=43; checkpoint=unit_00_04_043.joblib
2026-09-30T00:54:45.469820+00:00 | SKIP model=Logistic Regression; strategy=Threshold tuning; outer_fold=44; checkpoint=unit_00_04_044.joblib
2026-09-30T00:54:45.495863+00:00 | SKIP model=Logistic Regression; strategy=Threshold tuning; outer_fold=45; checkpoint=unit_00_04_045.joblib
2026-09-30T00:54:45.523323+00:00 | SKIP model=Logistic Regression; strategy=Threshold tuning; outer_fold=46; checkpoint=unit_00_04_046.joblib
2026-09-30T00:54:45.549135+00:00 | SKIP model=Logistic Regression; strategy=Threshold tuning; outer_fold=47; checkpoint=unit_00_04_047.joblib
2026-09-30T00:54:45.573208+00:00 | SKIP model=Logistic Regression; strategy=Threshold tuning; outer_fold=48; checkpoint=unit_00_04_048.joblib
2026-09-30T00:54:45.596864+00:00 | SKIP model=Logistic Regression; strategy=Threshold tuning; outer_fold=49; checkpoint=unit_00_04_049.joblib
2026-09-30T00:54:45.616483+00:00 | SAVED_CONFIG model=Logistic Regression; strategy=Threshold tuning; rows=250
2026-09-30T00:54:45.633899+00:00 | SKIP model=Logistic Regression; strategy=Calibrated sigmoid + threshold; outer_fold=0; checkpoint=unit_00_05_000.joblib
2026-09-30T00:54:45.655963+00:00 | SKIP model=Logistic Regression; strategy=Calibrated sigmoid + threshold; outer_fold=1; checkpoint=unit_00_05_001.joblib
2026-09-30T00:54:45.679939+00:00 | SKIP model=Logistic Regression; strategy=Calibrated sigmoid + threshold; outer_fold=2; checkpoint=unit_00_05_002.joblib
2026-09-30T00:54:45.706907+00:00 | SKIP model=Logistic Regression; strategy=Calibrated sigmoid + threshold; outer_fold=3; checkpoint=unit_00_05_003.joblib
2026-09-30T00:54:45.733724+00:00 | SKIP model=Logistic Regression; strategy=Calibrated sigmoid + threshold; outer_fold=4; checkpoint=unit_00_05_004.joblib
2026-09-30T00:54:45.763074+00:00 | SKIP model=Logistic Regression; strategy=Calibrated sigmoid + threshold; outer_fold=5; checkpoint=unit_00_05_005.joblib
2026-09-30T00:54:45.788603+00:00 | SKIP model=Logistic Regression; strategy=Calibrated sigmoid + threshold; outer_fold=6; checkpoint=unit_00_05_006.joblib
2026-09-30T00:54:45.815009+00:00 | SKIP model=Logistic Regression; strategy=Calibrated sigmoid + threshold; outer_fold=7; checkpoint=unit_00_05_007.joblib
2026-09-30T00:54:45.847838+00:00 | SKIP model=Logistic Regression; strategy=Calibrated sigmoid + threshold; outer_fold=8; checkpoint=unit_00_05_008.joblib
2026-09-30T00:54:45.874688+00:00 | SKIP model=Logistic Regression; strategy=Calibrated sigmoid + threshold; outer_fold=9; checkpoint=unit_00_05_009.joblib
2026-09-30T00:54:45.900876+00:00 | SKIP model=Logistic Regression; strategy=Calibrated sigmoid + threshold; outer_fold=10; checkpoint=unit_00_05_010.joblib
2026-09-30T00:54:45.923192+00:00 | SKIP model=Logistic Regression; strategy=Calibrated sigmoid + threshold; outer_fold=11; checkpoint=unit_00_05_011.joblib
2026-09-30T00:54:45.946237+00:00 | SKIP model=Logistic Regression; strategy=Calibrated sigmoid + threshold; outer_fold=12; checkpoint=unit_00_05_012.joblib
2026-09-30T00:54:45.971629+00:00 | SKIP model=Logistic Regression; strategy=Calibrated sigmoid + threshold; outer_fold=13; checkpoint=unit_00_05_013.joblib
2026-09-30T00:54:45.991961+00:00 | SKIP model=Logistic Regression; strategy=Calibrated sigmoid + threshold; outer_fold=14; checkpoint=unit_00_05_014.joblib
2026-09-30T00:54:46.009861+00:00 | SKIP model=Logistic Regression; strategy=Calibrated sigmoid + threshold; outer_fold=15; checkpoint=unit_00_05_015.joblib
2026-09-30T00:54:46.027475+00:00 | SKIP model=Logistic Regression; strategy=Calibrated sigmoid + threshold; outer_fold=16; checkpoint=unit_00_05_016.joblib
2026-09-30T00:54:46.044208+00:00 | SKIP model=Logistic Regression; strategy=Calibrated sigmoid + threshold; outer_fold=17; checkpoint=unit_00_05_017.joblib
2026-09-30T00:54:46.052348+00:00 | SKIP model=Logistic Regression; strategy=Calibrated sigmoid + threshold; outer_fold=18; checkpoint=unit_00_05_018.joblib
2026-09-30T00:54:46.072811+00:00 | SKIP model=Logistic Regression; strategy=Calibrated sigmoid + threshold; outer_fold=19; checkpoint=unit_00_05_019.joblib
2026-09-30T00:54:46.088053+00:00 | SKIP model=Logistic Regression; strategy=Calibrated sigmoid + threshold; outer_fold=20; checkpoint=unit_00_05_020.joblib
2026-09-30T00:54:46.099697+00:00 | SKIP model=Logistic Regression; strategy=Calibrated sigmoid + threshold; outer_fold=21; checkpoint=unit_00_05_021.joblib
2026-09-30T00:54:46.121801+00:00 | SKIP model=Logistic Regression; strategy=Calibrated sigmoid + threshold; outer_fold=22; checkpoint=unit_00_05_022.joblib
2026-09-30T00:54:46.138888+00:00 | SKIP model=Logistic Regression; strategy=Calibrated sigmoid + threshold; outer_fold=23; checkpoint=unit_00_05_023.joblib
2026-09-30T00:54:46.156944+00:00 | SKIP model=Logistic Regression; strategy=Calibrated sigmoid + threshold; outer_fold=24; checkpoint=unit_00_05_024.joblib
2026-09-30T00:54:46.176661+00:00 | SKIP model=Logistic Regression; strategy=Calibrated sigmoid + threshold; outer_fold=25; checkpoint=unit_00_05_025.joblib
2026-09-30T00:54:46.197495+00:00 | SKIP model=Logistic Regression; strategy=Calibrated sigmoid + threshold; outer_fold=26; checkpoint=unit_00_05_026.joblib
2026-09-30T00:54:46.229760+00:00 | SKIP model=Logistic Regression; strategy=Calibrated sigmoid + threshold; outer_fold=27; checkpoint=unit_00_05_027.joblib
2026-09-30T00:54:46.256514+00:00 | SKIP model=Logistic Regression; strategy=Calibrated sigmoid + threshold; outer_fold=28; checkpoint=unit_00_05_028.joblib
2026-09-30T00:54:46.282121+00:00 | SKIP model=Logistic Regression; strategy=Calibrated sigmoid + threshold; outer_fold=29; checkpoint=unit_00_05_029.joblib
2026-09-30T00:54:46.306809+00:00 | SKIP model=Logistic Regression; strategy=Calibrated sigmoid + threshold; outer_fold=30; checkpoint=unit_00_05_030.joblib
2026-09-30T00:54:46.316545+00:00 | SKIP model=Logistic Regression; strategy=Calibrated sigmoid + threshold; outer_fold=31; checkpoint=unit_00_05_031.joblib
2026-09-30T00:54:46.337578+00:00 | SKIP model=Logistic Regression; strategy=Calibrated sigmoid + threshold; outer_fold=32; checkpoint=unit_00_05_032.joblib
2026-09-30T00:54:46.355901+00:00 | SKIP model=Logistic Regression; strategy=Calibrated sigmoid + threshold; outer_fold=33; checkpoint=unit_00_05_033.joblib
2026-09-30T00:54:46.375239+00:00 | SKIP model=Logistic Regression; strategy=Calibrated sigmoid + threshold; outer_fold=34; checkpoint=unit_00_05_034.joblib
2026-09-30T00:54:46.398821+00:00 | SKIP model=Logistic Regression; strategy=Calibrated sigmoid + threshold; outer_fold=35; checkpoint=unit_00_05_035.joblib
2026-09-30T00:54:46.420234+00:00 | SKIP model=Logistic Regression; strategy=Calibrated sigmoid + threshold; outer_fold=36; checkpoint=unit_00_05_036.joblib
2026-09-30T00:54:46.441901+00:00 | SKIP model=Logistic Regression; strategy=Calibrated sigmoid + threshold; outer_fold=37; checkpoint=unit_00_05_037.joblib
2026-09-30T00:54:46.468777+00:00 | SKIP model=Logistic Regression; strategy=Calibrated sigmoid + threshold; outer_fold=38; checkpoint=unit_00_05_038.joblib
2026-09-30T00:54:46.489329+00:00 | SKIP model=Logistic Regression; strategy=Calibrated sigmoid + threshold; outer_fold=39; checkpoint=unit_00_05_039.joblib
2026-09-30T00:54:46.510681+00:00 | SKIP model=Logistic Regression; strategy=Calibrated sigmoid + threshold; outer_fold=40; checkpoint=unit_00_05_040.joblib
2026-09-30T00:54:46.535777+00:00 | SKIP model=Logistic Regression; strategy=Calibrated sigmoid + threshold; outer_fold=41; checkpoint=unit_00_05_041.joblib
2026-09-30T00:54:46.556173+00:00 | SKIP model=Logistic Regression; strategy=Calibrated sigmoid + threshold; outer_fold=42; checkpoint=unit_00_05_042.joblib
2026-09-30T00:54:46.578920+00:00 | SKIP model=Logistic Regression; strategy=Calibrated sigmoid + threshold; outer_fold=43; checkpoint=unit_00_05_043.joblib
2026-09-30T00:54:46.601726+00:00 | SKIP model=Logistic Regression; strategy=Calibrated sigmoid + threshold; outer_fold=44; checkpoint=unit_00_05_044.joblib
2026-09-30T00:54:46.622337+00:00 | SKIP model=Logistic Regression; strategy=Calibrated sigmoid + threshold; outer_fold=45; checkpoint=unit_00_05_045.joblib
2026-09-30T00:54:46.646608+00:00 | SKIP model=Logistic Regression; strategy=Calibrated sigmoid + threshold; outer_fold=46; checkpoint=unit_00_05_046.joblib
2026-09-30T00:54:46.678678+00:00 | SKIP model=Logistic Regression; strategy=Calibrated sigmoid + threshold; outer_fold=47; checkpoint=unit_00_05_047.joblib
2026-09-30T00:54:46.694661+00:00 | SKIP model=Logistic Regression; strategy=Calibrated sigmoid + threshold; outer_fold=48; checkpoint=unit_00_05_048.joblib
2026-09-30T00:54:46.714060+00:00 | SKIP model=Logistic Regression; strategy=Calibrated sigmoid + threshold; outer_fold=49; checkpoint=unit_00_05_049.joblib
2026-09-30T00:54:46.721612+00:00 | SAVED_CONFIG model=Logistic Regression; strategy=Calibrated sigmoid + threshold; rows=300
2026-09-30T00:54:46.721920+00:00 | START model=Logistic Regression; strategy=Calibrated isotonic + threshold; outer_fold=0
2026-09-30T00:54:54.392230+00:00 | FINISH model=Logistic Regression; strategy=Calibrated isotonic + threshold; outer_fold=0; elapsed_seconds=7.670
2026-09-30T00:54:54.392554+00:00 | START model=Logistic Regression; strategy=Calibrated isotonic + threshold; outer_fold=1
2026-09-30T00:54:57.305622+00:00 | FINISH model=Logistic Regression; strategy=Calibrated isotonic + threshold; outer_fold=1; elapsed_seconds=2.913
2026-09-30T00:54:57.306129+00:00 | START model=Logistic Regression; strategy=Calibrated isotonic + threshold; outer_fold=2
2026-09-30T00:55:00.182100+00:00 | FINISH model=Logistic Regression; strategy=Calibrated isotonic + threshold; outer_fold=2; elapsed_seconds=2.876
2026-09-30T00:55:00.182502+00:00 | START model=Logistic Regression; strategy=Calibrated isotonic + threshold; outer_fold=3
2026-09-30T00:55:03.175872+00:00 | FINISH model=Logistic Regression; strategy=Calibrated isotonic + threshold; outer_fold=3; elapsed_seconds=2.993
2026-09-30T00:55:03.176602+00:00 | START model=Logistic Regression; strategy=Calibrated isotonic + threshold; outer_fold=4
2026-09-30T00:55:06.045710+00:00 | FINISH model=Logistic Regression; strategy=Calibrated isotonic + threshold; outer_fold=4; elapsed_seconds=2.869
2026-09-30T00:55:06.047304+00:00 | START model=Logistic Regression; strategy=Calibrated isotonic + threshold; outer_fold=5
2026-09-30T00:55:08.771494+00:00 | FINISH model=Logistic Regression; strategy=Calibrated isotonic + threshold; outer_fold=5; elapsed_seconds=2.724
2026-09-30T00:55:08.771916+00:00 | START model=Logistic Regression; strategy=Calibrated isotonic + threshold; outer_fold=6
2026-09-30T00:55:11.532325+00:00 | FINISH model=Logistic Regression; strategy=Calibrated isotonic + threshold; outer_fold=6; elapsed_seconds=2.760
2026-09-30T00:55:11.532757+00:00 | START model=Logistic Regression; strategy=Calibrated isotonic + threshold; outer_fold=7
2026-09-30T00:55:14.282818+00:00 | FINISH model=Logistic Regression; strategy=Calibrated isotonic + threshold; outer_fold=7; elapsed_seconds=2.750
2026-09-30T00:55:14.283168+00:00 | START model=Logistic Regression; strategy=Calibrated isotonic + threshold; outer_fold=8
2026-09-30T00:55:17.055411+00:00 | FINISH model=Logistic Regression; strategy=Calibrated isotonic + threshold; outer_fold=8; elapsed_seconds=2.772
2026-09-30T00:55:17.056057+00:00 | START model=Logistic Regression; strategy=Calibrated isotonic + threshold; outer_fold=9
2026-09-30T00:55:19.755490+00:00 | FINISH model=Logistic Regression; strategy=Calibrated isotonic + threshold; outer_fold=9; elapsed_seconds=2.699
2026-09-30T00:55:19.755919+00:00 | START model=Logistic Regression; strategy=Calibrated isotonic + threshold; outer_fold=10
2026-09-30T00:55:22.520219+00:00 | FINISH model=Logistic Regression; strategy=Calibrated isotonic + threshold; outer_fold=10; elapsed_seconds=2.764
2026-09-30T00:55:22.521124+00:00 | START model=Logistic Regression; strategy=Calibrated isotonic + threshold; outer_fold=11
2026-09-30T00:55:25.256675+00:00 | FINISH model=Logistic Regression; strategy=Calibrated isotonic + threshold; outer_fold=11; elapsed_seconds=2.736
2026-09-30T00:55:25.257021+00:00 | START model=Logistic Regression; strategy=Calibrated isotonic + threshold; outer_fold=12
2026-09-30T00:55:28.057939+00:00 | FINISH model=Logistic Regression; strategy=Calibrated isotonic + threshold; outer_fold=12; elapsed_seconds=2.801
2026-09-30T00:55:28.058315+00:00 | START model=Logistic Regression; strategy=Calibrated isotonic + threshold; outer_fold=13
2026-09-30T00:55:30.735189+00:00 | FINISH model=Logistic Regression; strategy=Calibrated isotonic + threshold; outer_fold=13; elapsed_seconds=2.677
2026-09-30T00:55:30.735502+00:00 | START model=Logistic Regression; strategy=Calibrated isotonic + threshold; outer_fold=14
2026-09-30T00:55:33.556955+00:00 | FINISH model=Logistic Regression; strategy=Calibrated isotonic + threshold; outer_fold=14; elapsed_seconds=2.821
2026-09-30T00:55:33.557376+00:00 | START model=Logistic Regression; strategy=Calibrated isotonic + threshold; outer_fold=15
2026-09-30T00:55:36.201957+00:00 | FINISH model=Logistic Regression; strategy=Calibrated isotonic + threshold; outer_fold=15; elapsed_seconds=2.645
2026-09-30T00:55:36.202228+00:00 | START model=Logistic Regression; strategy=Calibrated isotonic + threshold; outer_fold=16
2026-09-30T00:55:38.929354+00:00 | FINISH model=Logistic Regression; strategy=Calibrated isotonic + threshold; outer_fold=16; elapsed_seconds=2.727
2026-09-30T00:55:38.930138+00:00 | START model=Logistic Regression; strategy=Calibrated isotonic + threshold; outer_fold=17
2026-09-30T00:55:42.130643+00:00 | FINISH model=Logistic Regression; strategy=Calibrated isotonic + threshold; outer_fold=17; elapsed_seconds=3.200
2026-09-30T00:55:42.131430+00:00 | START model=Logistic Regression; strategy=Calibrated isotonic + threshold; outer_fold=18
2026-09-30T00:55:45.358389+00:00 | FINISH model=Logistic Regression; strategy=Calibrated isotonic + threshold; outer_fold=18; elapsed_seconds=3.227
2026-09-30T00:55:45.359084+00:00 | START model=Logistic Regression; strategy=Calibrated isotonic + threshold; outer_fold=19
2026-09-30T00:55:48.526465+00:00 | FINISH model=Logistic Regression; strategy=Calibrated isotonic + threshold; outer_fold=19; elapsed_seconds=3.167
2026-09-30T00:55:48.527142+00:00 | START model=Logistic Regression; strategy=Calibrated isotonic + threshold; outer_fold=20
2026-09-30T00:55:51.750743+00:00 | FINISH model=Logistic Regression; strategy=Calibrated isotonic + threshold; outer_fold=20; elapsed_seconds=3.224
2026-09-30T00:55:51.751414+00:00 | START model=Logistic Regression; strategy=Calibrated isotonic + threshold; outer_fold=21
2026-09-30T00:55:54.973628+00:00 | FINISH model=Logistic Regression; strategy=Calibrated isotonic + threshold; outer_fold=21; elapsed_seconds=3.222
2026-09-30T00:55:54.974326+00:00 | START model=Logistic Regression; strategy=Calibrated isotonic + threshold; outer_fold=22
2026-09-30T00:55:58.217889+00:00 | FINISH model=Logistic Regression; strategy=Calibrated isotonic + threshold; outer_fold=22; elapsed_seconds=3.243
2026-09-30T00:55:58.218901+00:00 | START model=Logistic Regression; strategy=Calibrated isotonic + threshold; outer_fold=23
2026-09-30T00:56:01.435795+00:00 | FINISH model=Logistic Regression; strategy=Calibrated isotonic + threshold; outer_fold=23; elapsed_seconds=3.217
2026-09-30T00:56:01.436507+00:00 | START model=Logistic Regression; strategy=Calibrated isotonic + threshold; outer_fold=24
2026-09-30T00:56:04.783790+00:00 | FINISH model=Logistic Regression; strategy=Calibrated isotonic + threshold; outer_fold=24; elapsed_seconds=3.347
2026-09-30T00:56:04.784549+00:00 | START model=Logistic Regression; strategy=Calibrated isotonic + threshold; outer_fold=25
2026-09-30T00:56:07.951916+00:00 | FINISH model=Logistic Regression; strategy=Calibrated isotonic + threshold; outer_fold=25; elapsed_seconds=3.167
2026-09-30T00:56:07.952681+00:00 | START model=Logistic Regression; strategy=Calibrated isotonic + threshold; outer_fold=26
2026-09-30T00:56:11.239216+00:00 | FINISH model=Logistic Regression; strategy=Calibrated isotonic + threshold; outer_fold=26; elapsed_seconds=3.286
2026-09-30T00:56:11.240187+00:00 | START model=Logistic Regression; strategy=Calibrated isotonic + threshold; outer_fold=27
2026-09-30T00:56:14.477195+00:00 | FINISH model=Logistic Regression; strategy=Calibrated isotonic + threshold; outer_fold=27; elapsed_seconds=3.237
2026-09-30T00:56:14.477901+00:00 | START model=Logistic Regression; strategy=Calibrated isotonic + threshold; outer_fold=28
2026-09-30T00:56:17.681730+00:00 | FINISH model=Logistic Regression; strategy=Calibrated isotonic + threshold; outer_fold=28; elapsed_seconds=3.204
2026-09-30T00:56:17.682501+00:00 | START model=Logistic Regression; strategy=Calibrated isotonic + threshold; outer_fold=29
2026-09-30T00:56:20.856878+00:00 | FINISH model=Logistic Regression; strategy=Calibrated isotonic + threshold; outer_fold=29; elapsed_seconds=3.175
2026-09-30T00:56:20.857550+00:00 | START model=Logistic Regression; strategy=Calibrated isotonic + threshold; outer_fold=30
2026-09-30T00:56:24.075717+00:00 | FINISH model=Logistic Regression; strategy=Calibrated isotonic + threshold; outer_fold=30; elapsed_seconds=3.218
2026-09-30T00:56:24.076334+00:00 | START model=Logistic Regression; strategy=Calibrated isotonic + threshold; outer_fold=31
2026-09-30T00:56:27.248750+00:00 | FINISH model=Logistic Regression; strategy=Calibrated isotonic + threshold; outer_fold=31; elapsed_seconds=3.172
2026-09-30T00:56:27.249366+00:00 | START model=Logistic Regression; strategy=Calibrated isotonic + threshold; outer_fold=32
2026-09-30T00:56:30.505801+00:00 | FINISH model=Logistic Regression; strategy=Calibrated isotonic + threshold; outer_fold=32; elapsed_seconds=3.256
2026-09-30T00:56:30.506601+00:00 | START model=Logistic Regression; strategy=Calibrated isotonic + threshold; outer_fold=33
2026-09-30T00:56:33.868292+00:00 | FINISH model=Logistic Regression; strategy=Calibrated isotonic + threshold; outer_fold=33; elapsed_seconds=3.362
2026-09-30T00:56:33.870092+00:00 | START model=Logistic Regression; strategy=Calibrated isotonic + threshold; outer_fold=34
2026-09-30T00:56:37.054302+00:00 | FINISH model=Logistic Regression; strategy=Calibrated isotonic + threshold; outer_fold=34; elapsed_seconds=3.184
2026-09-30T00:56:37.055138+00:00 | START model=Logistic Regression; strategy=Calibrated isotonic + threshold; outer_fold=35
2026-09-30T00:56:40.249554+00:00 | FINISH model=Logistic Regression; strategy=Calibrated isotonic + threshold; outer_fold=35; elapsed_seconds=3.194
2026-09-30T00:56:40.250392+00:00 | START model=Logistic Regression; strategy=Calibrated isotonic + threshold; outer_fold=36
2026-09-30T00:56:43.383085+00:00 | FINISH model=Logistic Regression; strategy=Calibrated isotonic + threshold; outer_fold=36; elapsed_seconds=3.133
2026-09-30T00:56:43.383866+00:00 | START model=Logistic Regression; strategy=Calibrated isotonic + threshold; outer_fold=37
2026-09-30T00:56:46.576280+00:00 | FINISH model=Logistic Regression; strategy=Calibrated isotonic + threshold; outer_fold=37; elapsed_seconds=3.192
2026-09-30T00:56:46.576976+00:00 | START model=Logistic Regression; strategy=Calibrated isotonic + threshold; outer_fold=38
2026-09-30T00:56:49.791128+00:00 | FINISH model=Logistic Regression; strategy=Calibrated isotonic + threshold; outer_fold=38; elapsed_seconds=3.214
2026-09-30T00:56:49.791712+00:00 | START model=Logistic Regression; strategy=Calibrated isotonic + threshold; outer_fold=39
2026-09-30T00:56:53.125014+00:00 | FINISH model=Logistic Regression; strategy=Calibrated isotonic + threshold; outer_fold=39; elapsed_seconds=3.333
2026-09-30T00:56:53.125603+00:00 | START model=Logistic Regression; strategy=Calibrated isotonic + threshold; outer_fold=40
2026-09-30T00:56:56.515984+00:00 | FINISH model=Logistic Regression; strategy=Calibrated isotonic + threshold; outer_fold=40; elapsed_seconds=3.390
2026-09-30T00:56:56.516789+00:00 | START model=Logistic Regression; strategy=Calibrated isotonic + threshold; outer_fold=41
2026-09-30T00:56:59.820229+00:00 | FINISH model=Logistic Regression; strategy=Calibrated isotonic + threshold; outer_fold=41; elapsed_seconds=3.304
2026-09-30T00:56:59.820885+00:00 | START model=Logistic Regression; strategy=Calibrated isotonic + threshold; outer_fold=42
2026-09-30T00:57:03.172833+00:00 | FINISH model=Logistic Regression; strategy=Calibrated isotonic + threshold; outer_fold=42; elapsed_seconds=3.352
2026-09-30T00:57:03.173592+00:00 | START model=Logistic Regression; strategy=Calibrated isotonic + threshold; outer_fold=43
2026-09-30T00:57:06.484880+00:00 | FINISH model=Logistic Regression; strategy=Calibrated isotonic + threshold; outer_fold=43; elapsed_seconds=3.311
2026-09-30T00:57:06.485710+00:00 | START model=Logistic Regression; strategy=Calibrated isotonic + threshold; outer_fold=44
2026-09-30T00:57:09.724021+00:00 | FINISH model=Logistic Regression; strategy=Calibrated isotonic + threshold; outer_fold=44; elapsed_seconds=3.238
2026-09-30T00:57:09.724677+00:00 | START model=Logistic Regression; strategy=Calibrated isotonic + threshold; outer_fold=45
2026-09-30T00:57:13.025392+00:00 | FINISH model=Logistic Regression; strategy=Calibrated isotonic + threshold; outer_fold=45; elapsed_seconds=3.301
2026-09-30T00:57:13.025996+00:00 | START model=Logistic Regression; strategy=Calibrated isotonic + threshold; outer_fold=46
2026-09-30T00:57:16.250999+00:00 | FINISH model=Logistic Regression; strategy=Calibrated isotonic + threshold; outer_fold=46; elapsed_seconds=3.225
2026-09-30T00:57:16.251761+00:00 | START model=Logistic Regression; strategy=Calibrated isotonic + threshold; outer_fold=47
2026-09-30T00:57:19.579266+00:00 | FINISH model=Logistic Regression; strategy=Calibrated isotonic + threshold; outer_fold=47; elapsed_seconds=3.328
2026-09-30T00:57:19.580031+00:00 | START model=Logistic Regression; strategy=Calibrated isotonic + threshold; outer_fold=48
2026-09-30T00:57:22.949915+00:00 | FINISH model=Logistic Regression; strategy=Calibrated isotonic + threshold; outer_fold=48; elapsed_seconds=3.370
2026-09-30T00:57:22.950602+00:00 | START model=Logistic Regression; strategy=Calibrated isotonic + threshold; outer_fold=49
2026-09-30T00:57:26.323198+00:00 | FINISH model=Logistic Regression; strategy=Calibrated isotonic + threshold; outer_fold=49; elapsed_seconds=3.373
2026-09-30T00:57:26.330952+00:00 | SAVED_CONFIG model=Logistic Regression; strategy=Calibrated isotonic + threshold; rows=350
2026-09-30T00:57:26.331338+00:00 | START model=Random Forest; strategy=No handling; outer_fold=0
2026-09-30T00:57:30.851610+00:00 | FINISH model=Random Forest; strategy=No handling; outer_fold=0; elapsed_seconds=4.520
2026-09-30T00:57:30.852311+00:00 | START model=Random Forest; strategy=No handling; outer_fold=1
2026-09-30T00:57:35.337213+00:00 | FINISH model=Random Forest; strategy=No handling; outer_fold=1; elapsed_seconds=4.485
2026-09-30T00:57:35.337865+00:00 | START model=Random Forest; strategy=No handling; outer_fold=2
2026-09-30T00:57:39.313396+00:00 | FINISH model=Random Forest; strategy=No handling; outer_fold=2; elapsed_seconds=3.976
2026-09-30T00:57:39.313973+00:00 | START model=Random Forest; strategy=No handling; outer_fold=3
2026-09-30T00:57:43.458574+00:00 | FINISH model=Random Forest; strategy=No handling; outer_fold=3; elapsed_seconds=4.145
2026-09-30T00:57:43.459445+00:00 | START model=Random Forest; strategy=No handling; outer_fold=4
2026-09-30T00:57:47.226773+00:00 | FINISH model=Random Forest; strategy=No handling; outer_fold=4; elapsed_seconds=3.767
2026-09-30T00:57:47.227388+00:00 | START model=Random Forest; strategy=No handling; outer_fold=5
2026-09-30T00:57:51.208334+00:00 | FINISH model=Random Forest; strategy=No handling; outer_fold=5; elapsed_seconds=3.981
2026-09-30T00:57:51.208936+00:00 | START model=Random Forest; strategy=No handling; outer_fold=6
2026-09-30T00:57:55.445039+00:00 | FINISH model=Random Forest; strategy=No handling; outer_fold=6; elapsed_seconds=4.236
2026-09-30T00:57:55.445839+00:00 | START model=Random Forest; strategy=No handling; outer_fold=7
2026-09-30T00:57:59.759802+00:00 | FINISH model=Random Forest; strategy=No handling; outer_fold=7; elapsed_seconds=4.314
2026-09-30T00:57:59.760518+00:00 | START model=Random Forest; strategy=No handling; outer_fold=8
2026-09-30T00:58:04.111734+00:00 | FINISH model=Random Forest; strategy=No handling; outer_fold=8; elapsed_seconds=4.351
2026-09-30T00:58:04.112404+00:00 | START model=Random Forest; strategy=No handling; outer_fold=9
2026-09-30T00:58:08.791551+00:00 | FINISH model=Random Forest; strategy=No handling; outer_fold=9; elapsed_seconds=4.679
2026-09-30T00:58:08.793338+00:00 | START model=Random Forest; strategy=No handling; outer_fold=10
2026-09-30T00:58:18.357930+00:00 | FINISH model=Random Forest; strategy=No handling; outer_fold=10; elapsed_seconds=9.565
2026-09-30T00:58:18.361479+00:00 | START model=Random Forest; strategy=No handling; outer_fold=11
2026-09-30T00:58:22.147043+00:00 | FINISH model=Random Forest; strategy=No handling; outer_fold=11; elapsed_seconds=3.786
2026-09-30T00:58:22.147553+00:00 | START model=Random Forest; strategy=No handling; outer_fold=12
2026-09-30T00:58:25.632782+00:00 | FINISH model=Random Forest; strategy=No handling; outer_fold=12; elapsed_seconds=3.485
2026-09-30T00:58:25.633729+00:00 | START model=Random Forest; strategy=No handling; outer_fold=13
2026-09-30T00:58:29.348698+00:00 | FINISH model=Random Forest; strategy=No handling; outer_fold=13; elapsed_seconds=3.715
2026-09-30T00:58:29.349165+00:00 | START model=Random Forest; strategy=No handling; outer_fold=14
2026-09-30T00:58:33.389402+00:00 | FINISH model=Random Forest; strategy=No handling; outer_fold=14; elapsed_seconds=4.040
2026-09-30T00:58:33.389979+00:00 | START model=Random Forest; strategy=No handling; outer_fold=15
2026-09-30T00:58:38.248836+00:00 | FINISH model=Random Forest; strategy=No handling; outer_fold=15; elapsed_seconds=4.859
2026-09-30T00:58:38.249294+00:00 | START model=Random Forest; strategy=No handling; outer_fold=16
2026-09-30T00:58:42.549654+00:00 | FINISH model=Random Forest; strategy=No handling; outer_fold=16; elapsed_seconds=4.300
2026-09-30T00:58:42.550505+00:00 | START model=Random Forest; strategy=No handling; outer_fold=17
2026-09-30T00:58:47.469848+00:00 | FINISH model=Random Forest; strategy=No handling; outer_fold=17; elapsed_seconds=4.919
2026-09-30T00:58:47.470413+00:00 | START model=Random Forest; strategy=No handling; outer_fold=18
2026-09-30T00:58:51.569975+00:00 | FINISH model=Random Forest; strategy=No handling; outer_fold=18; elapsed_seconds=4.099
2026-09-30T00:58:51.570700+00:00 | START model=Random Forest; strategy=No handling; outer_fold=19
2026-09-30T00:58:56.417073+00:00 | FINISH model=Random Forest; strategy=No handling; outer_fold=19; elapsed_seconds=4.846
2026-09-30T00:58:56.417837+00:00 | START model=Random Forest; strategy=No handling; outer_fold=20
2026-09-30T00:59:00.610670+00:00 | FINISH model=Random Forest; strategy=No handling; outer_fold=20; elapsed_seconds=4.193
2026-09-30T00:59:00.611214+00:00 | START model=Random Forest; strategy=No handling; outer_fold=21
2026-09-30T00:59:04.900239+00:00 | FINISH model=Random Forest; strategy=No handling; outer_fold=21; elapsed_seconds=4.289
2026-09-30T00:59:04.900817+00:00 | START model=Random Forest; strategy=No handling; outer_fold=22
2026-09-30T00:59:09.135492+00:00 | FINISH model=Random Forest; strategy=No handling; outer_fold=22; elapsed_seconds=4.235
2026-09-30T00:59:09.135891+00:00 | START model=Random Forest; strategy=No handling; outer_fold=23
2026-09-30T00:59:13.528495+00:00 | FINISH model=Random Forest; strategy=No handling; outer_fold=23; elapsed_seconds=4.393
2026-09-30T00:59:13.529028+00:00 | START model=Random Forest; strategy=No handling; outer_fold=24
2026-09-30T00:59:17.883546+00:00 | FINISH model=Random Forest; strategy=No handling; outer_fold=24; elapsed_seconds=4.354
2026-09-30T00:59:17.884010+00:00 | START model=Random Forest; strategy=No handling; outer_fold=25
2026-09-30T00:59:22.311826+00:00 | FINISH model=Random Forest; strategy=No handling; outer_fold=25; elapsed_seconds=4.428
2026-09-30T00:59:22.312402+00:00 | START model=Random Forest; strategy=No handling; outer_fold=26
2026-09-30T00:59:26.649327+00:00 | FINISH model=Random Forest; strategy=No handling; outer_fold=26; elapsed_seconds=4.337
2026-09-30T00:59:26.649792+00:00 | START model=Random Forest; strategy=No handling; outer_fold=27
2026-09-30T00:59:31.438029+00:00 | FINISH model=Random Forest; strategy=No handling; outer_fold=27; elapsed_seconds=4.788
2026-09-30T00:59:31.438504+00:00 | START model=Random Forest; strategy=No handling; outer_fold=28
2026-09-30T00:59:36.047052+00:00 | FINISH model=Random Forest; strategy=No handling; outer_fold=28; elapsed_seconds=4.609
2026-09-30T00:59:36.047604+00:00 | START model=Random Forest; strategy=No handling; outer_fold=29
2026-09-30T00:59:40.902314+00:00 | FINISH model=Random Forest; strategy=No handling; outer_fold=29; elapsed_seconds=4.855
2026-09-30T00:59:40.902700+00:00 | START model=Random Forest; strategy=No handling; outer_fold=30
2026-09-30T00:59:45.601172+00:00 | FINISH model=Random Forest; strategy=No handling; outer_fold=30; elapsed_seconds=4.698
2026-09-30T00:59:45.601722+00:00 | START model=Random Forest; strategy=No handling; outer_fold=31
2026-09-30T00:59:49.867531+00:00 | FINISH model=Random Forest; strategy=No handling; outer_fold=31; elapsed_seconds=4.266
2026-09-30T00:59:49.868009+00:00 | START model=Random Forest; strategy=No handling; outer_fold=32
2026-09-30T00:59:53.950421+00:00 | FINISH model=Random Forest; strategy=No handling; outer_fold=32; elapsed_seconds=4.082
2026-09-30T00:59:53.951405+00:00 | START model=Random Forest; strategy=No handling; outer_fold=33
2026-09-30T00:59:58.100408+00:00 | FINISH model=Random Forest; strategy=No handling; outer_fold=33; elapsed_seconds=4.149
2026-09-30T00:59:58.100803+00:00 | START model=Random Forest; strategy=No handling; outer_fold=34
2026-09-30T01:00:02.667063+00:00 | FINISH model=Random Forest; strategy=No handling; outer_fold=34; elapsed_seconds=4.566
2026-09-30T01:00:02.667692+00:00 | START model=Random Forest; strategy=No handling; outer_fold=35
2026-09-30T01:00:06.968171+00:00 | FINISH model=Random Forest; strategy=No handling; outer_fold=35; elapsed_seconds=4.300
2026-09-30T01:00:06.968649+00:00 | START model=Random Forest; strategy=No handling; outer_fold=36
2026-09-30T01:00:11.501147+00:00 | FINISH model=Random Forest; strategy=No handling; outer_fold=36; elapsed_seconds=4.532
2026-09-30T01:00:11.501670+00:00 | START model=Random Forest; strategy=No handling; outer_fold=37
2026-09-30T01:00:15.493998+00:00 | FINISH model=Random Forest; strategy=No handling; outer_fold=37; elapsed_seconds=3.992
2026-09-30T01:00:15.494389+00:00 | START model=Random Forest; strategy=No handling; outer_fold=38
2026-09-30T01:00:19.862943+00:00 | FINISH model=Random Forest; strategy=No handling; outer_fold=38; elapsed_seconds=4.369
2026-09-30T01:00:19.863445+00:00 | START model=Random Forest; strategy=No handling; outer_fold=39
2026-09-30T01:00:24.092998+00:00 | FINISH model=Random Forest; strategy=No handling; outer_fold=39; elapsed_seconds=4.229
2026-09-30T01:00:24.093609+00:00 | START model=Random Forest; strategy=No handling; outer_fold=40
2026-09-30T01:00:28.702217+00:00 | FINISH model=Random Forest; strategy=No handling; outer_fold=40; elapsed_seconds=4.609
2026-09-30T01:00:28.702869+00:00 | START model=Random Forest; strategy=No handling; outer_fold=41
2026-09-30T01:00:32.597301+00:00 | FINISH model=Random Forest; strategy=No handling; outer_fold=41; elapsed_seconds=3.894
2026-09-30T01:00:32.597799+00:00 | START model=Random Forest; strategy=No handling; outer_fold=42
2026-09-30T01:00:36.904966+00:00 | FINISH model=Random Forest; strategy=No handling; outer_fold=42; elapsed_seconds=4.307
2026-09-30T01:00:36.905437+00:00 | START model=Random Forest; strategy=No handling; outer_fold=43
2026-09-30T01:00:40.876057+00:00 | FINISH model=Random Forest; strategy=No handling; outer_fold=43; elapsed_seconds=3.971
2026-09-30T01:00:40.876613+00:00 | START model=Random Forest; strategy=No handling; outer_fold=44
2026-09-30T01:00:45.419578+00:00 | FINISH model=Random Forest; strategy=No handling; outer_fold=44; elapsed_seconds=4.543
2026-09-30T01:00:45.419987+00:00 | START model=Random Forest; strategy=No handling; outer_fold=45
2026-09-30T01:00:50.070947+00:00 | FINISH model=Random Forest; strategy=No handling; outer_fold=45; elapsed_seconds=4.651
2026-09-30T01:00:50.071415+00:00 | START model=Random Forest; strategy=No handling; outer_fold=46
2026-09-30T01:00:54.043815+00:00 | FINISH model=Random Forest; strategy=No handling; outer_fold=46; elapsed_seconds=3.972
2026-09-30T01:00:54.044230+00:00 | START model=Random Forest; strategy=No handling; outer_fold=47
2026-09-30T01:00:59.021934+00:00 | FINISH model=Random Forest; strategy=No handling; outer_fold=47; elapsed_seconds=4.978
2026-09-30T01:00:59.022457+00:00 | START model=Random Forest; strategy=No handling; outer_fold=48
2026-09-30T01:01:03.428069+00:00 | FINISH model=Random Forest; strategy=No handling; outer_fold=48; elapsed_seconds=4.406
2026-09-30T01:01:03.428806+00:00 | START model=Random Forest; strategy=No handling; outer_fold=49
2026-09-30T01:01:07.746211+00:00 | FINISH model=Random Forest; strategy=No handling; outer_fold=49; elapsed_seconds=4.317
2026-09-30T01:01:07.753254+00:00 | SAVED_CONFIG model=Random Forest; strategy=No handling; rows=400
2026-09-30T01:01:07.753687+00:00 | START model=Random Forest; strategy=Class weight; outer_fold=0
2026-09-30T01:01:12.003654+00:00 | FINISH model=Random Forest; strategy=Class weight; outer_fold=0; elapsed_seconds=4.250
2026-09-30T01:01:12.004148+00:00 | START model=Random Forest; strategy=Class weight; outer_fold=1
2026-09-30T01:01:15.780354+00:00 | FINISH model=Random Forest; strategy=Class weight; outer_fold=1; elapsed_seconds=3.776
2026-09-30T01:01:15.780861+00:00 | START model=Random Forest; strategy=Class weight; outer_fold=2
2026-09-30T01:01:19.401936+00:00 | FINISH model=Random Forest; strategy=Class weight; outer_fold=2; elapsed_seconds=3.621
2026-09-30T01:01:19.402365+00:00 | START model=Random Forest; strategy=Class weight; outer_fold=3
2026-09-30T01:01:23.124807+00:00 | FINISH model=Random Forest; strategy=Class weight; outer_fold=3; elapsed_seconds=3.722
2026-09-30T01:01:23.125234+00:00 | START model=Random Forest; strategy=Class weight; outer_fold=4
2026-09-30T01:01:27.248694+00:00 | FINISH model=Random Forest; strategy=Class weight; outer_fold=4; elapsed_seconds=4.123
2026-09-30T01:01:27.249187+00:00 | START model=Random Forest; strategy=Class weight; outer_fold=5
2026-09-30T01:01:31.196737+00:00 | FINISH model=Random Forest; strategy=Class weight; outer_fold=5; elapsed_seconds=3.948
2026-09-30T01:01:31.197251+00:00 | START model=Random Forest; strategy=Class weight; outer_fold=6
2026-09-30T01:01:35.224656+00:00 | FINISH model=Random Forest; strategy=Class weight; outer_fold=6; elapsed_seconds=4.027
2026-09-30T01:01:35.225299+00:00 | START model=Random Forest; strategy=Class weight; outer_fold=7
2026-09-30T01:01:39.037942+00:00 | FINISH model=Random Forest; strategy=Class weight; outer_fold=7; elapsed_seconds=3.813
2026-09-30T01:01:39.038407+00:00 | START model=Random Forest; strategy=Class weight; outer_fold=8
2026-09-30T01:01:43.105228+00:00 | FINISH model=Random Forest; strategy=Class weight; outer_fold=8; elapsed_seconds=4.067
2026-09-30T01:01:43.105690+00:00 | START model=Random Forest; strategy=Class weight; outer_fold=9
2026-09-30T01:01:47.409623+00:00 | FINISH model=Random Forest; strategy=Class weight; outer_fold=9; elapsed_seconds=4.304
2026-09-30T01:01:47.410036+00:00 | START model=Random Forest; strategy=Class weight; outer_fold=10
2026-09-30T01:01:51.483786+00:00 | FINISH model=Random Forest; strategy=Class weight; outer_fold=10; elapsed_seconds=4.074
2026-09-30T01:01:51.484260+00:00 | START model=Random Forest; strategy=Class weight; outer_fold=11
2026-09-30T01:01:55.179488+00:00 | FINISH model=Random Forest; strategy=Class weight; outer_fold=11; elapsed_seconds=3.695
2026-09-30T01:01:55.180043+00:00 | START model=Random Forest; strategy=Class weight; outer_fold=12
2026-09-30T01:01:59.349944+00:00 | FINISH model=Random Forest; strategy=Class weight; outer_fold=12; elapsed_seconds=4.170
2026-09-30T01:01:59.350443+00:00 | START model=Random Forest; strategy=Class weight; outer_fold=13
2026-09-30T01:02:03.151100+00:00 | FINISH model=Random Forest; strategy=Class weight; outer_fold=13; elapsed_seconds=3.801
2026-09-30T01:02:03.151602+00:00 | START model=Random Forest; strategy=Class weight; outer_fold=14
2026-09-30T01:02:07.124333+00:00 | FINISH model=Random Forest; strategy=Class weight; outer_fold=14; elapsed_seconds=3.973
2026-09-30T01:02:07.124873+00:00 | START model=Random Forest; strategy=Class weight; outer_fold=15
2026-09-30T01:02:11.236697+00:00 | FINISH model=Random Forest; strategy=Class weight; outer_fold=15; elapsed_seconds=4.112
2026-09-30T01:02:11.237143+00:00 | START model=Random Forest; strategy=Class weight; outer_fold=16
2026-09-30T01:02:15.184778+00:00 | FINISH model=Random Forest; strategy=Class weight; outer_fold=16; elapsed_seconds=3.948
2026-09-30T01:02:15.185449+00:00 | START model=Random Forest; strategy=Class weight; outer_fold=17
2026-09-30T01:02:19.282265+00:00 | FINISH model=Random Forest; strategy=Class weight; outer_fold=17; elapsed_seconds=4.097
2026-09-30T01:02:19.282754+00:00 | START model=Random Forest; strategy=Class weight; outer_fold=18
2026-09-30T01:02:23.743275+00:00 | FINISH model=Random Forest; strategy=Class weight; outer_fold=18; elapsed_seconds=4.460
2026-09-30T01:02:23.743796+00:00 | START model=Random Forest; strategy=Class weight; outer_fold=19
2026-09-30T01:02:27.677831+00:00 | FINISH model=Random Forest; strategy=Class weight; outer_fold=19; elapsed_seconds=3.934
2026-09-30T01:02:27.678220+00:00 | START model=Random Forest; strategy=Class weight; outer_fold=20
2026-09-30T01:02:31.391277+00:00 | FINISH model=Random Forest; strategy=Class weight; outer_fold=20; elapsed_seconds=3.713
2026-09-30T01:02:31.391798+00:00 | START model=Random Forest; strategy=Class weight; outer_fold=21
2026-09-30T01:02:35.332029+00:00 | FINISH model=Random Forest; strategy=Class weight; outer_fold=21; elapsed_seconds=3.940
2026-09-30T01:02:35.332707+00:00 | START model=Random Forest; strategy=Class weight; outer_fold=22
2026-09-30T01:02:39.721390+00:00 | FINISH model=Random Forest; strategy=Class weight; outer_fold=22; elapsed_seconds=4.389
2026-09-30T01:02:39.721872+00:00 | START model=Random Forest; strategy=Class weight; outer_fold=23
2026-09-30T01:02:43.842442+00:00 | FINISH model=Random Forest; strategy=Class weight; outer_fold=23; elapsed_seconds=4.121
2026-09-30T01:02:43.842870+00:00 | START model=Random Forest; strategy=Class weight; outer_fold=24
2026-09-30T01:02:48.182554+00:00 | FINISH model=Random Forest; strategy=Class weight; outer_fold=24; elapsed_seconds=4.340
2026-09-30T01:02:48.183042+00:00 | START model=Random Forest; strategy=Class weight; outer_fold=25
2026-09-30T01:02:52.147428+00:00 | FINISH model=Random Forest; strategy=Class weight; outer_fold=25; elapsed_seconds=3.964
2026-09-30T01:02:52.147946+00:00 | START model=Random Forest; strategy=Class weight; outer_fold=26
2026-09-30T01:02:56.187277+00:00 | FINISH model=Random Forest; strategy=Class weight; outer_fold=26; elapsed_seconds=4.039
2026-09-30T01:02:56.187775+00:00 | START model=Random Forest; strategy=Class weight; outer_fold=27
2026-09-30T01:02:59.923270+00:00 | FINISH model=Random Forest; strategy=Class weight; outer_fold=27; elapsed_seconds=3.736
2026-09-30T01:02:59.923772+00:00 | START model=Random Forest; strategy=Class weight; outer_fold=28
2026-09-30T01:03:03.690156+00:00 | FINISH model=Random Forest; strategy=Class weight; outer_fold=28; elapsed_seconds=3.766
2026-09-30T01:03:03.690768+00:00 | START model=Random Forest; strategy=Class weight; outer_fold=29
2026-09-30T01:03:07.804728+00:00 | FINISH model=Random Forest; strategy=Class weight; outer_fold=29; elapsed_seconds=4.114
2026-09-30T01:03:07.805238+00:00 | START model=Random Forest; strategy=Class weight; outer_fold=30
2026-09-30T01:03:12.290232+00:00 | FINISH model=Random Forest; strategy=Class weight; outer_fold=30; elapsed_seconds=4.485
2026-09-30T01:03:12.290611+00:00 | START model=Random Forest; strategy=Class weight; outer_fold=31
2026-09-30T01:03:16.541144+00:00 | FINISH model=Random Forest; strategy=Class weight; outer_fold=31; elapsed_seconds=4.250
2026-09-30T01:03:16.541568+00:00 | START model=Random Forest; strategy=Class weight; outer_fold=32
2026-09-30T01:03:20.755429+00:00 | FINISH model=Random Forest; strategy=Class weight; outer_fold=32; elapsed_seconds=4.214
2026-09-30T01:03:20.755925+00:00 | START model=Random Forest; strategy=Class weight; outer_fold=33
2026-09-30T01:03:24.955069+00:00 | FINISH model=Random Forest; strategy=Class weight; outer_fold=33; elapsed_seconds=4.199
2026-09-30T01:03:24.955478+00:00 | START model=Random Forest; strategy=Class weight; outer_fold=34
2026-09-30T01:03:28.780536+00:00 | FINISH model=Random Forest; strategy=Class weight; outer_fold=34; elapsed_seconds=3.825
2026-09-30T01:03:28.781038+00:00 | START model=Random Forest; strategy=Class weight; outer_fold=35
2026-09-30T01:03:32.585148+00:00 | FINISH model=Random Forest; strategy=Class weight; outer_fold=35; elapsed_seconds=3.804
2026-09-30T01:03:32.585696+00:00 | START model=Random Forest; strategy=Class weight; outer_fold=36
2026-09-30T01:03:36.387801+00:00 | FINISH model=Random Forest; strategy=Class weight; outer_fold=36; elapsed_seconds=3.802
2026-09-30T01:03:36.388253+00:00 | START model=Random Forest; strategy=Class weight; outer_fold=37
2026-09-30T01:03:40.613433+00:00 | FINISH model=Random Forest; strategy=Class weight; outer_fold=37; elapsed_seconds=4.225
2026-09-30T01:03:40.613901+00:00 | START model=Random Forest; strategy=Class weight; outer_fold=38
2026-09-30T01:03:44.570215+00:00 | FINISH model=Random Forest; strategy=Class weight; outer_fold=38; elapsed_seconds=3.956
2026-09-30T01:03:44.570697+00:00 | START model=Random Forest; strategy=Class weight; outer_fold=39
2026-09-30T01:03:48.817618+00:00 | FINISH model=Random Forest; strategy=Class weight; outer_fold=39; elapsed_seconds=4.247
2026-09-30T01:03:48.818065+00:00 | START model=Random Forest; strategy=Class weight; outer_fold=40
2026-09-30T01:03:52.613325+00:00 | FINISH model=Random Forest; strategy=Class weight; outer_fold=40; elapsed_seconds=3.795
2026-09-30T01:03:52.613848+00:00 | START model=Random Forest; strategy=Class weight; outer_fold=41
2026-09-30T01:03:56.582858+00:00 | FINISH model=Random Forest; strategy=Class weight; outer_fold=41; elapsed_seconds=3.969
2026-09-30T01:03:56.583327+00:00 | START model=Random Forest; strategy=Class weight; outer_fold=42
2026-09-30T01:04:00.478415+00:00 | FINISH model=Random Forest; strategy=Class weight; outer_fold=42; elapsed_seconds=3.895
2026-09-30T01:04:00.478871+00:00 | START model=Random Forest; strategy=Class weight; outer_fold=43
2026-09-30T01:04:04.415729+00:00 | FINISH model=Random Forest; strategy=Class weight; outer_fold=43; elapsed_seconds=3.937
2026-09-30T01:04:04.416175+00:00 | START model=Random Forest; strategy=Class weight; outer_fold=44
2026-09-30T01:04:08.411806+00:00 | FINISH model=Random Forest; strategy=Class weight; outer_fold=44; elapsed_seconds=3.996
2026-09-30T01:04:08.412431+00:00 | START model=Random Forest; strategy=Class weight; outer_fold=45
2026-09-30T01:04:12.538414+00:00 | FINISH model=Random Forest; strategy=Class weight; outer_fold=45; elapsed_seconds=4.126
2026-09-30T01:04:12.538921+00:00 | START model=Random Forest; strategy=Class weight; outer_fold=46
2026-09-30T01:04:16.316631+00:00 | FINISH model=Random Forest; strategy=Class weight; outer_fold=46; elapsed_seconds=3.778
2026-09-30T01:04:16.317114+00:00 | START model=Random Forest; strategy=Class weight; outer_fold=47
2026-09-30T01:04:20.433064+00:00 | FINISH model=Random Forest; strategy=Class weight; outer_fold=47; elapsed_seconds=4.116
2026-09-30T01:04:20.433559+00:00 | START model=Random Forest; strategy=Class weight; outer_fold=48
2026-09-30T01:04:23.918916+00:00 | FINISH model=Random Forest; strategy=Class weight; outer_fold=48; elapsed_seconds=3.485
2026-09-30T01:04:23.919325+00:00 | START model=Random Forest; strategy=Class weight; outer_fold=49
2026-09-30T01:04:27.921981+00:00 | FINISH model=Random Forest; strategy=Class weight; outer_fold=49; elapsed_seconds=4.003
2026-09-30T01:04:27.931228+00:00 | SAVED_CONFIG model=Random Forest; strategy=Class weight; rows=450
2026-09-30T01:04:27.931617+00:00 | START model=Random Forest; strategy=SMOTE-NC; outer_fold=0
2026-09-30T01:04:36.957694+00:00 | FINISH model=Random Forest; strategy=SMOTE-NC; outer_fold=0; elapsed_seconds=9.026
2026-09-30T01:04:36.958232+00:00 | START model=Random Forest; strategy=SMOTE-NC; outer_fold=1
2026-09-30T01:04:43.873299+00:00 | FINISH model=Random Forest; strategy=SMOTE-NC; outer_fold=1; elapsed_seconds=6.915
2026-09-30T01:04:43.873798+00:00 | START model=Random Forest; strategy=SMOTE-NC; outer_fold=2
2026-09-30T01:04:51.015744+00:00 | FINISH model=Random Forest; strategy=SMOTE-NC; outer_fold=2; elapsed_seconds=7.142
2026-09-30T01:04:51.016271+00:00 | START model=Random Forest; strategy=SMOTE-NC; outer_fold=3
2026-09-30T01:04:57.535149+00:00 | FINISH model=Random Forest; strategy=SMOTE-NC; outer_fold=3; elapsed_seconds=6.519
2026-09-30T01:04:57.535542+00:00 | START model=Random Forest; strategy=SMOTE-NC; outer_fold=4
2026-09-30T01:05:03.374671+00:00 | FINISH model=Random Forest; strategy=SMOTE-NC; outer_fold=4; elapsed_seconds=5.839
2026-09-30T01:05:03.375102+00:00 | START model=Random Forest; strategy=SMOTE-NC; outer_fold=5
2026-09-30T01:05:10.002067+00:00 | FINISH model=Random Forest; strategy=SMOTE-NC; outer_fold=5; elapsed_seconds=6.627
2026-09-30T01:05:10.002552+00:00 | START model=Random Forest; strategy=SMOTE-NC; outer_fold=6
2026-09-30T01:05:16.045191+00:00 | FINISH model=Random Forest; strategy=SMOTE-NC; outer_fold=6; elapsed_seconds=6.043
2026-09-30T01:05:16.045685+00:00 | START model=Random Forest; strategy=SMOTE-NC; outer_fold=7
2026-09-30T01:05:23.659881+00:00 | FINISH model=Random Forest; strategy=SMOTE-NC; outer_fold=7; elapsed_seconds=7.614
2026-09-30T01:05:23.660373+00:00 | START model=Random Forest; strategy=SMOTE-NC; outer_fold=8
2026-09-30T01:05:30.265489+00:00 | FINISH model=Random Forest; strategy=SMOTE-NC; outer_fold=8; elapsed_seconds=6.605
2026-09-30T01:05:30.265886+00:00 | START model=Random Forest; strategy=SMOTE-NC; outer_fold=9
2026-09-30T01:05:36.914294+00:00 | FINISH model=Random Forest; strategy=SMOTE-NC; outer_fold=9; elapsed_seconds=6.648
2026-09-30T01:05:36.914977+00:00 | START model=Random Forest; strategy=SMOTE-NC; outer_fold=10
2026-09-30T01:05:44.177837+00:00 | FINISH model=Random Forest; strategy=SMOTE-NC; outer_fold=10; elapsed_seconds=7.263
2026-09-30T01:05:44.178698+00:00 | START model=Random Forest; strategy=SMOTE-NC; outer_fold=11
2026-09-30T01:05:51.017856+00:00 | FINISH model=Random Forest; strategy=SMOTE-NC; outer_fold=11; elapsed_seconds=6.839
2026-09-30T01:05:51.018449+00:00 | START model=Random Forest; strategy=SMOTE-NC; outer_fold=12
2026-09-30T01:05:57.100852+00:00 | FINISH model=Random Forest; strategy=SMOTE-NC; outer_fold=12; elapsed_seconds=6.082
2026-09-30T01:05:57.101459+00:00 | START model=Random Forest; strategy=SMOTE-NC; outer_fold=13
2026-09-30T01:06:03.710185+00:00 | FINISH model=Random Forest; strategy=SMOTE-NC; outer_fold=13; elapsed_seconds=6.609
2026-09-30T01:06:03.710724+00:00 | START model=Random Forest; strategy=SMOTE-NC; outer_fold=14
2026-09-30T01:06:10.445627+00:00 | FINISH model=Random Forest; strategy=SMOTE-NC; outer_fold=14; elapsed_seconds=6.735
2026-09-30T01:06:10.446155+00:00 | START model=Random Forest; strategy=SMOTE-NC; outer_fold=15
2026-09-30T01:06:17.621737+00:00 | FINISH model=Random Forest; strategy=SMOTE-NC; outer_fold=15; elapsed_seconds=7.176
2026-09-30T01:06:17.622210+00:00 | START model=Random Forest; strategy=SMOTE-NC; outer_fold=16
2026-09-30T01:06:24.243613+00:00 | FINISH model=Random Forest; strategy=SMOTE-NC; outer_fold=16; elapsed_seconds=6.621
2026-09-30T01:06:24.244069+00:00 | START model=Random Forest; strategy=SMOTE-NC; outer_fold=17
2026-09-30T01:06:29.758922+00:00 | FINISH model=Random Forest; strategy=SMOTE-NC; outer_fold=17; elapsed_seconds=5.515
2026-09-30T01:06:29.759386+00:00 | START model=Random Forest; strategy=SMOTE-NC; outer_fold=18
2026-09-30T01:06:36.096175+00:00 | FINISH model=Random Forest; strategy=SMOTE-NC; outer_fold=18; elapsed_seconds=6.337
2026-09-30T01:06:36.096759+00:00 | START model=Random Forest; strategy=SMOTE-NC; outer_fold=19
2026-09-30T01:06:42.464203+00:00 | FINISH model=Random Forest; strategy=SMOTE-NC; outer_fold=19; elapsed_seconds=6.368
2026-09-30T01:06:42.464675+00:00 | START model=Random Forest; strategy=SMOTE-NC; outer_fold=20
2026-09-30T01:06:48.602736+00:00 | FINISH model=Random Forest; strategy=SMOTE-NC; outer_fold=20; elapsed_seconds=6.138
2026-09-30T01:06:48.603203+00:00 | START model=Random Forest; strategy=SMOTE-NC; outer_fold=21
2026-09-30T01:06:55.131941+00:00 | FINISH model=Random Forest; strategy=SMOTE-NC; outer_fold=21; elapsed_seconds=6.529
2026-09-30T01:06:55.132552+00:00 | START model=Random Forest; strategy=SMOTE-NC; outer_fold=22
2026-09-30T01:07:01.991100+00:00 | FINISH model=Random Forest; strategy=SMOTE-NC; outer_fold=22; elapsed_seconds=6.859
2026-09-30T01:07:01.991600+00:00 | START model=Random Forest; strategy=SMOTE-NC; outer_fold=23
2026-09-30T01:07:09.270838+00:00 | FINISH model=Random Forest; strategy=SMOTE-NC; outer_fold=23; elapsed_seconds=7.279
2026-09-30T01:07:09.271327+00:00 | START model=Random Forest; strategy=SMOTE-NC; outer_fold=24
2026-09-30T01:07:15.604060+00:00 | FINISH model=Random Forest; strategy=SMOTE-NC; outer_fold=24; elapsed_seconds=6.333
2026-09-30T01:07:15.604778+00:00 | START model=Random Forest; strategy=SMOTE-NC; outer_fold=25
2026-09-30T01:07:22.109821+00:00 | FINISH model=Random Forest; strategy=SMOTE-NC; outer_fold=25; elapsed_seconds=6.505
2026-09-30T01:07:22.110357+00:00 | START model=Random Forest; strategy=SMOTE-NC; outer_fold=26
2026-09-30T01:07:29.458545+00:00 | FINISH model=Random Forest; strategy=SMOTE-NC; outer_fold=26; elapsed_seconds=7.348
2026-09-30T01:07:29.459009+00:00 | START model=Random Forest; strategy=SMOTE-NC; outer_fold=27
2026-09-30T01:07:36.861104+00:00 | FINISH model=Random Forest; strategy=SMOTE-NC; outer_fold=27; elapsed_seconds=7.402
2026-09-30T01:07:36.861582+00:00 | START model=Random Forest; strategy=SMOTE-NC; outer_fold=28
2026-09-30T01:07:43.442958+00:00 | FINISH model=Random Forest; strategy=SMOTE-NC; outer_fold=28; elapsed_seconds=6.581
2026-09-30T01:07:43.443437+00:00 | START model=Random Forest; strategy=SMOTE-NC; outer_fold=29
2026-09-30T01:07:50.573979+00:00 | FINISH model=Random Forest; strategy=SMOTE-NC; outer_fold=29; elapsed_seconds=7.131
2026-09-30T01:07:50.574487+00:00 | START model=Random Forest; strategy=SMOTE-NC; outer_fold=30
2026-09-30T01:07:56.735743+00:00 | FINISH model=Random Forest; strategy=SMOTE-NC; outer_fold=30; elapsed_seconds=6.161
2026-09-30T01:07:56.736363+00:00 | START model=Random Forest; strategy=SMOTE-NC; outer_fold=31
2026-09-30T01:08:03.605440+00:00 | FINISH model=Random Forest; strategy=SMOTE-NC; outer_fold=31; elapsed_seconds=6.869
2026-09-30T01:08:03.605959+00:00 | START model=Random Forest; strategy=SMOTE-NC; outer_fold=32
2026-09-30T01:08:12.073583+00:00 | FINISH model=Random Forest; strategy=SMOTE-NC; outer_fold=32; elapsed_seconds=8.468
2026-09-30T01:08:12.074242+00:00 | START model=Random Forest; strategy=SMOTE-NC; outer_fold=33
2026-09-30T01:08:19.135774+00:00 | FINISH model=Random Forest; strategy=SMOTE-NC; outer_fold=33; elapsed_seconds=7.062
2026-09-30T01:08:19.136549+00:00 | START model=Random Forest; strategy=SMOTE-NC; outer_fold=34
2026-09-30T01:08:24.791962+00:00 | FINISH model=Random Forest; strategy=SMOTE-NC; outer_fold=34; elapsed_seconds=5.655
2026-09-30T01:08:24.792414+00:00 | START model=Random Forest; strategy=SMOTE-NC; outer_fold=35
2026-09-30T01:08:30.722506+00:00 | FINISH model=Random Forest; strategy=SMOTE-NC; outer_fold=35; elapsed_seconds=5.930
2026-09-30T01:08:30.722966+00:00 | START model=Random Forest; strategy=SMOTE-NC; outer_fold=36
2026-09-30T01:08:37.707653+00:00 | FINISH model=Random Forest; strategy=SMOTE-NC; outer_fold=36; elapsed_seconds=6.985
2026-09-30T01:08:37.708059+00:00 | START model=Random Forest; strategy=SMOTE-NC; outer_fold=37
2026-09-30T01:08:43.860879+00:00 | FINISH model=Random Forest; strategy=SMOTE-NC; outer_fold=37; elapsed_seconds=6.153
2026-09-30T01:08:43.861377+00:00 | START model=Random Forest; strategy=SMOTE-NC; outer_fold=38
2026-09-30T01:08:50.834997+00:00 | FINISH model=Random Forest; strategy=SMOTE-NC; outer_fold=38; elapsed_seconds=6.974
2026-09-30T01:08:50.835384+00:00 | START model=Random Forest; strategy=SMOTE-NC; outer_fold=39
2026-09-30T01:08:58.378938+00:00 | FINISH model=Random Forest; strategy=SMOTE-NC; outer_fold=39; elapsed_seconds=7.544
2026-09-30T01:08:58.379408+00:00 | START model=Random Forest; strategy=SMOTE-NC; outer_fold=40
2026-09-30T01:09:04.719302+00:00 | FINISH model=Random Forest; strategy=SMOTE-NC; outer_fold=40; elapsed_seconds=6.340
2026-09-30T01:09:04.719701+00:00 | START model=Random Forest; strategy=SMOTE-NC; outer_fold=41
2026-09-30T01:09:10.837758+00:00 | FINISH model=Random Forest; strategy=SMOTE-NC; outer_fold=41; elapsed_seconds=6.118
2026-09-30T01:09:10.838335+00:00 | START model=Random Forest; strategy=SMOTE-NC; outer_fold=42
2026-09-30T01:09:16.533911+00:00 | FINISH model=Random Forest; strategy=SMOTE-NC; outer_fold=42; elapsed_seconds=5.696
2026-09-30T01:09:16.534362+00:00 | START model=Random Forest; strategy=SMOTE-NC; outer_fold=43
2026-09-30T01:09:22.850147+00:00 | FINISH model=Random Forest; strategy=SMOTE-NC; outer_fold=43; elapsed_seconds=6.316
2026-09-30T01:09:22.850750+00:00 | START model=Random Forest; strategy=SMOTE-NC; outer_fold=44
2026-09-30T01:09:30.347844+00:00 | FINISH model=Random Forest; strategy=SMOTE-NC; outer_fold=44; elapsed_seconds=7.497
2026-09-30T01:09:30.348446+00:00 | START model=Random Forest; strategy=SMOTE-NC; outer_fold=45
2026-09-30T01:09:37.282872+00:00 | FINISH model=Random Forest; strategy=SMOTE-NC; outer_fold=45; elapsed_seconds=6.934
2026-09-30T01:09:37.283283+00:00 | START model=Random Forest; strategy=SMOTE-NC; outer_fold=46
2026-09-30T01:09:44.501057+00:00 | FINISH model=Random Forest; strategy=SMOTE-NC; outer_fold=46; elapsed_seconds=7.218
2026-09-30T01:09:44.501499+00:00 | START model=Random Forest; strategy=SMOTE-NC; outer_fold=47
2026-09-30T01:09:51.060326+00:00 | FINISH model=Random Forest; strategy=SMOTE-NC; outer_fold=47; elapsed_seconds=6.559
2026-09-30T01:09:51.060874+00:00 | START model=Random Forest; strategy=SMOTE-NC; outer_fold=48
2026-09-30T01:09:56.831031+00:00 | FINISH model=Random Forest; strategy=SMOTE-NC; outer_fold=48; elapsed_seconds=5.770
2026-09-30T01:09:56.831660+00:00 | START model=Random Forest; strategy=SMOTE-NC; outer_fold=49
2026-09-30T01:10:03.313889+00:00 | FINISH model=Random Forest; strategy=SMOTE-NC; outer_fold=49; elapsed_seconds=6.482
2026-09-30T01:10:03.321835+00:00 | SAVED_CONFIG model=Random Forest; strategy=SMOTE-NC; rows=500
2026-09-30T01:10:03.322089+00:00 | START model=Random Forest; strategy=Random undersampling; outer_fold=0
2026-09-30T01:10:06.195976+00:00 | FINISH model=Random Forest; strategy=Random undersampling; outer_fold=0; elapsed_seconds=2.874
2026-09-30T01:10:06.196485+00:00 | START model=Random Forest; strategy=Random undersampling; outer_fold=1
2026-09-30T01:10:08.985758+00:00 | FINISH model=Random Forest; strategy=Random undersampling; outer_fold=1; elapsed_seconds=2.789
2026-09-30T01:10:08.986255+00:00 | START model=Random Forest; strategy=Random undersampling; outer_fold=2
2026-09-30T01:10:11.713532+00:00 | FINISH model=Random Forest; strategy=Random undersampling; outer_fold=2; elapsed_seconds=2.727
2026-09-30T01:10:11.714015+00:00 | START model=Random Forest; strategy=Random undersampling; outer_fold=3
2026-09-30T01:10:14.382542+00:00 | FINISH model=Random Forest; strategy=Random undersampling; outer_fold=3; elapsed_seconds=2.669
2026-09-30T01:10:14.382939+00:00 | START model=Random Forest; strategy=Random undersampling; outer_fold=4
2026-09-30T01:10:17.202386+00:00 | FINISH model=Random Forest; strategy=Random undersampling; outer_fold=4; elapsed_seconds=2.819
2026-09-30T01:10:17.202879+00:00 | START model=Random Forest; strategy=Random undersampling; outer_fold=5
2026-09-30T01:10:19.945099+00:00 | FINISH model=Random Forest; strategy=Random undersampling; outer_fold=5; elapsed_seconds=2.742
2026-09-30T01:10:19.945501+00:00 | START model=Random Forest; strategy=Random undersampling; outer_fold=6
2026-09-30T01:10:22.744216+00:00 | FINISH model=Random Forest; strategy=Random undersampling; outer_fold=6; elapsed_seconds=2.799
2026-09-30T01:10:22.744839+00:00 | START model=Random Forest; strategy=Random undersampling; outer_fold=7
2026-09-30T01:10:25.462125+00:00 | FINISH model=Random Forest; strategy=Random undersampling; outer_fold=7; elapsed_seconds=2.717
2026-09-30T01:10:25.462634+00:00 | START model=Random Forest; strategy=Random undersampling; outer_fold=8
2026-09-30T01:10:28.284218+00:00 | FINISH model=Random Forest; strategy=Random undersampling; outer_fold=8; elapsed_seconds=2.821
2026-09-30T01:10:28.284773+00:00 | START model=Random Forest; strategy=Random undersampling; outer_fold=9
2026-09-30T01:10:31.041992+00:00 | FINISH model=Random Forest; strategy=Random undersampling; outer_fold=9; elapsed_seconds=2.757
2026-09-30T01:10:31.042651+00:00 | START model=Random Forest; strategy=Random undersampling; outer_fold=10
2026-09-30T01:10:33.818530+00:00 | FINISH model=Random Forest; strategy=Random undersampling; outer_fold=10; elapsed_seconds=2.776
2026-09-30T01:10:33.819065+00:00 | START model=Random Forest; strategy=Random undersampling; outer_fold=11
2026-09-30T01:10:36.557544+00:00 | FINISH model=Random Forest; strategy=Random undersampling; outer_fold=11; elapsed_seconds=2.738
2026-09-30T01:10:36.558132+00:00 | START model=Random Forest; strategy=Random undersampling; outer_fold=12
2026-09-30T01:10:39.383887+00:00 | FINISH model=Random Forest; strategy=Random undersampling; outer_fold=12; elapsed_seconds=2.826
2026-09-30T01:10:39.384431+00:00 | START model=Random Forest; strategy=Random undersampling; outer_fold=13
2026-09-30T01:10:42.354860+00:00 | FINISH model=Random Forest; strategy=Random undersampling; outer_fold=13; elapsed_seconds=2.970
2026-09-30T01:10:42.355424+00:00 | START model=Random Forest; strategy=Random undersampling; outer_fold=14
2026-09-30T01:10:45.035723+00:00 | FINISH model=Random Forest; strategy=Random undersampling; outer_fold=14; elapsed_seconds=2.680
2026-09-30T01:10:45.036235+00:00 | START model=Random Forest; strategy=Random undersampling; outer_fold=15
2026-09-30T01:10:47.646553+00:00 | FINISH model=Random Forest; strategy=Random undersampling; outer_fold=15; elapsed_seconds=2.610
2026-09-30T01:10:47.647283+00:00 | START model=Random Forest; strategy=Random undersampling; outer_fold=16
2026-09-30T01:10:50.437725+00:00 | FINISH model=Random Forest; strategy=Random undersampling; outer_fold=16; elapsed_seconds=2.790
2026-09-30T01:10:50.438171+00:00 | START model=Random Forest; strategy=Random undersampling; outer_fold=17
2026-09-30T01:10:53.333305+00:00 | FINISH model=Random Forest; strategy=Random undersampling; outer_fold=17; elapsed_seconds=2.895
2026-09-30T01:10:53.333846+00:00 | START model=Random Forest; strategy=Random undersampling; outer_fold=18
2026-09-30T01:10:56.048897+00:00 | FINISH model=Random Forest; strategy=Random undersampling; outer_fold=18; elapsed_seconds=2.715
2026-09-30T01:10:56.049373+00:00 | START model=Random Forest; strategy=Random undersampling; outer_fold=19
2026-09-30T01:10:58.859975+00:00 | FINISH model=Random Forest; strategy=Random undersampling; outer_fold=19; elapsed_seconds=2.811
2026-09-30T01:10:58.860474+00:00 | START model=Random Forest; strategy=Random undersampling; outer_fold=20
2026-09-30T01:11:01.492582+00:00 | FINISH model=Random Forest; strategy=Random undersampling; outer_fold=20; elapsed_seconds=2.632
2026-09-30T01:11:01.493017+00:00 | START model=Random Forest; strategy=Random undersampling; outer_fold=21
2026-09-30T01:11:04.202759+00:00 | FINISH model=Random Forest; strategy=Random undersampling; outer_fold=21; elapsed_seconds=2.710
2026-09-30T01:11:04.203220+00:00 | START model=Random Forest; strategy=Random undersampling; outer_fold=22
2026-09-30T01:11:06.896753+00:00 | FINISH model=Random Forest; strategy=Random undersampling; outer_fold=22; elapsed_seconds=2.693
2026-09-30T01:11:06.897222+00:00 | START model=Random Forest; strategy=Random undersampling; outer_fold=23
2026-09-30T01:11:09.539878+00:00 | FINISH model=Random Forest; strategy=Random undersampling; outer_fold=23; elapsed_seconds=2.643
2026-09-30T01:11:09.540474+00:00 | START model=Random Forest; strategy=Random undersampling; outer_fold=24
2026-09-30T01:11:12.208865+00:00 | FINISH model=Random Forest; strategy=Random undersampling; outer_fold=24; elapsed_seconds=2.668
2026-09-30T01:11:12.209391+00:00 | START model=Random Forest; strategy=Random undersampling; outer_fold=25
2026-09-30T01:11:14.902089+00:00 | FINISH model=Random Forest; strategy=Random undersampling; outer_fold=25; elapsed_seconds=2.693
2026-09-30T01:11:14.902535+00:00 | START model=Random Forest; strategy=Random undersampling; outer_fold=26
2026-09-30T01:11:17.595764+00:00 | FINISH model=Random Forest; strategy=Random undersampling; outer_fold=26; elapsed_seconds=2.693
2026-09-30T01:11:17.596248+00:00 | START model=Random Forest; strategy=Random undersampling; outer_fold=27
2026-09-30T01:11:20.424827+00:00 | FINISH model=Random Forest; strategy=Random undersampling; outer_fold=27; elapsed_seconds=2.829
2026-09-30T01:11:20.425349+00:00 | START model=Random Forest; strategy=Random undersampling; outer_fold=28
2026-09-30T01:11:23.233655+00:00 | FINISH model=Random Forest; strategy=Random undersampling; outer_fold=28; elapsed_seconds=2.808
2026-09-30T01:11:23.234142+00:00 | START model=Random Forest; strategy=Random undersampling; outer_fold=29
2026-09-30T01:11:25.908033+00:00 | FINISH model=Random Forest; strategy=Random undersampling; outer_fold=29; elapsed_seconds=2.674
2026-09-30T01:11:25.909276+00:00 | START model=Random Forest; strategy=Random undersampling; outer_fold=30
2026-09-30T01:11:28.577704+00:00 | FINISH model=Random Forest; strategy=Random undersampling; outer_fold=30; elapsed_seconds=2.668
2026-09-30T01:11:28.578203+00:00 | START model=Random Forest; strategy=Random undersampling; outer_fold=31
2026-09-30T01:11:31.308779+00:00 | FINISH model=Random Forest; strategy=Random undersampling; outer_fold=31; elapsed_seconds=2.731
2026-09-30T01:11:31.309261+00:00 | START model=Random Forest; strategy=Random undersampling; outer_fold=32
2026-09-30T01:11:34.078714+00:00 | FINISH model=Random Forest; strategy=Random undersampling; outer_fold=32; elapsed_seconds=2.769
2026-09-30T01:11:34.079241+00:00 | START model=Random Forest; strategy=Random undersampling; outer_fold=33
2026-09-30T01:11:36.649583+00:00 | FINISH model=Random Forest; strategy=Random undersampling; outer_fold=33; elapsed_seconds=2.570
2026-09-30T01:11:36.649977+00:00 | START model=Random Forest; strategy=Random undersampling; outer_fold=34
2026-09-30T01:11:39.288114+00:00 | FINISH model=Random Forest; strategy=Random undersampling; outer_fold=34; elapsed_seconds=2.638
2026-09-30T01:11:39.288670+00:00 | START model=Random Forest; strategy=Random undersampling; outer_fold=35
2026-09-30T01:11:42.073696+00:00 | FINISH model=Random Forest; strategy=Random undersampling; outer_fold=35; elapsed_seconds=2.785
2026-09-30T01:11:42.074092+00:00 | START model=Random Forest; strategy=Random undersampling; outer_fold=36
2026-09-30T01:11:44.853460+00:00 | FINISH model=Random Forest; strategy=Random undersampling; outer_fold=36; elapsed_seconds=2.779
2026-09-30T01:11:44.853996+00:00 | START model=Random Forest; strategy=Random undersampling; outer_fold=37
2026-09-30T01:11:47.612189+00:00 | FINISH model=Random Forest; strategy=Random undersampling; outer_fold=37; elapsed_seconds=2.758
2026-09-30T01:11:47.612963+00:00 | START model=Random Forest; strategy=Random undersampling; outer_fold=38
2026-09-30T01:11:50.376149+00:00 | FINISH model=Random Forest; strategy=Random undersampling; outer_fold=38; elapsed_seconds=2.763
2026-09-30T01:11:50.376638+00:00 | START model=Random Forest; strategy=Random undersampling; outer_fold=39
2026-09-30T01:11:53.248313+00:00 | FINISH model=Random Forest; strategy=Random undersampling; outer_fold=39; elapsed_seconds=2.872
2026-09-30T01:11:53.248912+00:00 | START model=Random Forest; strategy=Random undersampling; outer_fold=40
2026-09-30T01:11:56.033648+00:00 | FINISH model=Random Forest; strategy=Random undersampling; outer_fold=40; elapsed_seconds=2.785
2026-09-30T01:11:56.034142+00:00 | START model=Random Forest; strategy=Random undersampling; outer_fold=41
2026-09-30T01:11:58.736794+00:00 | FINISH model=Random Forest; strategy=Random undersampling; outer_fold=41; elapsed_seconds=2.703
2026-09-30T01:11:58.737273+00:00 | START model=Random Forest; strategy=Random undersampling; outer_fold=42
2026-09-30T01:12:01.432064+00:00 | FINISH model=Random Forest; strategy=Random undersampling; outer_fold=42; elapsed_seconds=2.695
2026-09-30T01:12:01.432502+00:00 | START model=Random Forest; strategy=Random undersampling; outer_fold=43
2026-09-30T01:12:04.153002+00:00 | FINISH model=Random Forest; strategy=Random undersampling; outer_fold=43; elapsed_seconds=2.720
2026-09-30T01:12:04.153557+00:00 | START model=Random Forest; strategy=Random undersampling; outer_fold=44
2026-09-30T01:12:06.882568+00:00 | FINISH model=Random Forest; strategy=Random undersampling; outer_fold=44; elapsed_seconds=2.729
2026-09-30T01:12:06.883007+00:00 | START model=Random Forest; strategy=Random undersampling; outer_fold=45
2026-09-30T01:12:09.576983+00:00 | FINISH model=Random Forest; strategy=Random undersampling; outer_fold=45; elapsed_seconds=2.694
2026-09-30T01:12:09.577473+00:00 | START model=Random Forest; strategy=Random undersampling; outer_fold=46
2026-09-30T01:12:12.263094+00:00 | FINISH model=Random Forest; strategy=Random undersampling; outer_fold=46; elapsed_seconds=2.686
2026-09-30T01:12:12.263502+00:00 | START model=Random Forest; strategy=Random undersampling; outer_fold=47
2026-09-30T01:12:15.010777+00:00 | FINISH model=Random Forest; strategy=Random undersampling; outer_fold=47; elapsed_seconds=2.747
2026-09-30T01:12:15.011271+00:00 | START model=Random Forest; strategy=Random undersampling; outer_fold=48
2026-09-30T01:12:17.833752+00:00 | FINISH model=Random Forest; strategy=Random undersampling; outer_fold=48; elapsed_seconds=2.822
2026-09-30T01:12:17.834244+00:00 | START model=Random Forest; strategy=Random undersampling; outer_fold=49
2026-09-30T01:12:20.463575+00:00 | FINISH model=Random Forest; strategy=Random undersampling; outer_fold=49; elapsed_seconds=2.629
2026-09-30T01:12:20.471531+00:00 | SAVED_CONFIG model=Random Forest; strategy=Random undersampling; rows=550
2026-09-30T01:12:20.471771+00:00 | START model=Random Forest; strategy=Threshold tuning; outer_fold=0
2026-09-30T01:12:35.670940+00:00 | FINISH model=Random Forest; strategy=Threshold tuning; outer_fold=0; elapsed_seconds=15.199
2026-09-30T01:12:35.671436+00:00 | START model=Random Forest; strategy=Threshold tuning; outer_fold=1
2026-09-30T01:12:49.509394+00:00 | FINISH model=Random Forest; strategy=Threshold tuning; outer_fold=1; elapsed_seconds=13.838
2026-09-30T01:12:49.509950+00:00 | START model=Random Forest; strategy=Threshold tuning; outer_fold=2
2026-09-30T01:13:04.258798+00:00 | FINISH model=Random Forest; strategy=Threshold tuning; outer_fold=2; elapsed_seconds=14.749
2026-09-30T01:13:04.259566+00:00 | START model=Random Forest; strategy=Threshold tuning; outer_fold=3
2026-09-30T01:13:19.271220+00:00 | FINISH model=Random Forest; strategy=Threshold tuning; outer_fold=3; elapsed_seconds=15.012
2026-09-30T01:13:19.271761+00:00 | START model=Random Forest; strategy=Threshold tuning; outer_fold=4
2026-09-30T01:13:34.095777+00:00 | FINISH model=Random Forest; strategy=Threshold tuning; outer_fold=4; elapsed_seconds=14.824
2026-09-30T01:13:34.096305+00:00 | START model=Random Forest; strategy=Threshold tuning; outer_fold=5
2026-09-30T01:13:48.170031+00:00 | FINISH model=Random Forest; strategy=Threshold tuning; outer_fold=5; elapsed_seconds=14.074
2026-09-30T01:13:48.170544+00:00 | START model=Random Forest; strategy=Threshold tuning; outer_fold=6
2026-09-30T01:14:02.531953+00:00 | FINISH model=Random Forest; strategy=Threshold tuning; outer_fold=6; elapsed_seconds=14.361
2026-09-30T01:14:02.532454+00:00 | START model=Random Forest; strategy=Threshold tuning; outer_fold=7
2026-09-30T01:14:17.461171+00:00 | FINISH model=Random Forest; strategy=Threshold tuning; outer_fold=7; elapsed_seconds=14.929
2026-09-30T01:14:17.461868+00:00 | START model=Random Forest; strategy=Threshold tuning; outer_fold=8
2026-09-30T01:14:33.019181+00:00 | FINISH model=Random Forest; strategy=Threshold tuning; outer_fold=8; elapsed_seconds=15.557
2026-09-30T01:14:33.019753+00:00 | START model=Random Forest; strategy=Threshold tuning; outer_fold=9
2026-09-30T01:14:47.175546+00:00 | FINISH model=Random Forest; strategy=Threshold tuning; outer_fold=9; elapsed_seconds=14.156
2026-09-30T01:14:47.175970+00:00 | START model=Random Forest; strategy=Threshold tuning; outer_fold=10
2026-09-30T01:15:01.069129+00:00 | FINISH model=Random Forest; strategy=Threshold tuning; outer_fold=10; elapsed_seconds=13.893
2026-09-30T01:15:01.069538+00:00 | START model=Random Forest; strategy=Threshold tuning; outer_fold=11
2026-09-30T01:15:15.222789+00:00 | FINISH model=Random Forest; strategy=Threshold tuning; outer_fold=11; elapsed_seconds=14.153
2026-09-30T01:15:15.223249+00:00 | START model=Random Forest; strategy=Threshold tuning; outer_fold=12
2026-09-30T01:15:30.115790+00:00 | FINISH model=Random Forest; strategy=Threshold tuning; outer_fold=12; elapsed_seconds=14.893
2026-09-30T01:15:30.116271+00:00 | START model=Random Forest; strategy=Threshold tuning; outer_fold=13
2026-09-30T01:15:44.123786+00:00 | FINISH model=Random Forest; strategy=Threshold tuning; outer_fold=13; elapsed_seconds=14.007
2026-09-30T01:15:44.124284+00:00 | START model=Random Forest; strategy=Threshold tuning; outer_fold=14
2026-09-30T01:15:57.909053+00:00 | FINISH model=Random Forest; strategy=Threshold tuning; outer_fold=14; elapsed_seconds=13.785
2026-09-30T01:15:57.909643+00:00 | START model=Random Forest; strategy=Threshold tuning; outer_fold=15
2026-09-30T01:16:12.221884+00:00 | FINISH model=Random Forest; strategy=Threshold tuning; outer_fold=15; elapsed_seconds=14.312
2026-09-30T01:16:12.222310+00:00 | START model=Random Forest; strategy=Threshold tuning; outer_fold=16
2026-09-30T01:16:26.488632+00:00 | FINISH model=Random Forest; strategy=Threshold tuning; outer_fold=16; elapsed_seconds=14.266
2026-09-30T01:16:26.489763+00:00 | START model=Random Forest; strategy=Threshold tuning; outer_fold=17
2026-09-30T01:16:40.532175+00:00 | FINISH model=Random Forest; strategy=Threshold tuning; outer_fold=17; elapsed_seconds=14.042
2026-09-30T01:16:40.532739+00:00 | START model=Random Forest; strategy=Threshold tuning; outer_fold=18
2026-09-30T01:16:54.690051+00:00 | FINISH model=Random Forest; strategy=Threshold tuning; outer_fold=18; elapsed_seconds=14.157
2026-09-30T01:16:54.690558+00:00 | START model=Random Forest; strategy=Threshold tuning; outer_fold=19
2026-09-30T01:17:09.270805+00:00 | FINISH model=Random Forest; strategy=Threshold tuning; outer_fold=19; elapsed_seconds=14.580
2026-09-30T01:17:09.271301+00:00 | START model=Random Forest; strategy=Threshold tuning; outer_fold=20
2026-09-30T01:17:24.111672+00:00 | FINISH model=Random Forest; strategy=Threshold tuning; outer_fold=20; elapsed_seconds=14.840
2026-09-30T01:17:24.112216+00:00 | START model=Random Forest; strategy=Threshold tuning; outer_fold=21
2026-09-30T01:17:37.949532+00:00 | FINISH model=Random Forest; strategy=Threshold tuning; outer_fold=21; elapsed_seconds=13.837
2026-09-30T01:17:37.950083+00:00 | START model=Random Forest; strategy=Threshold tuning; outer_fold=22
2026-09-30T01:17:53.167910+00:00 | FINISH model=Random Forest; strategy=Threshold tuning; outer_fold=22; elapsed_seconds=15.218
2026-09-30T01:17:53.168418+00:00 | START model=Random Forest; strategy=Threshold tuning; outer_fold=23
2026-09-30T01:18:06.527682+00:00 | FINISH model=Random Forest; strategy=Threshold tuning; outer_fold=23; elapsed_seconds=13.359
2026-09-30T01:18:06.528168+00:00 | START model=Random Forest; strategy=Threshold tuning; outer_fold=24
2026-09-30T01:18:20.356589+00:00 | FINISH model=Random Forest; strategy=Threshold tuning; outer_fold=24; elapsed_seconds=13.828
2026-09-30T01:18:20.357063+00:00 | START model=Random Forest; strategy=Threshold tuning; outer_fold=25
2026-09-30T01:18:34.636011+00:00 | FINISH model=Random Forest; strategy=Threshold tuning; outer_fold=25; elapsed_seconds=14.279
2026-09-30T01:18:34.636581+00:00 | START model=Random Forest; strategy=Threshold tuning; outer_fold=26
2026-09-30T01:18:49.324495+00:00 | FINISH model=Random Forest; strategy=Threshold tuning; outer_fold=26; elapsed_seconds=14.688
2026-09-30T01:18:49.324987+00:00 | START model=Random Forest; strategy=Threshold tuning; outer_fold=27
2026-09-30T01:19:04.259006+00:00 | FINISH model=Random Forest; strategy=Threshold tuning; outer_fold=27; elapsed_seconds=14.934
2026-09-30T01:19:04.259581+00:00 | START model=Random Forest; strategy=Threshold tuning; outer_fold=28
2026-09-30T01:19:18.126411+00:00 | FINISH model=Random Forest; strategy=Threshold tuning; outer_fold=28; elapsed_seconds=13.867
2026-09-30T01:19:18.126966+00:00 | START model=Random Forest; strategy=Threshold tuning; outer_fold=29
2026-09-30T01:19:32.676113+00:00 | FINISH model=Random Forest; strategy=Threshold tuning; outer_fold=29; elapsed_seconds=14.549
2026-09-30T01:19:32.676592+00:00 | START model=Random Forest; strategy=Threshold tuning; outer_fold=30
2026-09-30T01:19:47.720989+00:00 | FINISH model=Random Forest; strategy=Threshold tuning; outer_fold=30; elapsed_seconds=15.044
2026-09-30T01:19:47.721639+00:00 | START model=Random Forest; strategy=Threshold tuning; outer_fold=31
2026-09-30T01:20:02.085227+00:00 | FINISH model=Random Forest; strategy=Threshold tuning; outer_fold=31; elapsed_seconds=14.364
2026-09-30T01:20:02.085658+00:00 | START model=Random Forest; strategy=Threshold tuning; outer_fold=32
2026-09-30T01:20:16.370981+00:00 | FINISH model=Random Forest; strategy=Threshold tuning; outer_fold=32; elapsed_seconds=14.285
2026-09-30T01:20:16.371435+00:00 | START model=Random Forest; strategy=Threshold tuning; outer_fold=33
2026-09-30T01:20:30.374133+00:00 | FINISH model=Random Forest; strategy=Threshold tuning; outer_fold=33; elapsed_seconds=14.003
2026-09-30T01:20:30.374574+00:00 | START model=Random Forest; strategy=Threshold tuning; outer_fold=34
2026-09-30T01:20:44.226523+00:00 | FINISH model=Random Forest; strategy=Threshold tuning; outer_fold=34; elapsed_seconds=13.852
2026-09-30T01:20:44.227069+00:00 | START model=Random Forest; strategy=Threshold tuning; outer_fold=35
2026-09-30T01:20:58.090533+00:00 | FINISH model=Random Forest; strategy=Threshold tuning; outer_fold=35; elapsed_seconds=13.863
2026-09-30T01:20:58.091093+00:00 | START model=Random Forest; strategy=Threshold tuning; outer_fold=36
2026-09-30T01:21:12.778492+00:00 | FINISH model=Random Forest; strategy=Threshold tuning; outer_fold=36; elapsed_seconds=14.687
2026-09-30T01:21:12.779016+00:00 | START model=Random Forest; strategy=Threshold tuning; outer_fold=37
2026-09-30T01:21:27.470540+00:00 | FINISH model=Random Forest; strategy=Threshold tuning; outer_fold=37; elapsed_seconds=14.692
2026-09-30T01:21:27.470972+00:00 | START model=Random Forest; strategy=Threshold tuning; outer_fold=38
2026-09-30T01:21:41.979440+00:00 | FINISH model=Random Forest; strategy=Threshold tuning; outer_fold=38; elapsed_seconds=14.508
2026-09-30T01:21:41.979908+00:00 | START model=Random Forest; strategy=Threshold tuning; outer_fold=39
2026-09-30T01:21:56.766390+00:00 | FINISH model=Random Forest; strategy=Threshold tuning; outer_fold=39; elapsed_seconds=14.786
2026-09-30T01:21:56.767044+00:00 | START model=Random Forest; strategy=Threshold tuning; outer_fold=40
2026-09-30T01:22:11.304356+00:00 | FINISH model=Random Forest; strategy=Threshold tuning; outer_fold=40; elapsed_seconds=14.537
2026-09-30T01:22:11.305057+00:00 | START model=Random Forest; strategy=Threshold tuning; outer_fold=41
2026-09-30T01:22:25.202796+00:00 | FINISH model=Random Forest; strategy=Threshold tuning; outer_fold=41; elapsed_seconds=13.898
2026-09-30T01:22:25.203240+00:00 | START model=Random Forest; strategy=Threshold tuning; outer_fold=42
2026-09-30T01:22:39.004716+00:00 | FINISH model=Random Forest; strategy=Threshold tuning; outer_fold=42; elapsed_seconds=13.801
2026-09-30T01:22:39.005247+00:00 | START model=Random Forest; strategy=Threshold tuning; outer_fold=43
2026-09-30T01:22:54.001561+00:00 | FINISH model=Random Forest; strategy=Threshold tuning; outer_fold=43; elapsed_seconds=14.996
2026-09-30T01:22:54.001990+00:00 | START model=Random Forest; strategy=Threshold tuning; outer_fold=44
2026-09-30T01:23:08.427341+00:00 | FINISH model=Random Forest; strategy=Threshold tuning; outer_fold=44; elapsed_seconds=14.425
2026-09-30T01:23:08.427912+00:00 | START model=Random Forest; strategy=Threshold tuning; outer_fold=45
2026-09-30T01:23:22.132425+00:00 | FINISH model=Random Forest; strategy=Threshold tuning; outer_fold=45; elapsed_seconds=13.705
2026-09-30T01:23:22.132931+00:00 | START model=Random Forest; strategy=Threshold tuning; outer_fold=46
2026-09-30T01:23:36.732038+00:00 | FINISH model=Random Forest; strategy=Threshold tuning; outer_fold=46; elapsed_seconds=14.599
2026-09-30T01:23:36.732499+00:00 | START model=Random Forest; strategy=Threshold tuning; outer_fold=47
2026-09-30T01:23:51.639284+00:00 | FINISH model=Random Forest; strategy=Threshold tuning; outer_fold=47; elapsed_seconds=14.907
2026-09-30T01:23:51.639709+00:00 | START model=Random Forest; strategy=Threshold tuning; outer_fold=48
2026-09-30T01:24:06.717954+00:00 | FINISH model=Random Forest; strategy=Threshold tuning; outer_fold=48; elapsed_seconds=15.078
2026-09-30T01:24:06.718431+00:00 | START model=Random Forest; strategy=Threshold tuning; outer_fold=49
2026-09-30T01:24:20.512507+00:00 | FINISH model=Random Forest; strategy=Threshold tuning; outer_fold=49; elapsed_seconds=13.794
2026-09-30T01:24:20.521422+00:00 | SAVED_CONFIG model=Random Forest; strategy=Threshold tuning; rows=600
2026-09-30T01:24:20.521771+00:00 | START model=Random Forest; strategy=Calibrated sigmoid + threshold; outer_fold=0
2026-09-30T01:24:58.479189+00:00 | FINISH model=Random Forest; strategy=Calibrated sigmoid + threshold; outer_fold=0; elapsed_seconds=37.957
2026-09-30T01:24:58.479778+00:00 | START model=Random Forest; strategy=Calibrated sigmoid + threshold; outer_fold=1
2026-09-30T01:25:35.869184+00:00 | FINISH model=Random Forest; strategy=Calibrated sigmoid + threshold; outer_fold=1; elapsed_seconds=37.389
2026-09-30T01:25:35.869648+00:00 | START model=Random Forest; strategy=Calibrated sigmoid + threshold; outer_fold=2
2026-09-30T01:26:11.560912+00:00 | FINISH model=Random Forest; strategy=Calibrated sigmoid + threshold; outer_fold=2; elapsed_seconds=35.691
2026-09-30T01:26:11.561406+00:00 | START model=Random Forest; strategy=Calibrated sigmoid + threshold; outer_fold=3
2026-09-30T01:26:50.839799+00:00 | FINISH model=Random Forest; strategy=Calibrated sigmoid + threshold; outer_fold=3; elapsed_seconds=39.278
2026-09-30T01:26:50.841072+00:00 | START model=Random Forest; strategy=Calibrated sigmoid + threshold; outer_fold=4
2026-09-30T01:27:27.086417+00:00 | FINISH model=Random Forest; strategy=Calibrated sigmoid + threshold; outer_fold=4; elapsed_seconds=36.245
2026-09-30T01:27:27.086837+00:00 | START model=Random Forest; strategy=Calibrated sigmoid + threshold; outer_fold=5
2026-09-30T01:28:02.853049+00:00 | FINISH model=Random Forest; strategy=Calibrated sigmoid + threshold; outer_fold=5; elapsed_seconds=35.766
2026-09-30T01:28:02.853459+00:00 | START model=Random Forest; strategy=Calibrated sigmoid + threshold; outer_fold=6
2026-09-30T01:28:43.422049+00:00 | FINISH model=Random Forest; strategy=Calibrated sigmoid + threshold; outer_fold=6; elapsed_seconds=40.568
2026-09-30T01:28:43.422636+00:00 | START model=Random Forest; strategy=Calibrated sigmoid + threshold; outer_fold=7
2026-09-30T01:29:18.879192+00:00 | FINISH model=Random Forest; strategy=Calibrated sigmoid + threshold; outer_fold=7; elapsed_seconds=35.456
2026-09-30T01:29:18.879898+00:00 | START model=Random Forest; strategy=Calibrated sigmoid + threshold; outer_fold=8
2026-09-30T01:29:54.021431+00:00 | FINISH model=Random Forest; strategy=Calibrated sigmoid + threshold; outer_fold=8; elapsed_seconds=35.141
2026-09-30T01:29:54.022099+00:00 | START model=Random Forest; strategy=Calibrated sigmoid + threshold; outer_fold=9
2026-09-30T01:30:29.657917+00:00 | FINISH model=Random Forest; strategy=Calibrated sigmoid + threshold; outer_fold=9; elapsed_seconds=35.636
2026-09-30T01:30:29.658626+00:00 | START model=Random Forest; strategy=Calibrated sigmoid + threshold; outer_fold=10
2026-09-30T01:31:04.785112+00:00 | FINISH model=Random Forest; strategy=Calibrated sigmoid + threshold; outer_fold=10; elapsed_seconds=35.127
2026-09-30T01:31:04.785742+00:00 | START model=Random Forest; strategy=Calibrated sigmoid + threshold; outer_fold=11
2026-09-30T01:31:40.903671+00:00 | FINISH model=Random Forest; strategy=Calibrated sigmoid + threshold; outer_fold=11; elapsed_seconds=36.118
2026-09-30T01:31:40.904573+00:00 | START model=Random Forest; strategy=Calibrated sigmoid + threshold; outer_fold=12
2026-09-30T01:32:17.087366+00:00 | FINISH model=Random Forest; strategy=Calibrated sigmoid + threshold; outer_fold=12; elapsed_seconds=36.183
2026-09-30T01:32:17.088954+00:00 | START model=Random Forest; strategy=Calibrated sigmoid + threshold; outer_fold=13
2026-09-30T01:32:51.886205+00:00 | FINISH model=Random Forest; strategy=Calibrated sigmoid + threshold; outer_fold=13; elapsed_seconds=34.797
2026-09-30T01:32:51.886903+00:00 | START model=Random Forest; strategy=Calibrated sigmoid + threshold; outer_fold=14
2026-09-30T01:33:27.382860+00:00 | FINISH model=Random Forest; strategy=Calibrated sigmoid + threshold; outer_fold=14; elapsed_seconds=35.496
2026-09-30T01:33:27.383489+00:00 | START model=Random Forest; strategy=Calibrated sigmoid + threshold; outer_fold=15
2026-09-30T01:34:03.399652+00:00 | FINISH model=Random Forest; strategy=Calibrated sigmoid + threshold; outer_fold=15; elapsed_seconds=36.016
2026-09-30T01:34:03.400224+00:00 | START model=Random Forest; strategy=Calibrated sigmoid + threshold; outer_fold=16
2026-09-30T01:34:40.573439+00:00 | FINISH model=Random Forest; strategy=Calibrated sigmoid + threshold; outer_fold=16; elapsed_seconds=37.173
2026-09-30T01:34:40.574035+00:00 | START model=Random Forest; strategy=Calibrated sigmoid + threshold; outer_fold=17
2026-09-30T01:35:16.004791+00:00 | FINISH model=Random Forest; strategy=Calibrated sigmoid + threshold; outer_fold=17; elapsed_seconds=35.431
2026-09-30T01:35:16.005398+00:00 | START model=Random Forest; strategy=Calibrated sigmoid + threshold; outer_fold=18
2026-09-30T01:35:51.969260+00:00 | FINISH model=Random Forest; strategy=Calibrated sigmoid + threshold; outer_fold=18; elapsed_seconds=35.964
2026-09-30T01:35:51.970065+00:00 | START model=Random Forest; strategy=Calibrated sigmoid + threshold; outer_fold=19
2026-09-30T01:36:27.137850+00:00 | FINISH model=Random Forest; strategy=Calibrated sigmoid + threshold; outer_fold=19; elapsed_seconds=35.168
2026-09-30T01:36:27.138857+00:00 | START model=Random Forest; strategy=Calibrated sigmoid + threshold; outer_fold=20
2026-09-30T01:37:02.258706+00:00 | FINISH model=Random Forest; strategy=Calibrated sigmoid + threshold; outer_fold=20; elapsed_seconds=35.120
2026-09-30T01:37:02.259313+00:00 | START model=Random Forest; strategy=Calibrated sigmoid + threshold; outer_fold=21
2026-09-30T01:37:37.458209+00:00 | FINISH model=Random Forest; strategy=Calibrated sigmoid + threshold; outer_fold=21; elapsed_seconds=35.199
2026-09-30T01:37:37.459126+00:00 | START model=Random Forest; strategy=Calibrated sigmoid + threshold; outer_fold=22
2026-09-30T01:38:12.873389+00:00 | FINISH model=Random Forest; strategy=Calibrated sigmoid + threshold; outer_fold=22; elapsed_seconds=35.414
2026-09-30T01:38:12.874029+00:00 | START model=Random Forest; strategy=Calibrated sigmoid + threshold; outer_fold=23
2026-09-30T01:38:49.662816+00:00 | FINISH model=Random Forest; strategy=Calibrated sigmoid + threshold; outer_fold=23; elapsed_seconds=36.789
2026-09-30T01:38:49.663496+00:00 | START model=Random Forest; strategy=Calibrated sigmoid + threshold; outer_fold=24
2026-09-30T01:39:27.275094+00:00 | FINISH model=Random Forest; strategy=Calibrated sigmoid + threshold; outer_fold=24; elapsed_seconds=37.612
2026-09-30T01:39:27.275647+00:00 | START model=Random Forest; strategy=Calibrated sigmoid + threshold; outer_fold=25
2026-09-30T01:40:03.626911+00:00 | FINISH model=Random Forest; strategy=Calibrated sigmoid + threshold; outer_fold=25; elapsed_seconds=36.351
2026-09-30T01:40:03.627667+00:00 | START model=Random Forest; strategy=Calibrated sigmoid + threshold; outer_fold=26
2026-09-30T01:40:39.124223+00:00 | FINISH model=Random Forest; strategy=Calibrated sigmoid + threshold; outer_fold=26; elapsed_seconds=35.497
2026-09-30T01:40:39.124915+00:00 | START model=Random Forest; strategy=Calibrated sigmoid + threshold; outer_fold=27
2026-09-30T01:41:12.885160+00:00 | FINISH model=Random Forest; strategy=Calibrated sigmoid + threshold; outer_fold=27; elapsed_seconds=33.760
2026-09-30T01:41:12.885843+00:00 | START model=Random Forest; strategy=Calibrated sigmoid + threshold; outer_fold=28
2026-09-30T01:41:47.647842+00:00 | FINISH model=Random Forest; strategy=Calibrated sigmoid + threshold; outer_fold=28; elapsed_seconds=34.762
2026-09-30T01:41:47.648499+00:00 | START model=Random Forest; strategy=Calibrated sigmoid + threshold; outer_fold=29
2026-09-30T01:42:21.430084+00:00 | FINISH model=Random Forest; strategy=Calibrated sigmoid + threshold; outer_fold=29; elapsed_seconds=33.781
2026-09-30T01:42:21.430800+00:00 | START model=Random Forest; strategy=Calibrated sigmoid + threshold; outer_fold=30
2026-09-30T01:42:55.530045+00:00 | FINISH model=Random Forest; strategy=Calibrated sigmoid + threshold; outer_fold=30; elapsed_seconds=34.099
2026-09-30T01:42:55.530634+00:00 | START model=Random Forest; strategy=Calibrated sigmoid + threshold; outer_fold=31
2026-09-30T01:43:29.707155+00:00 | FINISH model=Random Forest; strategy=Calibrated sigmoid + threshold; outer_fold=31; elapsed_seconds=34.176
2026-09-30T01:43:29.707900+00:00 | START model=Random Forest; strategy=Calibrated sigmoid + threshold; outer_fold=32
2026-09-30T01:44:04.780815+00:00 | FINISH model=Random Forest; strategy=Calibrated sigmoid + threshold; outer_fold=32; elapsed_seconds=35.073
2026-09-30T01:44:04.781614+00:00 | START model=Random Forest; strategy=Calibrated sigmoid + threshold; outer_fold=33
2026-09-30T01:44:39.901715+00:00 | FINISH model=Random Forest; strategy=Calibrated sigmoid + threshold; outer_fold=33; elapsed_seconds=35.120
2026-09-30T01:44:39.902382+00:00 | START model=Random Forest; strategy=Calibrated sigmoid + threshold; outer_fold=34
2026-09-30T01:45:15.445704+00:00 | FINISH model=Random Forest; strategy=Calibrated sigmoid + threshold; outer_fold=34; elapsed_seconds=35.543
2026-09-30T01:45:15.446839+00:00 | START model=Random Forest; strategy=Calibrated sigmoid + threshold; outer_fold=35
2026-09-30T01:45:50.292531+00:00 | FINISH model=Random Forest; strategy=Calibrated sigmoid + threshold; outer_fold=35; elapsed_seconds=34.846
2026-09-30T01:45:50.293392+00:00 | START model=Random Forest; strategy=Calibrated sigmoid + threshold; outer_fold=36
2026-09-30T01:46:24.594507+00:00 | FINISH model=Random Forest; strategy=Calibrated sigmoid + threshold; outer_fold=36; elapsed_seconds=34.301
2026-09-30T01:46:24.595349+00:00 | START model=Random Forest; strategy=Calibrated sigmoid + threshold; outer_fold=37
2026-09-30T01:46:58.846584+00:00 | FINISH model=Random Forest; strategy=Calibrated sigmoid + threshold; outer_fold=37; elapsed_seconds=34.251
2026-09-30T01:46:58.847170+00:00 | START model=Random Forest; strategy=Calibrated sigmoid + threshold; outer_fold=38
2026-09-30T01:47:33.889688+00:00 | FINISH model=Random Forest; strategy=Calibrated sigmoid + threshold; outer_fold=38; elapsed_seconds=35.042
2026-09-30T01:47:33.890492+00:00 | START model=Random Forest; strategy=Calibrated sigmoid + threshold; outer_fold=39
2026-09-30T01:48:09.278352+00:00 | FINISH model=Random Forest; strategy=Calibrated sigmoid + threshold; outer_fold=39; elapsed_seconds=35.388
2026-09-30T01:48:09.279060+00:00 | START model=Random Forest; strategy=Calibrated sigmoid + threshold; outer_fold=40
2026-09-30T01:48:45.201915+00:00 | FINISH model=Random Forest; strategy=Calibrated sigmoid + threshold; outer_fold=40; elapsed_seconds=35.923
2026-09-30T01:48:45.202650+00:00 | START model=Random Forest; strategy=Calibrated sigmoid + threshold; outer_fold=41
2026-09-30T01:49:19.643330+00:00 | FINISH model=Random Forest; strategy=Calibrated sigmoid + threshold; outer_fold=41; elapsed_seconds=34.440
2026-09-30T01:49:19.643940+00:00 | START model=Random Forest; strategy=Calibrated sigmoid + threshold; outer_fold=42
2026-09-30T01:49:56.605017+00:00 | FINISH model=Random Forest; strategy=Calibrated sigmoid + threshold; outer_fold=42; elapsed_seconds=36.961
2026-09-30T01:49:56.605866+00:00 | START model=Random Forest; strategy=Calibrated sigmoid + threshold; outer_fold=43
2026-09-30T01:50:31.116634+00:00 | FINISH model=Random Forest; strategy=Calibrated sigmoid + threshold; outer_fold=43; elapsed_seconds=34.511
2026-09-30T01:50:31.117233+00:00 | START model=Random Forest; strategy=Calibrated sigmoid + threshold; outer_fold=44
2026-09-30T01:51:06.081898+00:00 | FINISH model=Random Forest; strategy=Calibrated sigmoid + threshold; outer_fold=44; elapsed_seconds=34.964
2026-09-30T01:51:06.082650+00:00 | START model=Random Forest; strategy=Calibrated sigmoid + threshold; outer_fold=45
2026-09-30T01:51:39.787463+00:00 | FINISH model=Random Forest; strategy=Calibrated sigmoid + threshold; outer_fold=45; elapsed_seconds=33.705
2026-09-30T01:51:39.788557+00:00 | START model=Random Forest; strategy=Calibrated sigmoid + threshold; outer_fold=46
2026-09-30T01:52:14.797263+00:00 | FINISH model=Random Forest; strategy=Calibrated sigmoid + threshold; outer_fold=46; elapsed_seconds=35.009
2026-09-30T01:52:14.798021+00:00 | START model=Random Forest; strategy=Calibrated sigmoid + threshold; outer_fold=47
2026-09-30T01:52:50.668717+00:00 | FINISH model=Random Forest; strategy=Calibrated sigmoid + threshold; outer_fold=47; elapsed_seconds=35.871
2026-09-30T01:52:50.669285+00:00 | START model=Random Forest; strategy=Calibrated sigmoid + threshold; outer_fold=48
2026-09-30T01:53:24.846883+00:00 | FINISH model=Random Forest; strategy=Calibrated sigmoid + threshold; outer_fold=48; elapsed_seconds=34.177
2026-09-30T01:53:24.847655+00:00 | START model=Random Forest; strategy=Calibrated sigmoid + threshold; outer_fold=49
2026-09-30T01:54:00.765164+00:00 | FINISH model=Random Forest; strategy=Calibrated sigmoid + threshold; outer_fold=49; elapsed_seconds=35.917
2026-09-30T01:54:00.775961+00:00 | SAVED_CONFIG model=Random Forest; strategy=Calibrated sigmoid + threshold; rows=650
2026-09-30T01:54:00.776310+00:00 | START model=Random Forest; strategy=Calibrated isotonic + threshold; outer_fold=0
2026-09-30T01:54:34.977183+00:00 | FINISH model=Random Forest; strategy=Calibrated isotonic + threshold; outer_fold=0; elapsed_seconds=34.201
2026-09-30T01:54:34.977716+00:00 | START model=Random Forest; strategy=Calibrated isotonic + threshold; outer_fold=1
2026-09-30T01:55:09.929903+00:00 | FINISH model=Random Forest; strategy=Calibrated isotonic + threshold; outer_fold=1; elapsed_seconds=34.952
2026-09-30T01:55:09.930601+00:00 | START model=Random Forest; strategy=Calibrated isotonic + threshold; outer_fold=2
2026-09-30T01:55:45.910964+00:00 | FINISH model=Random Forest; strategy=Calibrated isotonic + threshold; outer_fold=2; elapsed_seconds=35.980
2026-09-30T01:55:45.911575+00:00 | START model=Random Forest; strategy=Calibrated isotonic + threshold; outer_fold=3
2026-09-30T01:56:23.416199+00:00 | FINISH model=Random Forest; strategy=Calibrated isotonic + threshold; outer_fold=3; elapsed_seconds=37.505
2026-09-30T01:56:23.416784+00:00 | START model=Random Forest; strategy=Calibrated isotonic + threshold; outer_fold=4
2026-09-30T01:56:58.237786+00:00 | FINISH model=Random Forest; strategy=Calibrated isotonic + threshold; outer_fold=4; elapsed_seconds=34.821
2026-09-30T01:56:58.240331+00:00 | START model=Random Forest; strategy=Calibrated isotonic + threshold; outer_fold=5
2026-09-30T01:57:33.151832+00:00 | FINISH model=Random Forest; strategy=Calibrated isotonic + threshold; outer_fold=5; elapsed_seconds=34.911
2026-09-30T01:57:33.152442+00:00 | START model=Random Forest; strategy=Calibrated isotonic + threshold; outer_fold=6
2026-09-30T01:58:08.109395+00:00 | FINISH model=Random Forest; strategy=Calibrated isotonic + threshold; outer_fold=6; elapsed_seconds=34.957
2026-09-30T01:58:08.109976+00:00 | START model=Random Forest; strategy=Calibrated isotonic + threshold; outer_fold=7
2026-09-30T01:58:42.801687+00:00 | FINISH model=Random Forest; strategy=Calibrated isotonic + threshold; outer_fold=7; elapsed_seconds=34.692
2026-09-30T01:58:42.802465+00:00 | START model=Random Forest; strategy=Calibrated isotonic + threshold; outer_fold=8
2026-09-30T01:59:16.803915+00:00 | FINISH model=Random Forest; strategy=Calibrated isotonic + threshold; outer_fold=8; elapsed_seconds=34.001
2026-09-30T01:59:16.804535+00:00 | START model=Random Forest; strategy=Calibrated isotonic + threshold; outer_fold=9
2026-09-30T01:59:51.335442+00:00 | FINISH model=Random Forest; strategy=Calibrated isotonic + threshold; outer_fold=9; elapsed_seconds=34.531
2026-09-30T01:59:51.336078+00:00 | START model=Random Forest; strategy=Calibrated isotonic + threshold; outer_fold=10
2026-09-30T02:00:27.512256+00:00 | FINISH model=Random Forest; strategy=Calibrated isotonic + threshold; outer_fold=10; elapsed_seconds=36.176
2026-09-30T02:00:27.513024+00:00 | START model=Random Forest; strategy=Calibrated isotonic + threshold; outer_fold=11
2026-09-30T02:01:03.980053+00:00 | FINISH model=Random Forest; strategy=Calibrated isotonic + threshold; outer_fold=11; elapsed_seconds=36.467
2026-09-30T02:01:03.980821+00:00 | START model=Random Forest; strategy=Calibrated isotonic + threshold; outer_fold=12
2026-09-30T02:01:39.569411+00:00 | FINISH model=Random Forest; strategy=Calibrated isotonic + threshold; outer_fold=12; elapsed_seconds=35.589
2026-09-30T02:01:39.571829+00:00 | START model=Random Forest; strategy=Calibrated isotonic + threshold; outer_fold=13
2026-09-30T02:02:15.590945+00:00 | FINISH model=Random Forest; strategy=Calibrated isotonic + threshold; outer_fold=13; elapsed_seconds=36.019
2026-09-30T02:02:15.591583+00:00 | START model=Random Forest; strategy=Calibrated isotonic + threshold; outer_fold=14
2026-09-30T02:02:51.323606+00:00 | FINISH model=Random Forest; strategy=Calibrated isotonic + threshold; outer_fold=14; elapsed_seconds=35.732
2026-09-30T02:02:51.324201+00:00 | START model=Random Forest; strategy=Calibrated isotonic + threshold; outer_fold=15
2026-09-30T02:03:28.632097+00:00 | FINISH model=Random Forest; strategy=Calibrated isotonic + threshold; outer_fold=15; elapsed_seconds=37.308
2026-09-30T02:03:28.632853+00:00 | START model=Random Forest; strategy=Calibrated isotonic + threshold; outer_fold=16
2026-09-30T04:03:56.791193+00:00 | RUN_START quick_run=False; n_iter=12; expanded_search=False; output=C:\Users\asus\OneDrive\Desktop\Research\Project\results
2026-09-30T04:03:56.876257+00:00 | CONFIG_START model=Logistic Regression; strategy=No handling; n_iter=12; expanded_search=False
2026-09-30T04:03:56.877494+00:00 | SKIP model=Logistic Regression; strategy=No handling; outer_fold=0; checkpoint=unit_00_00_000.joblib
2026-09-30T04:03:56.878408+00:00 | SKIP model=Logistic Regression; strategy=No handling; outer_fold=1; checkpoint=unit_00_00_001.joblib
2026-09-30T04:03:56.878989+00:00 | SKIP model=Logistic Regression; strategy=No handling; outer_fold=2; checkpoint=unit_00_00_002.joblib
2026-09-30T04:03:56.879539+00:00 | SKIP model=Logistic Regression; strategy=No handling; outer_fold=3; checkpoint=unit_00_00_003.joblib
2026-09-30T04:03:56.880047+00:00 | SKIP model=Logistic Regression; strategy=No handling; outer_fold=4; checkpoint=unit_00_00_004.joblib
2026-09-30T04:03:56.880550+00:00 | SKIP model=Logistic Regression; strategy=No handling; outer_fold=5; checkpoint=unit_00_00_005.joblib
2026-09-30T04:03:56.881096+00:00 | SKIP model=Logistic Regression; strategy=No handling; outer_fold=6; checkpoint=unit_00_00_006.joblib
2026-09-30T04:03:56.881826+00:00 | SKIP model=Logistic Regression; strategy=No handling; outer_fold=7; checkpoint=unit_00_00_007.joblib
2026-09-30T04:03:56.882345+00:00 | SKIP model=Logistic Regression; strategy=No handling; outer_fold=8; checkpoint=unit_00_00_008.joblib
2026-09-30T04:03:56.882857+00:00 | SKIP model=Logistic Regression; strategy=No handling; outer_fold=9; checkpoint=unit_00_00_009.joblib
2026-09-30T04:03:56.883331+00:00 | SKIP model=Logistic Regression; strategy=No handling; outer_fold=10; checkpoint=unit_00_00_010.joblib
2026-09-30T04:03:56.883947+00:00 | SKIP model=Logistic Regression; strategy=No handling; outer_fold=11; checkpoint=unit_00_00_011.joblib
2026-09-30T04:03:56.884871+00:00 | SKIP model=Logistic Regression; strategy=No handling; outer_fold=12; checkpoint=unit_00_00_012.joblib
2026-09-30T04:03:56.885470+00:00 | SKIP model=Logistic Regression; strategy=No handling; outer_fold=13; checkpoint=unit_00_00_013.joblib
2026-09-30T04:03:56.885984+00:00 | SKIP model=Logistic Regression; strategy=No handling; outer_fold=14; checkpoint=unit_00_00_014.joblib
2026-09-30T04:03:56.886760+00:00 | SKIP model=Logistic Regression; strategy=No handling; outer_fold=15; checkpoint=unit_00_00_015.joblib
2026-09-30T04:03:56.887279+00:00 | SKIP model=Logistic Regression; strategy=No handling; outer_fold=16; checkpoint=unit_00_00_016.joblib
2026-09-30T04:03:56.887961+00:00 | SKIP model=Logistic Regression; strategy=No handling; outer_fold=17; checkpoint=unit_00_00_017.joblib
2026-09-30T04:03:56.888518+00:00 | SKIP model=Logistic Regression; strategy=No handling; outer_fold=18; checkpoint=unit_00_00_018.joblib
2026-09-30T04:03:56.889048+00:00 | SKIP model=Logistic Regression; strategy=No handling; outer_fold=19; checkpoint=unit_00_00_019.joblib
2026-09-30T04:03:56.889552+00:00 | SKIP model=Logistic Regression; strategy=No handling; outer_fold=20; checkpoint=unit_00_00_020.joblib
2026-09-30T04:03:56.890154+00:00 | SKIP model=Logistic Regression; strategy=No handling; outer_fold=21; checkpoint=unit_00_00_021.joblib
2026-09-30T04:03:56.892414+00:00 | SKIP model=Logistic Regression; strategy=No handling; outer_fold=22; checkpoint=unit_00_00_022.joblib
2026-09-30T04:03:56.893225+00:00 | SKIP model=Logistic Regression; strategy=No handling; outer_fold=23; checkpoint=unit_00_00_023.joblib
2026-09-30T04:03:56.893748+00:00 | SKIP model=Logistic Regression; strategy=No handling; outer_fold=24; checkpoint=unit_00_00_024.joblib
2026-09-30T04:03:56.894262+00:00 | SKIP model=Logistic Regression; strategy=No handling; outer_fold=25; checkpoint=unit_00_00_025.joblib
2026-09-30T04:03:56.894768+00:00 | SKIP model=Logistic Regression; strategy=No handling; outer_fold=26; checkpoint=unit_00_00_026.joblib
2026-09-30T04:03:56.895283+00:00 | SKIP model=Logistic Regression; strategy=No handling; outer_fold=27; checkpoint=unit_00_00_027.joblib
2026-09-30T04:03:56.895801+00:00 | SKIP model=Logistic Regression; strategy=No handling; outer_fold=28; checkpoint=unit_00_00_028.joblib
2026-09-30T04:03:56.896388+00:00 | SKIP model=Logistic Regression; strategy=No handling; outer_fold=29; checkpoint=unit_00_00_029.joblib
2026-09-30T04:03:56.896981+00:00 | SKIP model=Logistic Regression; strategy=No handling; outer_fold=30; checkpoint=unit_00_00_030.joblib
2026-09-30T04:03:56.898960+00:00 | SKIP model=Logistic Regression; strategy=No handling; outer_fold=31; checkpoint=unit_00_00_031.joblib
2026-09-30T04:03:56.899532+00:00 | SKIP model=Logistic Regression; strategy=No handling; outer_fold=32; checkpoint=unit_00_00_032.joblib
2026-09-30T04:03:56.900073+00:00 | SKIP model=Logistic Regression; strategy=No handling; outer_fold=33; checkpoint=unit_00_00_033.joblib
2026-09-30T04:03:56.900610+00:00 | SKIP model=Logistic Regression; strategy=No handling; outer_fold=34; checkpoint=unit_00_00_034.joblib
2026-09-30T04:03:56.901176+00:00 | SKIP model=Logistic Regression; strategy=No handling; outer_fold=35; checkpoint=unit_00_00_035.joblib
2026-09-30T04:03:56.901729+00:00 | SKIP model=Logistic Regression; strategy=No handling; outer_fold=36; checkpoint=unit_00_00_036.joblib
2026-09-30T04:03:56.902231+00:00 | SKIP model=Logistic Regression; strategy=No handling; outer_fold=37; checkpoint=unit_00_00_037.joblib
2026-09-30T04:03:56.902717+00:00 | SKIP model=Logistic Regression; strategy=No handling; outer_fold=38; checkpoint=unit_00_00_038.joblib
2026-09-30T04:03:56.903209+00:00 | SKIP model=Logistic Regression; strategy=No handling; outer_fold=39; checkpoint=unit_00_00_039.joblib
2026-09-30T04:03:56.903733+00:00 | SKIP model=Logistic Regression; strategy=No handling; outer_fold=40; checkpoint=unit_00_00_040.joblib
2026-09-30T04:03:56.904291+00:00 | SKIP model=Logistic Regression; strategy=No handling; outer_fold=41; checkpoint=unit_00_00_041.joblib
2026-09-30T04:03:56.904913+00:00 | SKIP model=Logistic Regression; strategy=No handling; outer_fold=42; checkpoint=unit_00_00_042.joblib
2026-09-30T04:03:56.905534+00:00 | SKIP model=Logistic Regression; strategy=No handling; outer_fold=43; checkpoint=unit_00_00_043.joblib
2026-09-30T04:03:56.906086+00:00 | SKIP model=Logistic Regression; strategy=No handling; outer_fold=44; checkpoint=unit_00_00_044.joblib
2026-09-30T04:03:56.907016+00:00 | SKIP model=Logistic Regression; strategy=No handling; outer_fold=45; checkpoint=unit_00_00_045.joblib
2026-09-30T04:03:56.907687+00:00 | SKIP model=Logistic Regression; strategy=No handling; outer_fold=46; checkpoint=unit_00_00_046.joblib
2026-09-30T04:03:56.908157+00:00 | SKIP model=Logistic Regression; strategy=No handling; outer_fold=47; checkpoint=unit_00_00_047.joblib
2026-09-30T04:03:56.908723+00:00 | SKIP model=Logistic Regression; strategy=No handling; outer_fold=48; checkpoint=unit_00_00_048.joblib
2026-09-30T04:03:56.909320+00:00 | SKIP model=Logistic Regression; strategy=No handling; outer_fold=49; checkpoint=unit_00_00_049.joblib
2026-09-30T04:03:56.909501+00:00 | CONFIG_FINISH model=Logistic Regression; strategy=No handling; elapsed_seconds=0.033; n_iter=12; expanded_search=False
2026-09-30T04:03:56.914640+00:00 | SAVED_CONFIG model=Logistic Regression; strategy=No handling; rows=50
2026-09-30T04:03:56.914824+00:00 | CONFIG_START model=Logistic Regression; strategy=Class weight; n_iter=12; expanded_search=False
2026-09-30T04:03:56.915484+00:00 | SKIP model=Logistic Regression; strategy=Class weight; outer_fold=0; checkpoint=unit_00_01_000.joblib
2026-09-30T04:03:56.916064+00:00 | SKIP model=Logistic Regression; strategy=Class weight; outer_fold=1; checkpoint=unit_00_01_001.joblib
2026-09-30T04:03:56.916551+00:00 | SKIP model=Logistic Regression; strategy=Class weight; outer_fold=2; checkpoint=unit_00_01_002.joblib
2026-09-30T04:03:56.917031+00:00 | SKIP model=Logistic Regression; strategy=Class weight; outer_fold=3; checkpoint=unit_00_01_003.joblib
2026-09-30T04:03:56.917527+00:00 | SKIP model=Logistic Regression; strategy=Class weight; outer_fold=4; checkpoint=unit_00_01_004.joblib
2026-09-30T04:03:56.918019+00:00 | SKIP model=Logistic Regression; strategy=Class weight; outer_fold=5; checkpoint=unit_00_01_005.joblib
2026-09-30T04:03:56.918544+00:00 | SKIP model=Logistic Regression; strategy=Class weight; outer_fold=6; checkpoint=unit_00_01_006.joblib
2026-09-30T04:03:56.919480+00:00 | SKIP model=Logistic Regression; strategy=Class weight; outer_fold=7; checkpoint=unit_00_01_007.joblib
2026-09-30T04:03:56.920288+00:00 | SKIP model=Logistic Regression; strategy=Class weight; outer_fold=8; checkpoint=unit_00_01_008.joblib
2026-09-30T04:03:56.920856+00:00 | SKIP model=Logistic Regression; strategy=Class weight; outer_fold=9; checkpoint=unit_00_01_009.joblib
2026-09-30T04:03:56.921446+00:00 | SKIP model=Logistic Regression; strategy=Class weight; outer_fold=10; checkpoint=unit_00_01_010.joblib
2026-09-30T04:03:56.927952+00:00 | SKIP model=Logistic Regression; strategy=Class weight; outer_fold=11; checkpoint=unit_00_01_011.joblib
2026-09-30T04:03:56.928652+00:00 | SKIP model=Logistic Regression; strategy=Class weight; outer_fold=12; checkpoint=unit_00_01_012.joblib
2026-09-30T04:03:56.929190+00:00 | SKIP model=Logistic Regression; strategy=Class weight; outer_fold=13; checkpoint=unit_00_01_013.joblib
2026-09-30T04:03:56.929744+00:00 | SKIP model=Logistic Regression; strategy=Class weight; outer_fold=14; checkpoint=unit_00_01_014.joblib
2026-09-30T04:03:56.930301+00:00 | SKIP model=Logistic Regression; strategy=Class weight; outer_fold=15; checkpoint=unit_00_01_015.joblib
2026-09-30T04:03:56.930787+00:00 | SKIP model=Logistic Regression; strategy=Class weight; outer_fold=16; checkpoint=unit_00_01_016.joblib
2026-09-30T04:03:56.931279+00:00 | SKIP model=Logistic Regression; strategy=Class weight; outer_fold=17; checkpoint=unit_00_01_017.joblib
2026-09-30T04:03:56.931747+00:00 | SKIP model=Logistic Regression; strategy=Class weight; outer_fold=18; checkpoint=unit_00_01_018.joblib
2026-09-30T04:03:56.932337+00:00 | SKIP model=Logistic Regression; strategy=Class weight; outer_fold=19; checkpoint=unit_00_01_019.joblib
2026-09-30T04:03:56.932987+00:00 | SKIP model=Logistic Regression; strategy=Class weight; outer_fold=20; checkpoint=unit_00_01_020.joblib
2026-09-30T04:03:56.933650+00:00 | SKIP model=Logistic Regression; strategy=Class weight; outer_fold=21; checkpoint=unit_00_01_021.joblib
2026-09-30T04:03:56.934293+00:00 | SKIP model=Logistic Regression; strategy=Class weight; outer_fold=22; checkpoint=unit_00_01_022.joblib
2026-09-30T04:03:56.934857+00:00 | SKIP model=Logistic Regression; strategy=Class weight; outer_fold=23; checkpoint=unit_00_01_023.joblib
2026-09-30T04:03:56.935391+00:00 | SKIP model=Logistic Regression; strategy=Class weight; outer_fold=24; checkpoint=unit_00_01_024.joblib
2026-09-30T04:03:56.935898+00:00 | SKIP model=Logistic Regression; strategy=Class weight; outer_fold=25; checkpoint=unit_00_01_025.joblib
2026-09-30T04:03:56.936387+00:00 | SKIP model=Logistic Regression; strategy=Class weight; outer_fold=26; checkpoint=unit_00_01_026.joblib
2026-09-30T04:03:56.936962+00:00 | SKIP model=Logistic Regression; strategy=Class weight; outer_fold=27; checkpoint=unit_00_01_027.joblib
2026-09-30T04:03:56.937751+00:00 | SKIP model=Logistic Regression; strategy=Class weight; outer_fold=28; checkpoint=unit_00_01_028.joblib
2026-09-30T04:03:56.938319+00:00 | SKIP model=Logistic Regression; strategy=Class weight; outer_fold=29; checkpoint=unit_00_01_029.joblib
2026-09-30T04:03:56.938799+00:00 | SKIP model=Logistic Regression; strategy=Class weight; outer_fold=30; checkpoint=unit_00_01_030.joblib
2026-09-30T04:03:56.939445+00:00 | SKIP model=Logistic Regression; strategy=Class weight; outer_fold=31; checkpoint=unit_00_01_031.joblib
2026-09-30T04:03:56.940131+00:00 | SKIP model=Logistic Regression; strategy=Class weight; outer_fold=32; checkpoint=unit_00_01_032.joblib
2026-09-30T04:03:56.940752+00:00 | SKIP model=Logistic Regression; strategy=Class weight; outer_fold=33; checkpoint=unit_00_01_033.joblib
2026-09-30T04:03:56.941350+00:00 | SKIP model=Logistic Regression; strategy=Class weight; outer_fold=34; checkpoint=unit_00_01_034.joblib
2026-09-30T04:03:56.941982+00:00 | SKIP model=Logistic Regression; strategy=Class weight; outer_fold=35; checkpoint=unit_00_01_035.joblib
2026-09-30T04:03:56.942490+00:00 | SKIP model=Logistic Regression; strategy=Class weight; outer_fold=36; checkpoint=unit_00_01_036.joblib
2026-09-30T04:03:56.942962+00:00 | SKIP model=Logistic Regression; strategy=Class weight; outer_fold=37; checkpoint=unit_00_01_037.joblib
2026-09-30T04:03:56.943469+00:00 | SKIP model=Logistic Regression; strategy=Class weight; outer_fold=38; checkpoint=unit_00_01_038.joblib
2026-09-30T04:03:56.943975+00:00 | SKIP model=Logistic Regression; strategy=Class weight; outer_fold=39; checkpoint=unit_00_01_039.joblib
2026-09-30T04:03:56.944607+00:00 | SKIP model=Logistic Regression; strategy=Class weight; outer_fold=40; checkpoint=unit_00_01_040.joblib
2026-09-30T04:03:56.945071+00:00 | SKIP model=Logistic Regression; strategy=Class weight; outer_fold=41; checkpoint=unit_00_01_041.joblib
2026-09-30T04:03:56.945565+00:00 | SKIP model=Logistic Regression; strategy=Class weight; outer_fold=42; checkpoint=unit_00_01_042.joblib
2026-09-30T04:03:56.946160+00:00 | SKIP model=Logistic Regression; strategy=Class weight; outer_fold=43; checkpoint=unit_00_01_043.joblib
2026-09-30T04:03:56.946832+00:00 | SKIP model=Logistic Regression; strategy=Class weight; outer_fold=44; checkpoint=unit_00_01_044.joblib
2026-09-30T04:03:56.947384+00:00 | SKIP model=Logistic Regression; strategy=Class weight; outer_fold=45; checkpoint=unit_00_01_045.joblib
2026-09-30T04:03:56.947912+00:00 | SKIP model=Logistic Regression; strategy=Class weight; outer_fold=46; checkpoint=unit_00_01_046.joblib
2026-09-30T04:03:56.948405+00:00 | SKIP model=Logistic Regression; strategy=Class weight; outer_fold=47; checkpoint=unit_00_01_047.joblib
2026-09-30T04:03:56.948963+00:00 | SKIP model=Logistic Regression; strategy=Class weight; outer_fold=48; checkpoint=unit_00_01_048.joblib
2026-09-30T04:03:56.949500+00:00 | SKIP model=Logistic Regression; strategy=Class weight; outer_fold=49; checkpoint=unit_00_01_049.joblib
2026-09-30T04:03:56.949678+00:00 | CONFIG_FINISH model=Logistic Regression; strategy=Class weight; elapsed_seconds=0.035; n_iter=12; expanded_search=False
2026-09-30T04:03:56.952467+00:00 | SAVED_CONFIG model=Logistic Regression; strategy=Class weight; rows=100
2026-09-30T04:03:56.952627+00:00 | CONFIG_START model=Logistic Regression; strategy=SMOTE-NC; n_iter=12; expanded_search=False
2026-09-30T04:03:56.953136+00:00 | SKIP model=Logistic Regression; strategy=SMOTE-NC; outer_fold=0; checkpoint=unit_00_02_000.joblib
2026-09-30T04:03:56.953853+00:00 | SKIP model=Logistic Regression; strategy=SMOTE-NC; outer_fold=1; checkpoint=unit_00_02_001.joblib
2026-09-30T04:03:56.954467+00:00 | SKIP model=Logistic Regression; strategy=SMOTE-NC; outer_fold=2; checkpoint=unit_00_02_002.joblib
2026-09-30T04:03:56.955021+00:00 | SKIP model=Logistic Regression; strategy=SMOTE-NC; outer_fold=3; checkpoint=unit_00_02_003.joblib
2026-09-30T04:03:56.955525+00:00 | SKIP model=Logistic Regression; strategy=SMOTE-NC; outer_fold=4; checkpoint=unit_00_02_004.joblib
2026-09-30T04:03:56.956003+00:00 | SKIP model=Logistic Regression; strategy=SMOTE-NC; outer_fold=5; checkpoint=unit_00_02_005.joblib
2026-09-30T04:03:56.956573+00:00 | SKIP model=Logistic Regression; strategy=SMOTE-NC; outer_fold=6; checkpoint=unit_00_02_006.joblib
2026-09-30T04:03:56.957163+00:00 | SKIP model=Logistic Regression; strategy=SMOTE-NC; outer_fold=7; checkpoint=unit_00_02_007.joblib
2026-09-30T04:03:56.957665+00:00 | SKIP model=Logistic Regression; strategy=SMOTE-NC; outer_fold=8; checkpoint=unit_00_02_008.joblib
2026-09-30T04:03:56.958140+00:00 | SKIP model=Logistic Regression; strategy=SMOTE-NC; outer_fold=9; checkpoint=unit_00_02_009.joblib
2026-09-30T04:03:56.958626+00:00 | SKIP model=Logistic Regression; strategy=SMOTE-NC; outer_fold=10; checkpoint=unit_00_02_010.joblib
2026-09-30T04:03:56.959102+00:00 | SKIP model=Logistic Regression; strategy=SMOTE-NC; outer_fold=11; checkpoint=unit_00_02_011.joblib
2026-09-30T04:03:56.959561+00:00 | SKIP model=Logistic Regression; strategy=SMOTE-NC; outer_fold=12; checkpoint=unit_00_02_012.joblib
2026-09-30T04:03:56.960068+00:00 | SKIP model=Logistic Regression; strategy=SMOTE-NC; outer_fold=13; checkpoint=unit_00_02_013.joblib
2026-09-30T04:03:56.960621+00:00 | SKIP model=Logistic Regression; strategy=SMOTE-NC; outer_fold=14; checkpoint=unit_00_02_014.joblib
2026-09-30T04:03:56.961275+00:00 | SKIP model=Logistic Regression; strategy=SMOTE-NC; outer_fold=15; checkpoint=unit_00_02_015.joblib
2026-09-30T04:03:56.961852+00:00 | SKIP model=Logistic Regression; strategy=SMOTE-NC; outer_fold=16; checkpoint=unit_00_02_016.joblib
2026-09-30T04:03:56.962404+00:00 | SKIP model=Logistic Regression; strategy=SMOTE-NC; outer_fold=17; checkpoint=unit_00_02_017.joblib
2026-09-30T04:03:56.962909+00:00 | SKIP model=Logistic Regression; strategy=SMOTE-NC; outer_fold=18; checkpoint=unit_00_02_018.joblib
2026-09-30T04:03:56.963380+00:00 | SKIP model=Logistic Regression; strategy=SMOTE-NC; outer_fold=19; checkpoint=unit_00_02_019.joblib
2026-09-30T04:03:56.963844+00:00 | SKIP model=Logistic Regression; strategy=SMOTE-NC; outer_fold=20; checkpoint=unit_00_02_020.joblib
2026-09-30T04:03:56.964337+00:00 | SKIP model=Logistic Regression; strategy=SMOTE-NC; outer_fold=21; checkpoint=unit_00_02_021.joblib
2026-09-30T04:03:56.964808+00:00 | SKIP model=Logistic Regression; strategy=SMOTE-NC; outer_fold=22; checkpoint=unit_00_02_022.joblib
2026-09-30T04:03:56.965294+00:00 | SKIP model=Logistic Regression; strategy=SMOTE-NC; outer_fold=23; checkpoint=unit_00_02_023.joblib
2026-09-30T04:03:56.965836+00:00 | SKIP model=Logistic Regression; strategy=SMOTE-NC; outer_fold=24; checkpoint=unit_00_02_024.joblib
2026-09-30T04:03:56.966345+00:00 | SKIP model=Logistic Regression; strategy=SMOTE-NC; outer_fold=25; checkpoint=unit_00_02_025.joblib
2026-09-30T04:03:56.966814+00:00 | SKIP model=Logistic Regression; strategy=SMOTE-NC; outer_fold=26; checkpoint=unit_00_02_026.joblib
2026-09-30T04:03:56.967347+00:00 | SKIP model=Logistic Regression; strategy=SMOTE-NC; outer_fold=27; checkpoint=unit_00_02_027.joblib
2026-09-30T04:03:56.968075+00:00 | SKIP model=Logistic Regression; strategy=SMOTE-NC; outer_fold=28; checkpoint=unit_00_02_028.joblib
2026-09-30T04:03:56.968634+00:00 | SKIP model=Logistic Regression; strategy=SMOTE-NC; outer_fold=29; checkpoint=unit_00_02_029.joblib
2026-09-30T04:03:56.969135+00:00 | SKIP model=Logistic Regression; strategy=SMOTE-NC; outer_fold=30; checkpoint=unit_00_02_030.joblib
2026-09-30T04:03:56.969655+00:00 | SKIP model=Logistic Regression; strategy=SMOTE-NC; outer_fold=31; checkpoint=unit_00_02_031.joblib
2026-09-30T04:03:56.970144+00:00 | SKIP model=Logistic Regression; strategy=SMOTE-NC; outer_fold=32; checkpoint=unit_00_02_032.joblib
2026-09-30T04:03:56.970627+00:00 | SKIP model=Logistic Regression; strategy=SMOTE-NC; outer_fold=33; checkpoint=unit_00_02_033.joblib
2026-09-30T04:03:56.971114+00:00 | SKIP model=Logistic Regression; strategy=SMOTE-NC; outer_fold=34; checkpoint=unit_00_02_034.joblib
2026-09-30T04:03:56.971590+00:00 | SKIP model=Logistic Regression; strategy=SMOTE-NC; outer_fold=35; checkpoint=unit_00_02_035.joblib
2026-09-30T04:03:56.972069+00:00 | SKIP model=Logistic Regression; strategy=SMOTE-NC; outer_fold=36; checkpoint=unit_00_02_036.joblib
2026-09-30T04:03:56.972698+00:00 | SKIP model=Logistic Regression; strategy=SMOTE-NC; outer_fold=37; checkpoint=unit_00_02_037.joblib
2026-09-30T04:03:56.973219+00:00 | SKIP model=Logistic Regression; strategy=SMOTE-NC; outer_fold=38; checkpoint=unit_00_02_038.joblib
2026-09-30T04:03:56.973737+00:00 | SKIP model=Logistic Regression; strategy=SMOTE-NC; outer_fold=39; checkpoint=unit_00_02_039.joblib
2026-09-30T04:03:56.974315+00:00 | SKIP model=Logistic Regression; strategy=SMOTE-NC; outer_fold=40; checkpoint=unit_00_02_040.joblib
2026-09-30T04:03:56.974959+00:00 | SKIP model=Logistic Regression; strategy=SMOTE-NC; outer_fold=41; checkpoint=unit_00_02_041.joblib
2026-09-30T04:03:56.975599+00:00 | SKIP model=Logistic Regression; strategy=SMOTE-NC; outer_fold=42; checkpoint=unit_00_02_042.joblib
2026-09-30T04:03:56.976128+00:00 | SKIP model=Logistic Regression; strategy=SMOTE-NC; outer_fold=43; checkpoint=unit_00_02_043.joblib
2026-09-30T04:03:56.978542+00:00 | SKIP model=Logistic Regression; strategy=SMOTE-NC; outer_fold=44; checkpoint=unit_00_02_044.joblib
2026-09-30T04:03:56.979074+00:00 | SKIP model=Logistic Regression; strategy=SMOTE-NC; outer_fold=45; checkpoint=unit_00_02_045.joblib
2026-09-30T04:03:56.979554+00:00 | SKIP model=Logistic Regression; strategy=SMOTE-NC; outer_fold=46; checkpoint=unit_00_02_046.joblib
2026-09-30T04:03:56.980023+00:00 | SKIP model=Logistic Regression; strategy=SMOTE-NC; outer_fold=47; checkpoint=unit_00_02_047.joblib
2026-09-30T04:03:56.980501+00:00 | SKIP model=Logistic Regression; strategy=SMOTE-NC; outer_fold=48; checkpoint=unit_00_02_048.joblib
2026-09-30T04:03:56.981092+00:00 | SKIP model=Logistic Regression; strategy=SMOTE-NC; outer_fold=49; checkpoint=unit_00_02_049.joblib
2026-09-30T04:03:56.981311+00:00 | CONFIG_FINISH model=Logistic Regression; strategy=SMOTE-NC; elapsed_seconds=0.029; n_iter=12; expanded_search=False
2026-09-30T04:03:56.985427+00:00 | SAVED_CONFIG model=Logistic Regression; strategy=SMOTE-NC; rows=150
2026-09-30T04:03:56.985654+00:00 | CONFIG_START model=Logistic Regression; strategy=Random undersampling; n_iter=12; expanded_search=False
2026-09-30T04:03:56.986238+00:00 | SKIP model=Logistic Regression; strategy=Random undersampling; outer_fold=0; checkpoint=unit_00_03_000.joblib
2026-09-30T04:03:56.986770+00:00 | SKIP model=Logistic Regression; strategy=Random undersampling; outer_fold=1; checkpoint=unit_00_03_001.joblib
2026-09-30T04:03:56.987275+00:00 | SKIP model=Logistic Regression; strategy=Random undersampling; outer_fold=2; checkpoint=unit_00_03_002.joblib
2026-09-30T04:03:56.987898+00:00 | SKIP model=Logistic Regression; strategy=Random undersampling; outer_fold=3; checkpoint=unit_00_03_003.joblib
2026-09-30T04:03:56.988869+00:00 | SKIP model=Logistic Regression; strategy=Random undersampling; outer_fold=4; checkpoint=unit_00_03_004.joblib
2026-09-30T04:03:56.989491+00:00 | SKIP model=Logistic Regression; strategy=Random undersampling; outer_fold=5; checkpoint=unit_00_03_005.joblib
2026-09-30T04:03:56.990108+00:00 | SKIP model=Logistic Regression; strategy=Random undersampling; outer_fold=6; checkpoint=unit_00_03_006.joblib
2026-09-30T04:03:56.990613+00:00 | SKIP model=Logistic Regression; strategy=Random undersampling; outer_fold=7; checkpoint=unit_00_03_007.joblib
2026-09-30T04:03:56.991139+00:00 | SKIP model=Logistic Regression; strategy=Random undersampling; outer_fold=8; checkpoint=unit_00_03_008.joblib
2026-09-30T04:03:56.991800+00:00 | SKIP model=Logistic Regression; strategy=Random undersampling; outer_fold=9; checkpoint=unit_00_03_009.joblib
2026-09-30T04:03:56.992507+00:00 | SKIP model=Logistic Regression; strategy=Random undersampling; outer_fold=10; checkpoint=unit_00_03_010.joblib
2026-09-30T04:03:56.993024+00:00 | SKIP model=Logistic Regression; strategy=Random undersampling; outer_fold=11; checkpoint=unit_00_03_011.joblib
2026-09-30T04:03:56.993525+00:00 | SKIP model=Logistic Regression; strategy=Random undersampling; outer_fold=12; checkpoint=unit_00_03_012.joblib
2026-09-30T04:03:56.994016+00:00 | SKIP model=Logistic Regression; strategy=Random undersampling; outer_fold=13; checkpoint=unit_00_03_013.joblib
2026-09-30T04:03:56.994550+00:00 | SKIP model=Logistic Regression; strategy=Random undersampling; outer_fold=14; checkpoint=unit_00_03_014.joblib
2026-09-30T04:03:56.995089+00:00 | SKIP model=Logistic Regression; strategy=Random undersampling; outer_fold=15; checkpoint=unit_00_03_015.joblib
2026-09-30T04:03:56.995614+00:00 | SKIP model=Logistic Regression; strategy=Random undersampling; outer_fold=16; checkpoint=unit_00_03_016.joblib
2026-09-30T04:03:56.996120+00:00 | SKIP model=Logistic Regression; strategy=Random undersampling; outer_fold=17; checkpoint=unit_00_03_017.joblib
2026-09-30T04:03:56.996668+00:00 | SKIP model=Logistic Regression; strategy=Random undersampling; outer_fold=18; checkpoint=unit_00_03_018.joblib
2026-09-30T04:03:56.997168+00:00 | SKIP model=Logistic Regression; strategy=Random undersampling; outer_fold=19; checkpoint=unit_00_03_019.joblib
2026-09-30T04:03:56.997802+00:00 | SKIP model=Logistic Regression; strategy=Random undersampling; outer_fold=20; checkpoint=unit_00_03_020.joblib
2026-09-30T04:03:56.998354+00:00 | SKIP model=Logistic Regression; strategy=Random undersampling; outer_fold=21; checkpoint=unit_00_03_021.joblib
2026-09-30T04:03:56.998864+00:00 | SKIP model=Logistic Regression; strategy=Random undersampling; outer_fold=22; checkpoint=unit_00_03_022.joblib
2026-09-30T04:03:56.999348+00:00 | SKIP model=Logistic Regression; strategy=Random undersampling; outer_fold=23; checkpoint=unit_00_03_023.joblib
2026-09-30T04:03:56.999821+00:00 | SKIP model=Logistic Regression; strategy=Random undersampling; outer_fold=24; checkpoint=unit_00_03_024.joblib
2026-09-30T04:03:57.000311+00:00 | SKIP model=Logistic Regression; strategy=Random undersampling; outer_fold=25; checkpoint=unit_00_03_025.joblib
2026-09-30T04:03:57.000772+00:00 | SKIP model=Logistic Regression; strategy=Random undersampling; outer_fold=26; checkpoint=unit_00_03_026.joblib
2026-09-30T04:03:57.001349+00:00 | SKIP model=Logistic Regression; strategy=Random undersampling; outer_fold=27; checkpoint=unit_00_03_027.joblib
2026-09-30T04:03:57.001857+00:00 | SKIP model=Logistic Regression; strategy=Random undersampling; outer_fold=28; checkpoint=unit_00_03_028.joblib
2026-09-30T04:03:57.004344+00:00 | SKIP model=Logistic Regression; strategy=Random undersampling; outer_fold=29; checkpoint=unit_00_03_029.joblib
2026-09-30T04:03:57.004965+00:00 | SKIP model=Logistic Regression; strategy=Random undersampling; outer_fold=30; checkpoint=unit_00_03_030.joblib
2026-09-30T04:03:57.005594+00:00 | SKIP model=Logistic Regression; strategy=Random undersampling; outer_fold=31; checkpoint=unit_00_03_031.joblib
2026-09-30T04:03:57.006111+00:00 | SKIP model=Logistic Regression; strategy=Random undersampling; outer_fold=32; checkpoint=unit_00_03_032.joblib
2026-09-30T04:03:57.006588+00:00 | SKIP model=Logistic Regression; strategy=Random undersampling; outer_fold=33; checkpoint=unit_00_03_033.joblib
2026-09-30T04:03:57.007078+00:00 | SKIP model=Logistic Regression; strategy=Random undersampling; outer_fold=34; checkpoint=unit_00_03_034.joblib
2026-09-30T04:03:57.007574+00:00 | SKIP model=Logistic Regression; strategy=Random undersampling; outer_fold=35; checkpoint=unit_00_03_035.joblib
2026-09-30T04:03:57.008080+00:00 | SKIP model=Logistic Regression; strategy=Random undersampling; outer_fold=36; checkpoint=unit_00_03_036.joblib
2026-09-30T04:03:57.008592+00:00 | SKIP model=Logistic Regression; strategy=Random undersampling; outer_fold=37; checkpoint=unit_00_03_037.joblib
2026-09-30T04:03:57.009150+00:00 | SKIP model=Logistic Regression; strategy=Random undersampling; outer_fold=38; checkpoint=unit_00_03_038.joblib
2026-09-30T04:03:57.009942+00:00 | SKIP model=Logistic Regression; strategy=Random undersampling; outer_fold=39; checkpoint=unit_00_03_039.joblib
2026-09-30T04:03:57.010554+00:00 | SKIP model=Logistic Regression; strategy=Random undersampling; outer_fold=40; checkpoint=unit_00_03_040.joblib
2026-09-30T04:03:57.011164+00:00 | SKIP model=Logistic Regression; strategy=Random undersampling; outer_fold=41; checkpoint=unit_00_03_041.joblib
2026-09-30T04:03:57.011699+00:00 | SKIP model=Logistic Regression; strategy=Random undersampling; outer_fold=42; checkpoint=unit_00_03_042.joblib
2026-09-30T04:03:57.012234+00:00 | SKIP model=Logistic Regression; strategy=Random undersampling; outer_fold=43; checkpoint=unit_00_03_043.joblib
2026-09-30T04:03:57.012850+00:00 | SKIP model=Logistic Regression; strategy=Random undersampling; outer_fold=44; checkpoint=unit_00_03_044.joblib
2026-09-30T04:03:57.013479+00:00 | SKIP model=Logistic Regression; strategy=Random undersampling; outer_fold=45; checkpoint=unit_00_03_045.joblib
2026-09-30T04:03:57.013960+00:00 | SKIP model=Logistic Regression; strategy=Random undersampling; outer_fold=46; checkpoint=unit_00_03_046.joblib
2026-09-30T04:03:57.014488+00:00 | SKIP model=Logistic Regression; strategy=Random undersampling; outer_fold=47; checkpoint=unit_00_03_047.joblib
2026-09-30T04:03:57.015003+00:00 | SKIP model=Logistic Regression; strategy=Random undersampling; outer_fold=48; checkpoint=unit_00_03_048.joblib
2026-09-30T04:03:57.015544+00:00 | SKIP model=Logistic Regression; strategy=Random undersampling; outer_fold=49; checkpoint=unit_00_03_049.joblib
2026-09-30T04:03:57.016270+00:00 | CONFIG_FINISH model=Logistic Regression; strategy=Random undersampling; elapsed_seconds=0.030; n_iter=12; expanded_search=False
2026-09-30T04:03:57.020816+00:00 | SAVED_CONFIG model=Logistic Regression; strategy=Random undersampling; rows=200
2026-09-30T04:03:57.020994+00:00 | CONFIG_START model=Logistic Regression; strategy=Threshold tuning; n_iter=12; expanded_search=False
2026-09-30T04:03:57.021625+00:00 | SKIP model=Logistic Regression; strategy=Threshold tuning; outer_fold=0; checkpoint=unit_00_04_000.joblib
2026-09-30T04:03:57.022160+00:00 | SKIP model=Logistic Regression; strategy=Threshold tuning; outer_fold=1; checkpoint=unit_00_04_001.joblib
2026-09-30T04:03:57.022790+00:00 | SKIP model=Logistic Regression; strategy=Threshold tuning; outer_fold=2; checkpoint=unit_00_04_002.joblib
2026-09-30T04:03:57.023586+00:00 | SKIP model=Logistic Regression; strategy=Threshold tuning; outer_fold=3; checkpoint=unit_00_04_003.joblib
2026-09-30T04:03:57.024185+00:00 | SKIP model=Logistic Regression; strategy=Threshold tuning; outer_fold=4; checkpoint=unit_00_04_004.joblib
2026-09-30T04:03:57.024814+00:00 | SKIP model=Logistic Regression; strategy=Threshold tuning; outer_fold=5; checkpoint=unit_00_04_005.joblib
2026-09-30T04:03:57.025331+00:00 | SKIP model=Logistic Regression; strategy=Threshold tuning; outer_fold=6; checkpoint=unit_00_04_006.joblib
2026-09-30T04:03:57.025835+00:00 | SKIP model=Logistic Regression; strategy=Threshold tuning; outer_fold=7; checkpoint=unit_00_04_007.joblib
2026-09-30T04:03:57.026382+00:00 | SKIP model=Logistic Regression; strategy=Threshold tuning; outer_fold=8; checkpoint=unit_00_04_008.joblib
2026-09-30T04:03:57.026951+00:00 | SKIP model=Logistic Regression; strategy=Threshold tuning; outer_fold=9; checkpoint=unit_00_04_009.joblib
2026-09-30T04:03:57.027454+00:00 | SKIP model=Logistic Regression; strategy=Threshold tuning; outer_fold=10; checkpoint=unit_00_04_010.joblib
2026-09-30T04:03:57.028085+00:00 | SKIP model=Logistic Regression; strategy=Threshold tuning; outer_fold=11; checkpoint=unit_00_04_011.joblib
2026-09-30T04:03:57.028596+00:00 | SKIP model=Logistic Regression; strategy=Threshold tuning; outer_fold=12; checkpoint=unit_00_04_012.joblib
2026-09-30T04:03:57.029068+00:00 | SKIP model=Logistic Regression; strategy=Threshold tuning; outer_fold=13; checkpoint=unit_00_04_013.joblib
2026-09-30T04:03:57.029722+00:00 | SKIP model=Logistic Regression; strategy=Threshold tuning; outer_fold=14; checkpoint=unit_00_04_014.joblib
2026-09-30T04:03:57.030348+00:00 | SKIP model=Logistic Regression; strategy=Threshold tuning; outer_fold=15; checkpoint=unit_00_04_015.joblib
2026-09-30T04:03:57.031060+00:00 | SKIP model=Logistic Regression; strategy=Threshold tuning; outer_fold=16; checkpoint=unit_00_04_016.joblib
2026-09-30T04:03:57.031650+00:00 | SKIP model=Logistic Regression; strategy=Threshold tuning; outer_fold=17; checkpoint=unit_00_04_017.joblib
2026-09-30T04:03:57.032178+00:00 | SKIP model=Logistic Regression; strategy=Threshold tuning; outer_fold=18; checkpoint=unit_00_04_018.joblib
2026-09-30T04:03:57.032659+00:00 | SKIP model=Logistic Regression; strategy=Threshold tuning; outer_fold=19; checkpoint=unit_00_04_019.joblib
2026-09-30T04:03:57.033113+00:00 | SKIP model=Logistic Regression; strategy=Threshold tuning; outer_fold=20; checkpoint=unit_00_04_020.joblib
2026-09-30T04:03:57.033565+00:00 | SKIP model=Logistic Regression; strategy=Threshold tuning; outer_fold=21; checkpoint=unit_00_04_021.joblib
2026-09-30T04:03:57.034097+00:00 | SKIP model=Logistic Regression; strategy=Threshold tuning; outer_fold=22; checkpoint=unit_00_04_022.joblib
2026-09-30T04:03:57.034610+00:00 | SKIP model=Logistic Regression; strategy=Threshold tuning; outer_fold=23; checkpoint=unit_00_04_023.joblib
2026-09-30T04:03:57.035101+00:00 | SKIP model=Logistic Regression; strategy=Threshold tuning; outer_fold=24; checkpoint=unit_00_04_024.joblib
2026-09-30T04:03:57.035575+00:00 | SKIP model=Logistic Regression; strategy=Threshold tuning; outer_fold=25; checkpoint=unit_00_04_025.joblib
2026-09-30T04:03:57.036036+00:00 | SKIP model=Logistic Regression; strategy=Threshold tuning; outer_fold=26; checkpoint=unit_00_04_026.joblib
2026-09-30T04:03:57.036586+00:00 | SKIP model=Logistic Regression; strategy=Threshold tuning; outer_fold=27; checkpoint=unit_00_04_027.joblib
2026-09-30T04:03:57.037140+00:00 | SKIP model=Logistic Regression; strategy=Threshold tuning; outer_fold=28; checkpoint=unit_00_04_028.joblib
2026-09-30T04:03:57.038643+00:00 | SKIP model=Logistic Regression; strategy=Threshold tuning; outer_fold=29; checkpoint=unit_00_04_029.joblib
2026-09-30T04:03:57.039212+00:00 | SKIP model=Logistic Regression; strategy=Threshold tuning; outer_fold=30; checkpoint=unit_00_04_030.joblib
2026-09-30T04:03:57.039713+00:00 | SKIP model=Logistic Regression; strategy=Threshold tuning; outer_fold=31; checkpoint=unit_00_04_031.joblib
2026-09-30T04:03:57.040224+00:00 | SKIP model=Logistic Regression; strategy=Threshold tuning; outer_fold=32; checkpoint=unit_00_04_032.joblib
2026-09-30T04:03:57.040714+00:00 | SKIP model=Logistic Regression; strategy=Threshold tuning; outer_fold=33; checkpoint=unit_00_04_033.joblib
2026-09-30T04:03:57.041330+00:00 | SKIP model=Logistic Regression; strategy=Threshold tuning; outer_fold=34; checkpoint=unit_00_04_034.joblib
2026-09-30T04:03:57.041877+00:00 | SKIP model=Logistic Regression; strategy=Threshold tuning; outer_fold=35; checkpoint=unit_00_04_035.joblib
2026-09-30T04:03:57.043390+00:00 | SKIP model=Logistic Regression; strategy=Threshold tuning; outer_fold=36; checkpoint=unit_00_04_036.joblib
2026-09-30T04:03:57.043979+00:00 | SKIP model=Logistic Regression; strategy=Threshold tuning; outer_fold=37; checkpoint=unit_00_04_037.joblib
2026-09-30T04:03:57.044502+00:00 | SKIP model=Logistic Regression; strategy=Threshold tuning; outer_fold=38; checkpoint=unit_00_04_038.joblib
2026-09-30T04:03:57.045005+00:00 | SKIP model=Logistic Regression; strategy=Threshold tuning; outer_fold=39; checkpoint=unit_00_04_039.joblib
2026-09-30T04:03:57.045531+00:00 | SKIP model=Logistic Regression; strategy=Threshold tuning; outer_fold=40; checkpoint=unit_00_04_040.joblib
2026-09-30T04:03:57.046020+00:00 | SKIP model=Logistic Regression; strategy=Threshold tuning; outer_fold=41; checkpoint=unit_00_04_041.joblib
2026-09-30T04:03:57.046509+00:00 | SKIP model=Logistic Regression; strategy=Threshold tuning; outer_fold=42; checkpoint=unit_00_04_042.joblib
2026-09-30T04:03:57.046998+00:00 | SKIP model=Logistic Regression; strategy=Threshold tuning; outer_fold=43; checkpoint=unit_00_04_043.joblib
2026-09-30T04:03:57.047465+00:00 | SKIP model=Logistic Regression; strategy=Threshold tuning; outer_fold=44; checkpoint=unit_00_04_044.joblib
2026-09-30T04:03:57.047961+00:00 | SKIP model=Logistic Regression; strategy=Threshold tuning; outer_fold=45; checkpoint=unit_00_04_045.joblib
2026-09-30T04:03:57.048435+00:00 | SKIP model=Logistic Regression; strategy=Threshold tuning; outer_fold=46; checkpoint=unit_00_04_046.joblib
2026-09-30T04:03:57.048899+00:00 | SKIP model=Logistic Regression; strategy=Threshold tuning; outer_fold=47; checkpoint=unit_00_04_047.joblib
2026-09-30T04:03:57.049366+00:00 | SKIP model=Logistic Regression; strategy=Threshold tuning; outer_fold=48; checkpoint=unit_00_04_048.joblib
2026-09-30T04:03:57.049833+00:00 | SKIP model=Logistic Regression; strategy=Threshold tuning; outer_fold=49; checkpoint=unit_00_04_049.joblib
2026-09-30T04:03:57.050010+00:00 | CONFIG_FINISH model=Logistic Regression; strategy=Threshold tuning; elapsed_seconds=0.029; n_iter=12; expanded_search=False
2026-09-30T04:03:57.054919+00:00 | SAVED_CONFIG model=Logistic Regression; strategy=Threshold tuning; rows=250
2026-09-30T04:03:57.055107+00:00 | CONFIG_START model=Logistic Regression; strategy=Calibrated sigmoid + threshold; n_iter=12; expanded_search=False
2026-09-30T04:03:57.055669+00:00 | SKIP model=Logistic Regression; strategy=Calibrated sigmoid + threshold; outer_fold=0; checkpoint=unit_00_05_000.joblib
2026-09-30T04:03:57.056239+00:00 | SKIP model=Logistic Regression; strategy=Calibrated sigmoid + threshold; outer_fold=1; checkpoint=unit_00_05_001.joblib
2026-09-30T04:03:57.056790+00:00 | SKIP model=Logistic Regression; strategy=Calibrated sigmoid + threshold; outer_fold=2; checkpoint=unit_00_05_002.joblib
2026-09-30T04:03:57.062170+00:00 | SKIP model=Logistic Regression; strategy=Calibrated sigmoid + threshold; outer_fold=3; checkpoint=unit_00_05_003.joblib
2026-09-30T04:03:57.062725+00:00 | SKIP model=Logistic Regression; strategy=Calibrated sigmoid + threshold; outer_fold=4; checkpoint=unit_00_05_004.joblib
2026-09-30T04:03:57.063264+00:00 | SKIP model=Logistic Regression; strategy=Calibrated sigmoid + threshold; outer_fold=5; checkpoint=unit_00_05_005.joblib
2026-09-30T04:03:57.063809+00:00 | SKIP model=Logistic Regression; strategy=Calibrated sigmoid + threshold; outer_fold=6; checkpoint=unit_00_05_006.joblib
2026-09-30T04:03:57.065356+00:00 | SKIP model=Logistic Regression; strategy=Calibrated sigmoid + threshold; outer_fold=7; checkpoint=unit_00_05_007.joblib
2026-09-30T04:03:57.066250+00:00 | SKIP model=Logistic Regression; strategy=Calibrated sigmoid + threshold; outer_fold=8; checkpoint=unit_00_05_008.joblib
2026-09-30T04:03:57.066871+00:00 | SKIP model=Logistic Regression; strategy=Calibrated sigmoid + threshold; outer_fold=9; checkpoint=unit_00_05_009.joblib
2026-09-30T04:03:57.067407+00:00 | SKIP model=Logistic Regression; strategy=Calibrated sigmoid + threshold; outer_fold=10; checkpoint=unit_00_05_010.joblib
2026-09-30T04:03:57.067974+00:00 | SKIP model=Logistic Regression; strategy=Calibrated sigmoid + threshold; outer_fold=11; checkpoint=unit_00_05_011.joblib
2026-09-30T04:03:57.068527+00:00 | SKIP model=Logistic Regression; strategy=Calibrated sigmoid + threshold; outer_fold=12; checkpoint=unit_00_05_012.joblib
2026-09-30T04:03:57.069004+00:00 | SKIP model=Logistic Regression; strategy=Calibrated sigmoid + threshold; outer_fold=13; checkpoint=unit_00_05_013.joblib
2026-09-30T04:03:57.069509+00:00 | SKIP model=Logistic Regression; strategy=Calibrated sigmoid + threshold; outer_fold=14; checkpoint=unit_00_05_014.joblib
2026-09-30T04:03:57.070053+00:00 | SKIP model=Logistic Regression; strategy=Calibrated sigmoid + threshold; outer_fold=15; checkpoint=unit_00_05_015.joblib
2026-09-30T04:03:57.070603+00:00 | SKIP model=Logistic Regression; strategy=Calibrated sigmoid + threshold; outer_fold=16; checkpoint=unit_00_05_016.joblib
2026-09-30T04:03:57.071537+00:00 | SKIP model=Logistic Regression; strategy=Calibrated sigmoid + threshold; outer_fold=17; checkpoint=unit_00_05_017.joblib
2026-09-30T04:03:57.072287+00:00 | SKIP model=Logistic Regression; strategy=Calibrated sigmoid + threshold; outer_fold=18; checkpoint=unit_00_05_018.joblib
2026-09-30T04:03:57.073027+00:00 | SKIP model=Logistic Regression; strategy=Calibrated sigmoid + threshold; outer_fold=19; checkpoint=unit_00_05_019.joblib
2026-09-30T04:03:57.073580+00:00 | SKIP model=Logistic Regression; strategy=Calibrated sigmoid + threshold; outer_fold=20; checkpoint=unit_00_05_020.joblib
2026-09-30T04:03:57.074151+00:00 | SKIP model=Logistic Regression; strategy=Calibrated sigmoid + threshold; outer_fold=21; checkpoint=unit_00_05_021.joblib
2026-09-30T04:03:57.075225+00:00 | SKIP model=Logistic Regression; strategy=Calibrated sigmoid + threshold; outer_fold=22; checkpoint=unit_00_05_022.joblib
2026-09-30T04:03:57.075770+00:00 | SKIP model=Logistic Regression; strategy=Calibrated sigmoid + threshold; outer_fold=23; checkpoint=unit_00_05_023.joblib
2026-09-30T04:03:57.076287+00:00 | SKIP model=Logistic Regression; strategy=Calibrated sigmoid + threshold; outer_fold=24; checkpoint=unit_00_05_024.joblib
2026-09-30T04:03:57.076977+00:00 | SKIP model=Logistic Regression; strategy=Calibrated sigmoid + threshold; outer_fold=25; checkpoint=unit_00_05_025.joblib
2026-09-30T04:03:57.077782+00:00 | SKIP model=Logistic Regression; strategy=Calibrated sigmoid + threshold; outer_fold=26; checkpoint=unit_00_05_026.joblib
2026-09-30T04:03:57.078510+00:00 | SKIP model=Logistic Regression; strategy=Calibrated sigmoid + threshold; outer_fold=27; checkpoint=unit_00_05_027.joblib
2026-09-30T04:03:57.079138+00:00 | SKIP model=Logistic Regression; strategy=Calibrated sigmoid + threshold; outer_fold=28; checkpoint=unit_00_05_028.joblib
2026-09-30T04:03:57.079711+00:00 | SKIP model=Logistic Regression; strategy=Calibrated sigmoid + threshold; outer_fold=29; checkpoint=unit_00_05_029.joblib
2026-09-30T04:03:57.080348+00:00 | SKIP model=Logistic Regression; strategy=Calibrated sigmoid + threshold; outer_fold=30; checkpoint=unit_00_05_030.joblib
2026-09-30T04:03:57.080920+00:00 | SKIP model=Logistic Regression; strategy=Calibrated sigmoid + threshold; outer_fold=31; checkpoint=unit_00_05_031.joblib
2026-09-30T04:03:57.081610+00:00 | SKIP model=Logistic Regression; strategy=Calibrated sigmoid + threshold; outer_fold=32; checkpoint=unit_00_05_032.joblib
2026-09-30T04:03:57.082495+00:00 | SKIP model=Logistic Regression; strategy=Calibrated sigmoid + threshold; outer_fold=33; checkpoint=unit_00_05_033.joblib
2026-09-30T04:03:57.083305+00:00 | SKIP model=Logistic Regression; strategy=Calibrated sigmoid + threshold; outer_fold=34; checkpoint=unit_00_05_034.joblib
2026-09-30T04:03:57.084220+00:00 | SKIP model=Logistic Regression; strategy=Calibrated sigmoid + threshold; outer_fold=35; checkpoint=unit_00_05_035.joblib
2026-09-30T04:03:57.084870+00:00 | SKIP model=Logistic Regression; strategy=Calibrated sigmoid + threshold; outer_fold=36; checkpoint=unit_00_05_036.joblib
2026-09-30T04:03:57.085608+00:00 | SKIP model=Logistic Regression; strategy=Calibrated sigmoid + threshold; outer_fold=37; checkpoint=unit_00_05_037.joblib
2026-09-30T04:03:57.088823+00:00 | SKIP model=Logistic Regression; strategy=Calibrated sigmoid + threshold; outer_fold=38; checkpoint=unit_00_05_038.joblib
2026-09-30T04:03:57.089486+00:00 | SKIP model=Logistic Regression; strategy=Calibrated sigmoid + threshold; outer_fold=39; checkpoint=unit_00_05_039.joblib
2026-09-30T04:03:57.090142+00:00 | SKIP model=Logistic Regression; strategy=Calibrated sigmoid + threshold; outer_fold=40; checkpoint=unit_00_05_040.joblib
2026-09-30T04:03:57.090784+00:00 | SKIP model=Logistic Regression; strategy=Calibrated sigmoid + threshold; outer_fold=41; checkpoint=unit_00_05_041.joblib
2026-09-30T04:03:57.091405+00:00 | SKIP model=Logistic Regression; strategy=Calibrated sigmoid + threshold; outer_fold=42; checkpoint=unit_00_05_042.joblib
2026-09-30T04:03:57.092057+00:00 | SKIP model=Logistic Regression; strategy=Calibrated sigmoid + threshold; outer_fold=43; checkpoint=unit_00_05_043.joblib
2026-09-30T04:03:57.093153+00:00 | SKIP model=Logistic Regression; strategy=Calibrated sigmoid + threshold; outer_fold=44; checkpoint=unit_00_05_044.joblib
2026-09-30T04:03:57.094079+00:00 | SKIP model=Logistic Regression; strategy=Calibrated sigmoid + threshold; outer_fold=45; checkpoint=unit_00_05_045.joblib
2026-09-30T04:03:57.094769+00:00 | SKIP model=Logistic Regression; strategy=Calibrated sigmoid + threshold; outer_fold=46; checkpoint=unit_00_05_046.joblib
2026-09-30T04:03:57.095384+00:00 | SKIP model=Logistic Regression; strategy=Calibrated sigmoid + threshold; outer_fold=47; checkpoint=unit_00_05_047.joblib
2026-09-30T04:03:57.095986+00:00 | SKIP model=Logistic Regression; strategy=Calibrated sigmoid + threshold; outer_fold=48; checkpoint=unit_00_05_048.joblib
2026-09-30T04:03:57.096544+00:00 | SKIP model=Logistic Regression; strategy=Calibrated sigmoid + threshold; outer_fold=49; checkpoint=unit_00_05_049.joblib
2026-09-30T04:03:57.096781+00:00 | CONFIG_FINISH model=Logistic Regression; strategy=Calibrated sigmoid + threshold; elapsed_seconds=0.042; n_iter=12; expanded_search=False
2026-09-30T04:03:57.102459+00:00 | SAVED_CONFIG model=Logistic Regression; strategy=Calibrated sigmoid + threshold; rows=300
2026-09-30T04:03:57.102743+00:00 | CONFIG_START model=Logistic Regression; strategy=Calibrated isotonic + threshold; n_iter=12; expanded_search=False
2026-09-30T04:03:57.103558+00:00 | SKIP model=Logistic Regression; strategy=Calibrated isotonic + threshold; outer_fold=0; checkpoint=unit_00_06_000.joblib
2026-09-30T04:03:57.104073+00:00 | SKIP model=Logistic Regression; strategy=Calibrated isotonic + threshold; outer_fold=1; checkpoint=unit_00_06_001.joblib
2026-09-30T04:03:57.104672+00:00 | SKIP model=Logistic Regression; strategy=Calibrated isotonic + threshold; outer_fold=2; checkpoint=unit_00_06_002.joblib
2026-09-30T04:03:57.105223+00:00 | SKIP model=Logistic Regression; strategy=Calibrated isotonic + threshold; outer_fold=3; checkpoint=unit_00_06_003.joblib
2026-09-30T04:03:57.105874+00:00 | SKIP model=Logistic Regression; strategy=Calibrated isotonic + threshold; outer_fold=4; checkpoint=unit_00_06_004.joblib
2026-09-30T04:03:57.106600+00:00 | SKIP model=Logistic Regression; strategy=Calibrated isotonic + threshold; outer_fold=5; checkpoint=unit_00_06_005.joblib
2026-09-30T04:03:57.107223+00:00 | SKIP model=Logistic Regression; strategy=Calibrated isotonic + threshold; outer_fold=6; checkpoint=unit_00_06_006.joblib
2026-09-30T04:03:57.107895+00:00 | SKIP model=Logistic Regression; strategy=Calibrated isotonic + threshold; outer_fold=7; checkpoint=unit_00_06_007.joblib
2026-09-30T04:03:57.108694+00:00 | SKIP model=Logistic Regression; strategy=Calibrated isotonic + threshold; outer_fold=8; checkpoint=unit_00_06_008.joblib
2026-09-30T04:03:57.109404+00:00 | SKIP model=Logistic Regression; strategy=Calibrated isotonic + threshold; outer_fold=9; checkpoint=unit_00_06_009.joblib
2026-09-30T04:03:57.110020+00:00 | SKIP model=Logistic Regression; strategy=Calibrated isotonic + threshold; outer_fold=10; checkpoint=unit_00_06_010.joblib
2026-09-30T04:03:57.110749+00:00 | SKIP model=Logistic Regression; strategy=Calibrated isotonic + threshold; outer_fold=11; checkpoint=unit_00_06_011.joblib
2026-09-30T04:03:57.111384+00:00 | SKIP model=Logistic Regression; strategy=Calibrated isotonic + threshold; outer_fold=12; checkpoint=unit_00_06_012.joblib
2026-09-30T04:03:57.111923+00:00 | SKIP model=Logistic Regression; strategy=Calibrated isotonic + threshold; outer_fold=13; checkpoint=unit_00_06_013.joblib
2026-09-30T04:03:57.112608+00:00 | SKIP model=Logistic Regression; strategy=Calibrated isotonic + threshold; outer_fold=14; checkpoint=unit_00_06_014.joblib
2026-09-30T04:03:57.113340+00:00 | SKIP model=Logistic Regression; strategy=Calibrated isotonic + threshold; outer_fold=15; checkpoint=unit_00_06_015.joblib
2026-09-30T04:03:57.114205+00:00 | SKIP model=Logistic Regression; strategy=Calibrated isotonic + threshold; outer_fold=16; checkpoint=unit_00_06_016.joblib
2026-09-30T04:03:57.114791+00:00 | SKIP model=Logistic Regression; strategy=Calibrated isotonic + threshold; outer_fold=17; checkpoint=unit_00_06_017.joblib
2026-09-30T04:03:57.115553+00:00 | SKIP model=Logistic Regression; strategy=Calibrated isotonic + threshold; outer_fold=18; checkpoint=unit_00_06_018.joblib
2026-09-30T04:03:57.116172+00:00 | SKIP model=Logistic Regression; strategy=Calibrated isotonic + threshold; outer_fold=19; checkpoint=unit_00_06_019.joblib
2026-09-30T04:03:57.116734+00:00 | SKIP model=Logistic Regression; strategy=Calibrated isotonic + threshold; outer_fold=20; checkpoint=unit_00_06_020.joblib
2026-09-30T04:03:57.117347+00:00 | SKIP model=Logistic Regression; strategy=Calibrated isotonic + threshold; outer_fold=21; checkpoint=unit_00_06_021.joblib
2026-09-30T04:03:57.117846+00:00 | SKIP model=Logistic Regression; strategy=Calibrated isotonic + threshold; outer_fold=22; checkpoint=unit_00_06_022.joblib
2026-09-30T04:03:57.118361+00:00 | SKIP model=Logistic Regression; strategy=Calibrated isotonic + threshold; outer_fold=23; checkpoint=unit_00_06_023.joblib
2026-09-30T04:03:57.118916+00:00 | SKIP model=Logistic Regression; strategy=Calibrated isotonic + threshold; outer_fold=24; checkpoint=unit_00_06_024.joblib
2026-09-30T04:03:57.119492+00:00 | SKIP model=Logistic Regression; strategy=Calibrated isotonic + threshold; outer_fold=25; checkpoint=unit_00_06_025.joblib
2026-09-30T04:03:57.120276+00:00 | SKIP model=Logistic Regression; strategy=Calibrated isotonic + threshold; outer_fold=26; checkpoint=unit_00_06_026.joblib
2026-09-30T04:03:57.121132+00:00 | SKIP model=Logistic Regression; strategy=Calibrated isotonic + threshold; outer_fold=27; checkpoint=unit_00_06_027.joblib
2026-09-30T04:03:57.121739+00:00 | SKIP model=Logistic Regression; strategy=Calibrated isotonic + threshold; outer_fold=28; checkpoint=unit_00_06_028.joblib
2026-09-30T04:03:57.122394+00:00 | SKIP model=Logistic Regression; strategy=Calibrated isotonic + threshold; outer_fold=29; checkpoint=unit_00_06_029.joblib
2026-09-30T04:03:57.123015+00:00 | SKIP model=Logistic Regression; strategy=Calibrated isotonic + threshold; outer_fold=30; checkpoint=unit_00_06_030.joblib
2026-09-30T04:03:57.123658+00:00 | SKIP model=Logistic Regression; strategy=Calibrated isotonic + threshold; outer_fold=31; checkpoint=unit_00_06_031.joblib
2026-09-30T04:03:57.124312+00:00 | SKIP model=Logistic Regression; strategy=Calibrated isotonic + threshold; outer_fold=32; checkpoint=unit_00_06_032.joblib
2026-09-30T04:03:57.124936+00:00 | SKIP model=Logistic Regression; strategy=Calibrated isotonic + threshold; outer_fold=33; checkpoint=unit_00_06_033.joblib
2026-09-30T04:03:57.125507+00:00 | SKIP model=Logistic Regression; strategy=Calibrated isotonic + threshold; outer_fold=34; checkpoint=unit_00_06_034.joblib
2026-09-30T04:03:57.126023+00:00 | SKIP model=Logistic Regression; strategy=Calibrated isotonic + threshold; outer_fold=35; checkpoint=unit_00_06_035.joblib
2026-09-30T04:03:57.126545+00:00 | SKIP model=Logistic Regression; strategy=Calibrated isotonic + threshold; outer_fold=36; checkpoint=unit_00_06_036.joblib
2026-09-30T04:03:57.127039+00:00 | SKIP model=Logistic Regression; strategy=Calibrated isotonic + threshold; outer_fold=37; checkpoint=unit_00_06_037.joblib
2026-09-30T04:03:57.127640+00:00 | SKIP model=Logistic Regression; strategy=Calibrated isotonic + threshold; outer_fold=38; checkpoint=unit_00_06_038.joblib
2026-09-30T04:03:57.128237+00:00 | SKIP model=Logistic Regression; strategy=Calibrated isotonic + threshold; outer_fold=39; checkpoint=unit_00_06_039.joblib
2026-09-30T04:03:57.128890+00:00 | SKIP model=Logistic Regression; strategy=Calibrated isotonic + threshold; outer_fold=40; checkpoint=unit_00_06_040.joblib
2026-09-30T04:03:57.129497+00:00 | SKIP model=Logistic Regression; strategy=Calibrated isotonic + threshold; outer_fold=41; checkpoint=unit_00_06_041.joblib
2026-09-30T04:03:57.130011+00:00 | SKIP model=Logistic Regression; strategy=Calibrated isotonic + threshold; outer_fold=42; checkpoint=unit_00_06_042.joblib
2026-09-30T04:03:57.130522+00:00 | SKIP model=Logistic Regression; strategy=Calibrated isotonic + threshold; outer_fold=43; checkpoint=unit_00_06_043.joblib
2026-09-30T04:03:57.131070+00:00 | SKIP model=Logistic Regression; strategy=Calibrated isotonic + threshold; outer_fold=44; checkpoint=unit_00_06_044.joblib
2026-09-30T04:03:57.131788+00:00 | SKIP model=Logistic Regression; strategy=Calibrated isotonic + threshold; outer_fold=45; checkpoint=unit_00_06_045.joblib
2026-09-30T04:03:57.132319+00:00 | SKIP model=Logistic Regression; strategy=Calibrated isotonic + threshold; outer_fold=46; checkpoint=unit_00_06_046.joblib
2026-09-30T04:03:57.132866+00:00 | SKIP model=Logistic Regression; strategy=Calibrated isotonic + threshold; outer_fold=47; checkpoint=unit_00_06_047.joblib
2026-09-30T04:03:57.133432+00:00 | SKIP model=Logistic Regression; strategy=Calibrated isotonic + threshold; outer_fold=48; checkpoint=unit_00_06_048.joblib
2026-09-30T04:03:57.133967+00:00 | SKIP model=Logistic Regression; strategy=Calibrated isotonic + threshold; outer_fold=49; checkpoint=unit_00_06_049.joblib
2026-09-30T04:03:57.134230+00:00 | CONFIG_FINISH model=Logistic Regression; strategy=Calibrated isotonic + threshold; elapsed_seconds=0.032; n_iter=12; expanded_search=False
2026-09-30T04:03:57.139816+00:00 | SAVED_CONFIG model=Logistic Regression; strategy=Calibrated isotonic + threshold; rows=350
2026-09-30T04:03:57.140092+00:00 | CONFIG_START model=Random Forest; strategy=No handling; n_iter=12; expanded_search=False
2026-09-30T04:03:57.141248+00:00 | SKIP model=Random Forest; strategy=No handling; outer_fold=0; checkpoint=unit_01_00_000.joblib
2026-09-30T04:03:57.142422+00:00 | SKIP model=Random Forest; strategy=No handling; outer_fold=1; checkpoint=unit_01_00_001.joblib
2026-09-30T04:03:57.144498+00:00 | SKIP model=Random Forest; strategy=No handling; outer_fold=2; checkpoint=unit_01_00_002.joblib
2026-09-30T04:03:57.145190+00:00 | SKIP model=Random Forest; strategy=No handling; outer_fold=3; checkpoint=unit_01_00_003.joblib
2026-09-30T04:03:57.146005+00:00 | SKIP model=Random Forest; strategy=No handling; outer_fold=4; checkpoint=unit_01_00_004.joblib
2026-09-30T04:03:57.146624+00:00 | SKIP model=Random Forest; strategy=No handling; outer_fold=5; checkpoint=unit_01_00_005.joblib
2026-09-30T04:03:57.147183+00:00 | SKIP model=Random Forest; strategy=No handling; outer_fold=6; checkpoint=unit_01_00_006.joblib
2026-09-30T04:03:57.148039+00:00 | SKIP model=Random Forest; strategy=No handling; outer_fold=7; checkpoint=unit_01_00_007.joblib
2026-09-30T04:03:57.148767+00:00 | SKIP model=Random Forest; strategy=No handling; outer_fold=8; checkpoint=unit_01_00_008.joblib
2026-09-30T04:03:57.149613+00:00 | SKIP model=Random Forest; strategy=No handling; outer_fold=9; checkpoint=unit_01_00_009.joblib
2026-09-30T04:03:57.150312+00:00 | SKIP model=Random Forest; strategy=No handling; outer_fold=10; checkpoint=unit_01_00_010.joblib
2026-09-30T04:03:57.150875+00:00 | SKIP model=Random Forest; strategy=No handling; outer_fold=11; checkpoint=unit_01_00_011.joblib
2026-09-30T04:03:57.151696+00:00 | SKIP model=Random Forest; strategy=No handling; outer_fold=12; checkpoint=unit_01_00_012.joblib
2026-09-30T04:03:57.152414+00:00 | SKIP model=Random Forest; strategy=No handling; outer_fold=13; checkpoint=unit_01_00_013.joblib
2026-09-30T04:03:57.152962+00:00 | SKIP model=Random Forest; strategy=No handling; outer_fold=14; checkpoint=unit_01_00_014.joblib
2026-09-30T04:03:57.153666+00:00 | SKIP model=Random Forest; strategy=No handling; outer_fold=15; checkpoint=unit_01_00_015.joblib
2026-09-30T04:03:57.154204+00:00 | SKIP model=Random Forest; strategy=No handling; outer_fold=16; checkpoint=unit_01_00_016.joblib
2026-09-30T04:03:57.155090+00:00 | SKIP model=Random Forest; strategy=No handling; outer_fold=17; checkpoint=unit_01_00_017.joblib
2026-09-30T04:03:57.155973+00:00 | SKIP model=Random Forest; strategy=No handling; outer_fold=18; checkpoint=unit_01_00_018.joblib
2026-09-30T04:03:57.156661+00:00 | SKIP model=Random Forest; strategy=No handling; outer_fold=19; checkpoint=unit_01_00_019.joblib
2026-09-30T04:03:57.157191+00:00 | SKIP model=Random Forest; strategy=No handling; outer_fold=20; checkpoint=unit_01_00_020.joblib
2026-09-30T04:03:57.157777+00:00 | SKIP model=Random Forest; strategy=No handling; outer_fold=21; checkpoint=unit_01_00_021.joblib
2026-09-30T04:03:57.158343+00:00 | SKIP model=Random Forest; strategy=No handling; outer_fold=22; checkpoint=unit_01_00_022.joblib
2026-09-30T04:03:57.158929+00:00 | SKIP model=Random Forest; strategy=No handling; outer_fold=23; checkpoint=unit_01_00_023.joblib
2026-09-30T04:03:57.159534+00:00 | SKIP model=Random Forest; strategy=No handling; outer_fold=24; checkpoint=unit_01_00_024.joblib
2026-09-30T04:03:57.160189+00:00 | SKIP model=Random Forest; strategy=No handling; outer_fold=25; checkpoint=unit_01_00_025.joblib
2026-09-30T04:03:57.160770+00:00 | SKIP model=Random Forest; strategy=No handling; outer_fold=26; checkpoint=unit_01_00_026.joblib
2026-09-30T04:03:57.161352+00:00 | SKIP model=Random Forest; strategy=No handling; outer_fold=27; checkpoint=unit_01_00_027.joblib
2026-09-30T04:03:57.162304+00:00 | SKIP model=Random Forest; strategy=No handling; outer_fold=28; checkpoint=unit_01_00_028.joblib
2026-09-30T04:03:57.162997+00:00 | SKIP model=Random Forest; strategy=No handling; outer_fold=29; checkpoint=unit_01_00_029.joblib
2026-09-30T04:03:57.163650+00:00 | SKIP model=Random Forest; strategy=No handling; outer_fold=30; checkpoint=unit_01_00_030.joblib
2026-09-30T04:03:57.164184+00:00 | SKIP model=Random Forest; strategy=No handling; outer_fold=31; checkpoint=unit_01_00_031.joblib
2026-09-30T04:03:57.164791+00:00 | SKIP model=Random Forest; strategy=No handling; outer_fold=32; checkpoint=unit_01_00_032.joblib
2026-09-30T04:03:57.165330+00:00 | SKIP model=Random Forest; strategy=No handling; outer_fold=33; checkpoint=unit_01_00_033.joblib
2026-09-30T04:03:57.166053+00:00 | SKIP model=Random Forest; strategy=No handling; outer_fold=34; checkpoint=unit_01_00_034.joblib
2026-09-30T04:03:57.166623+00:00 | SKIP model=Random Forest; strategy=No handling; outer_fold=35; checkpoint=unit_01_00_035.joblib
2026-09-30T04:03:57.167195+00:00 | SKIP model=Random Forest; strategy=No handling; outer_fold=36; checkpoint=unit_01_00_036.joblib
2026-09-30T04:03:57.167958+00:00 | SKIP model=Random Forest; strategy=No handling; outer_fold=37; checkpoint=unit_01_00_037.joblib
2026-09-30T04:03:57.168586+00:00 | SKIP model=Random Forest; strategy=No handling; outer_fold=38; checkpoint=unit_01_00_038.joblib
2026-09-30T04:03:57.169390+00:00 | SKIP model=Random Forest; strategy=No handling; outer_fold=39; checkpoint=unit_01_00_039.joblib
2026-09-30T04:03:57.170273+00:00 | SKIP model=Random Forest; strategy=No handling; outer_fold=40; checkpoint=unit_01_00_040.joblib
2026-09-30T04:03:57.171219+00:00 | SKIP model=Random Forest; strategy=No handling; outer_fold=41; checkpoint=unit_01_00_041.joblib
2026-09-30T04:03:57.171793+00:00 | SKIP model=Random Forest; strategy=No handling; outer_fold=42; checkpoint=unit_01_00_042.joblib
2026-09-30T04:03:57.172277+00:00 | SKIP model=Random Forest; strategy=No handling; outer_fold=43; checkpoint=unit_01_00_043.joblib
2026-09-30T04:03:57.172785+00:00 | SKIP model=Random Forest; strategy=No handling; outer_fold=44; checkpoint=unit_01_00_044.joblib
2026-09-30T04:03:57.173326+00:00 | SKIP model=Random Forest; strategy=No handling; outer_fold=45; checkpoint=unit_01_00_045.joblib
2026-09-30T04:03:57.173918+00:00 | SKIP model=Random Forest; strategy=No handling; outer_fold=46; checkpoint=unit_01_00_046.joblib
2026-09-30T04:03:57.174539+00:00 | SKIP model=Random Forest; strategy=No handling; outer_fold=47; checkpoint=unit_01_00_047.joblib
2026-09-30T04:03:57.175059+00:00 | SKIP model=Random Forest; strategy=No handling; outer_fold=48; checkpoint=unit_01_00_048.joblib
2026-09-30T04:03:57.175716+00:00 | SKIP model=Random Forest; strategy=No handling; outer_fold=49; checkpoint=unit_01_00_049.joblib
2026-09-30T04:03:57.175984+00:00 | CONFIG_FINISH model=Random Forest; strategy=No handling; elapsed_seconds=0.036; n_iter=12; expanded_search=False
2026-09-30T04:03:57.181608+00:00 | SAVED_CONFIG model=Random Forest; strategy=No handling; rows=400
2026-09-30T04:03:57.181777+00:00 | CONFIG_START model=Random Forest; strategy=Class weight; n_iter=12; expanded_search=False
2026-09-30T04:03:57.182458+00:00 | SKIP model=Random Forest; strategy=Class weight; outer_fold=0; checkpoint=unit_01_01_000.joblib
2026-09-30T04:03:57.183222+00:00 | SKIP model=Random Forest; strategy=Class weight; outer_fold=1; checkpoint=unit_01_01_001.joblib
2026-09-30T04:03:57.184017+00:00 | SKIP model=Random Forest; strategy=Class weight; outer_fold=2; checkpoint=unit_01_01_002.joblib
2026-09-30T04:03:57.184591+00:00 | SKIP model=Random Forest; strategy=Class weight; outer_fold=3; checkpoint=unit_01_01_003.joblib
2026-09-30T04:03:57.188368+00:00 | SKIP model=Random Forest; strategy=Class weight; outer_fold=4; checkpoint=unit_01_01_004.joblib
2026-09-30T04:03:57.188924+00:00 | SKIP model=Random Forest; strategy=Class weight; outer_fold=5; checkpoint=unit_01_01_005.joblib
2026-09-30T04:03:57.189622+00:00 | SKIP model=Random Forest; strategy=Class weight; outer_fold=6; checkpoint=unit_01_01_006.joblib
2026-09-30T04:03:57.190314+00:00 | SKIP model=Random Forest; strategy=Class weight; outer_fold=7; checkpoint=unit_01_01_007.joblib
2026-09-30T04:03:57.190929+00:00 | SKIP model=Random Forest; strategy=Class weight; outer_fold=8; checkpoint=unit_01_01_008.joblib
2026-09-30T04:03:57.191445+00:00 | SKIP model=Random Forest; strategy=Class weight; outer_fold=9; checkpoint=unit_01_01_009.joblib
2026-09-30T04:03:57.192003+00:00 | SKIP model=Random Forest; strategy=Class weight; outer_fold=10; checkpoint=unit_01_01_010.joblib
2026-09-30T04:03:57.192618+00:00 | SKIP model=Random Forest; strategy=Class weight; outer_fold=11; checkpoint=unit_01_01_011.joblib
2026-09-30T04:03:57.193139+00:00 | SKIP model=Random Forest; strategy=Class weight; outer_fold=12; checkpoint=unit_01_01_012.joblib
2026-09-30T04:03:57.193621+00:00 | SKIP model=Random Forest; strategy=Class weight; outer_fold=13; checkpoint=unit_01_01_013.joblib
2026-09-30T04:03:57.194108+00:00 | SKIP model=Random Forest; strategy=Class weight; outer_fold=14; checkpoint=unit_01_01_014.joblib
2026-09-30T04:03:57.194583+00:00 | SKIP model=Random Forest; strategy=Class weight; outer_fold=15; checkpoint=unit_01_01_015.joblib
2026-09-30T04:03:57.195045+00:00 | SKIP model=Random Forest; strategy=Class weight; outer_fold=16; checkpoint=unit_01_01_016.joblib
2026-09-30T04:03:57.195518+00:00 | SKIP model=Random Forest; strategy=Class weight; outer_fold=17; checkpoint=unit_01_01_017.joblib
2026-09-30T04:03:57.196020+00:00 | SKIP model=Random Forest; strategy=Class weight; outer_fold=18; checkpoint=unit_01_01_018.joblib
2026-09-30T04:03:57.196504+00:00 | SKIP model=Random Forest; strategy=Class weight; outer_fold=19; checkpoint=unit_01_01_019.joblib
2026-09-30T04:03:57.197207+00:00 | SKIP model=Random Forest; strategy=Class weight; outer_fold=20; checkpoint=unit_01_01_020.joblib
2026-09-30T04:03:57.197717+00:00 | SKIP model=Random Forest; strategy=Class weight; outer_fold=21; checkpoint=unit_01_01_021.joblib
2026-09-30T04:03:57.198237+00:00 | SKIP model=Random Forest; strategy=Class weight; outer_fold=22; checkpoint=unit_01_01_022.joblib
2026-09-30T04:03:57.198727+00:00 | SKIP model=Random Forest; strategy=Class weight; outer_fold=23; checkpoint=unit_01_01_023.joblib
2026-09-30T04:03:57.199328+00:00 | SKIP model=Random Forest; strategy=Class weight; outer_fold=24; checkpoint=unit_01_01_024.joblib
2026-09-30T04:03:57.200337+00:00 | SKIP model=Random Forest; strategy=Class weight; outer_fold=25; checkpoint=unit_01_01_025.joblib
2026-09-30T04:03:57.200824+00:00 | SKIP model=Random Forest; strategy=Class weight; outer_fold=26; checkpoint=unit_01_01_026.joblib
2026-09-30T04:03:57.201333+00:00 | SKIP model=Random Forest; strategy=Class weight; outer_fold=27; checkpoint=unit_01_01_027.joblib
2026-09-30T04:03:57.201799+00:00 | SKIP model=Random Forest; strategy=Class weight; outer_fold=28; checkpoint=unit_01_01_028.joblib
2026-09-30T04:03:57.202305+00:00 | SKIP model=Random Forest; strategy=Class weight; outer_fold=29; checkpoint=unit_01_01_029.joblib
2026-09-30T04:03:57.202773+00:00 | SKIP model=Random Forest; strategy=Class weight; outer_fold=30; checkpoint=unit_01_01_030.joblib
2026-09-30T04:03:57.203289+00:00 | SKIP model=Random Forest; strategy=Class weight; outer_fold=31; checkpoint=unit_01_01_031.joblib
2026-09-30T04:03:57.204030+00:00 | SKIP model=Random Forest; strategy=Class weight; outer_fold=32; checkpoint=unit_01_01_032.joblib
2026-09-30T04:03:57.204614+00:00 | SKIP model=Random Forest; strategy=Class weight; outer_fold=33; checkpoint=unit_01_01_033.joblib
2026-09-30T04:03:57.205283+00:00 | SKIP model=Random Forest; strategy=Class weight; outer_fold=34; checkpoint=unit_01_01_034.joblib
2026-09-30T04:03:57.205795+00:00 | SKIP model=Random Forest; strategy=Class weight; outer_fold=35; checkpoint=unit_01_01_035.joblib
2026-09-30T04:03:57.206285+00:00 | SKIP model=Random Forest; strategy=Class weight; outer_fold=36; checkpoint=unit_01_01_036.joblib
2026-09-30T04:03:57.206798+00:00 | SKIP model=Random Forest; strategy=Class weight; outer_fold=37; checkpoint=unit_01_01_037.joblib
2026-09-30T04:03:57.207293+00:00 | SKIP model=Random Forest; strategy=Class weight; outer_fold=38; checkpoint=unit_01_01_038.joblib
2026-09-30T04:03:57.207754+00:00 | SKIP model=Random Forest; strategy=Class weight; outer_fold=39; checkpoint=unit_01_01_039.joblib
2026-09-30T04:03:57.208226+00:00 | SKIP model=Random Forest; strategy=Class weight; outer_fold=40; checkpoint=unit_01_01_040.joblib
2026-09-30T04:03:57.208712+00:00 | SKIP model=Random Forest; strategy=Class weight; outer_fold=41; checkpoint=unit_01_01_041.joblib
2026-09-30T04:03:57.209177+00:00 | SKIP model=Random Forest; strategy=Class weight; outer_fold=42; checkpoint=unit_01_01_042.joblib
2026-09-30T04:03:57.209651+00:00 | SKIP model=Random Forest; strategy=Class weight; outer_fold=43; checkpoint=unit_01_01_043.joblib
2026-09-30T04:03:57.210325+00:00 | SKIP model=Random Forest; strategy=Class weight; outer_fold=44; checkpoint=unit_01_01_044.joblib
2026-09-30T04:03:57.211169+00:00 | SKIP model=Random Forest; strategy=Class weight; outer_fold=45; checkpoint=unit_01_01_045.joblib
2026-09-30T04:03:57.211750+00:00 | SKIP model=Random Forest; strategy=Class weight; outer_fold=46; checkpoint=unit_01_01_046.joblib
2026-09-30T04:03:57.212472+00:00 | SKIP model=Random Forest; strategy=Class weight; outer_fold=47; checkpoint=unit_01_01_047.joblib
2026-09-30T04:03:57.212982+00:00 | SKIP model=Random Forest; strategy=Class weight; outer_fold=48; checkpoint=unit_01_01_048.joblib
2026-09-30T04:03:57.213551+00:00 | SKIP model=Random Forest; strategy=Class weight; outer_fold=49; checkpoint=unit_01_01_049.joblib
2026-09-30T04:03:57.213771+00:00 | CONFIG_FINISH model=Random Forest; strategy=Class weight; elapsed_seconds=0.032; n_iter=12; expanded_search=False
2026-09-30T04:03:57.220204+00:00 | SAVED_CONFIG model=Random Forest; strategy=Class weight; rows=450
2026-09-30T04:03:57.220385+00:00 | CONFIG_START model=Random Forest; strategy=SMOTE-NC; n_iter=12; expanded_search=False
2026-09-30T04:03:57.220978+00:00 | SKIP model=Random Forest; strategy=SMOTE-NC; outer_fold=0; checkpoint=unit_01_02_000.joblib
2026-09-30T04:03:57.221562+00:00 | SKIP model=Random Forest; strategy=SMOTE-NC; outer_fold=1; checkpoint=unit_01_02_001.joblib
2026-09-30T04:03:57.222054+00:00 | SKIP model=Random Forest; strategy=SMOTE-NC; outer_fold=2; checkpoint=unit_01_02_002.joblib
2026-09-30T04:03:57.222587+00:00 | SKIP model=Random Forest; strategy=SMOTE-NC; outer_fold=3; checkpoint=unit_01_02_003.joblib
2026-09-30T04:03:57.223074+00:00 | SKIP model=Random Forest; strategy=SMOTE-NC; outer_fold=4; checkpoint=unit_01_02_004.joblib
2026-09-30T04:03:57.223580+00:00 | SKIP model=Random Forest; strategy=SMOTE-NC; outer_fold=5; checkpoint=unit_01_02_005.joblib
2026-09-30T04:03:57.224251+00:00 | SKIP model=Random Forest; strategy=SMOTE-NC; outer_fold=6; checkpoint=unit_01_02_006.joblib
2026-09-30T04:03:57.224909+00:00 | SKIP model=Random Forest; strategy=SMOTE-NC; outer_fold=7; checkpoint=unit_01_02_007.joblib
2026-09-30T04:03:57.225411+00:00 | SKIP model=Random Forest; strategy=SMOTE-NC; outer_fold=8; checkpoint=unit_01_02_008.joblib
2026-09-30T04:03:57.225960+00:00 | SKIP model=Random Forest; strategy=SMOTE-NC; outer_fold=9; checkpoint=unit_01_02_009.joblib
2026-09-30T04:03:57.226441+00:00 | SKIP model=Random Forest; strategy=SMOTE-NC; outer_fold=10; checkpoint=unit_01_02_010.joblib
2026-09-30T04:03:57.227121+00:00 | SKIP model=Random Forest; strategy=SMOTE-NC; outer_fold=11; checkpoint=unit_01_02_011.joblib
2026-09-30T04:03:57.227611+00:00 | SKIP model=Random Forest; strategy=SMOTE-NC; outer_fold=12; checkpoint=unit_01_02_012.joblib
2026-09-30T04:03:57.228152+00:00 | SKIP model=Random Forest; strategy=SMOTE-NC; outer_fold=13; checkpoint=unit_01_02_013.joblib
2026-09-30T04:03:57.228710+00:00 | SKIP model=Random Forest; strategy=SMOTE-NC; outer_fold=14; checkpoint=unit_01_02_014.joblib
2026-09-30T04:03:57.229220+00:00 | SKIP model=Random Forest; strategy=SMOTE-NC; outer_fold=15; checkpoint=unit_01_02_015.joblib
2026-09-30T04:03:57.229669+00:00 | SKIP model=Random Forest; strategy=SMOTE-NC; outer_fold=16; checkpoint=unit_01_02_016.joblib
2026-09-30T04:03:57.230393+00:00 | SKIP model=Random Forest; strategy=SMOTE-NC; outer_fold=17; checkpoint=unit_01_02_017.joblib
2026-09-30T04:03:57.230958+00:00 | SKIP model=Random Forest; strategy=SMOTE-NC; outer_fold=18; checkpoint=unit_01_02_018.joblib
2026-09-30T04:03:57.231533+00:00 | SKIP model=Random Forest; strategy=SMOTE-NC; outer_fold=19; checkpoint=unit_01_02_019.joblib
2026-09-30T04:03:57.232262+00:00 | SKIP model=Random Forest; strategy=SMOTE-NC; outer_fold=20; checkpoint=unit_01_02_020.joblib
2026-09-30T04:03:57.232828+00:00 | SKIP model=Random Forest; strategy=SMOTE-NC; outer_fold=21; checkpoint=unit_01_02_021.joblib
2026-09-30T04:03:57.233330+00:00 | SKIP model=Random Forest; strategy=SMOTE-NC; outer_fold=22; checkpoint=unit_01_02_022.joblib
2026-09-30T04:03:57.233901+00:00 | SKIP model=Random Forest; strategy=SMOTE-NC; outer_fold=23; checkpoint=unit_01_02_023.joblib
2026-09-30T04:03:57.234604+00:00 | SKIP model=Random Forest; strategy=SMOTE-NC; outer_fold=24; checkpoint=unit_01_02_024.joblib
2026-09-30T04:03:57.235127+00:00 | SKIP model=Random Forest; strategy=SMOTE-NC; outer_fold=25; checkpoint=unit_01_02_025.joblib
2026-09-30T04:03:57.235647+00:00 | SKIP model=Random Forest; strategy=SMOTE-NC; outer_fold=26; checkpoint=unit_01_02_026.joblib
2026-09-30T04:03:57.236125+00:00 | SKIP model=Random Forest; strategy=SMOTE-NC; outer_fold=27; checkpoint=unit_01_02_027.joblib
2026-09-30T04:03:57.236614+00:00 | SKIP model=Random Forest; strategy=SMOTE-NC; outer_fold=28; checkpoint=unit_01_02_028.joblib
2026-09-30T04:03:57.237123+00:00 | SKIP model=Random Forest; strategy=SMOTE-NC; outer_fold=29; checkpoint=unit_01_02_029.joblib
2026-09-30T04:03:57.237595+00:00 | SKIP model=Random Forest; strategy=SMOTE-NC; outer_fold=30; checkpoint=unit_01_02_030.joblib
2026-09-30T04:03:57.238129+00:00 | SKIP model=Random Forest; strategy=SMOTE-NC; outer_fold=31; checkpoint=unit_01_02_031.joblib
2026-09-30T04:03:57.238793+00:00 | SKIP model=Random Forest; strategy=SMOTE-NC; outer_fold=32; checkpoint=unit_01_02_032.joblib
2026-09-30T04:03:57.239486+00:00 | SKIP model=Random Forest; strategy=SMOTE-NC; outer_fold=33; checkpoint=unit_01_02_033.joblib
2026-09-30T04:03:57.240192+00:00 | SKIP model=Random Forest; strategy=SMOTE-NC; outer_fold=34; checkpoint=unit_01_02_034.joblib
2026-09-30T04:03:57.240791+00:00 | SKIP model=Random Forest; strategy=SMOTE-NC; outer_fold=35; checkpoint=unit_01_02_035.joblib
2026-09-30T04:03:57.241412+00:00 | SKIP model=Random Forest; strategy=SMOTE-NC; outer_fold=36; checkpoint=unit_01_02_036.joblib
2026-09-30T04:03:57.241970+00:00 | SKIP model=Random Forest; strategy=SMOTE-NC; outer_fold=37; checkpoint=unit_01_02_037.joblib
2026-09-30T04:03:57.242526+00:00 | SKIP model=Random Forest; strategy=SMOTE-NC; outer_fold=38; checkpoint=unit_01_02_038.joblib
2026-09-30T04:03:57.243003+00:00 | SKIP model=Random Forest; strategy=SMOTE-NC; outer_fold=39; checkpoint=unit_01_02_039.joblib
2026-09-30T04:03:57.243452+00:00 | SKIP model=Random Forest; strategy=SMOTE-NC; outer_fold=40; checkpoint=unit_01_02_040.joblib
2026-09-30T04:03:57.243944+00:00 | SKIP model=Random Forest; strategy=SMOTE-NC; outer_fold=41; checkpoint=unit_01_02_041.joblib
2026-09-30T04:03:57.244424+00:00 | SKIP model=Random Forest; strategy=SMOTE-NC; outer_fold=42; checkpoint=unit_01_02_042.joblib
2026-09-30T04:03:57.245556+00:00 | SKIP model=Random Forest; strategy=SMOTE-NC; outer_fold=43; checkpoint=unit_01_02_043.joblib
2026-09-30T04:03:57.246289+00:00 | SKIP model=Random Forest; strategy=SMOTE-NC; outer_fold=44; checkpoint=unit_01_02_044.joblib
2026-09-30T04:03:57.246961+00:00 | SKIP model=Random Forest; strategy=SMOTE-NC; outer_fold=45; checkpoint=unit_01_02_045.joblib
2026-09-30T04:03:57.247535+00:00 | SKIP model=Random Forest; strategy=SMOTE-NC; outer_fold=46; checkpoint=unit_01_02_046.joblib
2026-09-30T04:03:57.248124+00:00 | SKIP model=Random Forest; strategy=SMOTE-NC; outer_fold=47; checkpoint=unit_01_02_047.joblib
2026-09-30T04:03:57.248615+00:00 | SKIP model=Random Forest; strategy=SMOTE-NC; outer_fold=48; checkpoint=unit_01_02_048.joblib
2026-09-30T04:03:57.249350+00:00 | SKIP model=Random Forest; strategy=SMOTE-NC; outer_fold=49; checkpoint=unit_01_02_049.joblib
2026-09-30T04:03:57.249515+00:00 | CONFIG_FINISH model=Random Forest; strategy=SMOTE-NC; elapsed_seconds=0.029; n_iter=12; expanded_search=False
2026-09-30T04:03:57.256013+00:00 | SAVED_CONFIG model=Random Forest; strategy=SMOTE-NC; rows=500
2026-09-30T04:03:57.256274+00:00 | CONFIG_START model=Random Forest; strategy=Random undersampling; n_iter=12; expanded_search=False
2026-09-30T04:03:57.256880+00:00 | SKIP model=Random Forest; strategy=Random undersampling; outer_fold=0; checkpoint=unit_01_03_000.joblib
2026-09-30T04:03:57.257396+00:00 | SKIP model=Random Forest; strategy=Random undersampling; outer_fold=1; checkpoint=unit_01_03_001.joblib
2026-09-30T04:03:57.257907+00:00 | SKIP model=Random Forest; strategy=Random undersampling; outer_fold=2; checkpoint=unit_01_03_002.joblib
2026-09-30T04:03:57.258435+00:00 | SKIP model=Random Forest; strategy=Random undersampling; outer_fold=3; checkpoint=unit_01_03_003.joblib
2026-09-30T04:03:57.258938+00:00 | SKIP model=Random Forest; strategy=Random undersampling; outer_fold=4; checkpoint=unit_01_03_004.joblib
2026-09-30T04:03:57.259600+00:00 | SKIP model=Random Forest; strategy=Random undersampling; outer_fold=5; checkpoint=unit_01_03_005.joblib
2026-09-30T04:03:57.260117+00:00 | SKIP model=Random Forest; strategy=Random undersampling; outer_fold=6; checkpoint=unit_01_03_006.joblib
2026-09-30T04:03:57.260623+00:00 | SKIP model=Random Forest; strategy=Random undersampling; outer_fold=7; checkpoint=unit_01_03_007.joblib
2026-09-30T04:03:57.261102+00:00 | SKIP model=Random Forest; strategy=Random undersampling; outer_fold=8; checkpoint=unit_01_03_008.joblib
2026-09-30T04:03:57.261603+00:00 | SKIP model=Random Forest; strategy=Random undersampling; outer_fold=9; checkpoint=unit_01_03_009.joblib
2026-09-30T04:03:57.262134+00:00 | SKIP model=Random Forest; strategy=Random undersampling; outer_fold=10; checkpoint=unit_01_03_010.joblib
2026-09-30T04:03:57.262637+00:00 | SKIP model=Random Forest; strategy=Random undersampling; outer_fold=11; checkpoint=unit_01_03_011.joblib
2026-09-30T04:03:57.263171+00:00 | SKIP model=Random Forest; strategy=Random undersampling; outer_fold=12; checkpoint=unit_01_03_012.joblib
2026-09-30T04:03:57.263675+00:00 | SKIP model=Random Forest; strategy=Random undersampling; outer_fold=13; checkpoint=unit_01_03_013.joblib
2026-09-30T04:03:57.264137+00:00 | SKIP model=Random Forest; strategy=Random undersampling; outer_fold=14; checkpoint=unit_01_03_014.joblib
2026-09-30T04:03:57.264613+00:00 | SKIP model=Random Forest; strategy=Random undersampling; outer_fold=15; checkpoint=unit_01_03_015.joblib
2026-09-30T04:03:57.265091+00:00 | SKIP model=Random Forest; strategy=Random undersampling; outer_fold=16; checkpoint=unit_01_03_016.joblib
2026-09-30T04:03:57.265538+00:00 | SKIP model=Random Forest; strategy=Random undersampling; outer_fold=17; checkpoint=unit_01_03_017.joblib
2026-09-30T04:03:57.266011+00:00 | SKIP model=Random Forest; strategy=Random undersampling; outer_fold=18; checkpoint=unit_01_03_018.joblib
2026-09-30T04:03:57.266745+00:00 | SKIP model=Random Forest; strategy=Random undersampling; outer_fold=19; checkpoint=unit_01_03_019.joblib
2026-09-30T04:03:57.267278+00:00 | SKIP model=Random Forest; strategy=Random undersampling; outer_fold=20; checkpoint=unit_01_03_020.joblib
2026-09-30T04:03:57.267756+00:00 | SKIP model=Random Forest; strategy=Random undersampling; outer_fold=21; checkpoint=unit_01_03_021.joblib
2026-09-30T04:03:57.268312+00:00 | SKIP model=Random Forest; strategy=Random undersampling; outer_fold=22; checkpoint=unit_01_03_022.joblib
2026-09-30T04:03:57.268839+00:00 | SKIP model=Random Forest; strategy=Random undersampling; outer_fold=23; checkpoint=unit_01_03_023.joblib
2026-09-30T04:03:57.269380+00:00 | SKIP model=Random Forest; strategy=Random undersampling; outer_fold=24; checkpoint=unit_01_03_024.joblib
2026-09-30T04:03:57.269878+00:00 | SKIP model=Random Forest; strategy=Random undersampling; outer_fold=25; checkpoint=unit_01_03_025.joblib
2026-09-30T04:03:57.270375+00:00 | SKIP model=Random Forest; strategy=Random undersampling; outer_fold=26; checkpoint=unit_01_03_026.joblib
2026-09-30T04:03:57.270889+00:00 | SKIP model=Random Forest; strategy=Random undersampling; outer_fold=27; checkpoint=unit_01_03_027.joblib
2026-09-30T04:03:57.271452+00:00 | SKIP model=Random Forest; strategy=Random undersampling; outer_fold=28; checkpoint=unit_01_03_028.joblib
2026-09-30T04:03:57.271926+00:00 | SKIP model=Random Forest; strategy=Random undersampling; outer_fold=29; checkpoint=unit_01_03_029.joblib
2026-09-30T04:03:57.272401+00:00 | SKIP model=Random Forest; strategy=Random undersampling; outer_fold=30; checkpoint=unit_01_03_030.joblib
2026-09-30T04:03:57.272896+00:00 | SKIP model=Random Forest; strategy=Random undersampling; outer_fold=31; checkpoint=unit_01_03_031.joblib
2026-09-30T04:03:57.273589+00:00 | SKIP model=Random Forest; strategy=Random undersampling; outer_fold=32; checkpoint=unit_01_03_032.joblib
2026-09-30T04:03:57.274109+00:00 | SKIP model=Random Forest; strategy=Random undersampling; outer_fold=33; checkpoint=unit_01_03_033.joblib
2026-09-30T04:03:57.274578+00:00 | SKIP model=Random Forest; strategy=Random undersampling; outer_fold=34; checkpoint=unit_01_03_034.joblib
2026-09-30T04:03:57.275170+00:00 | SKIP model=Random Forest; strategy=Random undersampling; outer_fold=35; checkpoint=unit_01_03_035.joblib
2026-09-30T04:03:57.275656+00:00 | SKIP model=Random Forest; strategy=Random undersampling; outer_fold=36; checkpoint=unit_01_03_036.joblib
2026-09-30T04:03:57.276146+00:00 | SKIP model=Random Forest; strategy=Random undersampling; outer_fold=37; checkpoint=unit_01_03_037.joblib
2026-09-30T04:03:57.276712+00:00 | SKIP model=Random Forest; strategy=Random undersampling; outer_fold=38; checkpoint=unit_01_03_038.joblib
2026-09-30T04:03:57.277208+00:00 | SKIP model=Random Forest; strategy=Random undersampling; outer_fold=39; checkpoint=unit_01_03_039.joblib
2026-09-30T04:03:57.277755+00:00 | SKIP model=Random Forest; strategy=Random undersampling; outer_fold=40; checkpoint=unit_01_03_040.joblib
2026-09-30T04:03:57.280369+00:00 | SKIP model=Random Forest; strategy=Random undersampling; outer_fold=41; checkpoint=unit_01_03_041.joblib
2026-09-30T04:03:57.281111+00:00 | SKIP model=Random Forest; strategy=Random undersampling; outer_fold=42; checkpoint=unit_01_03_042.joblib
2026-09-30T04:03:57.281654+00:00 | SKIP model=Random Forest; strategy=Random undersampling; outer_fold=43; checkpoint=unit_01_03_043.joblib
2026-09-30T04:03:57.282237+00:00 | SKIP model=Random Forest; strategy=Random undersampling; outer_fold=44; checkpoint=unit_01_03_044.joblib
2026-09-30T04:03:57.282755+00:00 | SKIP model=Random Forest; strategy=Random undersampling; outer_fold=45; checkpoint=unit_01_03_045.joblib
2026-09-30T04:03:57.283228+00:00 | SKIP model=Random Forest; strategy=Random undersampling; outer_fold=46; checkpoint=unit_01_03_046.joblib
2026-09-30T04:03:57.283736+00:00 | SKIP model=Random Forest; strategy=Random undersampling; outer_fold=47; checkpoint=unit_01_03_047.joblib
2026-09-30T04:03:57.284249+00:00 | SKIP model=Random Forest; strategy=Random undersampling; outer_fold=48; checkpoint=unit_01_03_048.joblib
2026-09-30T04:03:57.284724+00:00 | SKIP model=Random Forest; strategy=Random undersampling; outer_fold=49; checkpoint=unit_01_03_049.joblib
2026-09-30T04:03:57.284894+00:00 | CONFIG_FINISH model=Random Forest; strategy=Random undersampling; elapsed_seconds=0.029; n_iter=12; expanded_search=False
2026-09-30T04:03:57.293134+00:00 | SAVED_CONFIG model=Random Forest; strategy=Random undersampling; rows=550
2026-09-30T04:03:57.293342+00:00 | CONFIG_START model=Random Forest; strategy=Threshold tuning; n_iter=12; expanded_search=False
2026-09-30T04:03:57.294579+00:00 | SKIP model=Random Forest; strategy=Threshold tuning; outer_fold=0; checkpoint=unit_01_04_000.joblib
2026-09-30T04:03:57.295454+00:00 | SKIP model=Random Forest; strategy=Threshold tuning; outer_fold=1; checkpoint=unit_01_04_001.joblib
2026-09-30T04:03:57.296148+00:00 | SKIP model=Random Forest; strategy=Threshold tuning; outer_fold=2; checkpoint=unit_01_04_002.joblib
2026-09-30T04:03:57.296783+00:00 | SKIP model=Random Forest; strategy=Threshold tuning; outer_fold=3; checkpoint=unit_01_04_003.joblib
2026-09-30T04:03:57.297340+00:00 | SKIP model=Random Forest; strategy=Threshold tuning; outer_fold=4; checkpoint=unit_01_04_004.joblib
2026-09-30T04:03:57.297886+00:00 | SKIP model=Random Forest; strategy=Threshold tuning; outer_fold=5; checkpoint=unit_01_04_005.joblib
2026-09-30T04:03:57.298353+00:00 | SKIP model=Random Forest; strategy=Threshold tuning; outer_fold=6; checkpoint=unit_01_04_006.joblib
2026-09-30T04:03:57.298845+00:00 | SKIP model=Random Forest; strategy=Threshold tuning; outer_fold=7; checkpoint=unit_01_04_007.joblib
2026-09-30T04:03:57.299335+00:00 | SKIP model=Random Forest; strategy=Threshold tuning; outer_fold=8; checkpoint=unit_01_04_008.joblib
2026-09-30T04:03:57.300317+00:00 | SKIP model=Random Forest; strategy=Threshold tuning; outer_fold=9; checkpoint=unit_01_04_009.joblib
2026-09-30T04:03:57.300931+00:00 | SKIP model=Random Forest; strategy=Threshold tuning; outer_fold=10; checkpoint=unit_01_04_010.joblib
2026-09-30T04:03:57.301495+00:00 | SKIP model=Random Forest; strategy=Threshold tuning; outer_fold=11; checkpoint=unit_01_04_011.joblib
2026-09-30T04:03:57.302007+00:00 | SKIP model=Random Forest; strategy=Threshold tuning; outer_fold=12; checkpoint=unit_01_04_012.joblib
2026-09-30T04:03:57.302515+00:00 | SKIP model=Random Forest; strategy=Threshold tuning; outer_fold=13; checkpoint=unit_01_04_013.joblib
2026-09-30T04:03:57.303091+00:00 | SKIP model=Random Forest; strategy=Threshold tuning; outer_fold=14; checkpoint=unit_01_04_014.joblib
2026-09-30T04:03:57.303712+00:00 | SKIP model=Random Forest; strategy=Threshold tuning; outer_fold=15; checkpoint=unit_01_04_015.joblib
2026-09-30T04:03:57.304251+00:00 | SKIP model=Random Forest; strategy=Threshold tuning; outer_fold=16; checkpoint=unit_01_04_016.joblib
2026-09-30T04:03:57.304811+00:00 | SKIP model=Random Forest; strategy=Threshold tuning; outer_fold=17; checkpoint=unit_01_04_017.joblib
2026-09-30T04:03:57.305323+00:00 | SKIP model=Random Forest; strategy=Threshold tuning; outer_fold=18; checkpoint=unit_01_04_018.joblib
2026-09-30T04:03:57.305814+00:00 | SKIP model=Random Forest; strategy=Threshold tuning; outer_fold=19; checkpoint=unit_01_04_019.joblib
2026-09-30T04:03:57.306307+00:00 | SKIP model=Random Forest; strategy=Threshold tuning; outer_fold=20; checkpoint=unit_01_04_020.joblib
2026-09-30T04:03:57.306799+00:00 | SKIP model=Random Forest; strategy=Threshold tuning; outer_fold=21; checkpoint=unit_01_04_021.joblib
2026-09-30T04:03:57.307325+00:00 | SKIP model=Random Forest; strategy=Threshold tuning; outer_fold=22; checkpoint=unit_01_04_022.joblib
2026-09-30T04:03:57.307857+00:00 | SKIP model=Random Forest; strategy=Threshold tuning; outer_fold=23; checkpoint=unit_01_04_023.joblib
2026-09-30T04:03:57.308367+00:00 | SKIP model=Random Forest; strategy=Threshold tuning; outer_fold=24; checkpoint=unit_01_04_024.joblib
2026-09-30T04:03:57.308957+00:00 | SKIP model=Random Forest; strategy=Threshold tuning; outer_fold=25; checkpoint=unit_01_04_025.joblib
2026-09-30T04:03:57.309932+00:00 | SKIP model=Random Forest; strategy=Threshold tuning; outer_fold=26; checkpoint=unit_01_04_026.joblib
2026-09-30T04:03:57.310442+00:00 | SKIP model=Random Forest; strategy=Threshold tuning; outer_fold=27; checkpoint=unit_01_04_027.joblib
2026-09-30T04:03:57.311139+00:00 | SKIP model=Random Forest; strategy=Threshold tuning; outer_fold=28; checkpoint=unit_01_04_028.joblib
2026-09-30T04:03:57.311653+00:00 | SKIP model=Random Forest; strategy=Threshold tuning; outer_fold=29; checkpoint=unit_01_04_029.joblib
2026-09-30T04:03:57.312113+00:00 | SKIP model=Random Forest; strategy=Threshold tuning; outer_fold=30; checkpoint=unit_01_04_030.joblib
2026-09-30T04:03:57.312563+00:00 | SKIP model=Random Forest; strategy=Threshold tuning; outer_fold=31; checkpoint=unit_01_04_031.joblib
2026-09-30T04:03:57.313023+00:00 | SKIP model=Random Forest; strategy=Threshold tuning; outer_fold=32; checkpoint=unit_01_04_032.joblib
2026-09-30T04:03:57.313486+00:00 | SKIP model=Random Forest; strategy=Threshold tuning; outer_fold=33; checkpoint=unit_01_04_033.joblib
2026-09-30T04:03:57.313973+00:00 | SKIP model=Random Forest; strategy=Threshold tuning; outer_fold=34; checkpoint=unit_01_04_034.joblib
2026-09-30T04:03:57.314670+00:00 | SKIP model=Random Forest; strategy=Threshold tuning; outer_fold=35; checkpoint=unit_01_04_035.joblib
2026-09-30T04:03:57.315922+00:00 | SKIP model=Random Forest; strategy=Threshold tuning; outer_fold=36; checkpoint=unit_01_04_036.joblib
2026-09-30T04:03:57.316500+00:00 | SKIP model=Random Forest; strategy=Threshold tuning; outer_fold=37; checkpoint=unit_01_04_037.joblib
2026-09-30T04:03:57.317010+00:00 | SKIP model=Random Forest; strategy=Threshold tuning; outer_fold=38; checkpoint=unit_01_04_038.joblib
2026-09-30T04:03:57.317523+00:00 | SKIP model=Random Forest; strategy=Threshold tuning; outer_fold=39; checkpoint=unit_01_04_039.joblib
2026-09-30T04:03:57.318049+00:00 | SKIP model=Random Forest; strategy=Threshold tuning; outer_fold=40; checkpoint=unit_01_04_040.joblib
2026-09-30T04:03:57.318627+00:00 | SKIP model=Random Forest; strategy=Threshold tuning; outer_fold=41; checkpoint=unit_01_04_041.joblib
2026-09-30T04:03:57.319164+00:00 | SKIP model=Random Forest; strategy=Threshold tuning; outer_fold=42; checkpoint=unit_01_04_042.joblib
2026-09-30T04:03:57.320959+00:00 | SKIP model=Random Forest; strategy=Threshold tuning; outer_fold=43; checkpoint=unit_01_04_043.joblib
2026-09-30T04:03:57.321715+00:00 | SKIP model=Random Forest; strategy=Threshold tuning; outer_fold=44; checkpoint=unit_01_04_044.joblib
2026-09-30T04:03:57.322695+00:00 | SKIP model=Random Forest; strategy=Threshold tuning; outer_fold=45; checkpoint=unit_01_04_045.joblib
2026-09-30T04:03:57.323321+00:00 | SKIP model=Random Forest; strategy=Threshold tuning; outer_fold=46; checkpoint=unit_01_04_046.joblib
2026-09-30T04:03:57.323831+00:00 | SKIP model=Random Forest; strategy=Threshold tuning; outer_fold=47; checkpoint=unit_01_04_047.joblib
2026-09-30T04:03:57.324381+00:00 | SKIP model=Random Forest; strategy=Threshold tuning; outer_fold=48; checkpoint=unit_01_04_048.joblib
2026-09-30T04:03:57.324935+00:00 | SKIP model=Random Forest; strategy=Threshold tuning; outer_fold=49; checkpoint=unit_01_04_049.joblib
2026-09-30T04:03:57.325126+00:00 | CONFIG_FINISH model=Random Forest; strategy=Threshold tuning; elapsed_seconds=0.032; n_iter=12; expanded_search=False
2026-09-30T04:03:57.332883+00:00 | SAVED_CONFIG model=Random Forest; strategy=Threshold tuning; rows=600
2026-09-30T04:03:57.333141+00:00 | CONFIG_START model=Random Forest; strategy=Calibrated sigmoid + threshold; n_iter=12; expanded_search=False
2026-09-30T04:03:57.333730+00:00 | SKIP model=Random Forest; strategy=Calibrated sigmoid + threshold; outer_fold=0; checkpoint=unit_01_05_000.joblib
2026-09-30T04:03:57.334283+00:00 | SKIP model=Random Forest; strategy=Calibrated sigmoid + threshold; outer_fold=1; checkpoint=unit_01_05_001.joblib
2026-09-30T04:03:57.334802+00:00 | SKIP model=Random Forest; strategy=Calibrated sigmoid + threshold; outer_fold=2; checkpoint=unit_01_05_002.joblib
2026-09-30T04:03:57.335340+00:00 | SKIP model=Random Forest; strategy=Calibrated sigmoid + threshold; outer_fold=3; checkpoint=unit_01_05_003.joblib
2026-09-30T04:03:57.335917+00:00 | SKIP model=Random Forest; strategy=Calibrated sigmoid + threshold; outer_fold=4; checkpoint=unit_01_05_004.joblib
2026-09-30T04:03:57.336514+00:00 | SKIP model=Random Forest; strategy=Calibrated sigmoid + threshold; outer_fold=5; checkpoint=unit_01_05_005.joblib
2026-09-30T04:03:57.337064+00:00 | SKIP model=Random Forest; strategy=Calibrated sigmoid + threshold; outer_fold=6; checkpoint=unit_01_05_006.joblib
2026-09-30T04:03:57.337640+00:00 | SKIP model=Random Forest; strategy=Calibrated sigmoid + threshold; outer_fold=7; checkpoint=unit_01_05_007.joblib
2026-09-30T04:03:57.338132+00:00 | SKIP model=Random Forest; strategy=Calibrated sigmoid + threshold; outer_fold=8; checkpoint=unit_01_05_008.joblib
2026-09-30T04:03:57.338667+00:00 | SKIP model=Random Forest; strategy=Calibrated sigmoid + threshold; outer_fold=9; checkpoint=unit_01_05_009.joblib
2026-09-30T04:03:57.339155+00:00 | SKIP model=Random Forest; strategy=Calibrated sigmoid + threshold; outer_fold=10; checkpoint=unit_01_05_010.joblib
2026-09-30T04:03:57.339632+00:00 | SKIP model=Random Forest; strategy=Calibrated sigmoid + threshold; outer_fold=11; checkpoint=unit_01_05_011.joblib
2026-09-30T04:03:57.340136+00:00 | SKIP model=Random Forest; strategy=Calibrated sigmoid + threshold; outer_fold=12; checkpoint=unit_01_05_012.joblib
2026-09-30T04:03:57.340692+00:00 | SKIP model=Random Forest; strategy=Calibrated sigmoid + threshold; outer_fold=13; checkpoint=unit_01_05_013.joblib
2026-09-30T04:03:57.341270+00:00 | SKIP model=Random Forest; strategy=Calibrated sigmoid + threshold; outer_fold=14; checkpoint=unit_01_05_014.joblib
2026-09-30T04:03:57.341759+00:00 | SKIP model=Random Forest; strategy=Calibrated sigmoid + threshold; outer_fold=15; checkpoint=unit_01_05_015.joblib
2026-09-30T04:03:57.344027+00:00 | SKIP model=Random Forest; strategy=Calibrated sigmoid + threshold; outer_fold=16; checkpoint=unit_01_05_016.joblib
2026-09-30T04:03:57.344602+00:00 | SKIP model=Random Forest; strategy=Calibrated sigmoid + threshold; outer_fold=17; checkpoint=unit_01_05_017.joblib
2026-09-30T04:03:57.345214+00:00 | SKIP model=Random Forest; strategy=Calibrated sigmoid + threshold; outer_fold=18; checkpoint=unit_01_05_018.joblib
2026-09-30T04:03:57.345722+00:00 | SKIP model=Random Forest; strategy=Calibrated sigmoid + threshold; outer_fold=19; checkpoint=unit_01_05_019.joblib
2026-09-30T04:03:57.346245+00:00 | SKIP model=Random Forest; strategy=Calibrated sigmoid + threshold; outer_fold=20; checkpoint=unit_01_05_020.joblib
2026-09-30T04:03:57.346732+00:00 | SKIP model=Random Forest; strategy=Calibrated sigmoid + threshold; outer_fold=21; checkpoint=unit_01_05_021.joblib
2026-09-30T04:03:57.347227+00:00 | SKIP model=Random Forest; strategy=Calibrated sigmoid + threshold; outer_fold=22; checkpoint=unit_01_05_022.joblib
2026-09-30T04:03:57.347889+00:00 | SKIP model=Random Forest; strategy=Calibrated sigmoid + threshold; outer_fold=23; checkpoint=unit_01_05_023.joblib
2026-09-30T04:03:57.349671+00:00 | SKIP model=Random Forest; strategy=Calibrated sigmoid + threshold; outer_fold=24; checkpoint=unit_01_05_024.joblib
2026-09-30T04:03:57.350290+00:00 | SKIP model=Random Forest; strategy=Calibrated sigmoid + threshold; outer_fold=25; checkpoint=unit_01_05_025.joblib
2026-09-30T04:03:57.350840+00:00 | SKIP model=Random Forest; strategy=Calibrated sigmoid + threshold; outer_fold=26; checkpoint=unit_01_05_026.joblib
2026-09-30T04:03:57.351339+00:00 | SKIP model=Random Forest; strategy=Calibrated sigmoid + threshold; outer_fold=27; checkpoint=unit_01_05_027.joblib
2026-09-30T04:03:57.351845+00:00 | SKIP model=Random Forest; strategy=Calibrated sigmoid + threshold; outer_fold=28; checkpoint=unit_01_05_028.joblib
2026-09-30T04:03:57.352424+00:00 | SKIP model=Random Forest; strategy=Calibrated sigmoid + threshold; outer_fold=29; checkpoint=unit_01_05_029.joblib
2026-09-30T04:03:57.352965+00:00 | SKIP model=Random Forest; strategy=Calibrated sigmoid + threshold; outer_fold=30; checkpoint=unit_01_05_030.joblib
2026-09-30T04:03:57.353477+00:00 | SKIP model=Random Forest; strategy=Calibrated sigmoid + threshold; outer_fold=31; checkpoint=unit_01_05_031.joblib
2026-09-30T04:03:57.354037+00:00 | SKIP model=Random Forest; strategy=Calibrated sigmoid + threshold; outer_fold=32; checkpoint=unit_01_05_032.joblib
2026-09-30T04:03:57.354574+00:00 | SKIP model=Random Forest; strategy=Calibrated sigmoid + threshold; outer_fold=33; checkpoint=unit_01_05_033.joblib
2026-09-30T04:03:57.355041+00:00 | SKIP model=Random Forest; strategy=Calibrated sigmoid + threshold; outer_fold=34; checkpoint=unit_01_05_034.joblib
2026-09-30T04:03:57.355576+00:00 | SKIP model=Random Forest; strategy=Calibrated sigmoid + threshold; outer_fold=35; checkpoint=unit_01_05_035.joblib
2026-09-30T04:03:57.356132+00:00 | SKIP model=Random Forest; strategy=Calibrated sigmoid + threshold; outer_fold=36; checkpoint=unit_01_05_036.joblib
2026-09-30T04:03:57.356735+00:00 | SKIP model=Random Forest; strategy=Calibrated sigmoid + threshold; outer_fold=37; checkpoint=unit_01_05_037.joblib
2026-09-30T04:03:57.357224+00:00 | SKIP model=Random Forest; strategy=Calibrated sigmoid + threshold; outer_fold=38; checkpoint=unit_01_05_038.joblib
2026-09-30T04:03:57.357892+00:00 | SKIP model=Random Forest; strategy=Calibrated sigmoid + threshold; outer_fold=39; checkpoint=unit_01_05_039.joblib
2026-09-30T04:03:57.358378+00:00 | SKIP model=Random Forest; strategy=Calibrated sigmoid + threshold; outer_fold=40; checkpoint=unit_01_05_040.joblib
2026-09-30T04:03:57.358901+00:00 | SKIP model=Random Forest; strategy=Calibrated sigmoid + threshold; outer_fold=41; checkpoint=unit_01_05_041.joblib
2026-09-30T04:03:57.359375+00:00 | SKIP model=Random Forest; strategy=Calibrated sigmoid + threshold; outer_fold=42; checkpoint=unit_01_05_042.joblib
2026-09-30T04:03:57.359842+00:00 | SKIP model=Random Forest; strategy=Calibrated sigmoid + threshold; outer_fold=43; checkpoint=unit_01_05_043.joblib
2026-09-30T04:03:57.360314+00:00 | SKIP model=Random Forest; strategy=Calibrated sigmoid + threshold; outer_fold=44; checkpoint=unit_01_05_044.joblib
2026-09-30T04:03:57.360788+00:00 | SKIP model=Random Forest; strategy=Calibrated sigmoid + threshold; outer_fold=45; checkpoint=unit_01_05_045.joblib
2026-09-30T04:03:57.361242+00:00 | SKIP model=Random Forest; strategy=Calibrated sigmoid + threshold; outer_fold=46; checkpoint=unit_01_05_046.joblib
2026-09-30T04:03:57.361728+00:00 | SKIP model=Random Forest; strategy=Calibrated sigmoid + threshold; outer_fold=47; checkpoint=unit_01_05_047.joblib
2026-09-30T04:03:57.362201+00:00 | SKIP model=Random Forest; strategy=Calibrated sigmoid + threshold; outer_fold=48; checkpoint=unit_01_05_048.joblib
2026-09-30T04:03:57.362699+00:00 | SKIP model=Random Forest; strategy=Calibrated sigmoid + threshold; outer_fold=49; checkpoint=unit_01_05_049.joblib
2026-09-30T04:03:57.362908+00:00 | CONFIG_FINISH model=Random Forest; strategy=Calibrated sigmoid + threshold; elapsed_seconds=0.030; n_iter=12; expanded_search=False
2026-09-30T04:03:57.371641+00:00 | SAVED_CONFIG model=Random Forest; strategy=Calibrated sigmoid + threshold; rows=650
2026-09-30T04:03:57.371848+00:00 | CONFIG_START model=Random Forest; strategy=Calibrated isotonic + threshold; n_iter=12; expanded_search=False
2026-09-30T04:03:57.372698+00:00 | SKIP model=Random Forest; strategy=Calibrated isotonic + threshold; outer_fold=0; checkpoint=unit_01_06_000.joblib
2026-09-30T04:03:57.373261+00:00 | SKIP model=Random Forest; strategy=Calibrated isotonic + threshold; outer_fold=1; checkpoint=unit_01_06_001.joblib
2026-09-30T04:03:57.373753+00:00 | SKIP model=Random Forest; strategy=Calibrated isotonic + threshold; outer_fold=2; checkpoint=unit_01_06_002.joblib
2026-09-30T04:03:57.374260+00:00 | SKIP model=Random Forest; strategy=Calibrated isotonic + threshold; outer_fold=3; checkpoint=unit_01_06_003.joblib
2026-09-30T04:03:57.374807+00:00 | SKIP model=Random Forest; strategy=Calibrated isotonic + threshold; outer_fold=4; checkpoint=unit_01_06_004.joblib
2026-09-30T04:03:57.375341+00:00 | SKIP model=Random Forest; strategy=Calibrated isotonic + threshold; outer_fold=5; checkpoint=unit_01_06_005.joblib
2026-09-30T04:03:57.375854+00:00 | SKIP model=Random Forest; strategy=Calibrated isotonic + threshold; outer_fold=6; checkpoint=unit_01_06_006.joblib
2026-09-30T04:03:57.376486+00:00 | SKIP model=Random Forest; strategy=Calibrated isotonic + threshold; outer_fold=7; checkpoint=unit_01_06_007.joblib
2026-09-30T04:03:57.377136+00:00 | SKIP model=Random Forest; strategy=Calibrated isotonic + threshold; outer_fold=8; checkpoint=unit_01_06_008.joblib
2026-09-30T04:03:57.377789+00:00 | SKIP model=Random Forest; strategy=Calibrated isotonic + threshold; outer_fold=9; checkpoint=unit_01_06_009.joblib
2026-09-30T04:03:57.378375+00:00 | SKIP model=Random Forest; strategy=Calibrated isotonic + threshold; outer_fold=10; checkpoint=unit_01_06_010.joblib
2026-09-30T04:03:57.378931+00:00 | SKIP model=Random Forest; strategy=Calibrated isotonic + threshold; outer_fold=11; checkpoint=unit_01_06_011.joblib
2026-09-30T04:03:57.379677+00:00 | SKIP model=Random Forest; strategy=Calibrated isotonic + threshold; outer_fold=12; checkpoint=unit_01_06_012.joblib
2026-09-30T04:03:57.380254+00:00 | SKIP model=Random Forest; strategy=Calibrated isotonic + threshold; outer_fold=13; checkpoint=unit_01_06_013.joblib
2026-09-30T04:03:57.380813+00:00 | SKIP model=Random Forest; strategy=Calibrated isotonic + threshold; outer_fold=14; checkpoint=unit_01_06_014.joblib
2026-09-30T04:03:57.381359+00:00 | SKIP model=Random Forest; strategy=Calibrated isotonic + threshold; outer_fold=15; checkpoint=unit_01_06_015.joblib
2026-09-30T04:03:57.381582+00:00 | START model=Random Forest; strategy=Calibrated isotonic + threshold; outer_fold=16
2026-09-30T04:04:32.196181+00:00 | FINISH model=Random Forest; strategy=Calibrated isotonic + threshold; outer_fold=16; elapsed_seconds=34.815
2026-09-30T04:04:32.197032+00:00 | START model=Random Forest; strategy=Calibrated isotonic + threshold; outer_fold=17
2026-09-30T04:05:03.831966+00:00 | FINISH model=Random Forest; strategy=Calibrated isotonic + threshold; outer_fold=17; elapsed_seconds=31.635
2026-09-30T04:05:03.832756+00:00 | START model=Random Forest; strategy=Calibrated isotonic + threshold; outer_fold=18
2026-09-30T04:05:41.206450+00:00 | FINISH model=Random Forest; strategy=Calibrated isotonic + threshold; outer_fold=18; elapsed_seconds=37.374
2026-09-30T04:05:41.207219+00:00 | START model=Random Forest; strategy=Calibrated isotonic + threshold; outer_fold=19
2026-09-30T04:06:15.788982+00:00 | FINISH model=Random Forest; strategy=Calibrated isotonic + threshold; outer_fold=19; elapsed_seconds=34.582
2026-09-30T04:06:15.791744+00:00 | START model=Random Forest; strategy=Calibrated isotonic + threshold; outer_fold=20
2026-09-30T04:06:51.357274+00:00 | FINISH model=Random Forest; strategy=Calibrated isotonic + threshold; outer_fold=20; elapsed_seconds=35.566
2026-09-30T04:06:51.359316+00:00 | START model=Random Forest; strategy=Calibrated isotonic + threshold; outer_fold=21
2026-09-30T04:07:26.766158+00:00 | FINISH model=Random Forest; strategy=Calibrated isotonic + threshold; outer_fold=21; elapsed_seconds=35.407
2026-09-30T04:07:26.767565+00:00 | START model=Random Forest; strategy=Calibrated isotonic + threshold; outer_fold=22
2026-09-30T04:08:03.217775+00:00 | FINISH model=Random Forest; strategy=Calibrated isotonic + threshold; outer_fold=22; elapsed_seconds=36.450
2026-09-30T04:08:03.218256+00:00 | START model=Random Forest; strategy=Calibrated isotonic + threshold; outer_fold=23
2026-09-30T04:08:39.219687+00:00 | FINISH model=Random Forest; strategy=Calibrated isotonic + threshold; outer_fold=23; elapsed_seconds=36.001
2026-09-30T04:08:39.221950+00:00 | START model=Random Forest; strategy=Calibrated isotonic + threshold; outer_fold=24
2026-09-30T04:09:15.916164+00:00 | FINISH model=Random Forest; strategy=Calibrated isotonic + threshold; outer_fold=24; elapsed_seconds=36.694
2026-09-30T04:09:15.917478+00:00 | START model=Random Forest; strategy=Calibrated isotonic + threshold; outer_fold=25
2026-09-30T04:09:53.486513+00:00 | FINISH model=Random Forest; strategy=Calibrated isotonic + threshold; outer_fold=25; elapsed_seconds=37.569
2026-09-30T04:09:53.487118+00:00 | START model=Random Forest; strategy=Calibrated isotonic + threshold; outer_fold=26
2026-09-30T04:10:31.688637+00:00 | FINISH model=Random Forest; strategy=Calibrated isotonic + threshold; outer_fold=26; elapsed_seconds=38.201
2026-09-30T04:10:31.690942+00:00 | START model=Random Forest; strategy=Calibrated isotonic + threshold; outer_fold=27
2026-09-30T04:11:07.896019+00:00 | FINISH model=Random Forest; strategy=Calibrated isotonic + threshold; outer_fold=27; elapsed_seconds=36.205
2026-09-30T04:11:07.896681+00:00 | START model=Random Forest; strategy=Calibrated isotonic + threshold; outer_fold=28
2026-09-30T04:11:48.309939+00:00 | FINISH model=Random Forest; strategy=Calibrated isotonic + threshold; outer_fold=28; elapsed_seconds=40.413
2026-09-30T04:11:48.312297+00:00 | START model=Random Forest; strategy=Calibrated isotonic + threshold; outer_fold=29
2026-09-30T04:12:28.382098+00:00 | FINISH model=Random Forest; strategy=Calibrated isotonic + threshold; outer_fold=29; elapsed_seconds=40.070
2026-09-30T04:12:28.383119+00:00 | START model=Random Forest; strategy=Calibrated isotonic + threshold; outer_fold=30
2026-09-30T04:13:01.696467+00:00 | FINISH model=Random Forest; strategy=Calibrated isotonic + threshold; outer_fold=30; elapsed_seconds=33.313
2026-09-30T04:13:01.696948+00:00 | START model=Random Forest; strategy=Calibrated isotonic + threshold; outer_fold=31
2026-09-30T04:13:39.673585+00:00 | FINISH model=Random Forest; strategy=Calibrated isotonic + threshold; outer_fold=31; elapsed_seconds=37.977
2026-09-30T04:13:39.674232+00:00 | START model=Random Forest; strategy=Calibrated isotonic + threshold; outer_fold=32
2026-09-30T04:14:20.431304+00:00 | FINISH model=Random Forest; strategy=Calibrated isotonic + threshold; outer_fold=32; elapsed_seconds=40.757
2026-09-30T04:14:20.431825+00:00 | START model=Random Forest; strategy=Calibrated isotonic + threshold; outer_fold=33
2026-09-30T04:14:58.077339+00:00 | FINISH model=Random Forest; strategy=Calibrated isotonic + threshold; outer_fold=33; elapsed_seconds=37.645
2026-09-30T04:14:58.079652+00:00 | START model=Random Forest; strategy=Calibrated isotonic + threshold; outer_fold=34
2026-09-30T04:15:38.374606+00:00 | FINISH model=Random Forest; strategy=Calibrated isotonic + threshold; outer_fold=34; elapsed_seconds=40.295
2026-09-30T04:15:38.376850+00:00 | START model=Random Forest; strategy=Calibrated isotonic + threshold; outer_fold=35
2026-09-30T04:16:18.126839+00:00 | FINISH model=Random Forest; strategy=Calibrated isotonic + threshold; outer_fold=35; elapsed_seconds=39.750
2026-09-30T04:16:18.128171+00:00 | START model=Random Forest; strategy=Calibrated isotonic + threshold; outer_fold=36
2026-09-30T04:16:57.493647+00:00 | FINISH model=Random Forest; strategy=Calibrated isotonic + threshold; outer_fold=36; elapsed_seconds=39.365
2026-09-30T04:16:57.494393+00:00 | START model=Random Forest; strategy=Calibrated isotonic + threshold; outer_fold=37
2026-09-30T04:17:41.095347+00:00 | FINISH model=Random Forest; strategy=Calibrated isotonic + threshold; outer_fold=37; elapsed_seconds=43.601
2026-09-30T04:17:41.097627+00:00 | START model=Random Forest; strategy=Calibrated isotonic + threshold; outer_fold=38
2026-09-30T04:18:12.617928+00:00 | FINISH model=Random Forest; strategy=Calibrated isotonic + threshold; outer_fold=38; elapsed_seconds=31.520
2026-09-30T04:18:12.620041+00:00 | START model=Random Forest; strategy=Calibrated isotonic + threshold; outer_fold=39
2026-09-30T04:18:43.420430+00:00 | FINISH model=Random Forest; strategy=Calibrated isotonic + threshold; outer_fold=39; elapsed_seconds=30.800
2026-09-30T04:18:43.422517+00:00 | START model=Random Forest; strategy=Calibrated isotonic + threshold; outer_fold=40
2026-09-30T04:19:18.119942+00:00 | FINISH model=Random Forest; strategy=Calibrated isotonic + threshold; outer_fold=40; elapsed_seconds=34.697
2026-09-30T04:19:18.120593+00:00 | START model=Random Forest; strategy=Calibrated isotonic + threshold; outer_fold=41
2026-09-30T04:19:53.061045+00:00 | FINISH model=Random Forest; strategy=Calibrated isotonic + threshold; outer_fold=41; elapsed_seconds=34.940
2026-09-30T04:19:53.063232+00:00 | START model=Random Forest; strategy=Calibrated isotonic + threshold; outer_fold=42
2026-09-30T04:20:27.979389+00:00 | FINISH model=Random Forest; strategy=Calibrated isotonic + threshold; outer_fold=42; elapsed_seconds=34.916
2026-09-30T04:20:27.979952+00:00 | START model=Random Forest; strategy=Calibrated isotonic + threshold; outer_fold=43
2026-09-30T04:21:02.507482+00:00 | FINISH model=Random Forest; strategy=Calibrated isotonic + threshold; outer_fold=43; elapsed_seconds=34.528
2026-09-30T04:21:02.509877+00:00 | START model=Random Forest; strategy=Calibrated isotonic + threshold; outer_fold=44
2026-09-30T04:21:39.084115+00:00 | FINISH model=Random Forest; strategy=Calibrated isotonic + threshold; outer_fold=44; elapsed_seconds=36.574
2026-09-30T04:21:39.086480+00:00 | START model=Random Forest; strategy=Calibrated isotonic + threshold; outer_fold=45
2026-09-30T04:22:14.961080+00:00 | FINISH model=Random Forest; strategy=Calibrated isotonic + threshold; outer_fold=45; elapsed_seconds=35.875
2026-09-30T04:22:14.961688+00:00 | START model=Random Forest; strategy=Calibrated isotonic + threshold; outer_fold=46
2026-09-30T04:22:52.980867+00:00 | FINISH model=Random Forest; strategy=Calibrated isotonic + threshold; outer_fold=46; elapsed_seconds=38.019
2026-09-30T04:22:52.981447+00:00 | START model=Random Forest; strategy=Calibrated isotonic + threshold; outer_fold=47
2026-09-30T04:23:27.802008+00:00 | FINISH model=Random Forest; strategy=Calibrated isotonic + threshold; outer_fold=47; elapsed_seconds=34.821
2026-09-30T04:23:27.804589+00:00 | START model=Random Forest; strategy=Calibrated isotonic + threshold; outer_fold=48
2026-09-30T04:24:06.877640+00:00 | FINISH model=Random Forest; strategy=Calibrated isotonic + threshold; outer_fold=48; elapsed_seconds=39.073
2026-09-30T04:24:06.878479+00:00 | START model=Random Forest; strategy=Calibrated isotonic + threshold; outer_fold=49
2026-09-30T04:24:46.603586+00:00 | FINISH model=Random Forest; strategy=Calibrated isotonic + threshold; outer_fold=49; elapsed_seconds=39.725
2026-09-30T04:24:46.604074+00:00 | CONFIG_FINISH model=Random Forest; strategy=Calibrated isotonic + threshold; elapsed_seconds=1249.232; n_iter=12; expanded_search=False
2026-09-30T04:24:46.615262+00:00 | SAVED_CONFIG model=Random Forest; strategy=Calibrated isotonic + threshold; rows=700
2026-09-30T04:24:46.615490+00:00 | CONFIG_START model=XGBoost; strategy=No handling; n_iter=12; expanded_search=False
2026-09-30T04:24:46.615773+00:00 | START model=XGBoost; strategy=No handling; outer_fold=0
2026-09-30T04:24:48.991074+00:00 | FINISH model=XGBoost; strategy=No handling; outer_fold=0; elapsed_seconds=2.375
2026-09-30T04:24:48.991596+00:00 | START model=XGBoost; strategy=No handling; outer_fold=1
2026-09-30T04:24:51.358359+00:00 | FINISH model=XGBoost; strategy=No handling; outer_fold=1; elapsed_seconds=2.367
2026-09-30T04:24:51.358838+00:00 | START model=XGBoost; strategy=No handling; outer_fold=2
2026-09-30T04:24:53.620306+00:00 | FINISH model=XGBoost; strategy=No handling; outer_fold=2; elapsed_seconds=2.262
2026-09-30T04:24:53.620578+00:00 | START model=XGBoost; strategy=No handling; outer_fold=3
2026-09-30T04:24:55.823534+00:00 | FINISH model=XGBoost; strategy=No handling; outer_fold=3; elapsed_seconds=2.203
2026-09-30T04:24:55.823999+00:00 | START model=XGBoost; strategy=No handling; outer_fold=4
2026-09-30T04:24:58.082313+00:00 | FINISH model=XGBoost; strategy=No handling; outer_fold=4; elapsed_seconds=2.258
2026-09-30T04:24:58.082653+00:00 | START model=XGBoost; strategy=No handling; outer_fold=5
2026-09-30T04:25:00.302686+00:00 | FINISH model=XGBoost; strategy=No handling; outer_fold=5; elapsed_seconds=2.220
2026-09-30T04:25:00.302955+00:00 | START model=XGBoost; strategy=No handling; outer_fold=6
2026-09-30T04:25:02.519907+00:00 | FINISH model=XGBoost; strategy=No handling; outer_fold=6; elapsed_seconds=2.217
2026-09-30T04:25:02.520494+00:00 | START model=XGBoost; strategy=No handling; outer_fold=7
2026-09-30T04:25:04.668235+00:00 | FINISH model=XGBoost; strategy=No handling; outer_fold=7; elapsed_seconds=2.148
2026-09-30T04:25:04.668678+00:00 | START model=XGBoost; strategy=No handling; outer_fold=8
2026-09-30T04:25:06.859015+00:00 | FINISH model=XGBoost; strategy=No handling; outer_fold=8; elapsed_seconds=2.190
2026-09-30T04:25:06.859294+00:00 | START model=XGBoost; strategy=No handling; outer_fold=9
2026-09-30T04:25:09.389761+00:00 | FINISH model=XGBoost; strategy=No handling; outer_fold=9; elapsed_seconds=2.530
2026-09-30T04:25:09.390535+00:00 | START model=XGBoost; strategy=No handling; outer_fold=10
2026-09-30T04:25:12.253632+00:00 | FINISH model=XGBoost; strategy=No handling; outer_fold=10; elapsed_seconds=2.863
2026-09-30T04:25:12.254140+00:00 | START model=XGBoost; strategy=No handling; outer_fold=11
2026-09-30T04:25:14.593025+00:00 | FINISH model=XGBoost; strategy=No handling; outer_fold=11; elapsed_seconds=2.339
2026-09-30T04:25:14.593303+00:00 | START model=XGBoost; strategy=No handling; outer_fold=12
2026-09-30T04:25:17.009777+00:00 | FINISH model=XGBoost; strategy=No handling; outer_fold=12; elapsed_seconds=2.416
2026-09-30T04:25:17.010936+00:00 | START model=XGBoost; strategy=No handling; outer_fold=13
2026-09-30T04:25:19.278996+00:00 | FINISH model=XGBoost; strategy=No handling; outer_fold=13; elapsed_seconds=2.268
2026-09-30T04:25:19.279238+00:00 | START model=XGBoost; strategy=No handling; outer_fold=14
2026-09-30T04:25:21.560855+00:00 | FINISH model=XGBoost; strategy=No handling; outer_fold=14; elapsed_seconds=2.282
2026-09-30T04:25:21.561205+00:00 | START model=XGBoost; strategy=No handling; outer_fold=15
2026-09-30T04:25:23.759810+00:00 | FINISH model=XGBoost; strategy=No handling; outer_fold=15; elapsed_seconds=2.199
2026-09-30T04:25:23.760074+00:00 | START model=XGBoost; strategy=No handling; outer_fold=16
2026-09-30T04:25:26.043665+00:00 | FINISH model=XGBoost; strategy=No handling; outer_fold=16; elapsed_seconds=2.283
2026-09-30T04:25:26.044132+00:00 | START model=XGBoost; strategy=No handling; outer_fold=17
2026-09-30T04:25:28.293378+00:00 | FINISH model=XGBoost; strategy=No handling; outer_fold=17; elapsed_seconds=2.249
2026-09-30T04:25:28.295081+00:00 | START model=XGBoost; strategy=No handling; outer_fold=18
2026-09-30T04:25:30.702277+00:00 | FINISH model=XGBoost; strategy=No handling; outer_fold=18; elapsed_seconds=2.407
2026-09-30T04:25:30.703739+00:00 | START model=XGBoost; strategy=No handling; outer_fold=19
2026-09-30T04:25:33.078600+00:00 | FINISH model=XGBoost; strategy=No handling; outer_fold=19; elapsed_seconds=2.375
2026-09-30T04:25:33.078936+00:00 | START model=XGBoost; strategy=No handling; outer_fold=20
2026-09-30T04:25:35.230165+00:00 | FINISH model=XGBoost; strategy=No handling; outer_fold=20; elapsed_seconds=2.151
2026-09-30T04:25:35.230447+00:00 | START model=XGBoost; strategy=No handling; outer_fold=21
2026-09-30T04:25:37.549563+00:00 | FINISH model=XGBoost; strategy=No handling; outer_fold=21; elapsed_seconds=2.319
2026-09-30T04:25:37.549865+00:00 | START model=XGBoost; strategy=No handling; outer_fold=22
2026-09-30T04:25:39.912765+00:00 | FINISH model=XGBoost; strategy=No handling; outer_fold=22; elapsed_seconds=2.363
2026-09-30T04:25:39.913099+00:00 | START model=XGBoost; strategy=No handling; outer_fold=23
2026-09-30T04:25:42.316895+00:00 | FINISH model=XGBoost; strategy=No handling; outer_fold=23; elapsed_seconds=2.404
2026-09-30T04:25:42.317254+00:00 | START model=XGBoost; strategy=No handling; outer_fold=24
2026-09-30T04:25:44.598292+00:00 | FINISH model=XGBoost; strategy=No handling; outer_fold=24; elapsed_seconds=2.281
2026-09-30T04:25:44.598663+00:00 | START model=XGBoost; strategy=No handling; outer_fold=25
2026-09-30T04:25:46.985278+00:00 | FINISH model=XGBoost; strategy=No handling; outer_fold=25; elapsed_seconds=2.386
2026-09-30T04:25:46.985909+00:00 | START model=XGBoost; strategy=No handling; outer_fold=26
2026-09-30T04:25:49.404737+00:00 | FINISH model=XGBoost; strategy=No handling; outer_fold=26; elapsed_seconds=2.419
2026-09-30T04:25:49.405247+00:00 | START model=XGBoost; strategy=No handling; outer_fold=27
2026-09-30T04:25:51.686198+00:00 | FINISH model=XGBoost; strategy=No handling; outer_fold=27; elapsed_seconds=2.281
2026-09-30T04:25:51.753145+00:00 | START model=XGBoost; strategy=No handling; outer_fold=28
2026-09-30T04:25:54.027947+00:00 | FINISH model=XGBoost; strategy=No handling; outer_fold=28; elapsed_seconds=2.275
2026-09-30T04:25:54.028356+00:00 | START model=XGBoost; strategy=No handling; outer_fold=29
2026-09-30T04:25:56.333805+00:00 | FINISH model=XGBoost; strategy=No handling; outer_fold=29; elapsed_seconds=2.305
2026-09-30T04:25:56.334091+00:00 | START model=XGBoost; strategy=No handling; outer_fold=30
2026-09-30T04:25:58.470811+00:00 | FINISH model=XGBoost; strategy=No handling; outer_fold=30; elapsed_seconds=2.137
2026-09-30T04:25:58.471050+00:00 | START model=XGBoost; strategy=No handling; outer_fold=31
2026-09-30T04:26:00.764724+00:00 | FINISH model=XGBoost; strategy=No handling; outer_fold=31; elapsed_seconds=2.294
2026-09-30T04:26:00.765061+00:00 | START model=XGBoost; strategy=No handling; outer_fold=32
2026-09-30T04:26:02.964805+00:00 | FINISH model=XGBoost; strategy=No handling; outer_fold=32; elapsed_seconds=2.200
2026-09-30T04:26:02.965095+00:00 | START model=XGBoost; strategy=No handling; outer_fold=33
2026-09-30T04:26:05.145425+00:00 | FINISH model=XGBoost; strategy=No handling; outer_fold=33; elapsed_seconds=2.180
2026-09-30T04:26:05.145710+00:00 | START model=XGBoost; strategy=No handling; outer_fold=34
2026-09-30T04:26:07.412816+00:00 | FINISH model=XGBoost; strategy=No handling; outer_fold=34; elapsed_seconds=2.267
2026-09-30T04:26:07.413105+00:00 | START model=XGBoost; strategy=No handling; outer_fold=35
2026-09-30T04:26:09.738780+00:00 | FINISH model=XGBoost; strategy=No handling; outer_fold=35; elapsed_seconds=2.326
2026-09-30T04:26:09.739606+00:00 | START model=XGBoost; strategy=No handling; outer_fold=36
2026-09-30T04:26:11.977211+00:00 | FINISH model=XGBoost; strategy=No handling; outer_fold=36; elapsed_seconds=2.238
2026-09-30T04:26:11.977688+00:00 | START model=XGBoost; strategy=No handling; outer_fold=37
2026-09-30T04:26:14.725027+00:00 | FINISH model=XGBoost; strategy=No handling; outer_fold=37; elapsed_seconds=2.747
2026-09-30T04:26:14.725376+00:00 | START model=XGBoost; strategy=No handling; outer_fold=38
2026-09-30T04:26:17.189917+00:00 | FINISH model=XGBoost; strategy=No handling; outer_fold=38; elapsed_seconds=2.464
2026-09-30T04:26:17.190183+00:00 | START model=XGBoost; strategy=No handling; outer_fold=39
2026-09-30T04:26:19.572936+00:00 | FINISH model=XGBoost; strategy=No handling; outer_fold=39; elapsed_seconds=2.383
2026-09-30T04:26:19.573192+00:00 | START model=XGBoost; strategy=No handling; outer_fold=40
2026-09-30T04:26:21.925296+00:00 | FINISH model=XGBoost; strategy=No handling; outer_fold=40; elapsed_seconds=2.352
2026-09-30T04:26:21.925689+00:00 | START model=XGBoost; strategy=No handling; outer_fold=41
2026-09-30T04:26:24.262348+00:00 | FINISH model=XGBoost; strategy=No handling; outer_fold=41; elapsed_seconds=2.337
2026-09-30T04:26:24.262616+00:00 | START model=XGBoost; strategy=No handling; outer_fold=42
2026-09-30T04:26:26.597177+00:00 | FINISH model=XGBoost; strategy=No handling; outer_fold=42; elapsed_seconds=2.335
2026-09-30T04:26:26.598198+00:00 | START model=XGBoost; strategy=No handling; outer_fold=43
2026-09-30T04:26:28.890298+00:00 | FINISH model=XGBoost; strategy=No handling; outer_fold=43; elapsed_seconds=2.292
2026-09-30T04:26:28.893147+00:00 | START model=XGBoost; strategy=No handling; outer_fold=44
2026-09-30T04:26:31.243584+00:00 | FINISH model=XGBoost; strategy=No handling; outer_fold=44; elapsed_seconds=2.350
2026-09-30T04:26:31.244796+00:00 | START model=XGBoost; strategy=No handling; outer_fold=45
2026-09-30T04:26:33.675196+00:00 | FINISH model=XGBoost; strategy=No handling; outer_fold=45; elapsed_seconds=2.430
2026-09-30T04:26:33.675545+00:00 | START model=XGBoost; strategy=No handling; outer_fold=46
2026-09-30T04:26:36.015913+00:00 | FINISH model=XGBoost; strategy=No handling; outer_fold=46; elapsed_seconds=2.340
2026-09-30T04:26:36.016157+00:00 | START model=XGBoost; strategy=No handling; outer_fold=47
2026-09-30T04:26:38.488173+00:00 | FINISH model=XGBoost; strategy=No handling; outer_fold=47; elapsed_seconds=2.472
2026-09-30T04:26:38.488429+00:00 | START model=XGBoost; strategy=No handling; outer_fold=48
2026-09-30T04:26:40.775413+00:00 | FINISH model=XGBoost; strategy=No handling; outer_fold=48; elapsed_seconds=2.287
2026-09-30T04:26:40.775719+00:00 | START model=XGBoost; strategy=No handling; outer_fold=49
2026-09-30T04:26:43.074015+00:00 | FINISH model=XGBoost; strategy=No handling; outer_fold=49; elapsed_seconds=2.298
2026-09-30T04:26:43.074455+00:00 | CONFIG_FINISH model=XGBoost; strategy=No handling; elapsed_seconds=116.459; n_iter=12; expanded_search=False
2026-09-30T04:26:43.085254+00:00 | SAVED_CONFIG model=XGBoost; strategy=No handling; rows=750
2026-09-30T04:26:43.085692+00:00 | CONFIG_START model=XGBoost; strategy=Class weight; n_iter=12; expanded_search=False
2026-09-30T04:26:43.085915+00:00 | START model=XGBoost; strategy=Class weight; outer_fold=0
2026-09-30T04:26:47.290701+00:00 | FINISH model=XGBoost; strategy=Class weight; outer_fold=0; elapsed_seconds=4.205
2026-09-30T04:26:47.290936+00:00 | START model=XGBoost; strategy=Class weight; outer_fold=1
2026-09-30T04:26:49.604089+00:00 | FINISH model=XGBoost; strategy=Class weight; outer_fold=1; elapsed_seconds=2.313
2026-09-30T04:26:49.605369+00:00 | START model=XGBoost; strategy=Class weight; outer_fold=2
2026-09-30T04:26:51.952931+00:00 | FINISH model=XGBoost; strategy=Class weight; outer_fold=2; elapsed_seconds=2.348
2026-09-30T04:26:51.953965+00:00 | START model=XGBoost; strategy=Class weight; outer_fold=3
2026-09-30T04:26:54.368182+00:00 | FINISH model=XGBoost; strategy=Class weight; outer_fold=3; elapsed_seconds=2.414
2026-09-30T04:26:54.368494+00:00 | START model=XGBoost; strategy=Class weight; outer_fold=4
2026-09-30T04:26:56.566270+00:00 | FINISH model=XGBoost; strategy=Class weight; outer_fold=4; elapsed_seconds=2.198
2026-09-30T04:26:56.566499+00:00 | START model=XGBoost; strategy=Class weight; outer_fold=5
2026-09-30T04:26:58.783304+00:00 | FINISH model=XGBoost; strategy=Class weight; outer_fold=5; elapsed_seconds=2.217
2026-09-30T04:26:58.783577+00:00 | START model=XGBoost; strategy=Class weight; outer_fold=6
2026-09-30T04:27:01.054999+00:00 | FINISH model=XGBoost; strategy=Class weight; outer_fold=6; elapsed_seconds=2.271
2026-09-30T04:27:01.055300+00:00 | START model=XGBoost; strategy=Class weight; outer_fold=7
2026-09-30T04:27:03.493809+00:00 | FINISH model=XGBoost; strategy=Class weight; outer_fold=7; elapsed_seconds=2.438
2026-09-30T04:27:03.494066+00:00 | START model=XGBoost; strategy=Class weight; outer_fold=8
2026-09-30T04:27:05.681267+00:00 | FINISH model=XGBoost; strategy=Class weight; outer_fold=8; elapsed_seconds=2.187
2026-09-30T04:27:05.681517+00:00 | START model=XGBoost; strategy=Class weight; outer_fold=9
2026-09-30T04:27:07.879165+00:00 | FINISH model=XGBoost; strategy=Class weight; outer_fold=9; elapsed_seconds=2.198
2026-09-30T04:27:07.879382+00:00 | START model=XGBoost; strategy=Class weight; outer_fold=10
2026-09-30T04:27:10.070235+00:00 | FINISH model=XGBoost; strategy=Class weight; outer_fold=10; elapsed_seconds=2.191
2026-09-30T04:27:10.071179+00:00 | START model=XGBoost; strategy=Class weight; outer_fold=11
2026-09-30T04:27:12.381087+00:00 | FINISH model=XGBoost; strategy=Class weight; outer_fold=11; elapsed_seconds=2.310
2026-09-30T04:27:12.381555+00:00 | START model=XGBoost; strategy=Class weight; outer_fold=12
2026-09-30T04:27:14.630330+00:00 | FINISH model=XGBoost; strategy=Class weight; outer_fold=12; elapsed_seconds=2.249
2026-09-30T04:27:14.630597+00:00 | START model=XGBoost; strategy=Class weight; outer_fold=13
2026-09-30T04:27:17.030951+00:00 | FINISH model=XGBoost; strategy=Class weight; outer_fold=13; elapsed_seconds=2.400
2026-09-30T04:27:17.031214+00:00 | START model=XGBoost; strategy=Class weight; outer_fold=14
2026-09-30T04:27:19.380657+00:00 | FINISH model=XGBoost; strategy=Class weight; outer_fold=14; elapsed_seconds=2.349
2026-09-30T04:27:19.381069+00:00 | START model=XGBoost; strategy=Class weight; outer_fold=15
2026-09-30T04:27:22.723100+00:00 | FINISH model=XGBoost; strategy=Class weight; outer_fold=15; elapsed_seconds=3.342
2026-09-30T04:27:22.723365+00:00 | START model=XGBoost; strategy=Class weight; outer_fold=16
2026-09-30T04:27:25.793628+00:00 | FINISH model=XGBoost; strategy=Class weight; outer_fold=16; elapsed_seconds=3.070
2026-09-30T04:27:25.793941+00:00 | START model=XGBoost; strategy=Class weight; outer_fold=17
2026-09-30T04:27:28.576858+00:00 | FINISH model=XGBoost; strategy=Class weight; outer_fold=17; elapsed_seconds=2.783
2026-09-30T04:27:28.578177+00:00 | START model=XGBoost; strategy=Class weight; outer_fold=18
2026-09-30T04:27:31.195710+00:00 | FINISH model=XGBoost; strategy=Class weight; outer_fold=18; elapsed_seconds=2.618
2026-09-30T04:27:31.196300+00:00 | START model=XGBoost; strategy=Class weight; outer_fold=19
2026-09-30T04:27:33.835221+00:00 | FINISH model=XGBoost; strategy=Class weight; outer_fold=19; elapsed_seconds=2.639
2026-09-30T04:27:33.835543+00:00 | START model=XGBoost; strategy=Class weight; outer_fold=20
2026-09-30T04:27:36.210750+00:00 | FINISH model=XGBoost; strategy=Class weight; outer_fold=20; elapsed_seconds=2.375
2026-09-30T04:27:36.211083+00:00 | START model=XGBoost; strategy=Class weight; outer_fold=21
2026-09-30T06:34:47.883129+00:00 | RUN_START quick_run=False; n_iter=12; expanded_search=False; output=C:\Users\asus\OneDrive\Desktop\Research\Project\results
2026-09-30T06:34:48.594866+00:00 | CONFIG_START model=Logistic Regression; strategy=No handling; n_iter=12; expanded_search=False
2026-09-30T06:34:48.601844+00:00 | SKIP model=Logistic Regression; strategy=No handling; outer_fold=0; checkpoint=unit_00_00_000.joblib
2026-09-30T06:34:48.630903+00:00 | SKIP model=Logistic Regression; strategy=No handling; outer_fold=1; checkpoint=unit_00_00_001.joblib
2026-09-30T06:34:48.667924+00:00 | SKIP model=Logistic Regression; strategy=No handling; outer_fold=2; checkpoint=unit_00_00_002.joblib
2026-09-30T06:34:48.705845+00:00 | SKIP model=Logistic Regression; strategy=No handling; outer_fold=3; checkpoint=unit_00_00_003.joblib
2026-09-30T06:34:48.714776+00:00 | SKIP model=Logistic Regression; strategy=No handling; outer_fold=4; checkpoint=unit_00_00_004.joblib
2026-09-30T06:34:48.720436+00:00 | SKIP model=Logistic Regression; strategy=No handling; outer_fold=5; checkpoint=unit_00_00_005.joblib
2026-09-30T06:34:48.725736+00:00 | SKIP model=Logistic Regression; strategy=No handling; outer_fold=6; checkpoint=unit_00_00_006.joblib
2026-09-30T06:34:48.749980+00:00 | SKIP model=Logistic Regression; strategy=No handling; outer_fold=7; checkpoint=unit_00_00_007.joblib
2026-09-30T06:34:48.761001+00:00 | SKIP model=Logistic Regression; strategy=No handling; outer_fold=8; checkpoint=unit_00_00_008.joblib
2026-09-30T06:34:48.769542+00:00 | SKIP model=Logistic Regression; strategy=No handling; outer_fold=9; checkpoint=unit_00_00_009.joblib
2026-09-30T06:34:48.776648+00:00 | SKIP model=Logistic Regression; strategy=No handling; outer_fold=10; checkpoint=unit_00_00_010.joblib
2026-09-30T06:34:48.785047+00:00 | SKIP model=Logistic Regression; strategy=No handling; outer_fold=11; checkpoint=unit_00_00_011.joblib
2026-09-30T06:34:48.808357+00:00 | SKIP model=Logistic Regression; strategy=No handling; outer_fold=12; checkpoint=unit_00_00_012.joblib
2026-09-30T06:34:48.822110+00:00 | SKIP model=Logistic Regression; strategy=No handling; outer_fold=13; checkpoint=unit_00_00_013.joblib
2026-09-30T06:34:48.846984+00:00 | SKIP model=Logistic Regression; strategy=No handling; outer_fold=14; checkpoint=unit_00_00_014.joblib
2026-09-30T06:34:48.858714+00:00 | SKIP model=Logistic Regression; strategy=No handling; outer_fold=15; checkpoint=unit_00_00_015.joblib
2026-09-30T06:34:48.867718+00:00 | SKIP model=Logistic Regression; strategy=No handling; outer_fold=16; checkpoint=unit_00_00_016.joblib
2026-09-30T06:34:48.896611+00:00 | SKIP model=Logistic Regression; strategy=No handling; outer_fold=17; checkpoint=unit_00_00_017.joblib
2026-09-30T06:34:48.919342+00:00 | SKIP model=Logistic Regression; strategy=No handling; outer_fold=18; checkpoint=unit_00_00_018.joblib
2026-09-30T06:34:48.938107+00:00 | SKIP model=Logistic Regression; strategy=No handling; outer_fold=19; checkpoint=unit_00_00_019.joblib
2026-09-30T06:34:48.944442+00:00 | SKIP model=Logistic Regression; strategy=No handling; outer_fold=20; checkpoint=unit_00_00_020.joblib
2026-09-30T06:34:48.950077+00:00 | SKIP model=Logistic Regression; strategy=No handling; outer_fold=21; checkpoint=unit_00_00_021.joblib
2026-09-30T06:34:48.972493+00:00 | SKIP model=Logistic Regression; strategy=No handling; outer_fold=22; checkpoint=unit_00_00_022.joblib
2026-09-30T06:34:48.977552+00:00 | SKIP model=Logistic Regression; strategy=No handling; outer_fold=23; checkpoint=unit_00_00_023.joblib
2026-09-30T06:34:48.997747+00:00 | SKIP model=Logistic Regression; strategy=No handling; outer_fold=24; checkpoint=unit_00_00_024.joblib
2026-09-30T06:34:49.004963+00:00 | SKIP model=Logistic Regression; strategy=No handling; outer_fold=25; checkpoint=unit_00_00_025.joblib
2026-09-30T06:34:49.030930+00:00 | SKIP model=Logistic Regression; strategy=No handling; outer_fold=26; checkpoint=unit_00_00_026.joblib
2026-09-30T06:34:49.051983+00:00 | SKIP model=Logistic Regression; strategy=No handling; outer_fold=27; checkpoint=unit_00_00_027.joblib
2026-09-30T06:34:49.073888+00:00 | SKIP model=Logistic Regression; strategy=No handling; outer_fold=28; checkpoint=unit_00_00_028.joblib
2026-09-30T06:34:49.097566+00:00 | SKIP model=Logistic Regression; strategy=No handling; outer_fold=29; checkpoint=unit_00_00_029.joblib
2026-09-30T06:34:49.120823+00:00 | SKIP model=Logistic Regression; strategy=No handling; outer_fold=30; checkpoint=unit_00_00_030.joblib
2026-09-30T06:34:49.133766+00:00 | SKIP model=Logistic Regression; strategy=No handling; outer_fold=31; checkpoint=unit_00_00_031.joblib
2026-09-30T06:34:49.140711+00:00 | SKIP model=Logistic Regression; strategy=No handling; outer_fold=32; checkpoint=unit_00_00_032.joblib
2026-09-30T06:34:49.146333+00:00 | SKIP model=Logistic Regression; strategy=No handling; outer_fold=33; checkpoint=unit_00_00_033.joblib
2026-09-30T06:34:49.151119+00:00 | SKIP model=Logistic Regression; strategy=No handling; outer_fold=34; checkpoint=unit_00_00_034.joblib
2026-09-30T06:34:49.155874+00:00 | SKIP model=Logistic Regression; strategy=No handling; outer_fold=35; checkpoint=unit_00_00_035.joblib
2026-09-30T06:34:49.161651+00:00 | SKIP model=Logistic Regression; strategy=No handling; outer_fold=36; checkpoint=unit_00_00_036.joblib
2026-09-30T06:34:49.166565+00:00 | SKIP model=Logistic Regression; strategy=No handling; outer_fold=37; checkpoint=unit_00_00_037.joblib
2026-09-30T06:34:49.174139+00:00 | SKIP model=Logistic Regression; strategy=No handling; outer_fold=38; checkpoint=unit_00_00_038.joblib
2026-09-30T06:34:49.179828+00:00 | SKIP model=Logistic Regression; strategy=No handling; outer_fold=39; checkpoint=unit_00_00_039.joblib
2026-09-30T06:34:49.185448+00:00 | SKIP model=Logistic Regression; strategy=No handling; outer_fold=40; checkpoint=unit_00_00_040.joblib
2026-09-30T06:34:49.190619+00:00 | SKIP model=Logistic Regression; strategy=No handling; outer_fold=41; checkpoint=unit_00_00_041.joblib
2026-09-30T06:34:49.197846+00:00 | SKIP model=Logistic Regression; strategy=No handling; outer_fold=42; checkpoint=unit_00_00_042.joblib
2026-09-30T06:34:49.202419+00:00 | SKIP model=Logistic Regression; strategy=No handling; outer_fold=43; checkpoint=unit_00_00_043.joblib
2026-09-30T06:34:49.221502+00:00 | SKIP model=Logistic Regression; strategy=No handling; outer_fold=44; checkpoint=unit_00_00_044.joblib
2026-09-30T06:34:49.228305+00:00 | SKIP model=Logistic Regression; strategy=No handling; outer_fold=45; checkpoint=unit_00_00_045.joblib
2026-09-30T06:34:49.234024+00:00 | SKIP model=Logistic Regression; strategy=No handling; outer_fold=46; checkpoint=unit_00_00_046.joblib
2026-09-30T06:34:49.253512+00:00 | SKIP model=Logistic Regression; strategy=No handling; outer_fold=47; checkpoint=unit_00_00_047.joblib
2026-09-30T06:34:49.263886+00:00 | SKIP model=Logistic Regression; strategy=No handling; outer_fold=48; checkpoint=unit_00_00_048.joblib
2026-09-30T06:34:49.269984+00:00 | SKIP model=Logistic Regression; strategy=No handling; outer_fold=49; checkpoint=unit_00_00_049.joblib
2026-09-30T06:34:49.270319+00:00 | CONFIG_FINISH model=Logistic Regression; strategy=No handling; elapsed_seconds=0.676; n_iter=12; expanded_search=False
2026-09-30T06:34:49.276628+00:00 | SAVED_CONFIG model=Logistic Regression; strategy=No handling; rows=50
2026-09-30T06:34:49.276931+00:00 | CONFIG_START model=Logistic Regression; strategy=Class weight; n_iter=12; expanded_search=False
2026-09-30T06:34:49.287372+00:00 | SKIP model=Logistic Regression; strategy=Class weight; outer_fold=0; checkpoint=unit_00_01_000.joblib
2026-09-30T06:34:49.293773+00:00 | SKIP model=Logistic Regression; strategy=Class weight; outer_fold=1; checkpoint=unit_00_01_001.joblib
2026-09-30T06:34:49.316095+00:00 | SKIP model=Logistic Regression; strategy=Class weight; outer_fold=2; checkpoint=unit_00_01_002.joblib
2026-09-30T06:34:49.323540+00:00 | SKIP model=Logistic Regression; strategy=Class weight; outer_fold=3; checkpoint=unit_00_01_003.joblib
2026-09-30T06:34:49.330378+00:00 | SKIP model=Logistic Regression; strategy=Class weight; outer_fold=4; checkpoint=unit_00_01_004.joblib
2026-09-30T06:34:49.355552+00:00 | SKIP model=Logistic Regression; strategy=Class weight; outer_fold=5; checkpoint=unit_00_01_005.joblib
2026-09-30T06:34:49.362727+00:00 | SKIP model=Logistic Regression; strategy=Class weight; outer_fold=6; checkpoint=unit_00_01_006.joblib
2026-09-30T06:34:49.389841+00:00 | SKIP model=Logistic Regression; strategy=Class weight; outer_fold=7; checkpoint=unit_00_01_007.joblib
2026-09-30T06:34:49.397408+00:00 | SKIP model=Logistic Regression; strategy=Class weight; outer_fold=8; checkpoint=unit_00_01_008.joblib
2026-09-30T06:34:49.404858+00:00 | SKIP model=Logistic Regression; strategy=Class weight; outer_fold=9; checkpoint=unit_00_01_009.joblib
2026-09-30T06:34:49.426869+00:00 | SKIP model=Logistic Regression; strategy=Class weight; outer_fold=10; checkpoint=unit_00_01_010.joblib
2026-09-30T06:34:49.435169+00:00 | SKIP model=Logistic Regression; strategy=Class weight; outer_fold=11; checkpoint=unit_00_01_011.joblib
2026-09-30T06:34:49.441402+00:00 | SKIP model=Logistic Regression; strategy=Class weight; outer_fold=12; checkpoint=unit_00_01_012.joblib
2026-09-30T06:34:49.448181+00:00 | SKIP model=Logistic Regression; strategy=Class weight; outer_fold=13; checkpoint=unit_00_01_013.joblib
2026-09-30T06:34:49.453966+00:00 | SKIP model=Logistic Regression; strategy=Class weight; outer_fold=14; checkpoint=unit_00_01_014.joblib
2026-09-30T06:34:49.459203+00:00 | SKIP model=Logistic Regression; strategy=Class weight; outer_fold=15; checkpoint=unit_00_01_015.joblib
2026-09-30T06:34:49.484157+00:00 | SKIP model=Logistic Regression; strategy=Class weight; outer_fold=16; checkpoint=unit_00_01_016.joblib
2026-09-30T06:34:49.507332+00:00 | SKIP model=Logistic Regression; strategy=Class weight; outer_fold=17; checkpoint=unit_00_01_017.joblib
2026-09-30T06:34:49.513365+00:00 | SKIP model=Logistic Regression; strategy=Class weight; outer_fold=18; checkpoint=unit_00_01_018.joblib
2026-09-30T06:34:49.518372+00:00 | SKIP model=Logistic Regression; strategy=Class weight; outer_fold=19; checkpoint=unit_00_01_019.joblib
2026-09-30T06:34:49.523741+00:00 | SKIP model=Logistic Regression; strategy=Class weight; outer_fold=20; checkpoint=unit_00_01_020.joblib
2026-09-30T06:34:49.530190+00:00 | SKIP model=Logistic Regression; strategy=Class weight; outer_fold=21; checkpoint=unit_00_01_021.joblib
2026-09-30T06:34:49.552061+00:00 | SKIP model=Logistic Regression; strategy=Class weight; outer_fold=22; checkpoint=unit_00_01_022.joblib
2026-09-30T06:34:49.571779+00:00 | SKIP model=Logistic Regression; strategy=Class weight; outer_fold=23; checkpoint=unit_00_01_023.joblib
2026-09-30T06:34:49.578521+00:00 | SKIP model=Logistic Regression; strategy=Class weight; outer_fold=24; checkpoint=unit_00_01_024.joblib
2026-09-30T06:34:49.598259+00:00 | SKIP model=Logistic Regression; strategy=Class weight; outer_fold=25; checkpoint=unit_00_01_025.joblib
2026-09-30T06:34:49.618372+00:00 | SKIP model=Logistic Regression; strategy=Class weight; outer_fold=26; checkpoint=unit_00_01_026.joblib
2026-09-30T06:34:49.626915+00:00 | SKIP model=Logistic Regression; strategy=Class weight; outer_fold=27; checkpoint=unit_00_01_027.joblib
2026-09-30T06:34:49.632660+00:00 | SKIP model=Logistic Regression; strategy=Class weight; outer_fold=28; checkpoint=unit_00_01_028.joblib
2026-09-30T06:34:49.638044+00:00 | SKIP model=Logistic Regression; strategy=Class weight; outer_fold=29; checkpoint=unit_00_01_029.joblib
2026-09-30T06:34:49.643560+00:00 | SKIP model=Logistic Regression; strategy=Class weight; outer_fold=30; checkpoint=unit_00_01_030.joblib
2026-09-30T06:34:49.649244+00:00 | SKIP model=Logistic Regression; strategy=Class weight; outer_fold=31; checkpoint=unit_00_01_031.joblib
2026-09-30T06:34:49.653970+00:00 | SKIP model=Logistic Regression; strategy=Class weight; outer_fold=32; checkpoint=unit_00_01_032.joblib
2026-09-30T06:34:49.677072+00:00 | SKIP model=Logistic Regression; strategy=Class weight; outer_fold=33; checkpoint=unit_00_01_033.joblib
2026-09-30T06:34:49.704607+00:00 | SKIP model=Logistic Regression; strategy=Class weight; outer_fold=34; checkpoint=unit_00_01_034.joblib
2026-09-30T06:34:49.727590+00:00 | SKIP model=Logistic Regression; strategy=Class weight; outer_fold=35; checkpoint=unit_00_01_035.joblib
2026-09-30T06:34:49.734831+00:00 | SKIP model=Logistic Regression; strategy=Class weight; outer_fold=36; checkpoint=unit_00_01_036.joblib
2026-09-30T06:34:49.741770+00:00 | SKIP model=Logistic Regression; strategy=Class weight; outer_fold=37; checkpoint=unit_00_01_037.joblib
2026-09-30T06:34:49.768032+00:00 | SKIP model=Logistic Regression; strategy=Class weight; outer_fold=38; checkpoint=unit_00_01_038.joblib
2026-09-30T06:34:49.799151+00:00 | SKIP model=Logistic Regression; strategy=Class weight; outer_fold=39; checkpoint=unit_00_01_039.joblib
2026-09-30T06:34:49.809456+00:00 | SKIP model=Logistic Regression; strategy=Class weight; outer_fold=40; checkpoint=unit_00_01_040.joblib
2026-09-30T06:34:49.815472+00:00 | SKIP model=Logistic Regression; strategy=Class weight; outer_fold=41; checkpoint=unit_00_01_041.joblib
2026-09-30T06:34:49.834951+00:00 | SKIP model=Logistic Regression; strategy=Class weight; outer_fold=42; checkpoint=unit_00_01_042.joblib
2026-09-30T06:34:49.844567+00:00 | SKIP model=Logistic Regression; strategy=Class weight; outer_fold=43; checkpoint=unit_00_01_043.joblib
2026-09-30T06:34:49.864581+00:00 | SKIP model=Logistic Regression; strategy=Class weight; outer_fold=44; checkpoint=unit_00_01_044.joblib
2026-09-30T06:34:49.875565+00:00 | SKIP model=Logistic Regression; strategy=Class weight; outer_fold=45; checkpoint=unit_00_01_045.joblib
2026-09-30T06:34:49.880851+00:00 | SKIP model=Logistic Regression; strategy=Class weight; outer_fold=46; checkpoint=unit_00_01_046.joblib
2026-09-30T06:34:49.886292+00:00 | SKIP model=Logistic Regression; strategy=Class weight; outer_fold=47; checkpoint=unit_00_01_047.joblib
2026-09-30T06:34:49.891243+00:00 | SKIP model=Logistic Regression; strategy=Class weight; outer_fold=48; checkpoint=unit_00_01_048.joblib
2026-09-30T06:34:49.895832+00:00 | SKIP model=Logistic Regression; strategy=Class weight; outer_fold=49; checkpoint=unit_00_01_049.joblib
2026-09-30T06:34:49.896586+00:00 | CONFIG_FINISH model=Logistic Regression; strategy=Class weight; elapsed_seconds=0.620; n_iter=12; expanded_search=False
2026-09-30T06:34:49.900800+00:00 | SAVED_CONFIG model=Logistic Regression; strategy=Class weight; rows=100
2026-09-30T06:34:49.901475+00:00 | CONFIG_START model=Logistic Regression; strategy=SMOTE-NC; n_iter=12; expanded_search=False
2026-09-30T06:34:49.907485+00:00 | SKIP model=Logistic Regression; strategy=SMOTE-NC; outer_fold=0; checkpoint=unit_00_02_000.joblib
2026-09-30T06:34:49.913901+00:00 | SKIP model=Logistic Regression; strategy=SMOTE-NC; outer_fold=1; checkpoint=unit_00_02_001.joblib
2026-09-30T06:34:49.921651+00:00 | SKIP model=Logistic Regression; strategy=SMOTE-NC; outer_fold=2; checkpoint=unit_00_02_002.joblib
2026-09-30T06:34:49.927399+00:00 | SKIP model=Logistic Regression; strategy=SMOTE-NC; outer_fold=3; checkpoint=unit_00_02_003.joblib
2026-09-30T06:34:49.932492+00:00 | SKIP model=Logistic Regression; strategy=SMOTE-NC; outer_fold=4; checkpoint=unit_00_02_004.joblib
2026-09-30T06:34:49.951546+00:00 | SKIP model=Logistic Regression; strategy=SMOTE-NC; outer_fold=5; checkpoint=unit_00_02_005.joblib
2026-09-30T06:34:49.958119+00:00 | SKIP model=Logistic Regression; strategy=SMOTE-NC; outer_fold=6; checkpoint=unit_00_02_006.joblib
2026-09-30T06:34:49.964306+00:00 | SKIP model=Logistic Regression; strategy=SMOTE-NC; outer_fold=7; checkpoint=unit_00_02_007.joblib
2026-09-30T06:34:49.984198+00:00 | SKIP model=Logistic Regression; strategy=SMOTE-NC; outer_fold=8; checkpoint=unit_00_02_008.joblib
2026-09-30T06:34:49.990334+00:00 | SKIP model=Logistic Regression; strategy=SMOTE-NC; outer_fold=9; checkpoint=unit_00_02_009.joblib
2026-09-30T06:34:49.995210+00:00 | SKIP model=Logistic Regression; strategy=SMOTE-NC; outer_fold=10; checkpoint=unit_00_02_010.joblib
2026-09-30T06:34:50.017185+00:00 | SKIP model=Logistic Regression; strategy=SMOTE-NC; outer_fold=11; checkpoint=unit_00_02_011.joblib
2026-09-30T06:34:50.023123+00:00 | SKIP model=Logistic Regression; strategy=SMOTE-NC; outer_fold=12; checkpoint=unit_00_02_012.joblib
2026-09-30T06:34:50.040249+00:00 | SKIP model=Logistic Regression; strategy=SMOTE-NC; outer_fold=13; checkpoint=unit_00_02_013.joblib
2026-09-30T06:34:50.061163+00:00 | SKIP model=Logistic Regression; strategy=SMOTE-NC; outer_fold=14; checkpoint=unit_00_02_014.joblib
2026-09-30T06:34:50.066079+00:00 | SKIP model=Logistic Regression; strategy=SMOTE-NC; outer_fold=15; checkpoint=unit_00_02_015.joblib
2026-09-30T06:34:50.071638+00:00 | SKIP model=Logistic Regression; strategy=SMOTE-NC; outer_fold=16; checkpoint=unit_00_02_016.joblib
2026-09-30T06:34:50.077056+00:00 | SKIP model=Logistic Regression; strategy=SMOTE-NC; outer_fold=17; checkpoint=unit_00_02_017.joblib
2026-09-30T06:34:50.082353+00:00 | SKIP model=Logistic Regression; strategy=SMOTE-NC; outer_fold=18; checkpoint=unit_00_02_018.joblib
2026-09-30T06:34:50.088438+00:00 | SKIP model=Logistic Regression; strategy=SMOTE-NC; outer_fold=19; checkpoint=unit_00_02_019.joblib
2026-09-30T06:34:50.095916+00:00 | SKIP model=Logistic Regression; strategy=SMOTE-NC; outer_fold=20; checkpoint=unit_00_02_020.joblib
2026-09-30T06:34:50.101332+00:00 | SKIP model=Logistic Regression; strategy=SMOTE-NC; outer_fold=21; checkpoint=unit_00_02_021.joblib
2026-09-30T06:34:50.106169+00:00 | SKIP model=Logistic Regression; strategy=SMOTE-NC; outer_fold=22; checkpoint=unit_00_02_022.joblib
2026-09-30T06:34:50.111911+00:00 | SKIP model=Logistic Regression; strategy=SMOTE-NC; outer_fold=23; checkpoint=unit_00_02_023.joblib
2026-09-30T06:34:50.117627+00:00 | SKIP model=Logistic Regression; strategy=SMOTE-NC; outer_fold=24; checkpoint=unit_00_02_024.joblib
2026-09-30T06:34:50.122306+00:00 | SKIP model=Logistic Regression; strategy=SMOTE-NC; outer_fold=25; checkpoint=unit_00_02_025.joblib
2026-09-30T06:34:50.127616+00:00 | SKIP model=Logistic Regression; strategy=SMOTE-NC; outer_fold=26; checkpoint=unit_00_02_026.joblib
2026-09-30T06:34:50.132276+00:00 | SKIP model=Logistic Regression; strategy=SMOTE-NC; outer_fold=27; checkpoint=unit_00_02_027.joblib
2026-09-30T06:34:50.151367+00:00 | SKIP model=Logistic Regression; strategy=SMOTE-NC; outer_fold=28; checkpoint=unit_00_02_028.joblib
2026-09-30T06:34:50.180354+00:00 | SKIP model=Logistic Regression; strategy=SMOTE-NC; outer_fold=29; checkpoint=unit_00_02_029.joblib
2026-09-30T06:34:50.195975+00:00 | SKIP model=Logistic Regression; strategy=SMOTE-NC; outer_fold=30; checkpoint=unit_00_02_030.joblib
2026-09-30T06:34:50.203710+00:00 | SKIP model=Logistic Regression; strategy=SMOTE-NC; outer_fold=31; checkpoint=unit_00_02_031.joblib
2026-09-30T06:34:50.224068+00:00 | SKIP model=Logistic Regression; strategy=SMOTE-NC; outer_fold=32; checkpoint=unit_00_02_032.joblib
2026-09-30T06:34:50.247523+00:00 | SKIP model=Logistic Regression; strategy=SMOTE-NC; outer_fold=33; checkpoint=unit_00_02_033.joblib
2026-09-30T06:34:50.275690+00:00 | SKIP model=Logistic Regression; strategy=SMOTE-NC; outer_fold=34; checkpoint=unit_00_02_034.joblib
2026-09-30T06:34:50.299984+00:00 | SKIP model=Logistic Regression; strategy=SMOTE-NC; outer_fold=35; checkpoint=unit_00_02_035.joblib
2026-09-30T06:34:50.319541+00:00 | SKIP model=Logistic Regression; strategy=SMOTE-NC; outer_fold=36; checkpoint=unit_00_02_036.joblib
2026-09-30T06:34:50.343763+00:00 | SKIP model=Logistic Regression; strategy=SMOTE-NC; outer_fold=37; checkpoint=unit_00_02_037.joblib
2026-09-30T06:34:50.354622+00:00 | SKIP model=Logistic Regression; strategy=SMOTE-NC; outer_fold=38; checkpoint=unit_00_02_038.joblib
2026-09-30T06:34:50.375701+00:00 | SKIP model=Logistic Regression; strategy=SMOTE-NC; outer_fold=39; checkpoint=unit_00_02_039.joblib
2026-09-30T06:34:50.385009+00:00 | SKIP model=Logistic Regression; strategy=SMOTE-NC; outer_fold=40; checkpoint=unit_00_02_040.joblib
2026-09-30T06:34:50.394982+00:00 | SKIP model=Logistic Regression; strategy=SMOTE-NC; outer_fold=41; checkpoint=unit_00_02_041.joblib
2026-09-30T06:34:50.421942+00:00 | SKIP model=Logistic Regression; strategy=SMOTE-NC; outer_fold=42; checkpoint=unit_00_02_042.joblib
2026-09-30T06:34:50.428453+00:00 | SKIP model=Logistic Regression; strategy=SMOTE-NC; outer_fold=43; checkpoint=unit_00_02_043.joblib
2026-09-30T06:34:50.436041+00:00 | SKIP model=Logistic Regression; strategy=SMOTE-NC; outer_fold=44; checkpoint=unit_00_02_044.joblib
2026-09-30T06:34:50.443552+00:00 | SKIP model=Logistic Regression; strategy=SMOTE-NC; outer_fold=45; checkpoint=unit_00_02_045.joblib
2026-09-30T06:34:50.451996+00:00 | SKIP model=Logistic Regression; strategy=SMOTE-NC; outer_fold=46; checkpoint=unit_00_02_046.joblib
2026-09-30T06:34:50.459296+00:00 | SKIP model=Logistic Regression; strategy=SMOTE-NC; outer_fold=47; checkpoint=unit_00_02_047.joblib
2026-09-30T06:34:50.466013+00:00 | SKIP model=Logistic Regression; strategy=SMOTE-NC; outer_fold=48; checkpoint=unit_00_02_048.joblib
2026-09-30T06:34:50.487516+00:00 | SKIP model=Logistic Regression; strategy=SMOTE-NC; outer_fold=49; checkpoint=unit_00_02_049.joblib
2026-09-30T06:34:50.488268+00:00 | CONFIG_FINISH model=Logistic Regression; strategy=SMOTE-NC; elapsed_seconds=0.587; n_iter=12; expanded_search=False
2026-09-30T06:34:50.493563+00:00 | SAVED_CONFIG model=Logistic Regression; strategy=SMOTE-NC; rows=150
2026-09-30T06:34:50.493922+00:00 | CONFIG_START model=Logistic Regression; strategy=Random undersampling; n_iter=12; expanded_search=False
2026-09-30T06:34:50.505199+00:00 | SKIP model=Logistic Regression; strategy=Random undersampling; outer_fold=0; checkpoint=unit_00_03_000.joblib
2026-09-30T06:34:50.523274+00:00 | SKIP model=Logistic Regression; strategy=Random undersampling; outer_fold=1; checkpoint=unit_00_03_001.joblib
2026-09-30T06:34:50.531087+00:00 | SKIP model=Logistic Regression; strategy=Random undersampling; outer_fold=2; checkpoint=unit_00_03_002.joblib
2026-09-30T06:34:50.536643+00:00 | SKIP model=Logistic Regression; strategy=Random undersampling; outer_fold=3; checkpoint=unit_00_03_003.joblib
2026-09-30T06:34:50.558486+00:00 | SKIP model=Logistic Regression; strategy=Random undersampling; outer_fold=4; checkpoint=unit_00_03_004.joblib
2026-09-30T06:34:50.580739+00:00 | SKIP model=Logistic Regression; strategy=Random undersampling; outer_fold=5; checkpoint=unit_00_03_005.joblib
2026-09-30T06:34:50.600890+00:00 | SKIP model=Logistic Regression; strategy=Random undersampling; outer_fold=6; checkpoint=unit_00_03_006.joblib
2026-09-30T06:34:50.622773+00:00 | SKIP model=Logistic Regression; strategy=Random undersampling; outer_fold=7; checkpoint=unit_00_03_007.joblib
2026-09-30T06:34:50.640234+00:00 | SKIP model=Logistic Regression; strategy=Random undersampling; outer_fold=8; checkpoint=unit_00_03_008.joblib
2026-09-30T06:34:50.647298+00:00 | SKIP model=Logistic Regression; strategy=Random undersampling; outer_fold=9; checkpoint=unit_00_03_009.joblib
2026-09-30T06:34:50.654079+00:00 | SKIP model=Logistic Regression; strategy=Random undersampling; outer_fold=10; checkpoint=unit_00_03_010.joblib
2026-09-30T06:34:50.660084+00:00 | SKIP model=Logistic Regression; strategy=Random undersampling; outer_fold=11; checkpoint=unit_00_03_011.joblib
2026-09-30T06:34:50.666683+00:00 | SKIP model=Logistic Regression; strategy=Random undersampling; outer_fold=12; checkpoint=unit_00_03_012.joblib
2026-09-30T06:34:50.694835+00:00 | SKIP model=Logistic Regression; strategy=Random undersampling; outer_fold=13; checkpoint=unit_00_03_013.joblib
2026-09-30T06:34:50.710079+00:00 | SKIP model=Logistic Regression; strategy=Random undersampling; outer_fold=14; checkpoint=unit_00_03_014.joblib
2026-09-30T06:34:50.721587+00:00 | SKIP model=Logistic Regression; strategy=Random undersampling; outer_fold=15; checkpoint=unit_00_03_015.joblib
2026-09-30T06:34:50.731205+00:00 | SKIP model=Logistic Regression; strategy=Random undersampling; outer_fold=16; checkpoint=unit_00_03_016.joblib
2026-09-30T06:34:50.755934+00:00 | SKIP model=Logistic Regression; strategy=Random undersampling; outer_fold=17; checkpoint=unit_00_03_017.joblib
2026-09-30T06:34:50.765835+00:00 | SKIP model=Logistic Regression; strategy=Random undersampling; outer_fold=18; checkpoint=unit_00_03_018.joblib
2026-09-30T06:34:50.773790+00:00 | SKIP model=Logistic Regression; strategy=Random undersampling; outer_fold=19; checkpoint=unit_00_03_019.joblib
2026-09-30T06:34:50.782436+00:00 | SKIP model=Logistic Regression; strategy=Random undersampling; outer_fold=20; checkpoint=unit_00_03_020.joblib
2026-09-30T06:34:50.789018+00:00 | SKIP model=Logistic Regression; strategy=Random undersampling; outer_fold=21; checkpoint=unit_00_03_021.joblib
2026-09-30T06:34:50.797774+00:00 | SKIP model=Logistic Regression; strategy=Random undersampling; outer_fold=22; checkpoint=unit_00_03_022.joblib
2026-09-30T06:34:50.822333+00:00 | SKIP model=Logistic Regression; strategy=Random undersampling; outer_fold=23; checkpoint=unit_00_03_023.joblib
2026-09-30T06:34:50.829216+00:00 | SKIP model=Logistic Regression; strategy=Random undersampling; outer_fold=24; checkpoint=unit_00_03_024.joblib
2026-09-30T06:34:50.836734+00:00 | SKIP model=Logistic Regression; strategy=Random undersampling; outer_fold=25; checkpoint=unit_00_03_025.joblib
2026-09-30T06:34:50.843657+00:00 | SKIP model=Logistic Regression; strategy=Random undersampling; outer_fold=26; checkpoint=unit_00_03_026.joblib
2026-09-30T06:34:50.851061+00:00 | SKIP model=Logistic Regression; strategy=Random undersampling; outer_fold=27; checkpoint=unit_00_03_027.joblib
2026-09-30T06:34:50.859506+00:00 | SKIP model=Logistic Regression; strategy=Random undersampling; outer_fold=28; checkpoint=unit_00_03_028.joblib
2026-09-30T06:34:50.867732+00:00 | SKIP model=Logistic Regression; strategy=Random undersampling; outer_fold=29; checkpoint=unit_00_03_029.joblib
2026-09-30T06:34:50.874045+00:00 | SKIP model=Logistic Regression; strategy=Random undersampling; outer_fold=30; checkpoint=unit_00_03_030.joblib
2026-09-30T06:34:50.900839+00:00 | SKIP model=Logistic Regression; strategy=Random undersampling; outer_fold=31; checkpoint=unit_00_03_031.joblib
2026-09-30T06:34:50.925735+00:00 | SKIP model=Logistic Regression; strategy=Random undersampling; outer_fold=32; checkpoint=unit_00_03_032.joblib
2026-09-30T06:34:50.948175+00:00 | SKIP model=Logistic Regression; strategy=Random undersampling; outer_fold=33; checkpoint=unit_00_03_033.joblib
2026-09-30T06:34:50.974359+00:00 | SKIP model=Logistic Regression; strategy=Random undersampling; outer_fold=34; checkpoint=unit_00_03_034.joblib
2026-09-30T06:34:50.997733+00:00 | SKIP model=Logistic Regression; strategy=Random undersampling; outer_fold=35; checkpoint=unit_00_03_035.joblib
2026-09-30T06:34:51.003511+00:00 | SKIP model=Logistic Regression; strategy=Random undersampling; outer_fold=36; checkpoint=unit_00_03_036.joblib
2026-09-30T06:34:51.009864+00:00 | SKIP model=Logistic Regression; strategy=Random undersampling; outer_fold=37; checkpoint=unit_00_03_037.joblib
2026-09-30T06:34:51.016649+00:00 | SKIP model=Logistic Regression; strategy=Random undersampling; outer_fold=38; checkpoint=unit_00_03_038.joblib
2026-09-30T06:34:51.023324+00:00 | SKIP model=Logistic Regression; strategy=Random undersampling; outer_fold=39; checkpoint=unit_00_03_039.joblib
2026-09-30T06:34:51.030549+00:00 | SKIP model=Logistic Regression; strategy=Random undersampling; outer_fold=40; checkpoint=unit_00_03_040.joblib
2026-09-30T06:34:51.035460+00:00 | SKIP model=Logistic Regression; strategy=Random undersampling; outer_fold=41; checkpoint=unit_00_03_041.joblib
2026-09-30T06:34:51.055616+00:00 | SKIP model=Logistic Regression; strategy=Random undersampling; outer_fold=42; checkpoint=unit_00_03_042.joblib
2026-09-30T06:34:51.061083+00:00 | SKIP model=Logistic Regression; strategy=Random undersampling; outer_fold=43; checkpoint=unit_00_03_043.joblib
2026-09-30T06:34:51.066045+00:00 | SKIP model=Logistic Regression; strategy=Random undersampling; outer_fold=44; checkpoint=unit_00_03_044.joblib
2026-09-30T06:34:51.071580+00:00 | SKIP model=Logistic Regression; strategy=Random undersampling; outer_fold=45; checkpoint=unit_00_03_045.joblib
2026-09-30T06:34:51.088542+00:00 | SKIP model=Logistic Regression; strategy=Random undersampling; outer_fold=46; checkpoint=unit_00_03_046.joblib
2026-09-30T06:34:51.094275+00:00 | SKIP model=Logistic Regression; strategy=Random undersampling; outer_fold=47; checkpoint=unit_00_03_047.joblib
2026-09-30T06:34:51.120122+00:00 | SKIP model=Logistic Regression; strategy=Random undersampling; outer_fold=48; checkpoint=unit_00_03_048.joblib
2026-09-30T06:34:51.125351+00:00 | SKIP model=Logistic Regression; strategy=Random undersampling; outer_fold=49; checkpoint=unit_00_03_049.joblib
2026-09-30T06:34:51.125623+00:00 | CONFIG_FINISH model=Logistic Regression; strategy=Random undersampling; elapsed_seconds=0.632; n_iter=12; expanded_search=False
2026-09-30T06:34:51.131986+00:00 | SAVED_CONFIG model=Logistic Regression; strategy=Random undersampling; rows=200
2026-09-30T06:34:51.132403+00:00 | CONFIG_START model=Logistic Regression; strategy=Threshold tuning; n_iter=12; expanded_search=False
2026-09-30T06:34:51.137701+00:00 | SKIP model=Logistic Regression; strategy=Threshold tuning; outer_fold=0; checkpoint=unit_00_04_000.joblib
2026-09-30T06:34:51.142974+00:00 | SKIP model=Logistic Regression; strategy=Threshold tuning; outer_fold=1; checkpoint=unit_00_04_001.joblib
2026-09-30T06:34:51.148876+00:00 | SKIP model=Logistic Regression; strategy=Threshold tuning; outer_fold=2; checkpoint=unit_00_04_002.joblib
2026-09-30T06:34:51.172249+00:00 | SKIP model=Logistic Regression; strategy=Threshold tuning; outer_fold=3; checkpoint=unit_00_04_003.joblib
2026-09-30T06:34:51.192489+00:00 | SKIP model=Logistic Regression; strategy=Threshold tuning; outer_fold=4; checkpoint=unit_00_04_004.joblib
2026-09-30T06:34:51.202082+00:00 | SKIP model=Logistic Regression; strategy=Threshold tuning; outer_fold=5; checkpoint=unit_00_04_005.joblib
2026-09-30T06:34:51.228452+00:00 | SKIP model=Logistic Regression; strategy=Threshold tuning; outer_fold=6; checkpoint=unit_00_04_006.joblib
2026-09-30T06:34:51.242044+00:00 | SKIP model=Logistic Regression; strategy=Threshold tuning; outer_fold=7; checkpoint=unit_00_04_007.joblib
2026-09-30T06:34:51.267207+00:00 | SKIP model=Logistic Regression; strategy=Threshold tuning; outer_fold=8; checkpoint=unit_00_04_008.joblib
2026-09-30T06:34:51.292324+00:00 | SKIP model=Logistic Regression; strategy=Threshold tuning; outer_fold=9; checkpoint=unit_00_04_009.joblib
2026-09-30T06:34:51.317598+00:00 | SKIP model=Logistic Regression; strategy=Threshold tuning; outer_fold=10; checkpoint=unit_00_04_010.joblib
2026-09-30T06:34:51.342268+00:00 | SKIP model=Logistic Regression; strategy=Threshold tuning; outer_fold=11; checkpoint=unit_00_04_011.joblib
2026-09-30T06:34:51.364968+00:00 | SKIP model=Logistic Regression; strategy=Threshold tuning; outer_fold=12; checkpoint=unit_00_04_012.joblib
2026-09-30T06:34:51.391110+00:00 | SKIP model=Logistic Regression; strategy=Threshold tuning; outer_fold=13; checkpoint=unit_00_04_013.joblib
2026-09-30T06:34:51.412352+00:00 | SKIP model=Logistic Regression; strategy=Threshold tuning; outer_fold=14; checkpoint=unit_00_04_014.joblib
2026-09-30T06:34:51.435154+00:00 | SKIP model=Logistic Regression; strategy=Threshold tuning; outer_fold=15; checkpoint=unit_00_04_015.joblib
2026-09-30T06:34:51.459439+00:00 | SKIP model=Logistic Regression; strategy=Threshold tuning; outer_fold=16; checkpoint=unit_00_04_016.joblib
2026-09-30T06:34:51.487326+00:00 | SKIP model=Logistic Regression; strategy=Threshold tuning; outer_fold=17; checkpoint=unit_00_04_017.joblib
2026-09-30T06:34:51.507505+00:00 | SKIP model=Logistic Regression; strategy=Threshold tuning; outer_fold=18; checkpoint=unit_00_04_018.joblib
2026-09-30T06:34:51.518323+00:00 | SKIP model=Logistic Regression; strategy=Threshold tuning; outer_fold=19; checkpoint=unit_00_04_019.joblib
2026-09-30T06:34:51.535780+00:00 | SKIP model=Logistic Regression; strategy=Threshold tuning; outer_fold=20; checkpoint=unit_00_04_020.joblib
2026-09-30T06:34:51.541223+00:00 | SKIP model=Logistic Regression; strategy=Threshold tuning; outer_fold=21; checkpoint=unit_00_04_021.joblib
2026-09-30T06:34:51.560906+00:00 | SKIP model=Logistic Regression; strategy=Threshold tuning; outer_fold=22; checkpoint=unit_00_04_022.joblib
2026-09-30T06:34:51.581562+00:00 | SKIP model=Logistic Regression; strategy=Threshold tuning; outer_fold=23; checkpoint=unit_00_04_023.joblib
2026-09-30T06:34:51.586994+00:00 | SKIP model=Logistic Regression; strategy=Threshold tuning; outer_fold=24; checkpoint=unit_00_04_024.joblib
2026-09-30T06:34:51.591655+00:00 | SKIP model=Logistic Regression; strategy=Threshold tuning; outer_fold=25; checkpoint=unit_00_04_025.joblib
2026-09-30T06:34:51.608478+00:00 | SKIP model=Logistic Regression; strategy=Threshold tuning; outer_fold=26; checkpoint=unit_00_04_026.joblib
2026-09-30T06:34:51.628514+00:00 | SKIP model=Logistic Regression; strategy=Threshold tuning; outer_fold=27; checkpoint=unit_00_04_027.joblib
2026-09-30T06:34:51.645642+00:00 | SKIP model=Logistic Regression; strategy=Threshold tuning; outer_fold=28; checkpoint=unit_00_04_028.joblib
2026-09-30T06:34:51.663203+00:00 | SKIP model=Logistic Regression; strategy=Threshold tuning; outer_fold=29; checkpoint=unit_00_04_029.joblib
2026-09-30T06:34:51.668751+00:00 | SKIP model=Logistic Regression; strategy=Threshold tuning; outer_fold=30; checkpoint=unit_00_04_030.joblib
2026-09-30T06:34:51.673291+00:00 | SKIP model=Logistic Regression; strategy=Threshold tuning; outer_fold=31; checkpoint=unit_00_04_031.joblib
2026-09-30T06:34:51.679141+00:00 | SKIP model=Logistic Regression; strategy=Threshold tuning; outer_fold=32; checkpoint=unit_00_04_032.joblib
2026-09-30T06:34:51.704337+00:00 | SKIP model=Logistic Regression; strategy=Threshold tuning; outer_fold=33; checkpoint=unit_00_04_033.joblib
2026-09-30T06:34:51.713427+00:00 | SKIP model=Logistic Regression; strategy=Threshold tuning; outer_fold=34; checkpoint=unit_00_04_034.joblib
2026-09-30T06:34:51.734270+00:00 | SKIP model=Logistic Regression; strategy=Threshold tuning; outer_fold=35; checkpoint=unit_00_04_035.joblib
2026-09-30T06:34:51.746835+00:00 | SKIP model=Logistic Regression; strategy=Threshold tuning; outer_fold=36; checkpoint=unit_00_04_036.joblib
2026-09-30T06:34:51.757318+00:00 | SKIP model=Logistic Regression; strategy=Threshold tuning; outer_fold=37; checkpoint=unit_00_04_037.joblib
2026-09-30T06:34:51.765362+00:00 | SKIP model=Logistic Regression; strategy=Threshold tuning; outer_fold=38; checkpoint=unit_00_04_038.joblib
2026-09-30T06:34:51.771369+00:00 | SKIP model=Logistic Regression; strategy=Threshold tuning; outer_fold=39; checkpoint=unit_00_04_039.joblib
2026-09-30T06:34:51.775656+00:00 | SKIP model=Logistic Regression; strategy=Threshold tuning; outer_fold=40; checkpoint=unit_00_04_040.joblib
2026-09-30T06:34:51.795012+00:00 | SKIP model=Logistic Regression; strategy=Threshold tuning; outer_fold=41; checkpoint=unit_00_04_041.joblib
2026-09-30T06:34:51.822010+00:00 | SKIP model=Logistic Regression; strategy=Threshold tuning; outer_fold=42; checkpoint=unit_00_04_042.joblib
2026-09-30T06:34:51.843004+00:00 | SKIP model=Logistic Regression; strategy=Threshold tuning; outer_fold=43; checkpoint=unit_00_04_043.joblib
2026-09-30T06:34:51.867643+00:00 | SKIP model=Logistic Regression; strategy=Threshold tuning; outer_fold=44; checkpoint=unit_00_04_044.joblib
2026-09-30T06:34:51.891159+00:00 | SKIP model=Logistic Regression; strategy=Threshold tuning; outer_fold=45; checkpoint=unit_00_04_045.joblib
2026-09-30T06:34:51.915817+00:00 | SKIP model=Logistic Regression; strategy=Threshold tuning; outer_fold=46; checkpoint=unit_00_04_046.joblib
2026-09-30T06:34:51.928167+00:00 | SKIP model=Logistic Regression; strategy=Threshold tuning; outer_fold=47; checkpoint=unit_00_04_047.joblib
2026-09-30T06:34:51.951525+00:00 | SKIP model=Logistic Regression; strategy=Threshold tuning; outer_fold=48; checkpoint=unit_00_04_048.joblib
2026-09-30T06:34:51.975271+00:00 | SKIP model=Logistic Regression; strategy=Threshold tuning; outer_fold=49; checkpoint=unit_00_04_049.joblib
2026-09-30T06:34:51.976208+00:00 | CONFIG_FINISH model=Logistic Regression; strategy=Threshold tuning; elapsed_seconds=0.844; n_iter=12; expanded_search=False
2026-09-30T06:34:51.983648+00:00 | SAVED_CONFIG model=Logistic Regression; strategy=Threshold tuning; rows=250
2026-09-30T06:34:51.984369+00:00 | CONFIG_START model=Logistic Regression; strategy=Calibrated sigmoid + threshold; n_iter=12; expanded_search=False
2026-09-30T06:34:51.991457+00:00 | SKIP model=Logistic Regression; strategy=Calibrated sigmoid + threshold; outer_fold=0; checkpoint=unit_00_05_000.joblib
2026-09-30T06:34:51.998098+00:00 | SKIP model=Logistic Regression; strategy=Calibrated sigmoid + threshold; outer_fold=1; checkpoint=unit_00_05_001.joblib
2026-09-30T06:34:52.002821+00:00 | SKIP model=Logistic Regression; strategy=Calibrated sigmoid + threshold; outer_fold=2; checkpoint=unit_00_05_002.joblib
2026-09-30T06:34:52.007516+00:00 | SKIP model=Logistic Regression; strategy=Calibrated sigmoid + threshold; outer_fold=3; checkpoint=unit_00_05_003.joblib
2026-09-30T06:34:52.014705+00:00 | SKIP model=Logistic Regression; strategy=Calibrated sigmoid + threshold; outer_fold=4; checkpoint=unit_00_05_004.joblib
2026-09-30T06:34:52.050163+00:00 | SKIP model=Logistic Regression; strategy=Calibrated sigmoid + threshold; outer_fold=5; checkpoint=unit_00_05_005.joblib
2026-09-30T06:34:52.079434+00:00 | SKIP model=Logistic Regression; strategy=Calibrated sigmoid + threshold; outer_fold=6; checkpoint=unit_00_05_006.joblib
2026-09-30T06:34:52.101126+00:00 | SKIP model=Logistic Regression; strategy=Calibrated sigmoid + threshold; outer_fold=7; checkpoint=unit_00_05_007.joblib
2026-09-30T06:34:52.118392+00:00 | SKIP model=Logistic Regression; strategy=Calibrated sigmoid + threshold; outer_fold=8; checkpoint=unit_00_05_008.joblib
2026-09-30T06:34:52.124821+00:00 | SKIP model=Logistic Regression; strategy=Calibrated sigmoid + threshold; outer_fold=9; checkpoint=unit_00_05_009.joblib
2026-09-30T06:34:52.131089+00:00 | SKIP model=Logistic Regression; strategy=Calibrated sigmoid + threshold; outer_fold=10; checkpoint=unit_00_05_010.joblib
2026-09-30T06:34:52.135998+00:00 | SKIP model=Logistic Regression; strategy=Calibrated sigmoid + threshold; outer_fold=11; checkpoint=unit_00_05_011.joblib
2026-09-30T06:34:52.140690+00:00 | SKIP model=Logistic Regression; strategy=Calibrated sigmoid + threshold; outer_fold=12; checkpoint=unit_00_05_012.joblib
2026-09-30T06:34:52.145587+00:00 | SKIP model=Logistic Regression; strategy=Calibrated sigmoid + threshold; outer_fold=13; checkpoint=unit_00_05_013.joblib
2026-09-30T06:34:52.152904+00:00 | SKIP model=Logistic Regression; strategy=Calibrated sigmoid + threshold; outer_fold=14; checkpoint=unit_00_05_014.joblib
2026-09-30T06:34:52.173011+00:00 | SKIP model=Logistic Regression; strategy=Calibrated sigmoid + threshold; outer_fold=15; checkpoint=unit_00_05_015.joblib
2026-09-30T06:34:52.177968+00:00 | SKIP model=Logistic Regression; strategy=Calibrated sigmoid + threshold; outer_fold=16; checkpoint=unit_00_05_016.joblib
2026-09-30T06:34:52.194558+00:00 | SKIP model=Logistic Regression; strategy=Calibrated sigmoid + threshold; outer_fold=17; checkpoint=unit_00_05_017.joblib
2026-09-30T06:34:52.217431+00:00 | SKIP model=Logistic Regression; strategy=Calibrated sigmoid + threshold; outer_fold=18; checkpoint=unit_00_05_018.joblib
2026-09-30T06:34:52.223949+00:00 | SKIP model=Logistic Regression; strategy=Calibrated sigmoid + threshold; outer_fold=19; checkpoint=unit_00_05_019.joblib
2026-09-30T06:34:52.229804+00:00 | SKIP model=Logistic Regression; strategy=Calibrated sigmoid + threshold; outer_fold=20; checkpoint=unit_00_05_020.joblib
2026-09-30T06:34:52.234626+00:00 | SKIP model=Logistic Regression; strategy=Calibrated sigmoid + threshold; outer_fold=21; checkpoint=unit_00_05_021.joblib
2026-09-30T06:34:52.239597+00:00 | SKIP model=Logistic Regression; strategy=Calibrated sigmoid + threshold; outer_fold=22; checkpoint=unit_00_05_022.joblib
2026-09-30T06:34:52.244700+00:00 | SKIP model=Logistic Regression; strategy=Calibrated sigmoid + threshold; outer_fold=23; checkpoint=unit_00_05_023.joblib
2026-09-30T06:34:52.249591+00:00 | SKIP model=Logistic Regression; strategy=Calibrated sigmoid + threshold; outer_fold=24; checkpoint=unit_00_05_024.joblib
2026-09-30T06:34:52.254265+00:00 | SKIP model=Logistic Regression; strategy=Calibrated sigmoid + threshold; outer_fold=25; checkpoint=unit_00_05_025.joblib
2026-09-30T06:34:52.274099+00:00 | SKIP model=Logistic Regression; strategy=Calibrated sigmoid + threshold; outer_fold=26; checkpoint=unit_00_05_026.joblib
2026-09-30T06:34:52.283160+00:00 | SKIP model=Logistic Regression; strategy=Calibrated sigmoid + threshold; outer_fold=27; checkpoint=unit_00_05_027.joblib
2026-09-30T06:34:52.290740+00:00 | SKIP model=Logistic Regression; strategy=Calibrated sigmoid + threshold; outer_fold=28; checkpoint=unit_00_05_028.joblib
2026-09-30T06:34:52.295972+00:00 | SKIP model=Logistic Regression; strategy=Calibrated sigmoid + threshold; outer_fold=29; checkpoint=unit_00_05_029.joblib
2026-09-30T06:34:52.320121+00:00 | SKIP model=Logistic Regression; strategy=Calibrated sigmoid + threshold; outer_fold=30; checkpoint=unit_00_05_030.joblib
2026-09-30T06:34:52.340638+00:00 | SKIP model=Logistic Regression; strategy=Calibrated sigmoid + threshold; outer_fold=31; checkpoint=unit_00_05_031.joblib
2026-09-30T06:34:52.364368+00:00 | SKIP model=Logistic Regression; strategy=Calibrated sigmoid + threshold; outer_fold=32; checkpoint=unit_00_05_032.joblib
2026-09-30T06:34:52.387458+00:00 | SKIP model=Logistic Regression; strategy=Calibrated sigmoid + threshold; outer_fold=33; checkpoint=unit_00_05_033.joblib
2026-09-30T06:34:52.413292+00:00 | SKIP model=Logistic Regression; strategy=Calibrated sigmoid + threshold; outer_fold=34; checkpoint=unit_00_05_034.joblib
2026-09-30T06:34:52.440797+00:00 | SKIP model=Logistic Regression; strategy=Calibrated sigmoid + threshold; outer_fold=35; checkpoint=unit_00_05_035.joblib
2026-09-30T06:34:52.466600+00:00 | SKIP model=Logistic Regression; strategy=Calibrated sigmoid + threshold; outer_fold=36; checkpoint=unit_00_05_036.joblib
2026-09-30T06:34:52.495845+00:00 | SKIP model=Logistic Regression; strategy=Calibrated sigmoid + threshold; outer_fold=37; checkpoint=unit_00_05_037.joblib
2026-09-30T06:34:52.517982+00:00 | SKIP model=Logistic Regression; strategy=Calibrated sigmoid + threshold; outer_fold=38; checkpoint=unit_00_05_038.joblib
2026-09-30T06:34:52.542285+00:00 | SKIP model=Logistic Regression; strategy=Calibrated sigmoid + threshold; outer_fold=39; checkpoint=unit_00_05_039.joblib
2026-09-30T06:34:52.567143+00:00 | SKIP model=Logistic Regression; strategy=Calibrated sigmoid + threshold; outer_fold=40; checkpoint=unit_00_05_040.joblib
2026-09-30T06:34:52.572733+00:00 | SKIP model=Logistic Regression; strategy=Calibrated sigmoid + threshold; outer_fold=41; checkpoint=unit_00_05_041.joblib
2026-09-30T06:34:52.589194+00:00 | SKIP model=Logistic Regression; strategy=Calibrated sigmoid + threshold; outer_fold=42; checkpoint=unit_00_05_042.joblib
2026-09-30T06:34:52.610581+00:00 | SKIP model=Logistic Regression; strategy=Calibrated sigmoid + threshold; outer_fold=43; checkpoint=unit_00_05_043.joblib
2026-09-30T06:34:52.633309+00:00 | SKIP model=Logistic Regression; strategy=Calibrated sigmoid + threshold; outer_fold=44; checkpoint=unit_00_05_044.joblib
2026-09-30T06:34:52.657093+00:00 | SKIP model=Logistic Regression; strategy=Calibrated sigmoid + threshold; outer_fold=45; checkpoint=unit_00_05_045.joblib
2026-09-30T06:34:52.679406+00:00 | SKIP model=Logistic Regression; strategy=Calibrated sigmoid + threshold; outer_fold=46; checkpoint=unit_00_05_046.joblib
2026-09-30T06:34:52.708256+00:00 | SKIP model=Logistic Regression; strategy=Calibrated sigmoid + threshold; outer_fold=47; checkpoint=unit_00_05_047.joblib
2026-09-30T06:34:52.731086+00:00 | SKIP model=Logistic Regression; strategy=Calibrated sigmoid + threshold; outer_fold=48; checkpoint=unit_00_05_048.joblib
2026-09-30T06:34:52.755076+00:00 | SKIP model=Logistic Regression; strategy=Calibrated sigmoid + threshold; outer_fold=49; checkpoint=unit_00_05_049.joblib
2026-09-30T06:34:52.755803+00:00 | CONFIG_FINISH model=Logistic Regression; strategy=Calibrated sigmoid + threshold; elapsed_seconds=0.771; n_iter=12; expanded_search=False
2026-09-30T06:34:52.766255+00:00 | SAVED_CONFIG model=Logistic Regression; strategy=Calibrated sigmoid + threshold; rows=300
2026-09-30T06:34:52.766686+00:00 | CONFIG_START model=Logistic Regression; strategy=Calibrated isotonic + threshold; n_iter=12; expanded_search=False
2026-09-30T06:34:52.772999+00:00 | SKIP model=Logistic Regression; strategy=Calibrated isotonic + threshold; outer_fold=0; checkpoint=unit_00_06_000.joblib
2026-09-30T06:34:52.779520+00:00 | SKIP model=Logistic Regression; strategy=Calibrated isotonic + threshold; outer_fold=1; checkpoint=unit_00_06_001.joblib
2026-09-30T06:34:52.784660+00:00 | SKIP model=Logistic Regression; strategy=Calibrated isotonic + threshold; outer_fold=2; checkpoint=unit_00_06_002.joblib
2026-09-30T06:34:52.788962+00:00 | SKIP model=Logistic Regression; strategy=Calibrated isotonic + threshold; outer_fold=3; checkpoint=unit_00_06_003.joblib
2026-09-30T06:34:52.812099+00:00 | SKIP model=Logistic Regression; strategy=Calibrated isotonic + threshold; outer_fold=4; checkpoint=unit_00_06_004.joblib
2026-09-30T06:34:52.819017+00:00 | SKIP model=Logistic Regression; strategy=Calibrated isotonic + threshold; outer_fold=5; checkpoint=unit_00_06_005.joblib
2026-09-30T06:34:52.825404+00:00 | SKIP model=Logistic Regression; strategy=Calibrated isotonic + threshold; outer_fold=6; checkpoint=unit_00_06_006.joblib
2026-09-30T06:34:52.845436+00:00 | SKIP model=Logistic Regression; strategy=Calibrated isotonic + threshold; outer_fold=7; checkpoint=unit_00_06_007.joblib
2026-09-30T06:34:52.868763+00:00 | SKIP model=Logistic Regression; strategy=Calibrated isotonic + threshold; outer_fold=8; checkpoint=unit_00_06_008.joblib
2026-09-30T06:34:52.891402+00:00 | SKIP model=Logistic Regression; strategy=Calibrated isotonic + threshold; outer_fold=9; checkpoint=unit_00_06_009.joblib
2026-09-30T06:34:52.919997+00:00 | SKIP model=Logistic Regression; strategy=Calibrated isotonic + threshold; outer_fold=10; checkpoint=unit_00_06_010.joblib
2026-09-30T06:34:52.947034+00:00 | SKIP model=Logistic Regression; strategy=Calibrated isotonic + threshold; outer_fold=11; checkpoint=unit_00_06_011.joblib
2026-09-30T06:34:52.957395+00:00 | SKIP model=Logistic Regression; strategy=Calibrated isotonic + threshold; outer_fold=12; checkpoint=unit_00_06_012.joblib
2026-09-30T06:34:52.964583+00:00 | SKIP model=Logistic Regression; strategy=Calibrated isotonic + threshold; outer_fold=13; checkpoint=unit_00_06_013.joblib
2026-09-30T06:34:52.969963+00:00 | SKIP model=Logistic Regression; strategy=Calibrated isotonic + threshold; outer_fold=14; checkpoint=unit_00_06_014.joblib
2026-09-30T06:34:52.974994+00:00 | SKIP model=Logistic Regression; strategy=Calibrated isotonic + threshold; outer_fold=15; checkpoint=unit_00_06_015.joblib
2026-09-30T06:34:52.995377+00:00 | SKIP model=Logistic Regression; strategy=Calibrated isotonic + threshold; outer_fold=16; checkpoint=unit_00_06_016.joblib
2026-09-30T06:34:53.001336+00:00 | SKIP model=Logistic Regression; strategy=Calibrated isotonic + threshold; outer_fold=17; checkpoint=unit_00_06_017.joblib
2026-09-30T06:34:53.005735+00:00 | SKIP model=Logistic Regression; strategy=Calibrated isotonic + threshold; outer_fold=18; checkpoint=unit_00_06_018.joblib
2026-09-30T06:34:53.029270+00:00 | SKIP model=Logistic Regression; strategy=Calibrated isotonic + threshold; outer_fold=19; checkpoint=unit_00_06_019.joblib
2026-09-30T06:34:53.059164+00:00 | SKIP model=Logistic Regression; strategy=Calibrated isotonic + threshold; outer_fold=20; checkpoint=unit_00_06_020.joblib
2026-09-30T06:34:53.071111+00:00 | SKIP model=Logistic Regression; strategy=Calibrated isotonic + threshold; outer_fold=21; checkpoint=unit_00_06_021.joblib
2026-09-30T06:34:53.091825+00:00 | SKIP model=Logistic Regression; strategy=Calibrated isotonic + threshold; outer_fold=22; checkpoint=unit_00_06_022.joblib
2026-09-30T06:34:53.112929+00:00 | SKIP model=Logistic Regression; strategy=Calibrated isotonic + threshold; outer_fold=23; checkpoint=unit_00_06_023.joblib
2026-09-30T06:34:53.117842+00:00 | SKIP model=Logistic Regression; strategy=Calibrated isotonic + threshold; outer_fold=24; checkpoint=unit_00_06_024.joblib
2026-09-30T06:34:53.123622+00:00 | SKIP model=Logistic Regression; strategy=Calibrated isotonic + threshold; outer_fold=25; checkpoint=unit_00_06_025.joblib
2026-09-30T06:34:53.130186+00:00 | SKIP model=Logistic Regression; strategy=Calibrated isotonic + threshold; outer_fold=26; checkpoint=unit_00_06_026.joblib
2026-09-30T06:34:53.135535+00:00 | SKIP model=Logistic Regression; strategy=Calibrated isotonic + threshold; outer_fold=27; checkpoint=unit_00_06_027.joblib
2026-09-30T06:34:53.140253+00:00 | SKIP model=Logistic Regression; strategy=Calibrated isotonic + threshold; outer_fold=28; checkpoint=unit_00_06_028.joblib
2026-09-30T06:34:53.164175+00:00 | SKIP model=Logistic Regression; strategy=Calibrated isotonic + threshold; outer_fold=29; checkpoint=unit_00_06_029.joblib
2026-09-30T06:34:53.170346+00:00 | SKIP model=Logistic Regression; strategy=Calibrated isotonic + threshold; outer_fold=30; checkpoint=unit_00_06_030.joblib
2026-09-30T06:34:53.175381+00:00 | SKIP model=Logistic Regression; strategy=Calibrated isotonic + threshold; outer_fold=31; checkpoint=unit_00_06_031.joblib
2026-09-30T06:34:53.181660+00:00 | SKIP model=Logistic Regression; strategy=Calibrated isotonic + threshold; outer_fold=32; checkpoint=unit_00_06_032.joblib
2026-09-30T06:34:53.186799+00:00 | SKIP model=Logistic Regression; strategy=Calibrated isotonic + threshold; outer_fold=33; checkpoint=unit_00_06_033.joblib
2026-09-30T06:34:53.191515+00:00 | SKIP model=Logistic Regression; strategy=Calibrated isotonic + threshold; outer_fold=34; checkpoint=unit_00_06_034.joblib
2026-09-30T06:34:53.196502+00:00 | SKIP model=Logistic Regression; strategy=Calibrated isotonic + threshold; outer_fold=35; checkpoint=unit_00_06_035.joblib
2026-09-30T06:34:53.215312+00:00 | SKIP model=Logistic Regression; strategy=Calibrated isotonic + threshold; outer_fold=36; checkpoint=unit_00_06_036.joblib
2026-09-30T06:34:53.222210+00:00 | SKIP model=Logistic Regression; strategy=Calibrated isotonic + threshold; outer_fold=37; checkpoint=unit_00_06_037.joblib
2026-09-30T06:34:53.227173+00:00 | SKIP model=Logistic Regression; strategy=Calibrated isotonic + threshold; outer_fold=38; checkpoint=unit_00_06_038.joblib
2026-09-30T06:34:53.248957+00:00 | SKIP model=Logistic Regression; strategy=Calibrated isotonic + threshold; outer_fold=39; checkpoint=unit_00_06_039.joblib
2026-09-30T06:34:53.268861+00:00 | SKIP model=Logistic Regression; strategy=Calibrated isotonic + threshold; outer_fold=40; checkpoint=unit_00_06_040.joblib
2026-09-30T06:34:53.277777+00:00 | SKIP model=Logistic Regression; strategy=Calibrated isotonic + threshold; outer_fold=41; checkpoint=unit_00_06_041.joblib
2026-09-30T06:34:53.283252+00:00 | SKIP model=Logistic Regression; strategy=Calibrated isotonic + threshold; outer_fold=42; checkpoint=unit_00_06_042.joblib
2026-09-30T06:34:53.302842+00:00 | SKIP model=Logistic Regression; strategy=Calibrated isotonic + threshold; outer_fold=43; checkpoint=unit_00_06_043.joblib
2026-09-30T06:34:53.334807+00:00 | SKIP model=Logistic Regression; strategy=Calibrated isotonic + threshold; outer_fold=44; checkpoint=unit_00_06_044.joblib
2026-09-30T06:34:53.351009+00:00 | SKIP model=Logistic Regression; strategy=Calibrated isotonic + threshold; outer_fold=45; checkpoint=unit_00_06_045.joblib
2026-09-30T06:34:53.360328+00:00 | SKIP model=Logistic Regression; strategy=Calibrated isotonic + threshold; outer_fold=46; checkpoint=unit_00_06_046.joblib
2026-09-30T06:34:53.379985+00:00 | SKIP model=Logistic Regression; strategy=Calibrated isotonic + threshold; outer_fold=47; checkpoint=unit_00_06_047.joblib
2026-09-30T06:34:53.401935+00:00 | SKIP model=Logistic Regression; strategy=Calibrated isotonic + threshold; outer_fold=48; checkpoint=unit_00_06_048.joblib
2026-09-30T06:34:53.430287+00:00 | SKIP model=Logistic Regression; strategy=Calibrated isotonic + threshold; outer_fold=49; checkpoint=unit_00_06_049.joblib
2026-09-30T06:34:53.431455+00:00 | CONFIG_FINISH model=Logistic Regression; strategy=Calibrated isotonic + threshold; elapsed_seconds=0.665; n_iter=12; expanded_search=False
2026-09-30T06:34:53.439147+00:00 | SAVED_CONFIG model=Logistic Regression; strategy=Calibrated isotonic + threshold; rows=350
2026-09-30T06:34:53.439382+00:00 | CONFIG_START model=Random Forest; strategy=No handling; n_iter=12; expanded_search=False
2026-09-30T06:34:53.448914+00:00 | SKIP model=Random Forest; strategy=No handling; outer_fold=0; checkpoint=unit_01_00_000.joblib
2026-09-30T06:34:53.468725+00:00 | SKIP model=Random Forest; strategy=No handling; outer_fold=1; checkpoint=unit_01_00_001.joblib
2026-09-30T06:34:53.474913+00:00 | SKIP model=Random Forest; strategy=No handling; outer_fold=2; checkpoint=unit_01_00_002.joblib
2026-09-30T06:34:53.480191+00:00 | SKIP model=Random Forest; strategy=No handling; outer_fold=3; checkpoint=unit_01_00_003.joblib
2026-09-30T06:34:53.486370+00:00 | SKIP model=Random Forest; strategy=No handling; outer_fold=4; checkpoint=unit_01_00_004.joblib
2026-09-30T06:34:53.491940+00:00 | SKIP model=Random Forest; strategy=No handling; outer_fold=5; checkpoint=unit_01_00_005.joblib
2026-09-30T06:34:53.498111+00:00 | SKIP model=Random Forest; strategy=No handling; outer_fold=6; checkpoint=unit_01_00_006.joblib
2026-09-30T06:34:53.516654+00:00 | SKIP model=Random Forest; strategy=No handling; outer_fold=7; checkpoint=unit_01_00_007.joblib
2026-09-30T06:34:53.522221+00:00 | SKIP model=Random Forest; strategy=No handling; outer_fold=8; checkpoint=unit_01_00_008.joblib
2026-09-30T06:34:53.528353+00:00 | SKIP model=Random Forest; strategy=No handling; outer_fold=9; checkpoint=unit_01_00_009.joblib
2026-09-30T06:34:53.534299+00:00 | SKIP model=Random Forest; strategy=No handling; outer_fold=10; checkpoint=unit_01_00_010.joblib
2026-09-30T06:34:53.539434+00:00 | SKIP model=Random Forest; strategy=No handling; outer_fold=11; checkpoint=unit_01_00_011.joblib
2026-09-30T06:34:53.544471+00:00 | SKIP model=Random Forest; strategy=No handling; outer_fold=12; checkpoint=unit_01_00_012.joblib
2026-09-30T06:34:53.549558+00:00 | SKIP model=Random Forest; strategy=No handling; outer_fold=13; checkpoint=unit_01_00_013.joblib
2026-09-30T06:34:53.554291+00:00 | SKIP model=Random Forest; strategy=No handling; outer_fold=14; checkpoint=unit_01_00_014.joblib
2026-09-30T06:34:53.574675+00:00 | SKIP model=Random Forest; strategy=No handling; outer_fold=15; checkpoint=unit_01_00_015.joblib
2026-09-30T06:34:53.596976+00:00 | SKIP model=Random Forest; strategy=No handling; outer_fold=16; checkpoint=unit_01_00_016.joblib
2026-09-30T06:34:53.605220+00:00 | SKIP model=Random Forest; strategy=No handling; outer_fold=17; checkpoint=unit_01_00_017.joblib
2026-09-30T06:34:53.614048+00:00 | SKIP model=Random Forest; strategy=No handling; outer_fold=18; checkpoint=unit_01_00_018.joblib
2026-09-30T06:34:53.631103+00:00 | SKIP model=Random Forest; strategy=No handling; outer_fold=19; checkpoint=unit_01_00_019.joblib
2026-09-30T06:34:53.650685+00:00 | SKIP model=Random Forest; strategy=No handling; outer_fold=20; checkpoint=unit_01_00_020.joblib
2026-09-30T06:34:53.658838+00:00 | SKIP model=Random Forest; strategy=No handling; outer_fold=21; checkpoint=unit_01_00_021.joblib
2026-09-30T06:34:53.665289+00:00 | SKIP model=Random Forest; strategy=No handling; outer_fold=22; checkpoint=unit_01_00_022.joblib
2026-09-30T06:34:53.670407+00:00 | SKIP model=Random Forest; strategy=No handling; outer_fold=23; checkpoint=unit_01_00_023.joblib
2026-09-30T06:34:53.695274+00:00 | SKIP model=Random Forest; strategy=No handling; outer_fold=24; checkpoint=unit_01_00_024.joblib
2026-09-30T06:34:53.701747+00:00 | SKIP model=Random Forest; strategy=No handling; outer_fold=25; checkpoint=unit_01_00_025.joblib
2026-09-30T06:34:53.707052+00:00 | SKIP model=Random Forest; strategy=No handling; outer_fold=26; checkpoint=unit_01_00_026.joblib
2026-09-30T06:34:53.723756+00:00 | SKIP model=Random Forest; strategy=No handling; outer_fold=27; checkpoint=unit_01_00_027.joblib
2026-09-30T06:34:53.745858+00:00 | SKIP model=Random Forest; strategy=No handling; outer_fold=28; checkpoint=unit_01_00_028.joblib
2026-09-30T06:34:53.753228+00:00 | SKIP model=Random Forest; strategy=No handling; outer_fold=29; checkpoint=unit_01_00_029.joblib
2026-09-30T06:34:53.758782+00:00 | SKIP model=Random Forest; strategy=No handling; outer_fold=30; checkpoint=unit_01_00_030.joblib
2026-09-30T06:34:53.764672+00:00 | SKIP model=Random Forest; strategy=No handling; outer_fold=31; checkpoint=unit_01_00_031.joblib
2026-09-30T06:34:53.771321+00:00 | SKIP model=Random Forest; strategy=No handling; outer_fold=32; checkpoint=unit_01_00_032.joblib
2026-09-30T06:34:53.776072+00:00 | SKIP model=Random Forest; strategy=No handling; outer_fold=33; checkpoint=unit_01_00_033.joblib
2026-09-30T06:34:53.801932+00:00 | SKIP model=Random Forest; strategy=No handling; outer_fold=34; checkpoint=unit_01_00_034.joblib
2026-09-30T06:34:53.809186+00:00 | SKIP model=Random Forest; strategy=No handling; outer_fold=35; checkpoint=unit_01_00_035.joblib
2026-09-30T06:34:53.838279+00:00 | SKIP model=Random Forest; strategy=No handling; outer_fold=36; checkpoint=unit_01_00_036.joblib
2026-09-30T06:34:53.849281+00:00 | SKIP model=Random Forest; strategy=No handling; outer_fold=37; checkpoint=unit_01_00_037.joblib
2026-09-30T06:34:53.854794+00:00 | SKIP model=Random Forest; strategy=No handling; outer_fold=38; checkpoint=unit_01_00_038.joblib
2026-09-30T06:34:53.861161+00:00 | SKIP model=Random Forest; strategy=No handling; outer_fold=39; checkpoint=unit_01_00_039.joblib
2026-09-30T06:34:53.868709+00:00 | SKIP model=Random Forest; strategy=No handling; outer_fold=40; checkpoint=unit_01_00_040.joblib
2026-09-30T06:34:53.897064+00:00 | SKIP model=Random Forest; strategy=No handling; outer_fold=41; checkpoint=unit_01_00_041.joblib
2026-09-30T06:34:53.924317+00:00 | SKIP model=Random Forest; strategy=No handling; outer_fold=42; checkpoint=unit_01_00_042.joblib
2026-09-30T06:34:53.949309+00:00 | SKIP model=Random Forest; strategy=No handling; outer_fold=43; checkpoint=unit_01_00_043.joblib
2026-09-30T06:34:53.970656+00:00 | SKIP model=Random Forest; strategy=No handling; outer_fold=44; checkpoint=unit_01_00_044.joblib
2026-09-30T06:34:53.997587+00:00 | SKIP model=Random Forest; strategy=No handling; outer_fold=45; checkpoint=unit_01_00_045.joblib
2026-09-30T06:34:54.026363+00:00 | SKIP model=Random Forest; strategy=No handling; outer_fold=46; checkpoint=unit_01_00_046.joblib
2026-09-30T06:34:54.049806+00:00 | SKIP model=Random Forest; strategy=No handling; outer_fold=47; checkpoint=unit_01_00_047.joblib
2026-09-30T06:34:54.060521+00:00 | SKIP model=Random Forest; strategy=No handling; outer_fold=48; checkpoint=unit_01_00_048.joblib
2026-09-30T06:34:54.067079+00:00 | SKIP model=Random Forest; strategy=No handling; outer_fold=49; checkpoint=unit_01_00_049.joblib
2026-09-30T06:34:54.067393+00:00 | CONFIG_FINISH model=Random Forest; strategy=No handling; elapsed_seconds=0.628; n_iter=12; expanded_search=False
2026-09-30T06:34:54.074687+00:00 | SAVED_CONFIG model=Random Forest; strategy=No handling; rows=400
2026-09-30T06:34:54.074973+00:00 | CONFIG_START model=Random Forest; strategy=Class weight; n_iter=12; expanded_search=False
2026-09-30T06:34:54.105081+00:00 | SKIP model=Random Forest; strategy=Class weight; outer_fold=0; checkpoint=unit_01_01_000.joblib
2026-09-30T06:34:54.126491+00:00 | SKIP model=Random Forest; strategy=Class weight; outer_fold=1; checkpoint=unit_01_01_001.joblib
2026-09-30T06:34:54.148199+00:00 | SKIP model=Random Forest; strategy=Class weight; outer_fold=2; checkpoint=unit_01_01_002.joblib
2026-09-30T06:34:54.153859+00:00 | SKIP model=Random Forest; strategy=Class weight; outer_fold=3; checkpoint=unit_01_01_003.joblib
2026-09-30T06:34:54.159117+00:00 | SKIP model=Random Forest; strategy=Class weight; outer_fold=4; checkpoint=unit_01_01_004.joblib
2026-09-30T06:34:54.178454+00:00 | SKIP model=Random Forest; strategy=Class weight; outer_fold=5; checkpoint=unit_01_01_005.joblib
2026-09-30T06:34:54.184238+00:00 | SKIP model=Random Forest; strategy=Class weight; outer_fold=6; checkpoint=unit_01_01_006.joblib
2026-09-30T06:34:54.189115+00:00 | SKIP model=Random Forest; strategy=Class weight; outer_fold=7; checkpoint=unit_01_01_007.joblib
2026-09-30T06:34:54.214674+00:00 | SKIP model=Random Forest; strategy=Class weight; outer_fold=8; checkpoint=unit_01_01_008.joblib
2026-09-30T06:34:54.231727+00:00 | SKIP model=Random Forest; strategy=Class weight; outer_fold=9; checkpoint=unit_01_01_009.joblib
2026-09-30T06:34:54.255655+00:00 | SKIP model=Random Forest; strategy=Class weight; outer_fold=10; checkpoint=unit_01_01_010.joblib
2026-09-30T06:34:54.261433+00:00 | SKIP model=Random Forest; strategy=Class weight; outer_fold=11; checkpoint=unit_01_01_011.joblib
2026-09-30T06:34:54.266688+00:00 | SKIP model=Random Forest; strategy=Class weight; outer_fold=12; checkpoint=unit_01_01_012.joblib
2026-09-30T06:34:54.287927+00:00 | SKIP model=Random Forest; strategy=Class weight; outer_fold=13; checkpoint=unit_01_01_013.joblib
2026-09-30T06:34:54.314608+00:00 | SKIP model=Random Forest; strategy=Class weight; outer_fold=14; checkpoint=unit_01_01_014.joblib
2026-09-30T06:34:54.335074+00:00 | SKIP model=Random Forest; strategy=Class weight; outer_fold=15; checkpoint=unit_01_01_015.joblib
2026-09-30T06:34:54.361922+00:00 | SKIP model=Random Forest; strategy=Class weight; outer_fold=16; checkpoint=unit_01_01_016.joblib
2026-09-30T06:34:54.386348+00:00 | SKIP model=Random Forest; strategy=Class weight; outer_fold=17; checkpoint=unit_01_01_017.joblib
2026-09-30T06:34:54.396575+00:00 | SKIP model=Random Forest; strategy=Class weight; outer_fold=18; checkpoint=unit_01_01_018.joblib
2026-09-30T06:34:54.416139+00:00 | SKIP model=Random Forest; strategy=Class weight; outer_fold=19; checkpoint=unit_01_01_019.joblib
2026-09-30T06:34:54.423810+00:00 | SKIP model=Random Forest; strategy=Class weight; outer_fold=20; checkpoint=unit_01_01_020.joblib
2026-09-30T06:34:54.430164+00:00 | SKIP model=Random Forest; strategy=Class weight; outer_fold=21; checkpoint=unit_01_01_021.joblib
2026-09-30T06:34:54.461803+00:00 | SKIP model=Random Forest; strategy=Class weight; outer_fold=22; checkpoint=unit_01_01_022.joblib
2026-09-30T06:34:54.490637+00:00 | SKIP model=Random Forest; strategy=Class weight; outer_fold=23; checkpoint=unit_01_01_023.joblib
2026-09-30T06:34:54.511056+00:00 | SKIP model=Random Forest; strategy=Class weight; outer_fold=24; checkpoint=unit_01_01_024.joblib
2026-09-30T06:34:54.530857+00:00 | SKIP model=Random Forest; strategy=Class weight; outer_fold=25; checkpoint=unit_01_01_025.joblib
2026-09-30T06:34:54.542543+00:00 | SKIP model=Random Forest; strategy=Class weight; outer_fold=26; checkpoint=unit_01_01_026.joblib
2026-09-30T06:34:54.570449+00:00 | SKIP model=Random Forest; strategy=Class weight; outer_fold=27; checkpoint=unit_01_01_027.joblib
2026-09-30T06:34:54.577803+00:00 | SKIP model=Random Forest; strategy=Class weight; outer_fold=28; checkpoint=unit_01_01_028.joblib
2026-09-30T06:34:54.583280+00:00 | SKIP model=Random Forest; strategy=Class weight; outer_fold=29; checkpoint=unit_01_01_029.joblib
2026-09-30T06:34:54.587873+00:00 | SKIP model=Random Forest; strategy=Class weight; outer_fold=30; checkpoint=unit_01_01_030.joblib
2026-09-30T06:34:54.593583+00:00 | SKIP model=Random Forest; strategy=Class weight; outer_fold=31; checkpoint=unit_01_01_031.joblib
2026-09-30T06:34:54.599323+00:00 | SKIP model=Random Forest; strategy=Class weight; outer_fold=32; checkpoint=unit_01_01_032.joblib
2026-09-30T06:34:54.625646+00:00 | SKIP model=Random Forest; strategy=Class weight; outer_fold=33; checkpoint=unit_01_01_033.joblib
2026-09-30T06:34:54.652686+00:00 | SKIP model=Random Forest; strategy=Class weight; outer_fold=34; checkpoint=unit_01_01_034.joblib
2026-09-30T06:34:54.658168+00:00 | SKIP model=Random Forest; strategy=Class weight; outer_fold=35; checkpoint=unit_01_01_035.joblib
2026-09-30T06:34:54.664055+00:00 | SKIP model=Random Forest; strategy=Class weight; outer_fold=36; checkpoint=unit_01_01_036.joblib
2026-09-30T06:34:54.683608+00:00 | SKIP model=Random Forest; strategy=Class weight; outer_fold=37; checkpoint=unit_01_01_037.joblib
2026-09-30T06:34:54.689168+00:00 | SKIP model=Random Forest; strategy=Class weight; outer_fold=38; checkpoint=unit_01_01_038.joblib
2026-09-30T06:34:54.695694+00:00 | SKIP model=Random Forest; strategy=Class weight; outer_fold=39; checkpoint=unit_01_01_039.joblib
2026-09-30T06:34:54.700487+00:00 | SKIP model=Random Forest; strategy=Class weight; outer_fold=40; checkpoint=unit_01_01_040.joblib
2026-09-30T06:34:54.706585+00:00 | SKIP model=Random Forest; strategy=Class weight; outer_fold=41; checkpoint=unit_01_01_041.joblib
2026-09-30T06:34:54.727697+00:00 | SKIP model=Random Forest; strategy=Class weight; outer_fold=42; checkpoint=unit_01_01_042.joblib
2026-09-30T06:34:54.750413+00:00 | SKIP model=Random Forest; strategy=Class weight; outer_fold=43; checkpoint=unit_01_01_043.joblib
2026-09-30T06:34:54.772735+00:00 | SKIP model=Random Forest; strategy=Class weight; outer_fold=44; checkpoint=unit_01_01_044.joblib
2026-09-30T06:34:54.794359+00:00 | SKIP model=Random Forest; strategy=Class weight; outer_fold=45; checkpoint=unit_01_01_045.joblib
2026-09-30T06:34:54.805037+00:00 | SKIP model=Random Forest; strategy=Class weight; outer_fold=46; checkpoint=unit_01_01_046.joblib
2026-09-30T06:34:54.810109+00:00 | SKIP model=Random Forest; strategy=Class weight; outer_fold=47; checkpoint=unit_01_01_047.joblib
2026-09-30T06:34:54.815583+00:00 | SKIP model=Random Forest; strategy=Class weight; outer_fold=48; checkpoint=unit_01_01_048.joblib
2026-09-30T06:34:54.820495+00:00 | SKIP model=Random Forest; strategy=Class weight; outer_fold=49; checkpoint=unit_01_01_049.joblib
2026-09-30T06:34:54.820895+00:00 | CONFIG_FINISH model=Random Forest; strategy=Class weight; elapsed_seconds=0.746; n_iter=12; expanded_search=False
2026-09-30T06:34:54.828305+00:00 | SAVED_CONFIG model=Random Forest; strategy=Class weight; rows=450
2026-09-30T06:34:54.828918+00:00 | CONFIG_START model=Random Forest; strategy=SMOTE-NC; n_iter=12; expanded_search=False
2026-09-30T06:34:54.833723+00:00 | SKIP model=Random Forest; strategy=SMOTE-NC; outer_fold=0; checkpoint=unit_01_02_000.joblib
2026-09-30T06:34:54.838735+00:00 | SKIP model=Random Forest; strategy=SMOTE-NC; outer_fold=1; checkpoint=unit_01_02_001.joblib
2026-09-30T06:34:54.870365+00:00 | SKIP model=Random Forest; strategy=SMOTE-NC; outer_fold=2; checkpoint=unit_01_02_002.joblib
2026-09-30T06:34:54.883515+00:00 | SKIP model=Random Forest; strategy=SMOTE-NC; outer_fold=3; checkpoint=unit_01_02_003.joblib
2026-09-30T06:34:54.889748+00:00 | SKIP model=Random Forest; strategy=SMOTE-NC; outer_fold=4; checkpoint=unit_01_02_004.joblib
2026-09-30T06:34:54.894579+00:00 | SKIP model=Random Forest; strategy=SMOTE-NC; outer_fold=5; checkpoint=unit_01_02_005.joblib
2026-09-30T06:34:54.900426+00:00 | SKIP model=Random Forest; strategy=SMOTE-NC; outer_fold=6; checkpoint=unit_01_02_006.joblib
2026-09-30T06:34:54.906639+00:00 | SKIP model=Random Forest; strategy=SMOTE-NC; outer_fold=7; checkpoint=unit_01_02_007.joblib
2026-09-30T06:34:54.926299+00:00 | SKIP model=Random Forest; strategy=SMOTE-NC; outer_fold=8; checkpoint=unit_01_02_008.joblib
2026-09-30T06:34:54.947310+00:00 | SKIP model=Random Forest; strategy=SMOTE-NC; outer_fold=9; checkpoint=unit_01_02_009.joblib
2026-09-30T06:34:54.974436+00:00 | SKIP model=Random Forest; strategy=SMOTE-NC; outer_fold=10; checkpoint=unit_01_02_010.joblib
2026-09-30T06:34:54.996742+00:00 | SKIP model=Random Forest; strategy=SMOTE-NC; outer_fold=11; checkpoint=unit_01_02_011.joblib
2026-09-30T06:34:55.005345+00:00 | SKIP model=Random Forest; strategy=SMOTE-NC; outer_fold=12; checkpoint=unit_01_02_012.joblib
2026-09-30T06:34:55.011721+00:00 | SKIP model=Random Forest; strategy=SMOTE-NC; outer_fold=13; checkpoint=unit_01_02_013.joblib
2026-09-30T06:34:55.036149+00:00 | SKIP model=Random Forest; strategy=SMOTE-NC; outer_fold=14; checkpoint=unit_01_02_014.joblib
2026-09-30T06:34:55.060062+00:00 | SKIP model=Random Forest; strategy=SMOTE-NC; outer_fold=15; checkpoint=unit_01_02_015.joblib
2026-09-30T06:34:55.085773+00:00 | SKIP model=Random Forest; strategy=SMOTE-NC; outer_fold=16; checkpoint=unit_01_02_016.joblib
2026-09-30T06:34:55.111552+00:00 | SKIP model=Random Forest; strategy=SMOTE-NC; outer_fold=17; checkpoint=unit_01_02_017.joblib
2026-09-30T06:34:55.136495+00:00 | SKIP model=Random Forest; strategy=SMOTE-NC; outer_fold=18; checkpoint=unit_01_02_018.joblib
2026-09-30T06:34:55.144049+00:00 | SKIP model=Random Forest; strategy=SMOTE-NC; outer_fold=19; checkpoint=unit_01_02_019.joblib
2026-09-30T06:34:55.151439+00:00 | SKIP model=Random Forest; strategy=SMOTE-NC; outer_fold=20; checkpoint=unit_01_02_020.joblib
2026-09-30T06:34:55.156118+00:00 | SKIP model=Random Forest; strategy=SMOTE-NC; outer_fold=21; checkpoint=unit_01_02_021.joblib
2026-09-30T06:34:55.161290+00:00 | SKIP model=Random Forest; strategy=SMOTE-NC; outer_fold=22; checkpoint=unit_01_02_022.joblib
2026-09-30T06:34:55.165995+00:00 | SKIP model=Random Forest; strategy=SMOTE-NC; outer_fold=23; checkpoint=unit_01_02_023.joblib
2026-09-30T06:34:55.188664+00:00 | SKIP model=Random Forest; strategy=SMOTE-NC; outer_fold=24; checkpoint=unit_01_02_024.joblib
2026-09-30T06:34:55.194018+00:00 | SKIP model=Random Forest; strategy=SMOTE-NC; outer_fold=25; checkpoint=unit_01_02_025.joblib
2026-09-30T06:34:55.211162+00:00 | SKIP model=Random Forest; strategy=SMOTE-NC; outer_fold=26; checkpoint=unit_01_02_026.joblib
2026-09-30T06:34:55.230993+00:00 | SKIP model=Random Forest; strategy=SMOTE-NC; outer_fold=27; checkpoint=unit_01_02_027.joblib
2026-09-30T06:34:55.252017+00:00 | SKIP model=Random Forest; strategy=SMOTE-NC; outer_fold=28; checkpoint=unit_01_02_028.joblib
2026-09-30T06:34:55.270608+00:00 | SKIP model=Random Forest; strategy=SMOTE-NC; outer_fold=29; checkpoint=unit_01_02_029.joblib
2026-09-30T06:34:55.278966+00:00 | SKIP model=Random Forest; strategy=SMOTE-NC; outer_fold=30; checkpoint=unit_01_02_030.joblib
2026-09-30T06:34:55.284204+00:00 | SKIP model=Random Forest; strategy=SMOTE-NC; outer_fold=31; checkpoint=unit_01_02_031.joblib
2026-09-30T06:34:55.300410+00:00 | SKIP model=Random Forest; strategy=SMOTE-NC; outer_fold=32; checkpoint=unit_01_02_032.joblib
2026-09-30T06:34:55.320541+00:00 | SKIP model=Random Forest; strategy=SMOTE-NC; outer_fold=33; checkpoint=unit_01_02_033.joblib
2026-09-30T06:34:55.329117+00:00 | SKIP model=Random Forest; strategy=SMOTE-NC; outer_fold=34; checkpoint=unit_01_02_034.joblib
2026-09-30T06:34:55.335605+00:00 | SKIP model=Random Forest; strategy=SMOTE-NC; outer_fold=35; checkpoint=unit_01_02_035.joblib
2026-09-30T06:34:55.354792+00:00 | SKIP model=Random Forest; strategy=SMOTE-NC; outer_fold=36; checkpoint=unit_01_02_036.joblib
2026-09-30T06:34:55.374625+00:00 | SKIP model=Random Forest; strategy=SMOTE-NC; outer_fold=37; checkpoint=unit_01_02_037.joblib
2026-09-30T06:34:55.383034+00:00 | SKIP model=Random Forest; strategy=SMOTE-NC; outer_fold=38; checkpoint=unit_01_02_038.joblib
2026-09-30T06:34:55.408720+00:00 | SKIP model=Random Forest; strategy=SMOTE-NC; outer_fold=39; checkpoint=unit_01_02_039.joblib
2026-09-30T06:34:55.418427+00:00 | SKIP model=Random Forest; strategy=SMOTE-NC; outer_fold=40; checkpoint=unit_01_02_040.joblib
2026-09-30T06:34:55.439403+00:00 | SKIP model=Random Forest; strategy=SMOTE-NC; outer_fold=41; checkpoint=unit_01_02_041.joblib
2026-09-30T06:34:55.464444+00:00 | SKIP model=Random Forest; strategy=SMOTE-NC; outer_fold=42; checkpoint=unit_01_02_042.joblib
2026-09-30T06:34:55.484822+00:00 | SKIP model=Random Forest; strategy=SMOTE-NC; outer_fold=43; checkpoint=unit_01_02_043.joblib
2026-09-30T06:34:55.505499+00:00 | SKIP model=Random Forest; strategy=SMOTE-NC; outer_fold=44; checkpoint=unit_01_02_044.joblib
2026-09-30T06:34:55.535156+00:00 | SKIP model=Random Forest; strategy=SMOTE-NC; outer_fold=45; checkpoint=unit_01_02_045.joblib
2026-09-30T06:34:55.541527+00:00 | SKIP model=Random Forest; strategy=SMOTE-NC; outer_fold=46; checkpoint=unit_01_02_046.joblib
2026-09-30T06:34:55.547111+00:00 | SKIP model=Random Forest; strategy=SMOTE-NC; outer_fold=47; checkpoint=unit_01_02_047.joblib
2026-09-30T06:34:55.551514+00:00 | SKIP model=Random Forest; strategy=SMOTE-NC; outer_fold=48; checkpoint=unit_01_02_048.joblib
2026-09-30T06:34:55.572138+00:00 | SKIP model=Random Forest; strategy=SMOTE-NC; outer_fold=49; checkpoint=unit_01_02_049.joblib
2026-09-30T06:34:55.572472+00:00 | CONFIG_FINISH model=Random Forest; strategy=SMOTE-NC; elapsed_seconds=0.744; n_iter=12; expanded_search=False
2026-09-30T06:34:55.585133+00:00 | SAVED_CONFIG model=Random Forest; strategy=SMOTE-NC; rows=500
2026-09-30T06:34:55.585411+00:00 | CONFIG_START model=Random Forest; strategy=Random undersampling; n_iter=12; expanded_search=False
2026-09-30T06:34:55.594783+00:00 | SKIP model=Random Forest; strategy=Random undersampling; outer_fold=0; checkpoint=unit_01_03_000.joblib
2026-09-30T06:34:55.621715+00:00 | SKIP model=Random Forest; strategy=Random undersampling; outer_fold=1; checkpoint=unit_01_03_001.joblib
2026-09-30T06:34:55.643786+00:00 | SKIP model=Random Forest; strategy=Random undersampling; outer_fold=2; checkpoint=unit_01_03_002.joblib
2026-09-30T06:34:55.660216+00:00 | SKIP model=Random Forest; strategy=Random undersampling; outer_fold=3; checkpoint=unit_01_03_003.joblib
2026-09-30T06:34:55.684322+00:00 | SKIP model=Random Forest; strategy=Random undersampling; outer_fold=4; checkpoint=unit_01_03_004.joblib
2026-09-30T06:34:55.717077+00:00 | SKIP model=Random Forest; strategy=Random undersampling; outer_fold=5; checkpoint=unit_01_03_005.joblib
2026-09-30T06:34:55.723060+00:00 | SKIP model=Random Forest; strategy=Random undersampling; outer_fold=6; checkpoint=unit_01_03_006.joblib
2026-09-30T06:34:55.730948+00:00 | SKIP model=Random Forest; strategy=Random undersampling; outer_fold=7; checkpoint=unit_01_03_007.joblib
2026-09-30T06:34:55.752942+00:00 | SKIP model=Random Forest; strategy=Random undersampling; outer_fold=8; checkpoint=unit_01_03_008.joblib
2026-09-30T06:34:55.770979+00:00 | SKIP model=Random Forest; strategy=Random undersampling; outer_fold=9; checkpoint=unit_01_03_009.joblib
2026-09-30T06:34:55.778975+00:00 | SKIP model=Random Forest; strategy=Random undersampling; outer_fold=10; checkpoint=unit_01_03_010.joblib
2026-09-30T06:34:55.784011+00:00 | SKIP model=Random Forest; strategy=Random undersampling; outer_fold=11; checkpoint=unit_01_03_011.joblib
2026-09-30T06:34:55.802204+00:00 | SKIP model=Random Forest; strategy=Random undersampling; outer_fold=12; checkpoint=unit_01_03_012.joblib
2026-09-30T06:34:55.823768+00:00 | SKIP model=Random Forest; strategy=Random undersampling; outer_fold=13; checkpoint=unit_01_03_013.joblib
2026-09-30T06:34:55.841366+00:00 | SKIP model=Random Forest; strategy=Random undersampling; outer_fold=14; checkpoint=unit_01_03_014.joblib
2026-09-30T06:34:55.858422+00:00 | SKIP model=Random Forest; strategy=Random undersampling; outer_fold=15; checkpoint=unit_01_03_015.joblib
2026-09-30T06:34:55.882940+00:00 | SKIP model=Random Forest; strategy=Random undersampling; outer_fold=16; checkpoint=unit_01_03_016.joblib
2026-09-30T06:34:55.889798+00:00 | SKIP model=Random Forest; strategy=Random undersampling; outer_fold=17; checkpoint=unit_01_03_017.joblib
2026-09-30T06:34:55.895442+00:00 | SKIP model=Random Forest; strategy=Random undersampling; outer_fold=18; checkpoint=unit_01_03_018.joblib
2026-09-30T06:34:55.921469+00:00 | SKIP model=Random Forest; strategy=Random undersampling; outer_fold=19; checkpoint=unit_01_03_019.joblib
2026-09-30T06:34:55.932122+00:00 | SKIP model=Random Forest; strategy=Random undersampling; outer_fold=20; checkpoint=unit_01_03_020.joblib
2026-09-30T06:34:55.938003+00:00 | SKIP model=Random Forest; strategy=Random undersampling; outer_fold=21; checkpoint=unit_01_03_021.joblib
2026-09-30T06:34:55.963322+00:00 | SKIP model=Random Forest; strategy=Random undersampling; outer_fold=22; checkpoint=unit_01_03_022.joblib
2026-09-30T06:34:55.987023+00:00 | SKIP model=Random Forest; strategy=Random undersampling; outer_fold=23; checkpoint=unit_01_03_023.joblib
2026-09-30T06:34:55.995517+00:00 | SKIP model=Random Forest; strategy=Random undersampling; outer_fold=24; checkpoint=unit_01_03_024.joblib
2026-09-30T06:34:56.000882+00:00 | SKIP model=Random Forest; strategy=Random undersampling; outer_fold=25; checkpoint=unit_01_03_025.joblib
2026-09-30T06:34:56.006403+00:00 | SKIP model=Random Forest; strategy=Random undersampling; outer_fold=26; checkpoint=unit_01_03_026.joblib
2026-09-30T06:34:56.012430+00:00 | SKIP model=Random Forest; strategy=Random undersampling; outer_fold=27; checkpoint=unit_01_03_027.joblib
2026-09-30T06:34:56.018654+00:00 | SKIP model=Random Forest; strategy=Random undersampling; outer_fold=28; checkpoint=unit_01_03_028.joblib
2026-09-30T06:34:56.039494+00:00 | SKIP model=Random Forest; strategy=Random undersampling; outer_fold=29; checkpoint=unit_01_03_029.joblib
2026-09-30T06:34:56.063111+00:00 | SKIP model=Random Forest; strategy=Random undersampling; outer_fold=30; checkpoint=unit_01_03_030.joblib
2026-09-30T06:34:56.074250+00:00 | SKIP model=Random Forest; strategy=Random undersampling; outer_fold=31; checkpoint=unit_01_03_031.joblib
2026-09-30T06:34:56.099982+00:00 | SKIP model=Random Forest; strategy=Random undersampling; outer_fold=32; checkpoint=unit_01_03_032.joblib
2026-09-30T06:34:56.111191+00:00 | SKIP model=Random Forest; strategy=Random undersampling; outer_fold=33; checkpoint=unit_01_03_033.joblib
2026-09-30T06:34:56.117519+00:00 | SKIP model=Random Forest; strategy=Random undersampling; outer_fold=34; checkpoint=unit_01_03_034.joblib
2026-09-30T06:34:56.145286+00:00 | SKIP model=Random Forest; strategy=Random undersampling; outer_fold=35; checkpoint=unit_01_03_035.joblib
2026-09-30T06:34:56.167699+00:00 | SKIP model=Random Forest; strategy=Random undersampling; outer_fold=36; checkpoint=unit_01_03_036.joblib
2026-09-30T06:34:56.195814+00:00 | SKIP model=Random Forest; strategy=Random undersampling; outer_fold=37; checkpoint=unit_01_03_037.joblib
2026-09-30T06:34:56.218312+00:00 | SKIP model=Random Forest; strategy=Random undersampling; outer_fold=38; checkpoint=unit_01_03_038.joblib
2026-09-30T06:34:56.242615+00:00 | SKIP model=Random Forest; strategy=Random undersampling; outer_fold=39; checkpoint=unit_01_03_039.joblib
2026-09-30T06:34:56.254866+00:00 | SKIP model=Random Forest; strategy=Random undersampling; outer_fold=40; checkpoint=unit_01_03_040.joblib
2026-09-30T06:34:56.274721+00:00 | SKIP model=Random Forest; strategy=Random undersampling; outer_fold=41; checkpoint=unit_01_03_041.joblib
2026-09-30T06:34:56.281588+00:00 | SKIP model=Random Forest; strategy=Random undersampling; outer_fold=42; checkpoint=unit_01_03_042.joblib
2026-09-30T06:34:56.288101+00:00 | SKIP model=Random Forest; strategy=Random undersampling; outer_fold=43; checkpoint=unit_01_03_043.joblib
2026-09-30T06:34:56.308334+00:00 | SKIP model=Random Forest; strategy=Random undersampling; outer_fold=44; checkpoint=unit_01_03_044.joblib
2026-09-30T06:34:56.335456+00:00 | SKIP model=Random Forest; strategy=Random undersampling; outer_fold=45; checkpoint=unit_01_03_045.joblib
2026-09-30T06:34:56.359710+00:00 | SKIP model=Random Forest; strategy=Random undersampling; outer_fold=46; checkpoint=unit_01_03_046.joblib
2026-09-30T06:34:56.380857+00:00 | SKIP model=Random Forest; strategy=Random undersampling; outer_fold=47; checkpoint=unit_01_03_047.joblib
2026-09-30T06:34:56.399800+00:00 | SKIP model=Random Forest; strategy=Random undersampling; outer_fold=48; checkpoint=unit_01_03_048.joblib
2026-09-30T06:34:56.417521+00:00 | SKIP model=Random Forest; strategy=Random undersampling; outer_fold=49; checkpoint=unit_01_03_049.joblib
2026-09-30T06:34:56.418056+00:00 | CONFIG_FINISH model=Random Forest; strategy=Random undersampling; elapsed_seconds=0.833; n_iter=12; expanded_search=False
2026-09-30T06:34:56.427042+00:00 | SAVED_CONFIG model=Random Forest; strategy=Random undersampling; rows=550
2026-09-30T06:34:56.427962+00:00 | CONFIG_START model=Random Forest; strategy=Threshold tuning; n_iter=12; expanded_search=False
2026-09-30T06:34:56.433965+00:00 | SKIP model=Random Forest; strategy=Threshold tuning; outer_fold=0; checkpoint=unit_01_04_000.joblib
2026-09-30T06:34:56.442918+00:00 | SKIP model=Random Forest; strategy=Threshold tuning; outer_fold=1; checkpoint=unit_01_04_001.joblib
2026-09-30T06:34:56.450576+00:00 | SKIP model=Random Forest; strategy=Threshold tuning; outer_fold=2; checkpoint=unit_01_04_002.joblib
2026-09-30T06:34:56.474492+00:00 | SKIP model=Random Forest; strategy=Threshold tuning; outer_fold=3; checkpoint=unit_01_04_003.joblib
2026-09-30T06:34:56.481873+00:00 | SKIP model=Random Forest; strategy=Threshold tuning; outer_fold=4; checkpoint=unit_01_04_004.joblib
2026-09-30T06:34:56.487760+00:00 | SKIP model=Random Forest; strategy=Threshold tuning; outer_fold=5; checkpoint=unit_01_04_005.joblib
2026-09-30T06:34:56.493071+00:00 | SKIP model=Random Forest; strategy=Threshold tuning; outer_fold=6; checkpoint=unit_01_04_006.joblib
2026-09-30T06:34:56.499643+00:00 | SKIP model=Random Forest; strategy=Threshold tuning; outer_fold=7; checkpoint=unit_01_04_007.joblib
2026-09-30T06:34:56.517985+00:00 | SKIP model=Random Forest; strategy=Threshold tuning; outer_fold=8; checkpoint=unit_01_04_008.joblib
2026-09-30T06:34:56.540436+00:00 | SKIP model=Random Forest; strategy=Threshold tuning; outer_fold=9; checkpoint=unit_01_04_009.joblib
2026-09-30T06:34:56.563303+00:00 | SKIP model=Random Forest; strategy=Threshold tuning; outer_fold=10; checkpoint=unit_01_04_010.joblib
2026-09-30T06:34:56.584008+00:00 | SKIP model=Random Forest; strategy=Threshold tuning; outer_fold=11; checkpoint=unit_01_04_011.joblib
2026-09-30T06:34:56.593377+00:00 | SKIP model=Random Forest; strategy=Threshold tuning; outer_fold=12; checkpoint=unit_01_04_012.joblib
2026-09-30T06:34:56.598694+00:00 | SKIP model=Random Forest; strategy=Threshold tuning; outer_fold=13; checkpoint=unit_01_04_013.joblib
2026-09-30T06:34:56.621969+00:00 | SKIP model=Random Forest; strategy=Threshold tuning; outer_fold=14; checkpoint=unit_01_04_014.joblib
2026-09-30T06:34:56.647140+00:00 | SKIP model=Random Forest; strategy=Threshold tuning; outer_fold=15; checkpoint=unit_01_04_015.joblib
2026-09-30T06:34:56.674270+00:00 | SKIP model=Random Forest; strategy=Threshold tuning; outer_fold=16; checkpoint=unit_01_04_016.joblib
2026-09-30T06:34:56.695552+00:00 | SKIP model=Random Forest; strategy=Threshold tuning; outer_fold=17; checkpoint=unit_01_04_017.joblib
2026-09-30T06:34:56.706443+00:00 | SKIP model=Random Forest; strategy=Threshold tuning; outer_fold=18; checkpoint=unit_01_04_018.joblib
2026-09-30T06:34:56.711656+00:00 | SKIP model=Random Forest; strategy=Threshold tuning; outer_fold=19; checkpoint=unit_01_04_019.joblib
2026-09-30T06:34:56.717058+00:00 | SKIP model=Random Forest; strategy=Threshold tuning; outer_fold=20; checkpoint=unit_01_04_020.joblib
2026-09-30T06:34:56.721425+00:00 | SKIP model=Random Forest; strategy=Threshold tuning; outer_fold=21; checkpoint=unit_01_04_021.joblib
2026-09-30T06:34:56.725797+00:00 | SKIP model=Random Forest; strategy=Threshold tuning; outer_fold=22; checkpoint=unit_01_04_022.joblib
2026-09-30T06:34:56.730836+00:00 | SKIP model=Random Forest; strategy=Threshold tuning; outer_fold=23; checkpoint=unit_01_04_023.joblib
2026-09-30T06:34:56.735384+00:00 | SKIP model=Random Forest; strategy=Threshold tuning; outer_fold=24; checkpoint=unit_01_04_024.joblib
2026-09-30T06:34:56.740387+00:00 | SKIP model=Random Forest; strategy=Threshold tuning; outer_fold=25; checkpoint=unit_01_04_025.joblib
2026-09-30T06:34:56.759386+00:00 | SKIP model=Random Forest; strategy=Threshold tuning; outer_fold=26; checkpoint=unit_01_04_026.joblib
2026-09-30T06:34:56.766165+00:00 | SKIP model=Random Forest; strategy=Threshold tuning; outer_fold=27; checkpoint=unit_01_04_027.joblib
2026-09-30T06:34:56.771535+00:00 | SKIP model=Random Forest; strategy=Threshold tuning; outer_fold=28; checkpoint=unit_01_04_028.joblib
2026-09-30T06:34:56.777594+00:00 | SKIP model=Random Forest; strategy=Threshold tuning; outer_fold=29; checkpoint=unit_01_04_029.joblib
2026-09-30T06:34:56.782232+00:00 | SKIP model=Random Forest; strategy=Threshold tuning; outer_fold=30; checkpoint=unit_01_04_030.joblib
2026-09-30T06:34:56.810281+00:00 | SKIP model=Random Forest; strategy=Threshold tuning; outer_fold=31; checkpoint=unit_01_04_031.joblib
2026-09-30T06:34:56.827470+00:00 | SKIP model=Random Forest; strategy=Threshold tuning; outer_fold=32; checkpoint=unit_01_04_032.joblib
2026-09-30T06:34:56.832207+00:00 | SKIP model=Random Forest; strategy=Threshold tuning; outer_fold=33; checkpoint=unit_01_04_033.joblib
2026-09-30T06:34:56.850877+00:00 | SKIP model=Random Forest; strategy=Threshold tuning; outer_fold=34; checkpoint=unit_01_04_034.joblib
2026-09-30T06:34:56.856589+00:00 | SKIP model=Random Forest; strategy=Threshold tuning; outer_fold=35; checkpoint=unit_01_04_035.joblib
2026-09-30T06:34:56.873596+00:00 | SKIP model=Random Forest; strategy=Threshold tuning; outer_fold=36; checkpoint=unit_01_04_036.joblib
2026-09-30T06:34:56.893663+00:00 | SKIP model=Random Forest; strategy=Threshold tuning; outer_fold=37; checkpoint=unit_01_04_037.joblib
2026-09-30T06:34:56.900121+00:00 | SKIP model=Random Forest; strategy=Threshold tuning; outer_fold=38; checkpoint=unit_01_04_038.joblib
2026-09-30T06:34:56.917723+00:00 | SKIP model=Random Forest; strategy=Threshold tuning; outer_fold=39; checkpoint=unit_01_04_039.joblib
2026-09-30T06:34:56.923449+00:00 | SKIP model=Random Forest; strategy=Threshold tuning; outer_fold=40; checkpoint=unit_01_04_040.joblib
2026-09-30T06:34:56.927920+00:00 | SKIP model=Random Forest; strategy=Threshold tuning; outer_fold=41; checkpoint=unit_01_04_041.joblib
2026-09-30T06:34:56.933015+00:00 | SKIP model=Random Forest; strategy=Threshold tuning; outer_fold=42; checkpoint=unit_01_04_042.joblib
2026-09-30T06:34:56.937944+00:00 | SKIP model=Random Forest; strategy=Threshold tuning; outer_fold=43; checkpoint=unit_01_04_043.joblib
2026-09-30T06:34:56.942563+00:00 | SKIP model=Random Forest; strategy=Threshold tuning; outer_fold=44; checkpoint=unit_01_04_044.joblib
2026-09-30T06:34:56.947762+00:00 | SKIP model=Random Forest; strategy=Threshold tuning; outer_fold=45; checkpoint=unit_01_04_045.joblib
2026-09-30T06:34:56.952360+00:00 | SKIP model=Random Forest; strategy=Threshold tuning; outer_fold=46; checkpoint=unit_01_04_046.joblib
2026-09-30T06:34:56.958408+00:00 | SKIP model=Random Forest; strategy=Threshold tuning; outer_fold=47; checkpoint=unit_01_04_047.joblib
2026-09-30T06:34:56.987693+00:00 | SKIP model=Random Forest; strategy=Threshold tuning; outer_fold=48; checkpoint=unit_01_04_048.joblib
2026-09-30T06:34:56.997124+00:00 | SKIP model=Random Forest; strategy=Threshold tuning; outer_fold=49; checkpoint=unit_01_04_049.joblib
2026-09-30T06:34:56.997410+00:00 | CONFIG_FINISH model=Random Forest; strategy=Threshold tuning; elapsed_seconds=0.570; n_iter=12; expanded_search=False
2026-09-30T06:34:57.006990+00:00 | SAVED_CONFIG model=Random Forest; strategy=Threshold tuning; rows=600
2026-09-30T06:34:57.007429+00:00 | CONFIG_START model=Random Forest; strategy=Calibrated sigmoid + threshold; n_iter=12; expanded_search=False
2026-09-30T06:34:57.013987+00:00 | SKIP model=Random Forest; strategy=Calibrated sigmoid + threshold; outer_fold=0; checkpoint=unit_01_05_000.joblib
2026-09-30T06:34:57.039124+00:00 | SKIP model=Random Forest; strategy=Calibrated sigmoid + threshold; outer_fold=1; checkpoint=unit_01_05_001.joblib
2026-09-30T06:34:57.049756+00:00 | SKIP model=Random Forest; strategy=Calibrated sigmoid + threshold; outer_fold=2; checkpoint=unit_01_05_002.joblib
2026-09-30T06:34:57.055794+00:00 | SKIP model=Random Forest; strategy=Calibrated sigmoid + threshold; outer_fold=3; checkpoint=unit_01_05_003.joblib
2026-09-30T06:34:57.062072+00:00 | SKIP model=Random Forest; strategy=Calibrated sigmoid + threshold; outer_fold=4; checkpoint=unit_01_05_004.joblib
2026-09-30T06:34:57.066625+00:00 | SKIP model=Random Forest; strategy=Calibrated sigmoid + threshold; outer_fold=5; checkpoint=unit_01_05_005.joblib
2026-09-30T06:34:57.088490+00:00 | SKIP model=Random Forest; strategy=Calibrated sigmoid + threshold; outer_fold=6; checkpoint=unit_01_05_006.joblib
2026-09-30T06:34:57.097243+00:00 | SKIP model=Random Forest; strategy=Calibrated sigmoid + threshold; outer_fold=7; checkpoint=unit_01_05_007.joblib
2026-09-30T06:34:57.102880+00:00 | SKIP model=Random Forest; strategy=Calibrated sigmoid + threshold; outer_fold=8; checkpoint=unit_01_05_008.joblib
2026-09-30T06:34:57.107439+00:00 | SKIP model=Random Forest; strategy=Calibrated sigmoid + threshold; outer_fold=9; checkpoint=unit_01_05_009.joblib
2026-09-30T06:34:57.113689+00:00 | SKIP model=Random Forest; strategy=Calibrated sigmoid + threshold; outer_fold=10; checkpoint=unit_01_05_010.joblib
2026-09-30T06:34:57.136471+00:00 | SKIP model=Random Forest; strategy=Calibrated sigmoid + threshold; outer_fold=11; checkpoint=unit_01_05_011.joblib
2026-09-30T06:34:57.160124+00:00 | SKIP model=Random Forest; strategy=Calibrated sigmoid + threshold; outer_fold=12; checkpoint=unit_01_05_012.joblib
2026-09-30T06:34:57.185534+00:00 | SKIP model=Random Forest; strategy=Calibrated sigmoid + threshold; outer_fold=13; checkpoint=unit_01_05_013.joblib
2026-09-30T06:34:57.209617+00:00 | SKIP model=Random Forest; strategy=Calibrated sigmoid + threshold; outer_fold=14; checkpoint=unit_01_05_014.joblib
2026-09-30T06:34:57.236994+00:00 | SKIP model=Random Forest; strategy=Calibrated sigmoid + threshold; outer_fold=15; checkpoint=unit_01_05_015.joblib
2026-09-30T06:34:57.263800+00:00 | SKIP model=Random Forest; strategy=Calibrated sigmoid + threshold; outer_fold=16; checkpoint=unit_01_05_016.joblib
2026-09-30T06:34:57.284853+00:00 | SKIP model=Random Forest; strategy=Calibrated sigmoid + threshold; outer_fold=17; checkpoint=unit_01_05_017.joblib
2026-09-30T06:34:57.293443+00:00 | SKIP model=Random Forest; strategy=Calibrated sigmoid + threshold; outer_fold=18; checkpoint=unit_01_05_018.joblib
2026-09-30T06:34:57.315025+00:00 | SKIP model=Random Forest; strategy=Calibrated sigmoid + threshold; outer_fold=19; checkpoint=unit_01_05_019.joblib
2026-09-30T06:34:57.322957+00:00 | SKIP model=Random Forest; strategy=Calibrated sigmoid + threshold; outer_fold=20; checkpoint=unit_01_05_020.joblib
2026-09-30T06:34:57.346166+00:00 | SKIP model=Random Forest; strategy=Calibrated sigmoid + threshold; outer_fold=21; checkpoint=unit_01_05_021.joblib
2026-09-30T06:34:57.364026+00:00 | SKIP model=Random Forest; strategy=Calibrated sigmoid + threshold; outer_fold=22; checkpoint=unit_01_05_022.joblib
2026-09-30T06:34:57.384944+00:00 | SKIP model=Random Forest; strategy=Calibrated sigmoid + threshold; outer_fold=23; checkpoint=unit_01_05_023.joblib
2026-09-30T06:34:57.390038+00:00 | SKIP model=Random Forest; strategy=Calibrated sigmoid + threshold; outer_fold=24; checkpoint=unit_01_05_024.joblib
2026-09-30T06:34:57.396271+00:00 | SKIP model=Random Forest; strategy=Calibrated sigmoid + threshold; outer_fold=25; checkpoint=unit_01_05_025.joblib
2026-09-30T06:34:57.413033+00:00 | SKIP model=Random Forest; strategy=Calibrated sigmoid + threshold; outer_fold=26; checkpoint=unit_01_05_026.joblib
2026-09-30T06:34:57.432682+00:00 | SKIP model=Random Forest; strategy=Calibrated sigmoid + threshold; outer_fold=27; checkpoint=unit_01_05_027.joblib
2026-09-30T06:34:57.455586+00:00 | SKIP model=Random Forest; strategy=Calibrated sigmoid + threshold; outer_fold=28; checkpoint=unit_01_05_028.joblib
2026-09-30T06:34:57.475120+00:00 | SKIP model=Random Forest; strategy=Calibrated sigmoid + threshold; outer_fold=29; checkpoint=unit_01_05_029.joblib
2026-09-30T06:34:57.485121+00:00 | SKIP model=Random Forest; strategy=Calibrated sigmoid + threshold; outer_fold=30; checkpoint=unit_01_05_030.joblib
2026-09-30T06:34:57.490410+00:00 | SKIP model=Random Forest; strategy=Calibrated sigmoid + threshold; outer_fold=31; checkpoint=unit_01_05_031.joblib
2026-09-30T06:34:57.495617+00:00 | SKIP model=Random Forest; strategy=Calibrated sigmoid + threshold; outer_fold=32; checkpoint=unit_01_05_032.joblib
2026-09-30T06:34:57.500962+00:00 | SKIP model=Random Forest; strategy=Calibrated sigmoid + threshold; outer_fold=33; checkpoint=unit_01_05_033.joblib
2026-09-30T06:34:57.526423+00:00 | SKIP model=Random Forest; strategy=Calibrated sigmoid + threshold; outer_fold=34; checkpoint=unit_01_05_034.joblib
2026-09-30T06:34:57.547154+00:00 | SKIP model=Random Forest; strategy=Calibrated sigmoid + threshold; outer_fold=35; checkpoint=unit_01_05_035.joblib
2026-09-30T06:34:57.567933+00:00 | SKIP model=Random Forest; strategy=Calibrated sigmoid + threshold; outer_fold=36; checkpoint=unit_01_05_036.joblib
2026-09-30T06:34:57.589890+00:00 | SKIP model=Random Forest; strategy=Calibrated sigmoid + threshold; outer_fold=37; checkpoint=unit_01_05_037.joblib
2026-09-30T06:34:57.598795+00:00 | SKIP model=Random Forest; strategy=Calibrated sigmoid + threshold; outer_fold=38; checkpoint=unit_01_05_038.joblib
2026-09-30T06:34:57.605104+00:00 | SKIP model=Random Forest; strategy=Calibrated sigmoid + threshold; outer_fold=39; checkpoint=unit_01_05_039.joblib
2026-09-30T06:34:57.623515+00:00 | SKIP model=Random Forest; strategy=Calibrated sigmoid + threshold; outer_fold=40; checkpoint=unit_01_05_040.joblib
2026-09-30T06:34:57.650597+00:00 | SKIP model=Random Forest; strategy=Calibrated sigmoid + threshold; outer_fold=41; checkpoint=unit_01_05_041.joblib
2026-09-30T06:34:57.680273+00:00 | SKIP model=Random Forest; strategy=Calibrated sigmoid + threshold; outer_fold=42; checkpoint=unit_01_05_042.joblib
2026-09-30T06:34:57.699792+00:00 | SKIP model=Random Forest; strategy=Calibrated sigmoid + threshold; outer_fold=43; checkpoint=unit_01_05_043.joblib
2026-09-30T06:34:57.719201+00:00 | SKIP model=Random Forest; strategy=Calibrated sigmoid + threshold; outer_fold=44; checkpoint=unit_01_05_044.joblib
2026-09-30T06:34:57.743401+00:00 | SKIP model=Random Forest; strategy=Calibrated sigmoid + threshold; outer_fold=45; checkpoint=unit_01_05_045.joblib
2026-09-30T06:34:57.755222+00:00 | SKIP model=Random Forest; strategy=Calibrated sigmoid + threshold; outer_fold=46; checkpoint=unit_01_05_046.joblib
2026-09-30T06:34:57.759858+00:00 | SKIP model=Random Forest; strategy=Calibrated sigmoid + threshold; outer_fold=47; checkpoint=unit_01_05_047.joblib
2026-09-30T06:34:57.781983+00:00 | SKIP model=Random Forest; strategy=Calibrated sigmoid + threshold; outer_fold=48; checkpoint=unit_01_05_048.joblib
2026-09-30T06:34:57.792707+00:00 | SKIP model=Random Forest; strategy=Calibrated sigmoid + threshold; outer_fold=49; checkpoint=unit_01_05_049.joblib
2026-09-30T06:34:57.793093+00:00 | CONFIG_FINISH model=Random Forest; strategy=Calibrated sigmoid + threshold; elapsed_seconds=0.786; n_iter=12; expanded_search=False
2026-09-30T06:34:57.803449+00:00 | SAVED_CONFIG model=Random Forest; strategy=Calibrated sigmoid + threshold; rows=650
2026-09-30T06:34:57.803681+00:00 | CONFIG_START model=Random Forest; strategy=Calibrated isotonic + threshold; n_iter=12; expanded_search=False
2026-09-30T06:34:57.810077+00:00 | SKIP model=Random Forest; strategy=Calibrated isotonic + threshold; outer_fold=0; checkpoint=unit_01_06_000.joblib
2026-09-30T06:34:57.826684+00:00 | SKIP model=Random Forest; strategy=Calibrated isotonic + threshold; outer_fold=1; checkpoint=unit_01_06_001.joblib
2026-09-30T06:34:57.844841+00:00 | SKIP model=Random Forest; strategy=Calibrated isotonic + threshold; outer_fold=2; checkpoint=unit_01_06_002.joblib
2026-09-30T06:34:57.850449+00:00 | SKIP model=Random Forest; strategy=Calibrated isotonic + threshold; outer_fold=3; checkpoint=unit_01_06_003.joblib
2026-09-30T06:34:57.855211+00:00 | SKIP model=Random Forest; strategy=Calibrated isotonic + threshold; outer_fold=4; checkpoint=unit_01_06_004.joblib
2026-09-30T06:34:57.859481+00:00 | SKIP model=Random Forest; strategy=Calibrated isotonic + threshold; outer_fold=5; checkpoint=unit_01_06_005.joblib
2026-09-30T06:34:57.878629+00:00 | SKIP model=Random Forest; strategy=Calibrated isotonic + threshold; outer_fold=6; checkpoint=unit_01_06_006.joblib
2026-09-30T06:34:57.901209+00:00 | SKIP model=Random Forest; strategy=Calibrated isotonic + threshold; outer_fold=7; checkpoint=unit_01_06_007.joblib
2026-09-30T06:34:57.910902+00:00 | SKIP model=Random Forest; strategy=Calibrated isotonic + threshold; outer_fold=8; checkpoint=unit_01_06_008.joblib
2026-09-30T06:34:57.917118+00:00 | SKIP model=Random Forest; strategy=Calibrated isotonic + threshold; outer_fold=9; checkpoint=unit_01_06_009.joblib
2026-09-30T06:34:57.921641+00:00 | SKIP model=Random Forest; strategy=Calibrated isotonic + threshold; outer_fold=10; checkpoint=unit_01_06_010.joblib
2026-09-30T06:34:57.926461+00:00 | SKIP model=Random Forest; strategy=Calibrated isotonic + threshold; outer_fold=11; checkpoint=unit_01_06_011.joblib
2026-09-30T06:34:57.946544+00:00 | SKIP model=Random Forest; strategy=Calibrated isotonic + threshold; outer_fold=12; checkpoint=unit_01_06_012.joblib
2026-09-30T06:34:57.951537+00:00 | SKIP model=Random Forest; strategy=Calibrated isotonic + threshold; outer_fold=13; checkpoint=unit_01_06_013.joblib
2026-09-30T06:34:57.957046+00:00 | SKIP model=Random Forest; strategy=Calibrated isotonic + threshold; outer_fold=14; checkpoint=unit_01_06_014.joblib
2026-09-30T06:34:57.961813+00:00 | SKIP model=Random Forest; strategy=Calibrated isotonic + threshold; outer_fold=15; checkpoint=unit_01_06_015.joblib
2026-09-30T06:34:57.966160+00:00 | SKIP model=Random Forest; strategy=Calibrated isotonic + threshold; outer_fold=16; checkpoint=unit_01_06_016.joblib
2026-09-30T06:34:57.970380+00:00 | SKIP model=Random Forest; strategy=Calibrated isotonic + threshold; outer_fold=17; checkpoint=unit_01_06_017.joblib
2026-09-30T06:34:57.992066+00:00 | SKIP model=Random Forest; strategy=Calibrated isotonic + threshold; outer_fold=18; checkpoint=unit_01_06_018.joblib
2026-09-30T06:34:57.999339+00:00 | SKIP model=Random Forest; strategy=Calibrated isotonic + threshold; outer_fold=19; checkpoint=unit_01_06_019.joblib
2026-09-30T06:34:58.005882+00:00 | SKIP model=Random Forest; strategy=Calibrated isotonic + threshold; outer_fold=20; checkpoint=unit_01_06_020.joblib
2026-09-30T06:34:58.011399+00:00 | SKIP model=Random Forest; strategy=Calibrated isotonic + threshold; outer_fold=21; checkpoint=unit_01_06_021.joblib
2026-09-30T06:34:58.017406+00:00 | SKIP model=Random Forest; strategy=Calibrated isotonic + threshold; outer_fold=22; checkpoint=unit_01_06_022.joblib
2026-09-30T06:34:58.023782+00:00 | SKIP model=Random Forest; strategy=Calibrated isotonic + threshold; outer_fold=23; checkpoint=unit_01_06_023.joblib
2026-09-30T06:34:58.028869+00:00 | SKIP model=Random Forest; strategy=Calibrated isotonic + threshold; outer_fold=24; checkpoint=unit_01_06_024.joblib
2026-09-30T06:34:58.033904+00:00 | SKIP model=Random Forest; strategy=Calibrated isotonic + threshold; outer_fold=25; checkpoint=unit_01_06_025.joblib
2026-09-30T06:34:58.059072+00:00 | SKIP model=Random Forest; strategy=Calibrated isotonic + threshold; outer_fold=26; checkpoint=unit_01_06_026.joblib
2026-09-30T06:34:58.070832+00:00 | SKIP model=Random Forest; strategy=Calibrated isotonic + threshold; outer_fold=27; checkpoint=unit_01_06_027.joblib
2026-09-30T06:34:58.075450+00:00 | SKIP model=Random Forest; strategy=Calibrated isotonic + threshold; outer_fold=28; checkpoint=unit_01_06_028.joblib
2026-09-30T06:34:58.094571+00:00 | SKIP model=Random Forest; strategy=Calibrated isotonic + threshold; outer_fold=29; checkpoint=unit_01_06_029.joblib
2026-09-30T06:34:58.101934+00:00 | SKIP model=Random Forest; strategy=Calibrated isotonic + threshold; outer_fold=30; checkpoint=unit_01_06_030.joblib
2026-09-30T06:34:58.108860+00:00 | SKIP model=Random Forest; strategy=Calibrated isotonic + threshold; outer_fold=31; checkpoint=unit_01_06_031.joblib
2026-09-30T06:34:58.113708+00:00 | SKIP model=Random Forest; strategy=Calibrated isotonic + threshold; outer_fold=32; checkpoint=unit_01_06_032.joblib
2026-09-30T06:34:58.117941+00:00 | SKIP model=Random Forest; strategy=Calibrated isotonic + threshold; outer_fold=33; checkpoint=unit_01_06_033.joblib
2026-09-30T06:34:58.121940+00:00 | SKIP model=Random Forest; strategy=Calibrated isotonic + threshold; outer_fold=34; checkpoint=unit_01_06_034.joblib
2026-09-30T06:34:58.141281+00:00 | SKIP model=Random Forest; strategy=Calibrated isotonic + threshold; outer_fold=35; checkpoint=unit_01_06_035.joblib
2026-09-30T06:34:58.165431+00:00 | SKIP model=Random Forest; strategy=Calibrated isotonic + threshold; outer_fold=36; checkpoint=unit_01_06_036.joblib
2026-09-30T06:34:58.175023+00:00 | SKIP model=Random Forest; strategy=Calibrated isotonic + threshold; outer_fold=37; checkpoint=unit_01_06_037.joblib
2026-09-30T06:34:58.180805+00:00 | SKIP model=Random Forest; strategy=Calibrated isotonic + threshold; outer_fold=38; checkpoint=unit_01_06_038.joblib
2026-09-30T06:34:58.200081+00:00 | SKIP model=Random Forest; strategy=Calibrated isotonic + threshold; outer_fold=39; checkpoint=unit_01_06_039.joblib
2026-09-30T06:34:58.226799+00:00 | SKIP model=Random Forest; strategy=Calibrated isotonic + threshold; outer_fold=40; checkpoint=unit_01_06_040.joblib
2026-09-30T06:34:58.249621+00:00 | SKIP model=Random Forest; strategy=Calibrated isotonic + threshold; outer_fold=41; checkpoint=unit_01_06_041.joblib
2026-09-30T06:34:58.261486+00:00 | SKIP model=Random Forest; strategy=Calibrated isotonic + threshold; outer_fold=42; checkpoint=unit_01_06_042.joblib
2026-09-30T06:34:58.283458+00:00 | SKIP model=Random Forest; strategy=Calibrated isotonic + threshold; outer_fold=43; checkpoint=unit_01_06_043.joblib
2026-09-30T06:34:58.294172+00:00 | SKIP model=Random Forest; strategy=Calibrated isotonic + threshold; outer_fold=44; checkpoint=unit_01_06_044.joblib
2026-09-30T06:34:58.298743+00:00 | SKIP model=Random Forest; strategy=Calibrated isotonic + threshold; outer_fold=45; checkpoint=unit_01_06_045.joblib
2026-09-30T06:34:58.306470+00:00 | SKIP model=Random Forest; strategy=Calibrated isotonic + threshold; outer_fold=46; checkpoint=unit_01_06_046.joblib
2026-09-30T06:34:58.312538+00:00 | SKIP model=Random Forest; strategy=Calibrated isotonic + threshold; outer_fold=47; checkpoint=unit_01_06_047.joblib
2026-09-30T06:34:58.318923+00:00 | SKIP model=Random Forest; strategy=Calibrated isotonic + threshold; outer_fold=48; checkpoint=unit_01_06_048.joblib
2026-09-30T06:34:58.342305+00:00 | SKIP model=Random Forest; strategy=Calibrated isotonic + threshold; outer_fold=49; checkpoint=unit_01_06_049.joblib
2026-09-30T06:34:58.342835+00:00 | CONFIG_FINISH model=Random Forest; strategy=Calibrated isotonic + threshold; elapsed_seconds=0.539; n_iter=12; expanded_search=False
2026-09-30T06:34:58.355310+00:00 | SAVED_CONFIG model=Random Forest; strategy=Calibrated isotonic + threshold; rows=700
2026-09-30T06:34:58.355666+00:00 | CONFIG_START model=XGBoost; strategy=No handling; n_iter=12; expanded_search=False
2026-09-30T06:34:58.363173+00:00 | SKIP model=XGBoost; strategy=No handling; outer_fold=0; checkpoint=unit_02_00_000.joblib
2026-09-30T06:34:58.369261+00:00 | SKIP model=XGBoost; strategy=No handling; outer_fold=1; checkpoint=unit_02_00_001.joblib
2026-09-30T06:34:58.374577+00:00 | SKIP model=XGBoost; strategy=No handling; outer_fold=2; checkpoint=unit_02_00_002.joblib
2026-09-30T06:34:58.398685+00:00 | SKIP model=XGBoost; strategy=No handling; outer_fold=3; checkpoint=unit_02_00_003.joblib
2026-09-30T06:34:58.422655+00:00 | SKIP model=XGBoost; strategy=No handling; outer_fold=4; checkpoint=unit_02_00_004.joblib
2026-09-30T06:34:58.429377+00:00 | SKIP model=XGBoost; strategy=No handling; outer_fold=5; checkpoint=unit_02_00_005.joblib
2026-09-30T06:34:58.435237+00:00 | SKIP model=XGBoost; strategy=No handling; outer_fold=6; checkpoint=unit_02_00_006.joblib
2026-09-30T06:34:58.440446+00:00 | SKIP model=XGBoost; strategy=No handling; outer_fold=7; checkpoint=unit_02_00_007.joblib
2026-09-30T06:34:58.447233+00:00 | SKIP model=XGBoost; strategy=No handling; outer_fold=8; checkpoint=unit_02_00_008.joblib
2026-09-30T06:34:58.452656+00:00 | SKIP model=XGBoost; strategy=No handling; outer_fold=9; checkpoint=unit_02_00_009.joblib
2026-09-30T06:34:58.470251+00:00 | SKIP model=XGBoost; strategy=No handling; outer_fold=10; checkpoint=unit_02_00_010.joblib
2026-09-30T06:34:58.491387+00:00 | SKIP model=XGBoost; strategy=No handling; outer_fold=11; checkpoint=unit_02_00_011.joblib
2026-09-30T06:34:58.514182+00:00 | SKIP model=XGBoost; strategy=No handling; outer_fold=12; checkpoint=unit_02_00_012.joblib
2026-09-30T06:34:58.532517+00:00 | SKIP model=XGBoost; strategy=No handling; outer_fold=13; checkpoint=unit_02_00_013.joblib
2026-09-30T06:34:58.554474+00:00 | SKIP model=XGBoost; strategy=No handling; outer_fold=14; checkpoint=unit_02_00_014.joblib
2026-09-30T06:34:58.563576+00:00 | SKIP model=XGBoost; strategy=No handling; outer_fold=15; checkpoint=unit_02_00_015.joblib
2026-09-30T06:34:58.568954+00:00 | SKIP model=XGBoost; strategy=No handling; outer_fold=16; checkpoint=unit_02_00_016.joblib
2026-09-30T06:34:58.573955+00:00 | SKIP model=XGBoost; strategy=No handling; outer_fold=17; checkpoint=unit_02_00_017.joblib
2026-09-30T06:34:58.578537+00:00 | SKIP model=XGBoost; strategy=No handling; outer_fold=18; checkpoint=unit_02_00_018.joblib
2026-09-30T06:34:58.583002+00:00 | SKIP model=XGBoost; strategy=No handling; outer_fold=19; checkpoint=unit_02_00_019.joblib
2026-09-30T06:34:58.587704+00:00 | SKIP model=XGBoost; strategy=No handling; outer_fold=20; checkpoint=unit_02_00_020.joblib
2026-09-30T06:34:58.611095+00:00 | SKIP model=XGBoost; strategy=No handling; outer_fold=21; checkpoint=unit_02_00_021.joblib
2026-09-30T06:34:58.631061+00:00 | SKIP model=XGBoost; strategy=No handling; outer_fold=22; checkpoint=unit_02_00_022.joblib
2026-09-30T06:34:58.650206+00:00 | SKIP model=XGBoost; strategy=No handling; outer_fold=23; checkpoint=unit_02_00_023.joblib
2026-09-30T06:34:58.658834+00:00 | SKIP model=XGBoost; strategy=No handling; outer_fold=24; checkpoint=unit_02_00_024.joblib
2026-09-30T06:34:58.665340+00:00 | SKIP model=XGBoost; strategy=No handling; outer_fold=25; checkpoint=unit_02_00_025.joblib
2026-09-30T06:34:58.672097+00:00 | SKIP model=XGBoost; strategy=No handling; outer_fold=26; checkpoint=unit_02_00_026.joblib
2026-09-30T06:34:58.692136+00:00 | SKIP model=XGBoost; strategy=No handling; outer_fold=27; checkpoint=unit_02_00_027.joblib
2026-09-30T06:34:58.700190+00:00 | SKIP model=XGBoost; strategy=No handling; outer_fold=28; checkpoint=unit_02_00_028.joblib
2026-09-30T06:34:58.705828+00:00 | SKIP model=XGBoost; strategy=No handling; outer_fold=29; checkpoint=unit_02_00_029.joblib
2026-09-30T06:34:58.731702+00:00 | SKIP model=XGBoost; strategy=No handling; outer_fold=30; checkpoint=unit_02_00_030.joblib
2026-09-30T06:34:58.759459+00:00 | SKIP model=XGBoost; strategy=No handling; outer_fold=31; checkpoint=unit_02_00_031.joblib
2026-09-30T06:34:58.778918+00:00 | SKIP model=XGBoost; strategy=No handling; outer_fold=32; checkpoint=unit_02_00_032.joblib
2026-09-30T06:34:58.804444+00:00 | SKIP model=XGBoost; strategy=No handling; outer_fold=33; checkpoint=unit_02_00_033.joblib
2026-09-30T06:34:58.814497+00:00 | SKIP model=XGBoost; strategy=No handling; outer_fold=34; checkpoint=unit_02_00_034.joblib
2026-09-30T06:34:58.837540+00:00 | SKIP model=XGBoost; strategy=No handling; outer_fold=35; checkpoint=unit_02_00_035.joblib
2026-09-30T06:34:58.844025+00:00 | SKIP model=XGBoost; strategy=No handling; outer_fold=36; checkpoint=unit_02_00_036.joblib
2026-09-30T06:34:58.849607+00:00 | SKIP model=XGBoost; strategy=No handling; outer_fold=37; checkpoint=unit_02_00_037.joblib
2026-09-30T06:34:58.867248+00:00 | SKIP model=XGBoost; strategy=No handling; outer_fold=38; checkpoint=unit_02_00_038.joblib
2026-09-30T06:34:58.873453+00:00 | SKIP model=XGBoost; strategy=No handling; outer_fold=39; checkpoint=unit_02_00_039.joblib
2026-09-30T06:34:58.879203+00:00 | SKIP model=XGBoost; strategy=No handling; outer_fold=40; checkpoint=unit_02_00_040.joblib
2026-09-30T06:34:58.885034+00:00 | SKIP model=XGBoost; strategy=No handling; outer_fold=41; checkpoint=unit_02_00_041.joblib
2026-09-30T06:34:58.890816+00:00 | SKIP model=XGBoost; strategy=No handling; outer_fold=42; checkpoint=unit_02_00_042.joblib
2026-09-30T06:34:58.897367+00:00 | SKIP model=XGBoost; strategy=No handling; outer_fold=43; checkpoint=unit_02_00_043.joblib
2026-09-30T06:34:58.917729+00:00 | SKIP model=XGBoost; strategy=No handling; outer_fold=44; checkpoint=unit_02_00_044.joblib
2026-09-30T06:34:58.923086+00:00 | SKIP model=XGBoost; strategy=No handling; outer_fold=45; checkpoint=unit_02_00_045.joblib
2026-09-30T06:34:58.930656+00:00 | SKIP model=XGBoost; strategy=No handling; outer_fold=46; checkpoint=unit_02_00_046.joblib
2026-09-30T06:34:58.951266+00:00 | SKIP model=XGBoost; strategy=No handling; outer_fold=47; checkpoint=unit_02_00_047.joblib
2026-09-30T06:34:58.970445+00:00 | SKIP model=XGBoost; strategy=No handling; outer_fold=48; checkpoint=unit_02_00_048.joblib
2026-09-30T06:34:58.995189+00:00 | SKIP model=XGBoost; strategy=No handling; outer_fold=49; checkpoint=unit_02_00_049.joblib
2026-09-30T06:34:58.995997+00:00 | CONFIG_FINISH model=XGBoost; strategy=No handling; elapsed_seconds=0.640; n_iter=12; expanded_search=False
2026-09-30T06:34:59.008461+00:00 | SAVED_CONFIG model=XGBoost; strategy=No handling; rows=750
2026-09-30T06:34:59.010312+00:00 | CONFIG_START model=XGBoost; strategy=Class weight; n_iter=12; expanded_search=False
2026-09-30T06:34:59.019791+00:00 | SKIP model=XGBoost; strategy=Class weight; outer_fold=0; checkpoint=unit_02_01_000.joblib
2026-09-30T06:34:59.025472+00:00 | SKIP model=XGBoost; strategy=Class weight; outer_fold=1; checkpoint=unit_02_01_001.joblib
2026-09-30T06:34:59.030893+00:00 | SKIP model=XGBoost; strategy=Class weight; outer_fold=2; checkpoint=unit_02_01_002.joblib
2026-09-30T06:34:59.035222+00:00 | SKIP model=XGBoost; strategy=Class weight; outer_fold=3; checkpoint=unit_02_01_003.joblib
2026-09-30T06:34:59.054757+00:00 | SKIP model=XGBoost; strategy=Class weight; outer_fold=4; checkpoint=unit_02_01_004.joblib
2026-09-30T06:34:59.085716+00:00 | SKIP model=XGBoost; strategy=Class weight; outer_fold=5; checkpoint=unit_02_01_005.joblib
2026-09-30T06:34:59.093059+00:00 | SKIP model=XGBoost; strategy=Class weight; outer_fold=6; checkpoint=unit_02_01_006.joblib
2026-09-30T06:34:59.117318+00:00 | SKIP model=XGBoost; strategy=Class weight; outer_fold=7; checkpoint=unit_02_01_007.joblib
2026-09-30T06:34:59.146041+00:00 | SKIP model=XGBoost; strategy=Class weight; outer_fold=8; checkpoint=unit_02_01_008.joblib
2026-09-30T06:34:59.156270+00:00 | SKIP model=XGBoost; strategy=Class weight; outer_fold=9; checkpoint=unit_02_01_009.joblib
2026-09-30T06:34:59.161578+00:00 | SKIP model=XGBoost; strategy=Class weight; outer_fold=10; checkpoint=unit_02_01_010.joblib
2026-09-30T06:34:59.166399+00:00 | SKIP model=XGBoost; strategy=Class weight; outer_fold=11; checkpoint=unit_02_01_011.joblib
2026-09-30T06:34:59.171573+00:00 | SKIP model=XGBoost; strategy=Class weight; outer_fold=12; checkpoint=unit_02_01_012.joblib
2026-09-30T06:34:59.176189+00:00 | SKIP model=XGBoost; strategy=Class weight; outer_fold=13; checkpoint=unit_02_01_013.joblib
2026-09-30T06:34:59.180754+00:00 | SKIP model=XGBoost; strategy=Class weight; outer_fold=14; checkpoint=unit_02_01_014.joblib
2026-09-30T06:34:59.185491+00:00 | SKIP model=XGBoost; strategy=Class weight; outer_fold=15; checkpoint=unit_02_01_015.joblib
2026-09-30T06:34:59.207861+00:00 | SKIP model=XGBoost; strategy=Class weight; outer_fold=16; checkpoint=unit_02_01_016.joblib
2026-09-30T06:34:59.234169+00:00 | SKIP model=XGBoost; strategy=Class weight; outer_fold=17; checkpoint=unit_02_01_017.joblib
2026-09-30T06:34:59.257170+00:00 | SKIP model=XGBoost; strategy=Class weight; outer_fold=18; checkpoint=unit_02_01_018.joblib
2026-09-30T06:34:59.285284+00:00 | SKIP model=XGBoost; strategy=Class weight; outer_fold=19; checkpoint=unit_02_01_019.joblib
2026-09-30T06:34:59.313345+00:00 | SKIP model=XGBoost; strategy=Class weight; outer_fold=20; checkpoint=unit_02_01_020.joblib
2026-09-30T06:34:59.314504+00:00 | START model=XGBoost; strategy=Class weight; outer_fold=21
2026-09-30T06:35:05.248844+00:00 | FINISH model=XGBoost; strategy=Class weight; outer_fold=21; elapsed_seconds=5.934
2026-09-30T06:35:05.249136+00:00 | START model=XGBoost; strategy=Class weight; outer_fold=22
2026-09-30T06:35:05.901612+00:00 | FINISH model=XGBoost; strategy=Class weight; outer_fold=22; elapsed_seconds=0.652
2026-09-30T06:35:05.901960+00:00 | START model=XGBoost; strategy=Class weight; outer_fold=23
2026-09-30T06:35:06.597105+00:00 | FINISH model=XGBoost; strategy=Class weight; outer_fold=23; elapsed_seconds=0.695
2026-09-30T06:35:06.597433+00:00 | START model=XGBoost; strategy=Class weight; outer_fold=24
2026-09-30T06:35:07.248656+00:00 | FINISH model=XGBoost; strategy=Class weight; outer_fold=24; elapsed_seconds=0.651
2026-09-30T06:35:07.249021+00:00 | START model=XGBoost; strategy=Class weight; outer_fold=25
2026-09-30T06:35:07.886448+00:00 | FINISH model=XGBoost; strategy=Class weight; outer_fold=25; elapsed_seconds=0.637
2026-09-30T06:35:07.887024+00:00 | START model=XGBoost; strategy=Class weight; outer_fold=26
2026-09-30T06:35:08.563233+00:00 | FINISH model=XGBoost; strategy=Class weight; outer_fold=26; elapsed_seconds=0.676
2026-09-30T06:35:08.563625+00:00 | START model=XGBoost; strategy=Class weight; outer_fold=27
2026-09-30T06:35:09.305170+00:00 | FINISH model=XGBoost; strategy=Class weight; outer_fold=27; elapsed_seconds=0.742
2026-09-30T06:35:09.305445+00:00 | START model=XGBoost; strategy=Class weight; outer_fold=28
2026-09-30T06:35:10.201049+00:00 | FINISH model=XGBoost; strategy=Class weight; outer_fold=28; elapsed_seconds=0.896
2026-09-30T06:35:10.201834+00:00 | START model=XGBoost; strategy=Class weight; outer_fold=29
2026-09-30T06:35:10.936928+00:00 | FINISH model=XGBoost; strategy=Class weight; outer_fold=29; elapsed_seconds=0.735
2026-09-30T06:35:10.939489+00:00 | START model=XGBoost; strategy=Class weight; outer_fold=30
2026-09-30T06:35:11.711899+00:00 | FINISH model=XGBoost; strategy=Class weight; outer_fold=30; elapsed_seconds=0.772
2026-09-30T06:35:11.712336+00:00 | START model=XGBoost; strategy=Class weight; outer_fold=31
2026-09-30T06:35:12.662186+00:00 | FINISH model=XGBoost; strategy=Class weight; outer_fold=31; elapsed_seconds=0.950
2026-09-30T06:35:12.662522+00:00 | START model=XGBoost; strategy=Class weight; outer_fold=32
2026-09-30T06:35:13.422957+00:00 | FINISH model=XGBoost; strategy=Class weight; outer_fold=32; elapsed_seconds=0.760
2026-09-30T06:35:13.423293+00:00 | START model=XGBoost; strategy=Class weight; outer_fold=33
2026-09-30T06:35:14.119855+00:00 | FINISH model=XGBoost; strategy=Class weight; outer_fold=33; elapsed_seconds=0.697
2026-09-30T06:35:14.120181+00:00 | START model=XGBoost; strategy=Class weight; outer_fold=34
2026-09-30T06:35:14.886119+00:00 | FINISH model=XGBoost; strategy=Class weight; outer_fold=34; elapsed_seconds=0.766
2026-09-30T06:35:14.888574+00:00 | START model=XGBoost; strategy=Class weight; outer_fold=35
2026-09-30T06:35:15.648439+00:00 | FINISH model=XGBoost; strategy=Class weight; outer_fold=35; elapsed_seconds=0.760
2026-09-30T06:35:15.648892+00:00 | START model=XGBoost; strategy=Class weight; outer_fold=36
2026-09-30T06:35:16.499671+00:00 | FINISH model=XGBoost; strategy=Class weight; outer_fold=36; elapsed_seconds=0.851
2026-09-30T06:35:16.499991+00:00 | START model=XGBoost; strategy=Class weight; outer_fold=37
2026-09-30T06:35:17.338379+00:00 | FINISH model=XGBoost; strategy=Class weight; outer_fold=37; elapsed_seconds=0.838
2026-09-30T06:35:17.338733+00:00 | START model=XGBoost; strategy=Class weight; outer_fold=38
2026-09-30T06:35:18.182748+00:00 | FINISH model=XGBoost; strategy=Class weight; outer_fold=38; elapsed_seconds=0.844
2026-09-30T06:35:18.183388+00:00 | START model=XGBoost; strategy=Class weight; outer_fold=39
2026-09-30T06:35:18.969475+00:00 | FINISH model=XGBoost; strategy=Class weight; outer_fold=39; elapsed_seconds=0.786
2026-09-30T06:35:18.969832+00:00 | START model=XGBoost; strategy=Class weight; outer_fold=40
2026-09-30T06:35:19.944792+00:00 | FINISH model=XGBoost; strategy=Class weight; outer_fold=40; elapsed_seconds=0.975
2026-09-30T06:35:19.946064+00:00 | START model=XGBoost; strategy=Class weight; outer_fold=41
2026-09-30T06:35:20.681961+00:00 | FINISH model=XGBoost; strategy=Class weight; outer_fold=41; elapsed_seconds=0.736
2026-09-30T06:35:20.684302+00:00 | START model=XGBoost; strategy=Class weight; outer_fold=42
2026-09-30T06:35:21.606972+00:00 | FINISH model=XGBoost; strategy=Class weight; outer_fold=42; elapsed_seconds=0.922
2026-09-30T06:35:21.607336+00:00 | START model=XGBoost; strategy=Class weight; outer_fold=43
2026-09-30T06:35:22.325320+00:00 | FINISH model=XGBoost; strategy=Class weight; outer_fold=43; elapsed_seconds=0.718
2026-09-30T06:35:22.327615+00:00 | START model=XGBoost; strategy=Class weight; outer_fold=44
2026-09-30T06:35:23.042500+00:00 | FINISH model=XGBoost; strategy=Class weight; outer_fold=44; elapsed_seconds=0.715
2026-09-30T06:35:23.042907+00:00 | START model=XGBoost; strategy=Class weight; outer_fold=45
2026-09-30T06:35:23.949897+00:00 | FINISH model=XGBoost; strategy=Class weight; outer_fold=45; elapsed_seconds=0.907
2026-09-30T06:35:23.952142+00:00 | START model=XGBoost; strategy=Class weight; outer_fold=46
2026-09-30T06:35:24.853541+00:00 | FINISH model=XGBoost; strategy=Class weight; outer_fold=46; elapsed_seconds=0.901
2026-09-30T06:35:24.855979+00:00 | START model=XGBoost; strategy=Class weight; outer_fold=47
2026-09-30T06:35:25.546583+00:00 | FINISH model=XGBoost; strategy=Class weight; outer_fold=47; elapsed_seconds=0.691
2026-09-30T06:35:25.548896+00:00 | START model=XGBoost; strategy=Class weight; outer_fold=48
2026-09-30T06:35:26.228010+00:00 | FINISH model=XGBoost; strategy=Class weight; outer_fold=48; elapsed_seconds=0.679
2026-09-30T06:35:26.230403+00:00 | START model=XGBoost; strategy=Class weight; outer_fold=49
2026-09-30T06:35:27.013736+00:00 | FINISH model=XGBoost; strategy=Class weight; outer_fold=49; elapsed_seconds=0.783
2026-09-30T06:35:27.016354+00:00 | CONFIG_FINISH model=XGBoost; strategy=Class weight; elapsed_seconds=28.007; n_iter=12; expanded_search=False
2026-09-30T06:35:27.029736+00:00 | SAVED_CONFIG model=XGBoost; strategy=Class weight; rows=800
2026-09-30T06:35:27.031671+00:00 | CONFIG_START model=XGBoost; strategy=SMOTE-NC; n_iter=12; expanded_search=False
2026-09-30T06:35:27.032011+00:00 | START model=XGBoost; strategy=SMOTE-NC; outer_fold=0
2026-09-30T06:35:28.571601+00:00 | FINISH model=XGBoost; strategy=SMOTE-NC; outer_fold=0; elapsed_seconds=1.540
2026-09-30T06:35:28.573838+00:00 | START model=XGBoost; strategy=SMOTE-NC; outer_fold=1
2026-09-30T06:35:30.008226+00:00 | FINISH model=XGBoost; strategy=SMOTE-NC; outer_fold=1; elapsed_seconds=1.434
2026-09-30T06:35:30.009843+00:00 | START model=XGBoost; strategy=SMOTE-NC; outer_fold=2
2026-09-30T06:35:31.424850+00:00 | FINISH model=XGBoost; strategy=SMOTE-NC; outer_fold=2; elapsed_seconds=1.415
2026-09-30T06:35:31.427077+00:00 | START model=XGBoost; strategy=SMOTE-NC; outer_fold=3
2026-09-30T06:35:33.175730+00:00 | FINISH model=XGBoost; strategy=SMOTE-NC; outer_fold=3; elapsed_seconds=1.749
2026-09-30T06:35:33.178031+00:00 | START model=XGBoost; strategy=SMOTE-NC; outer_fold=4
2026-09-30T06:35:35.672003+00:00 | FINISH model=XGBoost; strategy=SMOTE-NC; outer_fold=4; elapsed_seconds=2.494
2026-09-30T06:35:35.673780+00:00 | START model=XGBoost; strategy=SMOTE-NC; outer_fold=5
2026-09-30T06:35:38.321806+00:00 | FINISH model=XGBoost; strategy=SMOTE-NC; outer_fold=5; elapsed_seconds=2.648
2026-09-30T06:35:38.322559+00:00 | START model=XGBoost; strategy=SMOTE-NC; outer_fold=6
2026-09-30T06:35:41.514000+00:00 | FINISH model=XGBoost; strategy=SMOTE-NC; outer_fold=6; elapsed_seconds=3.192
2026-09-30T06:35:41.516103+00:00 | START model=XGBoost; strategy=SMOTE-NC; outer_fold=7
2026-09-30T06:35:43.914285+00:00 | FINISH model=XGBoost; strategy=SMOTE-NC; outer_fold=7; elapsed_seconds=2.398
2026-09-30T06:35:43.915986+00:00 | START model=XGBoost; strategy=SMOTE-NC; outer_fold=8
2026-09-30T06:35:45.640994+00:00 | FINISH model=XGBoost; strategy=SMOTE-NC; outer_fold=8; elapsed_seconds=1.725
2026-09-30T06:35:45.643114+00:00 | START model=XGBoost; strategy=SMOTE-NC; outer_fold=9
2026-09-30T06:35:47.717425+00:00 | FINISH model=XGBoost; strategy=SMOTE-NC; outer_fold=9; elapsed_seconds=2.074
2026-09-30T06:35:47.718844+00:00 | START model=XGBoost; strategy=SMOTE-NC; outer_fold=10
2026-09-30T06:35:50.693574+00:00 | FINISH model=XGBoost; strategy=SMOTE-NC; outer_fold=10; elapsed_seconds=2.975
2026-09-30T06:35:50.695903+00:00 | START model=XGBoost; strategy=SMOTE-NC; outer_fold=11
2026-09-30T06:35:52.494880+00:00 | FINISH model=XGBoost; strategy=SMOTE-NC; outer_fold=11; elapsed_seconds=1.799
2026-09-30T06:35:52.497126+00:00 | START model=XGBoost; strategy=SMOTE-NC; outer_fold=12
2026-09-30T06:35:54.263093+00:00 | FINISH model=XGBoost; strategy=SMOTE-NC; outer_fold=12; elapsed_seconds=1.766
2026-09-30T06:35:54.263842+00:00 | START model=XGBoost; strategy=SMOTE-NC; outer_fold=13
2026-09-30T06:35:56.070124+00:00 | FINISH model=XGBoost; strategy=SMOTE-NC; outer_fold=13; elapsed_seconds=1.806
2026-09-30T06:35:56.072321+00:00 | START model=XGBoost; strategy=SMOTE-NC; outer_fold=14
2026-09-30T06:35:58.125564+00:00 | FINISH model=XGBoost; strategy=SMOTE-NC; outer_fold=14; elapsed_seconds=2.053
2026-09-30T06:35:58.126035+00:00 | START model=XGBoost; strategy=SMOTE-NC; outer_fold=15
2026-09-30T06:35:59.939692+00:00 | FINISH model=XGBoost; strategy=SMOTE-NC; outer_fold=15; elapsed_seconds=1.813
2026-09-30T06:35:59.940698+00:00 | START model=XGBoost; strategy=SMOTE-NC; outer_fold=16
2026-09-30T06:36:01.761507+00:00 | FINISH model=XGBoost; strategy=SMOTE-NC; outer_fold=16; elapsed_seconds=1.821
2026-09-30T06:36:01.763714+00:00 | START model=XGBoost; strategy=SMOTE-NC; outer_fold=17
2026-09-30T06:36:03.802940+00:00 | FINISH model=XGBoost; strategy=SMOTE-NC; outer_fold=17; elapsed_seconds=2.039
2026-09-30T06:36:03.805176+00:00 | START model=XGBoost; strategy=SMOTE-NC; outer_fold=18
2026-09-30T06:36:06.131910+00:00 | FINISH model=XGBoost; strategy=SMOTE-NC; outer_fold=18; elapsed_seconds=2.327
2026-09-30T06:36:06.134339+00:00 | START model=XGBoost; strategy=SMOTE-NC; outer_fold=19
2026-09-30T06:36:07.933273+00:00 | FINISH model=XGBoost; strategy=SMOTE-NC; outer_fold=19; elapsed_seconds=1.799
2026-09-30T06:36:07.933883+00:00 | START model=XGBoost; strategy=SMOTE-NC; outer_fold=20
2026-09-30T06:36:09.624588+00:00 | FINISH model=XGBoost; strategy=SMOTE-NC; outer_fold=20; elapsed_seconds=1.691
2026-09-30T06:36:09.626831+00:00 | START model=XGBoost; strategy=SMOTE-NC; outer_fold=21
2026-09-30T06:36:11.322392+00:00 | FINISH model=XGBoost; strategy=SMOTE-NC; outer_fold=21; elapsed_seconds=1.696
2026-09-30T06:36:11.324589+00:00 | START model=XGBoost; strategy=SMOTE-NC; outer_fold=22
2026-09-30T06:36:13.018385+00:00 | FINISH model=XGBoost; strategy=SMOTE-NC; outer_fold=22; elapsed_seconds=1.694
2026-09-30T06:36:13.020709+00:00 | START model=XGBoost; strategy=SMOTE-NC; outer_fold=23
2026-09-30T06:36:14.868061+00:00 | FINISH model=XGBoost; strategy=SMOTE-NC; outer_fold=23; elapsed_seconds=1.847
2026-09-30T06:36:14.870318+00:00 | START model=XGBoost; strategy=SMOTE-NC; outer_fold=24
2026-09-30T06:36:16.458990+00:00 | FINISH model=XGBoost; strategy=SMOTE-NC; outer_fold=24; elapsed_seconds=1.589
2026-09-30T06:36:16.460396+00:00 | START model=XGBoost; strategy=SMOTE-NC; outer_fold=25
2026-09-30T06:36:18.622818+00:00 | FINISH model=XGBoost; strategy=SMOTE-NC; outer_fold=25; elapsed_seconds=2.162
2026-09-30T06:36:18.625281+00:00 | START model=XGBoost; strategy=SMOTE-NC; outer_fold=26
2026-09-30T06:36:20.260044+00:00 | FINISH model=XGBoost; strategy=SMOTE-NC; outer_fold=26; elapsed_seconds=1.635
2026-09-30T06:36:20.262621+00:00 | START model=XGBoost; strategy=SMOTE-NC; outer_fold=27
2026-09-30T06:36:21.906682+00:00 | FINISH model=XGBoost; strategy=SMOTE-NC; outer_fold=27; elapsed_seconds=1.644
2026-09-30T06:36:21.908250+00:00 | START model=XGBoost; strategy=SMOTE-NC; outer_fold=28
2026-09-30T06:36:23.454518+00:00 | FINISH model=XGBoost; strategy=SMOTE-NC; outer_fold=28; elapsed_seconds=1.546
2026-09-30T06:36:23.456965+00:00 | START model=XGBoost; strategy=SMOTE-NC; outer_fold=29
2026-09-30T06:36:25.733502+00:00 | FINISH model=XGBoost; strategy=SMOTE-NC; outer_fold=29; elapsed_seconds=2.277
2026-09-30T06:36:25.735635+00:00 | START model=XGBoost; strategy=SMOTE-NC; outer_fold=30
2026-09-30T06:36:27.347943+00:00 | FINISH model=XGBoost; strategy=SMOTE-NC; outer_fold=30; elapsed_seconds=1.612
2026-09-30T06:36:27.350209+00:00 | START model=XGBoost; strategy=SMOTE-NC; outer_fold=31
2026-09-30T06:36:28.820622+00:00 | FINISH model=XGBoost; strategy=SMOTE-NC; outer_fold=31; elapsed_seconds=1.470
2026-09-30T06:36:28.822839+00:00 | START model=XGBoost; strategy=SMOTE-NC; outer_fold=32
2026-09-30T06:36:30.710637+00:00 | FINISH model=XGBoost; strategy=SMOTE-NC; outer_fold=32; elapsed_seconds=1.888
2026-09-30T06:36:30.715206+00:00 | START model=XGBoost; strategy=SMOTE-NC; outer_fold=33
2026-09-30T06:36:32.389169+00:00 | FINISH model=XGBoost; strategy=SMOTE-NC; outer_fold=33; elapsed_seconds=1.674
2026-09-30T06:36:32.390610+00:00 | START model=XGBoost; strategy=SMOTE-NC; outer_fold=34
2026-09-30T06:36:33.866788+00:00 | FINISH model=XGBoost; strategy=SMOTE-NC; outer_fold=34; elapsed_seconds=1.476
2026-09-30T06:36:33.869002+00:00 | START model=XGBoost; strategy=SMOTE-NC; outer_fold=35
2026-09-30T06:36:35.311912+00:00 | FINISH model=XGBoost; strategy=SMOTE-NC; outer_fold=35; elapsed_seconds=1.443
2026-09-30T06:36:35.314284+00:00 | START model=XGBoost; strategy=SMOTE-NC; outer_fold=36
2026-09-30T06:36:36.851258+00:00 | FINISH model=XGBoost; strategy=SMOTE-NC; outer_fold=36; elapsed_seconds=1.537
2026-09-30T06:36:36.852590+00:00 | START model=XGBoost; strategy=SMOTE-NC; outer_fold=37
2026-09-30T06:36:38.319538+00:00 | FINISH model=XGBoost; strategy=SMOTE-NC; outer_fold=37; elapsed_seconds=1.467
2026-09-30T06:36:38.321870+00:00 | START model=XGBoost; strategy=SMOTE-NC; outer_fold=38
2026-09-30T06:36:39.973197+00:00 | FINISH model=XGBoost; strategy=SMOTE-NC; outer_fold=38; elapsed_seconds=1.651
2026-09-30T06:36:39.975489+00:00 | START model=XGBoost; strategy=SMOTE-NC; outer_fold=39
2026-09-30T06:36:41.775978+00:00 | FINISH model=XGBoost; strategy=SMOTE-NC; outer_fold=39; elapsed_seconds=1.800
2026-09-30T06:36:41.778133+00:00 | START model=XGBoost; strategy=SMOTE-NC; outer_fold=40
2026-09-30T06:36:43.265415+00:00 | FINISH model=XGBoost; strategy=SMOTE-NC; outer_fold=40; elapsed_seconds=1.487
2026-09-30T06:36:43.265965+00:00 | START model=XGBoost; strategy=SMOTE-NC; outer_fold=41
2026-09-30T06:36:44.540427+00:00 | FINISH model=XGBoost; strategy=SMOTE-NC; outer_fold=41; elapsed_seconds=1.274
2026-09-30T06:36:44.542629+00:00 | START model=XGBoost; strategy=SMOTE-NC; outer_fold=42
2026-09-30T06:36:45.983812+00:00 | FINISH model=XGBoost; strategy=SMOTE-NC; outer_fold=42; elapsed_seconds=1.441
2026-09-30T06:36:45.986243+00:00 | START model=XGBoost; strategy=SMOTE-NC; outer_fold=43
2026-09-30T06:36:47.731927+00:00 | FINISH model=XGBoost; strategy=SMOTE-NC; outer_fold=43; elapsed_seconds=1.746
2026-09-30T06:36:47.734125+00:00 | START model=XGBoost; strategy=SMOTE-NC; outer_fold=44
2026-09-30T06:36:49.549516+00:00 | FINISH model=XGBoost; strategy=SMOTE-NC; outer_fold=44; elapsed_seconds=1.815
2026-09-30T06:36:49.551821+00:00 | START model=XGBoost; strategy=SMOTE-NC; outer_fold=45
2026-09-30T06:36:50.900083+00:00 | FINISH model=XGBoost; strategy=SMOTE-NC; outer_fold=45; elapsed_seconds=1.348
2026-09-30T06:36:50.902387+00:00 | START model=XGBoost; strategy=SMOTE-NC; outer_fold=46
2026-09-30T06:36:52.099103+00:00 | FINISH model=XGBoost; strategy=SMOTE-NC; outer_fold=46; elapsed_seconds=1.196
2026-09-30T06:36:52.101285+00:00 | START model=XGBoost; strategy=SMOTE-NC; outer_fold=47
2026-09-30T06:36:53.323666+00:00 | FINISH model=XGBoost; strategy=SMOTE-NC; outer_fold=47; elapsed_seconds=1.222
2026-09-30T06:36:53.324475+00:00 | START model=XGBoost; strategy=SMOTE-NC; outer_fold=48
2026-09-30T06:36:54.730650+00:00 | FINISH model=XGBoost; strategy=SMOTE-NC; outer_fold=48; elapsed_seconds=1.406
2026-09-30T06:36:54.732788+00:00 | START model=XGBoost; strategy=SMOTE-NC; outer_fold=49
2026-09-30T06:36:56.477815+00:00 | FINISH model=XGBoost; strategy=SMOTE-NC; outer_fold=49; elapsed_seconds=1.745
2026-09-30T06:36:56.478361+00:00 | CONFIG_FINISH model=XGBoost; strategy=SMOTE-NC; elapsed_seconds=89.447; n_iter=12; expanded_search=False
2026-09-30T06:36:56.488844+00:00 | SAVED_CONFIG model=XGBoost; strategy=SMOTE-NC; rows=850
2026-09-30T06:36:56.489167+00:00 | CONFIG_START model=XGBoost; strategy=Random undersampling; n_iter=12; expanded_search=False
2026-09-30T06:36:56.489471+00:00 | START model=XGBoost; strategy=Random undersampling; outer_fold=0
2026-09-30T06:36:57.037204+00:00 | FINISH model=XGBoost; strategy=Random undersampling; outer_fold=0; elapsed_seconds=0.548
2026-09-30T06:36:57.039269+00:00 | START model=XGBoost; strategy=Random undersampling; outer_fold=1
2026-09-30T06:36:57.501581+00:00 | FINISH model=XGBoost; strategy=Random undersampling; outer_fold=1; elapsed_seconds=0.462
2026-09-30T06:36:57.502084+00:00 | START model=XGBoost; strategy=Random undersampling; outer_fold=2
2026-09-30T06:36:58.023361+00:00 | FINISH model=XGBoost; strategy=Random undersampling; outer_fold=2; elapsed_seconds=0.521
2026-09-30T06:36:58.023921+00:00 | START model=XGBoost; strategy=Random undersampling; outer_fold=3
2026-09-30T06:36:58.520433+00:00 | FINISH model=XGBoost; strategy=Random undersampling; outer_fold=3; elapsed_seconds=0.496
2026-09-30T06:36:58.522526+00:00 | START model=XGBoost; strategy=Random undersampling; outer_fold=4
2026-09-30T06:36:58.996381+00:00 | FINISH model=XGBoost; strategy=Random undersampling; outer_fold=4; elapsed_seconds=0.474
2026-09-30T06:36:58.998593+00:00 | START model=XGBoost; strategy=Random undersampling; outer_fold=5
2026-09-30T06:36:59.505635+00:00 | FINISH model=XGBoost; strategy=Random undersampling; outer_fold=5; elapsed_seconds=0.507
2026-09-30T06:36:59.506951+00:00 | START model=XGBoost; strategy=Random undersampling; outer_fold=6
2026-09-30T06:36:59.999409+00:00 | FINISH model=XGBoost; strategy=Random undersampling; outer_fold=6; elapsed_seconds=0.492
2026-09-30T06:37:00.001641+00:00 | START model=XGBoost; strategy=Random undersampling; outer_fold=7
2026-09-30T06:37:00.490770+00:00 | FINISH model=XGBoost; strategy=Random undersampling; outer_fold=7; elapsed_seconds=0.489
2026-09-30T06:37:00.491380+00:00 | START model=XGBoost; strategy=Random undersampling; outer_fold=8
2026-09-30T06:37:01.104984+00:00 | FINISH model=XGBoost; strategy=Random undersampling; outer_fold=8; elapsed_seconds=0.614
2026-09-30T06:37:01.107132+00:00 | START model=XGBoost; strategy=Random undersampling; outer_fold=9
2026-09-30T06:37:01.629119+00:00 | FINISH model=XGBoost; strategy=Random undersampling; outer_fold=9; elapsed_seconds=0.522
2026-09-30T06:37:01.631278+00:00 | START model=XGBoost; strategy=Random undersampling; outer_fold=10
2026-09-30T06:37:02.158033+00:00 | FINISH model=XGBoost; strategy=Random undersampling; outer_fold=10; elapsed_seconds=0.527
2026-09-30T06:37:02.160156+00:00 | START model=XGBoost; strategy=Random undersampling; outer_fold=11
2026-09-30T06:37:02.723053+00:00 | FINISH model=XGBoost; strategy=Random undersampling; outer_fold=11; elapsed_seconds=0.563
2026-09-30T06:37:02.725463+00:00 | START model=XGBoost; strategy=Random undersampling; outer_fold=12
2026-09-30T06:37:03.248319+00:00 | FINISH model=XGBoost; strategy=Random undersampling; outer_fold=12; elapsed_seconds=0.523
2026-09-30T06:37:03.250606+00:00 | START model=XGBoost; strategy=Random undersampling; outer_fold=13
2026-09-30T06:37:03.772318+00:00 | FINISH model=XGBoost; strategy=Random undersampling; outer_fold=13; elapsed_seconds=0.522
2026-09-30T06:37:03.774675+00:00 | START model=XGBoost; strategy=Random undersampling; outer_fold=14
2026-09-30T06:37:04.343084+00:00 | FINISH model=XGBoost; strategy=Random undersampling; outer_fold=14; elapsed_seconds=0.568
2026-09-30T06:37:04.344511+00:00 | START model=XGBoost; strategy=Random undersampling; outer_fold=15
2026-09-30T06:37:04.879474+00:00 | FINISH model=XGBoost; strategy=Random undersampling; outer_fold=15; elapsed_seconds=0.535
2026-09-30T06:37:04.881772+00:00 | START model=XGBoost; strategy=Random undersampling; outer_fold=16
2026-09-30T06:37:05.450007+00:00 | FINISH model=XGBoost; strategy=Random undersampling; outer_fold=16; elapsed_seconds=0.568
2026-09-30T06:37:05.452199+00:00 | START model=XGBoost; strategy=Random undersampling; outer_fold=17
2026-09-30T06:37:05.981530+00:00 | FINISH model=XGBoost; strategy=Random undersampling; outer_fold=17; elapsed_seconds=0.529
2026-09-30T06:37:05.983883+00:00 | START model=XGBoost; strategy=Random undersampling; outer_fold=18
2026-09-30T06:37:06.521411+00:00 | FINISH model=XGBoost; strategy=Random undersampling; outer_fold=18; elapsed_seconds=0.538
2026-09-30T06:37:06.523646+00:00 | START model=XGBoost; strategy=Random undersampling; outer_fold=19
2026-09-30T06:37:07.045279+00:00 | FINISH model=XGBoost; strategy=Random undersampling; outer_fold=19; elapsed_seconds=0.522
2026-09-30T06:37:07.046718+00:00 | START model=XGBoost; strategy=Random undersampling; outer_fold=20
2026-09-30T06:37:07.591896+00:00 | FINISH model=XGBoost; strategy=Random undersampling; outer_fold=20; elapsed_seconds=0.545
2026-09-30T06:37:07.594443+00:00 | START model=XGBoost; strategy=Random undersampling; outer_fold=21
2026-09-30T06:37:08.081668+00:00 | FINISH model=XGBoost; strategy=Random undersampling; outer_fold=21; elapsed_seconds=0.487
2026-09-30T06:37:08.084192+00:00 | START model=XGBoost; strategy=Random undersampling; outer_fold=22
2026-09-30T06:37:08.584602+00:00 | FINISH model=XGBoost; strategy=Random undersampling; outer_fold=22; elapsed_seconds=0.500
2026-09-30T06:37:08.586867+00:00 | START model=XGBoost; strategy=Random undersampling; outer_fold=23
2026-09-30T06:37:09.088787+00:00 | FINISH model=XGBoost; strategy=Random undersampling; outer_fold=23; elapsed_seconds=0.502
2026-09-30T06:37:09.090887+00:00 | START model=XGBoost; strategy=Random undersampling; outer_fold=24
2026-09-30T06:37:09.598159+00:00 | FINISH model=XGBoost; strategy=Random undersampling; outer_fold=24; elapsed_seconds=0.507
2026-09-30T06:37:09.600306+00:00 | START model=XGBoost; strategy=Random undersampling; outer_fold=25
2026-09-30T06:37:10.094184+00:00 | FINISH model=XGBoost; strategy=Random undersampling; outer_fold=25; elapsed_seconds=0.494
2026-09-30T06:37:10.094687+00:00 | START model=XGBoost; strategy=Random undersampling; outer_fold=26
2026-09-30T06:37:10.601390+00:00 | FINISH model=XGBoost; strategy=Random undersampling; outer_fold=26; elapsed_seconds=0.507
2026-09-30T06:37:10.603861+00:00 | START model=XGBoost; strategy=Random undersampling; outer_fold=27
2026-09-30T06:37:11.115586+00:00 | FINISH model=XGBoost; strategy=Random undersampling; outer_fold=27; elapsed_seconds=0.512
2026-09-30T06:37:11.116116+00:00 | START model=XGBoost; strategy=Random undersampling; outer_fold=28
2026-09-30T06:37:11.610438+00:00 | FINISH model=XGBoost; strategy=Random undersampling; outer_fold=28; elapsed_seconds=0.494
2026-09-30T06:37:11.612998+00:00 | START model=XGBoost; strategy=Random undersampling; outer_fold=29
2026-09-30T06:37:12.084920+00:00 | FINISH model=XGBoost; strategy=Random undersampling; outer_fold=29; elapsed_seconds=0.472
2026-09-30T06:37:12.085682+00:00 | START model=XGBoost; strategy=Random undersampling; outer_fold=30
2026-09-30T06:37:12.597657+00:00 | FINISH model=XGBoost; strategy=Random undersampling; outer_fold=30; elapsed_seconds=0.512
2026-09-30T06:37:12.598539+00:00 | START model=XGBoost; strategy=Random undersampling; outer_fold=31
2026-09-30T06:37:13.088200+00:00 | FINISH model=XGBoost; strategy=Random undersampling; outer_fold=31; elapsed_seconds=0.490
2026-09-30T06:37:13.088654+00:00 | START model=XGBoost; strategy=Random undersampling; outer_fold=32
2026-09-30T06:37:13.579426+00:00 | FINISH model=XGBoost; strategy=Random undersampling; outer_fold=32; elapsed_seconds=0.491
2026-09-30T06:37:13.581597+00:00 | START model=XGBoost; strategy=Random undersampling; outer_fold=33
2026-09-30T06:37:14.082993+00:00 | FINISH model=XGBoost; strategy=Random undersampling; outer_fold=33; elapsed_seconds=0.501
2026-09-30T06:37:14.085043+00:00 | START model=XGBoost; strategy=Random undersampling; outer_fold=34
2026-09-30T06:37:14.573162+00:00 | FINISH model=XGBoost; strategy=Random undersampling; outer_fold=34; elapsed_seconds=0.488
2026-09-30T06:37:14.575382+00:00 | START model=XGBoost; strategy=Random undersampling; outer_fold=35
2026-09-30T06:37:15.081219+00:00 | FINISH model=XGBoost; strategy=Random undersampling; outer_fold=35; elapsed_seconds=0.506
2026-09-30T06:37:15.083443+00:00 | START model=XGBoost; strategy=Random undersampling; outer_fold=36
2026-09-30T06:37:15.568778+00:00 | FINISH model=XGBoost; strategy=Random undersampling; outer_fold=36; elapsed_seconds=0.485
2026-09-30T06:37:15.569476+00:00 | START model=XGBoost; strategy=Random undersampling; outer_fold=37
2026-09-30T06:37:16.080467+00:00 | FINISH model=XGBoost; strategy=Random undersampling; outer_fold=37; elapsed_seconds=0.511
2026-09-30T06:37:16.082612+00:00 | START model=XGBoost; strategy=Random undersampling; outer_fold=38
2026-09-30T06:37:16.621908+00:00 | FINISH model=XGBoost; strategy=Random undersampling; outer_fold=38; elapsed_seconds=0.539
2026-09-30T06:37:16.622516+00:00 | START model=XGBoost; strategy=Random undersampling; outer_fold=39
2026-09-30T06:37:17.128468+00:00 | FINISH model=XGBoost; strategy=Random undersampling; outer_fold=39; elapsed_seconds=0.506
2026-09-30T06:37:17.129358+00:00 | START model=XGBoost; strategy=Random undersampling; outer_fold=40
2026-09-30T06:37:17.623223+00:00 | FINISH model=XGBoost; strategy=Random undersampling; outer_fold=40; elapsed_seconds=0.494
2026-09-30T06:37:17.625676+00:00 | START model=XGBoost; strategy=Random undersampling; outer_fold=41
2026-09-30T06:37:18.206167+00:00 | FINISH model=XGBoost; strategy=Random undersampling; outer_fold=41; elapsed_seconds=0.580
2026-09-30T06:37:18.208227+00:00 | START model=XGBoost; strategy=Random undersampling; outer_fold=42
2026-09-30T06:37:18.725659+00:00 | FINISH model=XGBoost; strategy=Random undersampling; outer_fold=42; elapsed_seconds=0.517
2026-09-30T06:37:18.726200+00:00 | START model=XGBoost; strategy=Random undersampling; outer_fold=43
2026-09-30T06:37:19.290176+00:00 | FINISH model=XGBoost; strategy=Random undersampling; outer_fold=43; elapsed_seconds=0.564
2026-09-30T06:37:19.293196+00:00 | START model=XGBoost; strategy=Random undersampling; outer_fold=44
2026-09-30T06:37:19.879858+00:00 | FINISH model=XGBoost; strategy=Random undersampling; outer_fold=44; elapsed_seconds=0.587
2026-09-30T06:37:19.882181+00:00 | START model=XGBoost; strategy=Random undersampling; outer_fold=45
2026-09-30T06:37:20.525398+00:00 | FINISH model=XGBoost; strategy=Random undersampling; outer_fold=45; elapsed_seconds=0.643
2026-09-30T06:37:20.527598+00:00 | START model=XGBoost; strategy=Random undersampling; outer_fold=46
2026-09-30T06:37:21.106861+00:00 | FINISH model=XGBoost; strategy=Random undersampling; outer_fold=46; elapsed_seconds=0.579
2026-09-30T06:37:21.109122+00:00 | START model=XGBoost; strategy=Random undersampling; outer_fold=47
2026-09-30T06:37:21.718532+00:00 | FINISH model=XGBoost; strategy=Random undersampling; outer_fold=47; elapsed_seconds=0.609
2026-09-30T06:37:21.719712+00:00 | START model=XGBoost; strategy=Random undersampling; outer_fold=48
2026-09-30T06:37:22.279558+00:00 | FINISH model=XGBoost; strategy=Random undersampling; outer_fold=48; elapsed_seconds=0.560
2026-09-30T06:37:22.281956+00:00 | START model=XGBoost; strategy=Random undersampling; outer_fold=49
2026-09-30T06:37:22.919013+00:00 | FINISH model=XGBoost; strategy=Random undersampling; outer_fold=49; elapsed_seconds=0.637
2026-09-30T06:37:22.919593+00:00 | CONFIG_FINISH model=XGBoost; strategy=Random undersampling; elapsed_seconds=26.430; n_iter=12; expanded_search=False
2026-09-30T06:37:22.938650+00:00 | SAVED_CONFIG model=XGBoost; strategy=Random undersampling; rows=900
2026-09-30T06:37:22.938956+00:00 | CONFIG_START model=XGBoost; strategy=Threshold tuning; n_iter=12; expanded_search=False
2026-09-30T06:37:22.939296+00:00 | START model=XGBoost; strategy=Threshold tuning; outer_fold=0
2026-09-30T06:37:25.404533+00:00 | FINISH model=XGBoost; strategy=Threshold tuning; outer_fold=0; elapsed_seconds=2.465
2026-09-30T06:37:25.406800+00:00 | START model=XGBoost; strategy=Threshold tuning; outer_fold=1
2026-09-30T06:37:27.953193+00:00 | FINISH model=XGBoost; strategy=Threshold tuning; outer_fold=1; elapsed_seconds=2.546
2026-09-30T06:37:27.955335+00:00 | START model=XGBoost; strategy=Threshold tuning; outer_fold=2
2026-09-30T06:37:30.534102+00:00 | FINISH model=XGBoost; strategy=Threshold tuning; outer_fold=2; elapsed_seconds=2.579
2026-09-30T06:37:30.536515+00:00 | START model=XGBoost; strategy=Threshold tuning; outer_fold=3
2026-09-30T06:37:32.954520+00:00 | FINISH model=XGBoost; strategy=Threshold tuning; outer_fold=3; elapsed_seconds=2.418
2026-09-30T06:37:32.956696+00:00 | START model=XGBoost; strategy=Threshold tuning; outer_fold=4
2026-09-30T06:37:35.667383+00:00 | FINISH model=XGBoost; strategy=Threshold tuning; outer_fold=4; elapsed_seconds=2.711
2026-09-30T06:37:35.668835+00:00 | START model=XGBoost; strategy=Threshold tuning; outer_fold=5
2026-09-30T06:37:38.092736+00:00 | FINISH model=XGBoost; strategy=Threshold tuning; outer_fold=5; elapsed_seconds=2.424
2026-09-30T06:37:38.094894+00:00 | START model=XGBoost; strategy=Threshold tuning; outer_fold=6
2026-09-30T06:37:40.659132+00:00 | FINISH model=XGBoost; strategy=Threshold tuning; outer_fold=6; elapsed_seconds=2.564
2026-09-30T06:37:40.660423+00:00 | START model=XGBoost; strategy=Threshold tuning; outer_fold=7
2026-09-30T06:37:43.235840+00:00 | FINISH model=XGBoost; strategy=Threshold tuning; outer_fold=7; elapsed_seconds=2.575
2026-09-30T06:37:43.238481+00:00 | START model=XGBoost; strategy=Threshold tuning; outer_fold=8
2026-09-30T06:37:45.717056+00:00 | FINISH model=XGBoost; strategy=Threshold tuning; outer_fold=8; elapsed_seconds=2.479
2026-09-30T06:37:45.719240+00:00 | START model=XGBoost; strategy=Threshold tuning; outer_fold=9
2026-09-30T06:37:48.179491+00:00 | FINISH model=XGBoost; strategy=Threshold tuning; outer_fold=9; elapsed_seconds=2.460
2026-09-30T06:37:48.182246+00:00 | START model=XGBoost; strategy=Threshold tuning; outer_fold=10
2026-09-30T06:37:50.846781+00:00 | FINISH model=XGBoost; strategy=Threshold tuning; outer_fold=10; elapsed_seconds=2.664
2026-09-30T06:37:50.849045+00:00 | START model=XGBoost; strategy=Threshold tuning; outer_fold=11
2026-09-30T06:37:53.332595+00:00 | FINISH model=XGBoost; strategy=Threshold tuning; outer_fold=11; elapsed_seconds=2.483
2026-09-30T06:37:53.333360+00:00 | START model=XGBoost; strategy=Threshold tuning; outer_fold=12
2026-09-30T06:37:55.790361+00:00 | FINISH model=XGBoost; strategy=Threshold tuning; outer_fold=12; elapsed_seconds=2.457
2026-09-30T06:37:55.792732+00:00 | START model=XGBoost; strategy=Threshold tuning; outer_fold=13
2026-09-30T06:37:58.255103+00:00 | FINISH model=XGBoost; strategy=Threshold tuning; outer_fold=13; elapsed_seconds=2.462
2026-09-30T06:37:58.257540+00:00 | START model=XGBoost; strategy=Threshold tuning; outer_fold=14
2026-09-30T06:38:00.697473+00:00 | FINISH model=XGBoost; strategy=Threshold tuning; outer_fold=14; elapsed_seconds=2.440
2026-09-30T06:38:00.699904+00:00 | START model=XGBoost; strategy=Threshold tuning; outer_fold=15
2026-09-30T06:38:03.190378+00:00 | FINISH model=XGBoost; strategy=Threshold tuning; outer_fold=15; elapsed_seconds=2.490
2026-09-30T06:38:03.192613+00:00 | START model=XGBoost; strategy=Threshold tuning; outer_fold=16
2026-09-30T06:38:05.808086+00:00 | FINISH model=XGBoost; strategy=Threshold tuning; outer_fold=16; elapsed_seconds=2.615
2026-09-30T06:38:05.810298+00:00 | START model=XGBoost; strategy=Threshold tuning; outer_fold=17
2026-09-30T06:38:08.428690+00:00 | FINISH model=XGBoost; strategy=Threshold tuning; outer_fold=17; elapsed_seconds=2.618
2026-09-30T06:38:08.431024+00:00 | START model=XGBoost; strategy=Threshold tuning; outer_fold=18
2026-09-30T06:38:11.136328+00:00 | FINISH model=XGBoost; strategy=Threshold tuning; outer_fold=18; elapsed_seconds=2.705
2026-09-30T06:38:11.138596+00:00 | START model=XGBoost; strategy=Threshold tuning; outer_fold=19
2026-09-30T06:38:13.848851+00:00 | FINISH model=XGBoost; strategy=Threshold tuning; outer_fold=19; elapsed_seconds=2.710
2026-09-30T06:38:13.849533+00:00 | START model=XGBoost; strategy=Threshold tuning; outer_fold=20
2026-09-30T06:38:16.112300+00:00 | FINISH model=XGBoost; strategy=Threshold tuning; outer_fold=20; elapsed_seconds=2.263
2026-09-30T06:38:16.115765+00:00 | START model=XGBoost; strategy=Threshold tuning; outer_fold=21
2026-09-30T06:38:18.315750+00:00 | FINISH model=XGBoost; strategy=Threshold tuning; outer_fold=21; elapsed_seconds=2.201
2026-09-30T06:38:18.317032+00:00 | START model=XGBoost; strategy=Threshold tuning; outer_fold=22
2026-09-30T06:38:20.553285+00:00 | FINISH model=XGBoost; strategy=Threshold tuning; outer_fold=22; elapsed_seconds=2.236
2026-09-30T06:38:20.555593+00:00 | START model=XGBoost; strategy=Threshold tuning; outer_fold=23
2026-09-30T06:38:22.874329+00:00 | FINISH model=XGBoost; strategy=Threshold tuning; outer_fold=23; elapsed_seconds=2.319
2026-09-30T06:38:22.876677+00:00 | START model=XGBoost; strategy=Threshold tuning; outer_fold=24
2026-09-30T06:38:25.206818+00:00 | FINISH model=XGBoost; strategy=Threshold tuning; outer_fold=24; elapsed_seconds=2.330
2026-09-30T06:38:25.209046+00:00 | START model=XGBoost; strategy=Threshold tuning; outer_fold=25
2026-09-30T06:38:27.507540+00:00 | FINISH model=XGBoost; strategy=Threshold tuning; outer_fold=25; elapsed_seconds=2.298
2026-09-30T06:38:27.509678+00:00 | START model=XGBoost; strategy=Threshold tuning; outer_fold=26
2026-09-30T06:38:29.714328+00:00 | FINISH model=XGBoost; strategy=Threshold tuning; outer_fold=26; elapsed_seconds=2.205
2026-09-30T06:38:29.716887+00:00 | START model=XGBoost; strategy=Threshold tuning; outer_fold=27
2026-09-30T06:38:31.923883+00:00 | FINISH model=XGBoost; strategy=Threshold tuning; outer_fold=27; elapsed_seconds=2.207
2026-09-30T06:38:31.926113+00:00 | START model=XGBoost; strategy=Threshold tuning; outer_fold=28
2026-09-30T06:38:34.250444+00:00 | FINISH model=XGBoost; strategy=Threshold tuning; outer_fold=28; elapsed_seconds=2.324
2026-09-30T06:38:34.251861+00:00 | START model=XGBoost; strategy=Threshold tuning; outer_fold=29
2026-09-30T06:38:36.443636+00:00 | FINISH model=XGBoost; strategy=Threshold tuning; outer_fold=29; elapsed_seconds=2.192
2026-09-30T06:38:36.445791+00:00 | START model=XGBoost; strategy=Threshold tuning; outer_fold=30
2026-09-30T06:38:38.859331+00:00 | FINISH model=XGBoost; strategy=Threshold tuning; outer_fold=30; elapsed_seconds=2.413
2026-09-30T06:38:38.861382+00:00 | START model=XGBoost; strategy=Threshold tuning; outer_fold=31
2026-09-30T06:38:41.291955+00:00 | FINISH model=XGBoost; strategy=Threshold tuning; outer_fold=31; elapsed_seconds=2.430
2026-09-30T06:38:41.292547+00:00 | START model=XGBoost; strategy=Threshold tuning; outer_fold=32
2026-09-30T06:38:43.615464+00:00 | FINISH model=XGBoost; strategy=Threshold tuning; outer_fold=32; elapsed_seconds=2.323
2026-09-30T06:38:43.617928+00:00 | START model=XGBoost; strategy=Threshold tuning; outer_fold=33
2026-09-30T06:38:46.353552+00:00 | FINISH model=XGBoost; strategy=Threshold tuning; outer_fold=33; elapsed_seconds=2.735
2026-09-30T06:38:46.354465+00:00 | START model=XGBoost; strategy=Threshold tuning; outer_fold=34
2026-09-30T06:38:48.922234+00:00 | FINISH model=XGBoost; strategy=Threshold tuning; outer_fold=34; elapsed_seconds=2.568
2026-09-30T06:38:48.922878+00:00 | START model=XGBoost; strategy=Threshold tuning; outer_fold=35
2026-09-30T06:38:51.539275+00:00 | FINISH model=XGBoost; strategy=Threshold tuning; outer_fold=35; elapsed_seconds=2.616
2026-09-30T06:38:51.541710+00:00 | START model=XGBoost; strategy=Threshold tuning; outer_fold=36
2026-09-30T06:38:54.100769+00:00 | FINISH model=XGBoost; strategy=Threshold tuning; outer_fold=36; elapsed_seconds=2.559
2026-09-30T06:38:54.103031+00:00 | START model=XGBoost; strategy=Threshold tuning; outer_fold=37
2026-09-30T06:38:56.485495+00:00 | FINISH model=XGBoost; strategy=Threshold tuning; outer_fold=37; elapsed_seconds=2.382
2026-09-30T06:38:56.487836+00:00 | START model=XGBoost; strategy=Threshold tuning; outer_fold=38
2026-09-30T06:38:58.947247+00:00 | FINISH model=XGBoost; strategy=Threshold tuning; outer_fold=38; elapsed_seconds=2.459
2026-09-30T06:38:58.949606+00:00 | START model=XGBoost; strategy=Threshold tuning; outer_fold=39
2026-09-30T06:39:01.557310+00:00 | FINISH model=XGBoost; strategy=Threshold tuning; outer_fold=39; elapsed_seconds=2.608
2026-09-30T06:39:01.558240+00:00 | START model=XGBoost; strategy=Threshold tuning; outer_fold=40
2026-09-30T06:39:04.171644+00:00 | FINISH model=XGBoost; strategy=Threshold tuning; outer_fold=40; elapsed_seconds=2.613
2026-09-30T06:39:04.173944+00:00 | START model=XGBoost; strategy=Threshold tuning; outer_fold=41
2026-09-30T06:39:06.738436+00:00 | FINISH model=XGBoost; strategy=Threshold tuning; outer_fold=41; elapsed_seconds=2.564
2026-09-30T06:39:06.740653+00:00 | START model=XGBoost; strategy=Threshold tuning; outer_fold=42
2026-09-30T06:39:09.259078+00:00 | FINISH model=XGBoost; strategy=Threshold tuning; outer_fold=42; elapsed_seconds=2.518
2026-09-30T06:39:09.259610+00:00 | START model=XGBoost; strategy=Threshold tuning; outer_fold=43
2026-09-30T06:39:11.872833+00:00 | FINISH model=XGBoost; strategy=Threshold tuning; outer_fold=43; elapsed_seconds=2.613
2026-09-30T06:39:11.875181+00:00 | START model=XGBoost; strategy=Threshold tuning; outer_fold=44
2026-09-30T06:39:14.595747+00:00 | FINISH model=XGBoost; strategy=Threshold tuning; outer_fold=44; elapsed_seconds=2.720
2026-09-30T06:39:14.598170+00:00 | START model=XGBoost; strategy=Threshold tuning; outer_fold=45
2026-09-30T06:39:17.107331+00:00 | FINISH model=XGBoost; strategy=Threshold tuning; outer_fold=45; elapsed_seconds=2.509
2026-09-30T06:39:17.109676+00:00 | START model=XGBoost; strategy=Threshold tuning; outer_fold=46
2026-09-30T06:39:19.825835+00:00 | FINISH model=XGBoost; strategy=Threshold tuning; outer_fold=46; elapsed_seconds=2.716
2026-09-30T06:39:19.828158+00:00 | START model=XGBoost; strategy=Threshold tuning; outer_fold=47
2026-09-30T06:39:22.623686+00:00 | FINISH model=XGBoost; strategy=Threshold tuning; outer_fold=47; elapsed_seconds=2.796
2026-09-30T06:39:22.626006+00:00 | START model=XGBoost; strategy=Threshold tuning; outer_fold=48
2026-09-30T06:39:25.144832+00:00 | FINISH model=XGBoost; strategy=Threshold tuning; outer_fold=48; elapsed_seconds=2.519
2026-09-30T06:39:25.147048+00:00 | START model=XGBoost; strategy=Threshold tuning; outer_fold=49
2026-09-30T06:39:27.700179+00:00 | FINISH model=XGBoost; strategy=Threshold tuning; outer_fold=49; elapsed_seconds=2.553
2026-09-30T06:39:27.702361+00:00 | CONFIG_FINISH model=XGBoost; strategy=Threshold tuning; elapsed_seconds=124.763; n_iter=12; expanded_search=False
2026-09-30T06:39:27.716192+00:00 | SAVED_CONFIG model=XGBoost; strategy=Threshold tuning; rows=950
2026-09-30T06:39:27.716451+00:00 | CONFIG_START model=XGBoost; strategy=Calibrated sigmoid + threshold; n_iter=12; expanded_search=False
2026-09-30T06:39:27.717049+00:00 | START model=XGBoost; strategy=Calibrated sigmoid + threshold; outer_fold=0
2026-09-30T06:39:34.687122+00:00 | FINISH model=XGBoost; strategy=Calibrated sigmoid + threshold; outer_fold=0; elapsed_seconds=6.970
2026-09-30T06:39:34.689358+00:00 | START model=XGBoost; strategy=Calibrated sigmoid + threshold; outer_fold=1
2026-09-30T06:39:42.523366+00:00 | FINISH model=XGBoost; strategy=Calibrated sigmoid + threshold; outer_fold=1; elapsed_seconds=7.834
2026-09-30T06:39:42.524002+00:00 | START model=XGBoost; strategy=Calibrated sigmoid + threshold; outer_fold=2
2026-09-30T06:39:49.711488+00:00 | FINISH model=XGBoost; strategy=Calibrated sigmoid + threshold; outer_fold=2; elapsed_seconds=7.187
2026-09-30T06:39:49.712043+00:00 | START model=XGBoost; strategy=Calibrated sigmoid + threshold; outer_fold=3
2026-09-30T06:39:56.417140+00:00 | FINISH model=XGBoost; strategy=Calibrated sigmoid + threshold; outer_fold=3; elapsed_seconds=6.705
2026-09-30T06:39:56.419269+00:00 | START model=XGBoost; strategy=Calibrated sigmoid + threshold; outer_fold=4
2026-09-30T06:40:03.016566+00:00 | FINISH model=XGBoost; strategy=Calibrated sigmoid + threshold; outer_fold=4; elapsed_seconds=6.597
2026-09-30T06:40:03.017032+00:00 | START model=XGBoost; strategy=Calibrated sigmoid + threshold; outer_fold=5
2026-09-30T06:40:09.797046+00:00 | FINISH model=XGBoost; strategy=Calibrated sigmoid + threshold; outer_fold=5; elapsed_seconds=6.780
2026-09-30T06:40:09.799484+00:00 | START model=XGBoost; strategy=Calibrated sigmoid + threshold; outer_fold=6
2026-09-30T06:40:17.052849+00:00 | FINISH model=XGBoost; strategy=Calibrated sigmoid + threshold; outer_fold=6; elapsed_seconds=7.253
2026-09-30T06:40:17.055236+00:00 | START model=XGBoost; strategy=Calibrated sigmoid + threshold; outer_fold=7
2026-09-30T06:40:23.956821+00:00 | FINISH model=XGBoost; strategy=Calibrated sigmoid + threshold; outer_fold=7; elapsed_seconds=6.902
2026-09-30T06:40:23.958893+00:00 | START model=XGBoost; strategy=Calibrated sigmoid + threshold; outer_fold=8
2026-09-30T06:40:30.758860+00:00 | FINISH model=XGBoost; strategy=Calibrated sigmoid + threshold; outer_fold=8; elapsed_seconds=6.800
2026-09-30T06:40:30.759425+00:00 | START model=XGBoost; strategy=Calibrated sigmoid + threshold; outer_fold=9
2026-09-30T06:40:37.710426+00:00 | FINISH model=XGBoost; strategy=Calibrated sigmoid + threshold; outer_fold=9; elapsed_seconds=6.951
2026-09-30T06:40:37.711044+00:00 | START model=XGBoost; strategy=Calibrated sigmoid + threshold; outer_fold=10
2026-09-30T06:40:44.599084+00:00 | FINISH model=XGBoost; strategy=Calibrated sigmoid + threshold; outer_fold=10; elapsed_seconds=6.888
2026-09-30T06:40:44.600258+00:00 | START model=XGBoost; strategy=Calibrated sigmoid + threshold; outer_fold=11
2026-09-30T06:40:51.679332+00:00 | FINISH model=XGBoost; strategy=Calibrated sigmoid + threshold; outer_fold=11; elapsed_seconds=7.079
2026-09-30T06:40:51.680003+00:00 | START model=XGBoost; strategy=Calibrated sigmoid + threshold; outer_fold=12
2026-09-30T06:40:58.334969+00:00 | FINISH model=XGBoost; strategy=Calibrated sigmoid + threshold; outer_fold=12; elapsed_seconds=6.655
2026-09-30T06:40:58.335490+00:00 | START model=XGBoost; strategy=Calibrated sigmoid + threshold; outer_fold=13
2026-09-30T06:41:04.984546+00:00 | FINISH model=XGBoost; strategy=Calibrated sigmoid + threshold; outer_fold=13; elapsed_seconds=6.649
2026-09-30T06:41:04.992130+00:00 | START model=XGBoost; strategy=Calibrated sigmoid + threshold; outer_fold=14
2026-09-30T06:41:11.317118+00:00 | FINISH model=XGBoost; strategy=Calibrated sigmoid + threshold; outer_fold=14; elapsed_seconds=6.325
2026-09-30T06:41:11.319411+00:00 | START model=XGBoost; strategy=Calibrated sigmoid + threshold; outer_fold=15
2026-09-30T06:41:17.731330+00:00 | FINISH model=XGBoost; strategy=Calibrated sigmoid + threshold; outer_fold=15; elapsed_seconds=6.412
2026-09-30T06:41:17.733893+00:00 | START model=XGBoost; strategy=Calibrated sigmoid + threshold; outer_fold=16
2026-09-30T06:41:24.449490+00:00 | FINISH model=XGBoost; strategy=Calibrated sigmoid + threshold; outer_fold=16; elapsed_seconds=6.716
2026-09-30T06:41:24.450858+00:00 | START model=XGBoost; strategy=Calibrated sigmoid + threshold; outer_fold=17
2026-09-30T06:41:31.056642+00:00 | FINISH model=XGBoost; strategy=Calibrated sigmoid + threshold; outer_fold=17; elapsed_seconds=6.606
2026-09-30T06:41:31.058957+00:00 | START model=XGBoost; strategy=Calibrated sigmoid + threshold; outer_fold=18
2026-09-30T06:41:37.741050+00:00 | FINISH model=XGBoost; strategy=Calibrated sigmoid + threshold; outer_fold=18; elapsed_seconds=6.682
2026-09-30T06:41:37.743397+00:00 | START model=XGBoost; strategy=Calibrated sigmoid + threshold; outer_fold=19
2026-09-30T06:41:44.258450+00:00 | FINISH model=XGBoost; strategy=Calibrated sigmoid + threshold; outer_fold=19; elapsed_seconds=6.515
2026-09-30T06:41:44.260737+00:00 | START model=XGBoost; strategy=Calibrated sigmoid + threshold; outer_fold=20
2026-09-30T06:41:50.952671+00:00 | FINISH model=XGBoost; strategy=Calibrated sigmoid + threshold; outer_fold=20; elapsed_seconds=6.692
2026-09-30T06:41:50.953182+00:00 | START model=XGBoost; strategy=Calibrated sigmoid + threshold; outer_fold=21
2026-09-30T06:41:58.065684+00:00 | FINISH model=XGBoost; strategy=Calibrated sigmoid + threshold; outer_fold=21; elapsed_seconds=7.112
2026-09-30T06:41:58.068341+00:00 | START model=XGBoost; strategy=Calibrated sigmoid + threshold; outer_fold=22
2026-09-30T06:42:04.779545+00:00 | FINISH model=XGBoost; strategy=Calibrated sigmoid + threshold; outer_fold=22; elapsed_seconds=6.711
2026-09-30T06:42:04.780810+00:00 | START model=XGBoost; strategy=Calibrated sigmoid + threshold; outer_fold=23
2026-09-30T06:42:11.424964+00:00 | FINISH model=XGBoost; strategy=Calibrated sigmoid + threshold; outer_fold=23; elapsed_seconds=6.644
2026-09-30T06:42:11.427317+00:00 | START model=XGBoost; strategy=Calibrated sigmoid + threshold; outer_fold=24
2026-09-30T06:42:18.620848+00:00 | FINISH model=XGBoost; strategy=Calibrated sigmoid + threshold; outer_fold=24; elapsed_seconds=7.193
2026-09-30T06:42:18.622995+00:00 | START model=XGBoost; strategy=Calibrated sigmoid + threshold; outer_fold=25
2026-09-30T06:42:25.376010+00:00 | FINISH model=XGBoost; strategy=Calibrated sigmoid + threshold; outer_fold=25; elapsed_seconds=6.753
2026-09-30T06:42:25.378343+00:00 | START model=XGBoost; strategy=Calibrated sigmoid + threshold; outer_fold=26
2026-09-30T06:42:32.379844+00:00 | FINISH model=XGBoost; strategy=Calibrated sigmoid + threshold; outer_fold=26; elapsed_seconds=7.001
2026-09-30T06:42:32.382006+00:00 | START model=XGBoost; strategy=Calibrated sigmoid + threshold; outer_fold=27
2026-09-30T06:42:38.965556+00:00 | FINISH model=XGBoost; strategy=Calibrated sigmoid + threshold; outer_fold=27; elapsed_seconds=6.584
2026-09-30T06:42:38.967693+00:00 | START model=XGBoost; strategy=Calibrated sigmoid + threshold; outer_fold=28
2026-09-30T06:42:45.228409+00:00 | FINISH model=XGBoost; strategy=Calibrated sigmoid + threshold; outer_fold=28; elapsed_seconds=6.261
2026-09-30T06:42:45.229063+00:00 | START model=XGBoost; strategy=Calibrated sigmoid + threshold; outer_fold=29
2026-09-30T06:42:53.572097+00:00 | FINISH model=XGBoost; strategy=Calibrated sigmoid + threshold; outer_fold=29; elapsed_seconds=8.343
2026-09-30T06:42:53.572659+00:00 | START model=XGBoost; strategy=Calibrated sigmoid + threshold; outer_fold=30
2026-09-30T06:43:01.140067+00:00 | FINISH model=XGBoost; strategy=Calibrated sigmoid + threshold; outer_fold=30; elapsed_seconds=7.567
2026-09-30T06:43:01.161901+00:00 | START model=XGBoost; strategy=Calibrated sigmoid + threshold; outer_fold=31
2026-09-30T06:43:08.087602+00:00 | FINISH model=XGBoost; strategy=Calibrated sigmoid + threshold; outer_fold=31; elapsed_seconds=6.926
2026-09-30T06:43:08.089838+00:00 | START model=XGBoost; strategy=Calibrated sigmoid + threshold; outer_fold=32
2026-09-30T06:43:14.110207+00:00 | FINISH model=XGBoost; strategy=Calibrated sigmoid + threshold; outer_fold=32; elapsed_seconds=6.020
2026-09-30T06:43:14.110707+00:00 | START model=XGBoost; strategy=Calibrated sigmoid + threshold; outer_fold=33
2026-09-30T06:43:20.197941+00:00 | FINISH model=XGBoost; strategy=Calibrated sigmoid + threshold; outer_fold=33; elapsed_seconds=6.087
2026-09-30T06:43:20.199968+00:00 | START model=XGBoost; strategy=Calibrated sigmoid + threshold; outer_fold=34
2026-09-30T06:43:26.051222+00:00 | FINISH model=XGBoost; strategy=Calibrated sigmoid + threshold; outer_fold=34; elapsed_seconds=5.851
2026-09-30T06:43:26.053540+00:00 | START model=XGBoost; strategy=Calibrated sigmoid + threshold; outer_fold=35
2026-09-30T06:43:31.864646+00:00 | FINISH model=XGBoost; strategy=Calibrated sigmoid + threshold; outer_fold=35; elapsed_seconds=5.811
2026-09-30T06:43:31.866848+00:00 | START model=XGBoost; strategy=Calibrated sigmoid + threshold; outer_fold=36
2026-09-30T06:43:37.780888+00:00 | FINISH model=XGBoost; strategy=Calibrated sigmoid + threshold; outer_fold=36; elapsed_seconds=5.914
2026-09-30T06:43:37.781337+00:00 | START model=XGBoost; strategy=Calibrated sigmoid + threshold; outer_fold=37
2026-09-30T06:43:44.905427+00:00 | FINISH model=XGBoost; strategy=Calibrated sigmoid + threshold; outer_fold=37; elapsed_seconds=7.124
2026-09-30T06:43:44.907678+00:00 | START model=XGBoost; strategy=Calibrated sigmoid + threshold; outer_fold=38
2026-09-30T06:43:51.903491+00:00 | FINISH model=XGBoost; strategy=Calibrated sigmoid + threshold; outer_fold=38; elapsed_seconds=6.996
2026-09-30T06:43:51.905618+00:00 | START model=XGBoost; strategy=Calibrated sigmoid + threshold; outer_fold=39
2026-09-30T06:43:58.350336+00:00 | FINISH model=XGBoost; strategy=Calibrated sigmoid + threshold; outer_fold=39; elapsed_seconds=6.445
2026-09-30T06:43:58.352519+00:00 | START model=XGBoost; strategy=Calibrated sigmoid + threshold; outer_fold=40
2026-09-30T06:44:05.080279+00:00 | FINISH model=XGBoost; strategy=Calibrated sigmoid + threshold; outer_fold=40; elapsed_seconds=6.728
2026-09-30T06:44:05.082829+00:00 | START model=XGBoost; strategy=Calibrated sigmoid + threshold; outer_fold=41
2026-09-30T06:44:11.662109+00:00 | FINISH model=XGBoost; strategy=Calibrated sigmoid + threshold; outer_fold=41; elapsed_seconds=6.579
2026-09-30T06:44:11.662596+00:00 | START model=XGBoost; strategy=Calibrated sigmoid + threshold; outer_fold=42
2026-09-30T06:44:18.674427+00:00 | FINISH model=XGBoost; strategy=Calibrated sigmoid + threshold; outer_fold=42; elapsed_seconds=7.012
2026-09-30T06:44:18.676604+00:00 | START model=XGBoost; strategy=Calibrated sigmoid + threshold; outer_fold=43
2026-09-30T06:44:25.264059+00:00 | FINISH model=XGBoost; strategy=Calibrated sigmoid + threshold; outer_fold=43; elapsed_seconds=6.587
2026-09-30T06:44:25.266398+00:00 | START model=XGBoost; strategy=Calibrated sigmoid + threshold; outer_fold=44
2026-09-30T06:44:32.333680+00:00 | FINISH model=XGBoost; strategy=Calibrated sigmoid + threshold; outer_fold=44; elapsed_seconds=7.067
2026-09-30T06:44:32.335287+00:00 | START model=XGBoost; strategy=Calibrated sigmoid + threshold; outer_fold=45
2026-09-30T06:44:38.897771+00:00 | FINISH model=XGBoost; strategy=Calibrated sigmoid + threshold; outer_fold=45; elapsed_seconds=6.562
2026-09-30T06:44:38.900000+00:00 | START model=XGBoost; strategy=Calibrated sigmoid + threshold; outer_fold=46
2026-09-30T06:44:45.580733+00:00 | FINISH model=XGBoost; strategy=Calibrated sigmoid + threshold; outer_fold=46; elapsed_seconds=6.681
2026-09-30T06:44:45.582859+00:00 | START model=XGBoost; strategy=Calibrated sigmoid + threshold; outer_fold=47
2026-09-30T06:44:52.220325+00:00 | FINISH model=XGBoost; strategy=Calibrated sigmoid + threshold; outer_fold=47; elapsed_seconds=6.637
2026-09-30T06:44:52.222760+00:00 | START model=XGBoost; strategy=Calibrated sigmoid + threshold; outer_fold=48
2026-09-30T06:44:58.965929+00:00 | FINISH model=XGBoost; strategy=Calibrated sigmoid + threshold; outer_fold=48; elapsed_seconds=6.743
2026-09-30T06:44:58.966451+00:00 | START model=XGBoost; strategy=Calibrated sigmoid + threshold; outer_fold=49
2026-09-30T06:45:05.706496+00:00 | FINISH model=XGBoost; strategy=Calibrated sigmoid + threshold; outer_fold=49; elapsed_seconds=6.740
2026-09-30T06:45:05.707187+00:00 | CONFIG_FINISH model=XGBoost; strategy=Calibrated sigmoid + threshold; elapsed_seconds=337.991; n_iter=12; expanded_search=False
2026-09-30T06:45:05.721424+00:00 | SAVED_CONFIG model=XGBoost; strategy=Calibrated sigmoid + threshold; rows=1000
2026-09-30T06:45:05.721625+00:00 | CONFIG_START model=XGBoost; strategy=Calibrated isotonic + threshold; n_iter=12; expanded_search=False
2026-09-30T06:45:05.721870+00:00 | START model=XGBoost; strategy=Calibrated isotonic + threshold; outer_fold=0
2026-09-30T06:45:12.170761+00:00 | FINISH model=XGBoost; strategy=Calibrated isotonic + threshold; outer_fold=0; elapsed_seconds=6.449
2026-09-30T06:45:12.173269+00:00 | START model=XGBoost; strategy=Calibrated isotonic + threshold; outer_fold=1
2026-09-30T06:45:18.864323+00:00 | FINISH model=XGBoost; strategy=Calibrated isotonic + threshold; outer_fold=1; elapsed_seconds=6.691
2026-09-30T06:45:18.866666+00:00 | START model=XGBoost; strategy=Calibrated isotonic + threshold; outer_fold=2
2026-09-30T06:45:25.916358+00:00 | FINISH model=XGBoost; strategy=Calibrated isotonic + threshold; outer_fold=2; elapsed_seconds=7.050
2026-09-30T06:45:25.918884+00:00 | START model=XGBoost; strategy=Calibrated isotonic + threshold; outer_fold=3
2026-09-30T06:45:32.411793+00:00 | FINISH model=XGBoost; strategy=Calibrated isotonic + threshold; outer_fold=3; elapsed_seconds=6.493
2026-09-30T06:45:32.414060+00:00 | START model=XGBoost; strategy=Calibrated isotonic + threshold; outer_fold=4
2026-09-30T06:45:39.209505+00:00 | FINISH model=XGBoost; strategy=Calibrated isotonic + threshold; outer_fold=4; elapsed_seconds=6.795
2026-09-30T06:45:39.211782+00:00 | START model=XGBoost; strategy=Calibrated isotonic + threshold; outer_fold=5
2026-09-30T06:45:46.073186+00:00 | FINISH model=XGBoost; strategy=Calibrated isotonic + threshold; outer_fold=5; elapsed_seconds=6.861
2026-09-30T06:45:46.074825+00:00 | START model=XGBoost; strategy=Calibrated isotonic + threshold; outer_fold=6
2026-09-30T06:45:52.970377+00:00 | FINISH model=XGBoost; strategy=Calibrated isotonic + threshold; outer_fold=6; elapsed_seconds=6.896
2026-09-30T06:45:52.972546+00:00 | START model=XGBoost; strategy=Calibrated isotonic + threshold; outer_fold=7
2026-09-30T06:45:59.404487+00:00 | FINISH model=XGBoost; strategy=Calibrated isotonic + threshold; outer_fold=7; elapsed_seconds=6.432
2026-09-30T06:45:59.406571+00:00 | START model=XGBoost; strategy=Calibrated isotonic + threshold; outer_fold=8
2026-09-30T06:46:05.990883+00:00 | FINISH model=XGBoost; strategy=Calibrated isotonic + threshold; outer_fold=8; elapsed_seconds=6.584
2026-09-30T06:46:05.992399+00:00 | START model=XGBoost; strategy=Calibrated isotonic + threshold; outer_fold=9
2026-09-30T06:46:12.510753+00:00 | FINISH model=XGBoost; strategy=Calibrated isotonic + threshold; outer_fold=9; elapsed_seconds=6.518
2026-09-30T06:46:12.512961+00:00 | START model=XGBoost; strategy=Calibrated isotonic + threshold; outer_fold=10
2026-09-30T06:46:19.608697+00:00 | FINISH model=XGBoost; strategy=Calibrated isotonic + threshold; outer_fold=10; elapsed_seconds=7.096
2026-09-30T06:46:19.609252+00:00 | START model=XGBoost; strategy=Calibrated isotonic + threshold; outer_fold=11
2026-09-30T06:46:26.417168+00:00 | FINISH model=XGBoost; strategy=Calibrated isotonic + threshold; outer_fold=11; elapsed_seconds=6.808
2026-09-30T06:46:26.419510+00:00 | START model=XGBoost; strategy=Calibrated isotonic + threshold; outer_fold=12
2026-09-30T06:46:33.256350+00:00 | FINISH model=XGBoost; strategy=Calibrated isotonic + threshold; outer_fold=12; elapsed_seconds=6.837
2026-09-30T06:46:33.257873+00:00 | START model=XGBoost; strategy=Calibrated isotonic + threshold; outer_fold=13
2026-09-30T06:46:39.893006+00:00 | FINISH model=XGBoost; strategy=Calibrated isotonic + threshold; outer_fold=13; elapsed_seconds=6.635
2026-09-30T06:46:39.895307+00:00 | START model=XGBoost; strategy=Calibrated isotonic + threshold; outer_fold=14
2026-09-30T06:46:46.748580+00:00 | FINISH model=XGBoost; strategy=Calibrated isotonic + threshold; outer_fold=14; elapsed_seconds=6.853
2026-09-30T06:46:46.751067+00:00 | START model=XGBoost; strategy=Calibrated isotonic + threshold; outer_fold=15
2026-09-30T06:46:53.496419+00:00 | FINISH model=XGBoost; strategy=Calibrated isotonic + threshold; outer_fold=15; elapsed_seconds=6.745
2026-09-30T06:46:53.497815+00:00 | START model=XGBoost; strategy=Calibrated isotonic + threshold; outer_fold=16
2026-09-30T06:47:00.053834+00:00 | FINISH model=XGBoost; strategy=Calibrated isotonic + threshold; outer_fold=16; elapsed_seconds=6.556
2026-09-30T06:47:00.054333+00:00 | START model=XGBoost; strategy=Calibrated isotonic + threshold; outer_fold=17
2026-09-30T06:47:06.775081+00:00 | FINISH model=XGBoost; strategy=Calibrated isotonic + threshold; outer_fold=17; elapsed_seconds=6.721
2026-09-30T06:47:06.777449+00:00 | START model=XGBoost; strategy=Calibrated isotonic + threshold; outer_fold=18
2026-09-30T06:47:13.405754+00:00 | FINISH model=XGBoost; strategy=Calibrated isotonic + threshold; outer_fold=18; elapsed_seconds=6.628
2026-09-30T06:47:13.406504+00:00 | START model=XGBoost; strategy=Calibrated isotonic + threshold; outer_fold=19
2026-09-30T06:47:20.227862+00:00 | FINISH model=XGBoost; strategy=Calibrated isotonic + threshold; outer_fold=19; elapsed_seconds=6.821
2026-09-30T06:47:20.228609+00:00 | START model=XGBoost; strategy=Calibrated isotonic + threshold; outer_fold=20
2026-09-30T06:47:27.678975+00:00 | FINISH model=XGBoost; strategy=Calibrated isotonic + threshold; outer_fold=20; elapsed_seconds=7.450
2026-09-30T06:47:27.679669+00:00 | START model=XGBoost; strategy=Calibrated isotonic + threshold; outer_fold=21
2026-09-30T06:47:34.667708+00:00 | FINISH model=XGBoost; strategy=Calibrated isotonic + threshold; outer_fold=21; elapsed_seconds=6.988
2026-09-30T06:47:34.668215+00:00 | START model=XGBoost; strategy=Calibrated isotonic + threshold; outer_fold=22
2026-09-30T06:47:42.076492+00:00 | FINISH model=XGBoost; strategy=Calibrated isotonic + threshold; outer_fold=22; elapsed_seconds=7.408
2026-09-30T06:47:42.077144+00:00 | START model=XGBoost; strategy=Calibrated isotonic + threshold; outer_fold=23
2026-09-30T06:47:49.477162+00:00 | FINISH model=XGBoost; strategy=Calibrated isotonic + threshold; outer_fold=23; elapsed_seconds=7.400
2026-09-30T06:47:49.477846+00:00 | START model=XGBoost; strategy=Calibrated isotonic + threshold; outer_fold=24
2026-09-30T06:47:56.867387+00:00 | FINISH model=XGBoost; strategy=Calibrated isotonic + threshold; outer_fold=24; elapsed_seconds=7.390
2026-09-30T06:47:56.869545+00:00 | START model=XGBoost; strategy=Calibrated isotonic + threshold; outer_fold=25
2026-09-30T06:48:04.188191+00:00 | FINISH model=XGBoost; strategy=Calibrated isotonic + threshold; outer_fold=25; elapsed_seconds=7.319
2026-09-30T06:48:04.189769+00:00 | START model=XGBoost; strategy=Calibrated isotonic + threshold; outer_fold=26
2026-09-30T06:48:10.921436+00:00 | FINISH model=XGBoost; strategy=Calibrated isotonic + threshold; outer_fold=26; elapsed_seconds=6.732
2026-09-30T06:48:10.923596+00:00 | START model=XGBoost; strategy=Calibrated isotonic + threshold; outer_fold=27
2026-09-30T06:48:17.962416+00:00 | FINISH model=XGBoost; strategy=Calibrated isotonic + threshold; outer_fold=27; elapsed_seconds=7.039
2026-09-30T06:48:17.964504+00:00 | START model=XGBoost; strategy=Calibrated isotonic + threshold; outer_fold=28
2026-09-30T06:48:24.806518+00:00 | FINISH model=XGBoost; strategy=Calibrated isotonic + threshold; outer_fold=28; elapsed_seconds=6.842
2026-09-30T06:48:24.806991+00:00 | START model=XGBoost; strategy=Calibrated isotonic + threshold; outer_fold=29
2026-09-30T06:48:31.585123+00:00 | FINISH model=XGBoost; strategy=Calibrated isotonic + threshold; outer_fold=29; elapsed_seconds=6.778
2026-09-30T06:48:31.585669+00:00 | START model=XGBoost; strategy=Calibrated isotonic + threshold; outer_fold=30
2026-09-30T06:48:38.184765+00:00 | FINISH model=XGBoost; strategy=Calibrated isotonic + threshold; outer_fold=30; elapsed_seconds=6.599
2026-09-30T06:48:38.185383+00:00 | START model=XGBoost; strategy=Calibrated isotonic + threshold; outer_fold=31
2026-09-30T06:48:44.044212+00:00 | FINISH model=XGBoost; strategy=Calibrated isotonic + threshold; outer_fold=31; elapsed_seconds=5.859
2026-09-30T06:48:44.046259+00:00 | START model=XGBoost; strategy=Calibrated isotonic + threshold; outer_fold=32
2026-09-30T06:48:49.846254+00:00 | FINISH model=XGBoost; strategy=Calibrated isotonic + threshold; outer_fold=32; elapsed_seconds=5.800
2026-09-30T06:48:49.846714+00:00 | START model=XGBoost; strategy=Calibrated isotonic + threshold; outer_fold=33
2026-09-30T06:48:56.209330+00:00 | FINISH model=XGBoost; strategy=Calibrated isotonic + threshold; outer_fold=33; elapsed_seconds=6.363
2026-09-30T06:48:56.210055+00:00 | START model=XGBoost; strategy=Calibrated isotonic + threshold; outer_fold=34
2026-09-30T06:49:02.951791+00:00 | FINISH model=XGBoost; strategy=Calibrated isotonic + threshold; outer_fold=34; elapsed_seconds=6.742
2026-09-30T06:49:02.952576+00:00 | START model=XGBoost; strategy=Calibrated isotonic + threshold; outer_fold=35
2026-09-30T06:49:10.362698+00:00 | FINISH model=XGBoost; strategy=Calibrated isotonic + threshold; outer_fold=35; elapsed_seconds=7.410
2026-09-30T06:49:10.364097+00:00 | START model=XGBoost; strategy=Calibrated isotonic + threshold; outer_fold=36
2026-09-30T06:49:17.484554+00:00 | FINISH model=XGBoost; strategy=Calibrated isotonic + threshold; outer_fold=36; elapsed_seconds=7.120
2026-09-30T06:49:17.485059+00:00 | START model=XGBoost; strategy=Calibrated isotonic + threshold; outer_fold=37
2026-09-30T06:49:24.553243+00:00 | FINISH model=XGBoost; strategy=Calibrated isotonic + threshold; outer_fold=37; elapsed_seconds=7.068
2026-09-30T06:49:24.553773+00:00 | START model=XGBoost; strategy=Calibrated isotonic + threshold; outer_fold=38
2026-09-30T06:49:32.019741+00:00 | FINISH model=XGBoost; strategy=Calibrated isotonic + threshold; outer_fold=38; elapsed_seconds=7.466
2026-09-30T06:49:32.020233+00:00 | START model=XGBoost; strategy=Calibrated isotonic + threshold; outer_fold=39
2026-09-30T06:49:39.214681+00:00 | FINISH model=XGBoost; strategy=Calibrated isotonic + threshold; outer_fold=39; elapsed_seconds=7.194
2026-09-30T06:49:39.215230+00:00 | START model=XGBoost; strategy=Calibrated isotonic + threshold; outer_fold=40
2026-09-30T06:49:46.187278+00:00 | FINISH model=XGBoost; strategy=Calibrated isotonic + threshold; outer_fold=40; elapsed_seconds=6.972
2026-09-30T06:49:46.188057+00:00 | START model=XGBoost; strategy=Calibrated isotonic + threshold; outer_fold=41
2026-09-30T06:49:52.916722+00:00 | FINISH model=XGBoost; strategy=Calibrated isotonic + threshold; outer_fold=41; elapsed_seconds=6.729
2026-09-30T06:49:52.917538+00:00 | START model=XGBoost; strategy=Calibrated isotonic + threshold; outer_fold=42
2026-09-30T06:50:00.683808+00:00 | FINISH model=XGBoost; strategy=Calibrated isotonic + threshold; outer_fold=42; elapsed_seconds=7.766
2026-09-30T06:50:00.684580+00:00 | START model=XGBoost; strategy=Calibrated isotonic + threshold; outer_fold=43
2026-09-30T06:50:07.985976+00:00 | FINISH model=XGBoost; strategy=Calibrated isotonic + threshold; outer_fold=43; elapsed_seconds=7.301
2026-09-30T06:50:07.986668+00:00 | START model=XGBoost; strategy=Calibrated isotonic + threshold; outer_fold=44
2026-09-30T06:50:15.334988+00:00 | FINISH model=XGBoost; strategy=Calibrated isotonic + threshold; outer_fold=44; elapsed_seconds=7.348
2026-09-30T06:50:15.336744+00:00 | START model=XGBoost; strategy=Calibrated isotonic + threshold; outer_fold=45
2026-09-30T06:50:22.461792+00:00 | FINISH model=XGBoost; strategy=Calibrated isotonic + threshold; outer_fold=45; elapsed_seconds=7.125
2026-09-30T06:50:22.464104+00:00 | START model=XGBoost; strategy=Calibrated isotonic + threshold; outer_fold=46
2026-09-30T06:50:29.848236+00:00 | FINISH model=XGBoost; strategy=Calibrated isotonic + threshold; outer_fold=46; elapsed_seconds=7.384
2026-09-30T06:50:29.848724+00:00 | START model=XGBoost; strategy=Calibrated isotonic + threshold; outer_fold=47
2026-09-30T06:50:37.130533+00:00 | FINISH model=XGBoost; strategy=Calibrated isotonic + threshold; outer_fold=47; elapsed_seconds=7.282
2026-09-30T06:50:37.132857+00:00 | START model=XGBoost; strategy=Calibrated isotonic + threshold; outer_fold=48
2026-09-30T06:50:44.567090+00:00 | FINISH model=XGBoost; strategy=Calibrated isotonic + threshold; outer_fold=48; elapsed_seconds=7.434
2026-09-30T06:50:44.567830+00:00 | START model=XGBoost; strategy=Calibrated isotonic + threshold; outer_fold=49
2026-09-30T06:50:51.498961+00:00 | FINISH model=XGBoost; strategy=Calibrated isotonic + threshold; outer_fold=49; elapsed_seconds=6.931
2026-09-30T06:50:51.501410+00:00 | CONFIG_FINISH model=XGBoost; strategy=Calibrated isotonic + threshold; elapsed_seconds=345.780; n_iter=12; expanded_search=False
2026-09-30T06:50:51.516685+00:00 | SAVED_CONFIG model=XGBoost; strategy=Calibrated isotonic + threshold; rows=1050
2026-09-30T06:50:51.518585+00:00 | CONFIG_START model=LightGBM; strategy=No handling; n_iter=12; expanded_search=False
2026-09-30T06:50:51.518846+00:00 | START model=LightGBM; strategy=No handling; outer_fold=0
2026-09-30T06:50:52.117414+00:00 | FINISH model=LightGBM; strategy=No handling; outer_fold=0; elapsed_seconds=0.599
2026-09-30T06:50:52.117956+00:00 | START model=LightGBM; strategy=No handling; outer_fold=1
2026-09-30T06:50:52.659622+00:00 | FINISH model=LightGBM; strategy=No handling; outer_fold=1; elapsed_seconds=0.542
2026-09-30T06:50:52.660190+00:00 | START model=LightGBM; strategy=No handling; outer_fold=2
2026-09-30T06:50:53.211563+00:00 | FINISH model=LightGBM; strategy=No handling; outer_fold=2; elapsed_seconds=0.551
2026-09-30T06:50:53.212045+00:00 | START model=LightGBM; strategy=No handling; outer_fold=3
2026-09-30T06:50:53.898185+00:00 | FINISH model=LightGBM; strategy=No handling; outer_fold=3; elapsed_seconds=0.686
2026-09-30T06:50:53.898729+00:00 | START model=LightGBM; strategy=No handling; outer_fold=4
2026-09-30T06:50:54.560077+00:00 | FINISH model=LightGBM; strategy=No handling; outer_fold=4; elapsed_seconds=0.661
2026-09-30T06:50:54.562366+00:00 | START model=LightGBM; strategy=No handling; outer_fold=5
2026-09-30T06:50:55.185212+00:00 | FINISH model=LightGBM; strategy=No handling; outer_fold=5; elapsed_seconds=0.623
2026-09-30T06:50:55.186578+00:00 | START model=LightGBM; strategy=No handling; outer_fold=6
2026-09-30T06:50:55.755334+00:00 | FINISH model=LightGBM; strategy=No handling; outer_fold=6; elapsed_seconds=0.569
2026-09-30T06:50:55.757639+00:00 | START model=LightGBM; strategy=No handling; outer_fold=7
2026-09-30T06:50:56.453782+00:00 | FINISH model=LightGBM; strategy=No handling; outer_fold=7; elapsed_seconds=0.696
2026-09-30T06:50:56.456118+00:00 | START model=LightGBM; strategy=No handling; outer_fold=8
2026-09-30T06:50:57.186008+00:00 | FINISH model=LightGBM; strategy=No handling; outer_fold=8; elapsed_seconds=0.730
2026-09-30T06:50:57.186499+00:00 | START model=LightGBM; strategy=No handling; outer_fold=9
2026-09-30T06:50:57.793810+00:00 | FINISH model=LightGBM; strategy=No handling; outer_fold=9; elapsed_seconds=0.607
2026-09-30T06:50:57.795090+00:00 | START model=LightGBM; strategy=No handling; outer_fold=10
2026-09-30T06:50:58.547361+00:00 | FINISH model=LightGBM; strategy=No handling; outer_fold=10; elapsed_seconds=0.752
2026-09-30T06:50:58.547975+00:00 | START model=LightGBM; strategy=No handling; outer_fold=11
2026-09-30T06:50:59.266390+00:00 | FINISH model=LightGBM; strategy=No handling; outer_fold=11; elapsed_seconds=0.718
2026-09-30T06:50:59.267239+00:00 | START model=LightGBM; strategy=No handling; outer_fold=12
2026-09-30T06:50:59.982686+00:00 | FINISH model=LightGBM; strategy=No handling; outer_fold=12; elapsed_seconds=0.715
2026-09-30T06:50:59.983173+00:00 | START model=LightGBM; strategy=No handling; outer_fold=13
2026-09-30T06:51:00.558459+00:00 | FINISH model=LightGBM; strategy=No handling; outer_fold=13; elapsed_seconds=0.575
2026-09-30T06:51:00.559111+00:00 | START model=LightGBM; strategy=No handling; outer_fold=14
2026-09-30T06:51:01.189888+00:00 | FINISH model=LightGBM; strategy=No handling; outer_fold=14; elapsed_seconds=0.631
2026-09-30T06:51:01.190957+00:00 | START model=LightGBM; strategy=No handling; outer_fold=15
2026-09-30T06:51:01.872521+00:00 | FINISH model=LightGBM; strategy=No handling; outer_fold=15; elapsed_seconds=0.682
2026-09-30T06:51:01.874696+00:00 | START model=LightGBM; strategy=No handling; outer_fold=16
2026-09-30T06:51:02.510115+00:00 | FINISH model=LightGBM; strategy=No handling; outer_fold=16; elapsed_seconds=0.635
2026-09-30T06:51:02.511487+00:00 | START model=LightGBM; strategy=No handling; outer_fold=17
2026-09-30T06:51:03.121995+00:00 | FINISH model=LightGBM; strategy=No handling; outer_fold=17; elapsed_seconds=0.611
2026-09-30T06:51:03.123388+00:00 | START model=LightGBM; strategy=No handling; outer_fold=18
2026-09-30T06:51:03.655118+00:00 | FINISH model=LightGBM; strategy=No handling; outer_fold=18; elapsed_seconds=0.532
2026-09-30T06:51:03.657340+00:00 | START model=LightGBM; strategy=No handling; outer_fold=19
2026-09-30T06:51:04.290627+00:00 | FINISH model=LightGBM; strategy=No handling; outer_fold=19; elapsed_seconds=0.633
2026-09-30T06:51:04.293036+00:00 | START model=LightGBM; strategy=No handling; outer_fold=20
2026-09-30T06:51:05.017752+00:00 | FINISH model=LightGBM; strategy=No handling; outer_fold=20; elapsed_seconds=0.725
2026-09-30T06:51:05.019136+00:00 | START model=LightGBM; strategy=No handling; outer_fold=21
2026-09-30T06:51:05.636598+00:00 | FINISH model=LightGBM; strategy=No handling; outer_fold=21; elapsed_seconds=0.617
2026-09-30T06:51:05.638905+00:00 | START model=LightGBM; strategy=No handling; outer_fold=22
2026-09-30T06:51:06.327241+00:00 | FINISH model=LightGBM; strategy=No handling; outer_fold=22; elapsed_seconds=0.688
2026-09-30T06:51:06.327862+00:00 | START model=LightGBM; strategy=No handling; outer_fold=23
2026-09-30T06:51:07.046196+00:00 | FINISH model=LightGBM; strategy=No handling; outer_fold=23; elapsed_seconds=0.718
2026-09-30T06:51:07.047617+00:00 | START model=LightGBM; strategy=No handling; outer_fold=24
2026-09-30T06:51:07.652498+00:00 | FINISH model=LightGBM; strategy=No handling; outer_fold=24; elapsed_seconds=0.605
2026-09-30T06:51:07.653095+00:00 | START model=LightGBM; strategy=No handling; outer_fold=25
2026-09-30T06:51:08.218788+00:00 | FINISH model=LightGBM; strategy=No handling; outer_fold=25; elapsed_seconds=0.566
2026-09-30T06:51:08.220264+00:00 | START model=LightGBM; strategy=No handling; outer_fold=26
2026-09-30T06:51:08.856561+00:00 | FINISH model=LightGBM; strategy=No handling; outer_fold=26; elapsed_seconds=0.636
2026-09-30T06:51:08.857232+00:00 | START model=LightGBM; strategy=No handling; outer_fold=27
2026-09-30T06:51:09.576348+00:00 | FINISH model=LightGBM; strategy=No handling; outer_fold=27; elapsed_seconds=0.719
2026-09-30T06:51:09.577751+00:00 | START model=LightGBM; strategy=No handling; outer_fold=28
2026-09-30T06:51:10.220704+00:00 | FINISH model=LightGBM; strategy=No handling; outer_fold=28; elapsed_seconds=0.643
2026-09-30T06:51:10.222184+00:00 | START model=LightGBM; strategy=No handling; outer_fold=29
2026-09-30T06:51:10.865642+00:00 | FINISH model=LightGBM; strategy=No handling; outer_fold=29; elapsed_seconds=0.643
2026-09-30T06:51:10.867078+00:00 | START model=LightGBM; strategy=No handling; outer_fold=30
2026-09-30T06:51:11.490481+00:00 | FINISH model=LightGBM; strategy=No handling; outer_fold=30; elapsed_seconds=0.623
2026-09-30T06:51:11.492965+00:00 | START model=LightGBM; strategy=No handling; outer_fold=31
2026-09-30T06:51:12.033547+00:00 | FINISH model=LightGBM; strategy=No handling; outer_fold=31; elapsed_seconds=0.541
2026-09-30T06:51:12.034176+00:00 | START model=LightGBM; strategy=No handling; outer_fold=32
2026-09-30T06:51:12.596827+00:00 | FINISH model=LightGBM; strategy=No handling; outer_fold=32; elapsed_seconds=0.563
2026-09-30T06:51:12.597466+00:00 | START model=LightGBM; strategy=No handling; outer_fold=33
2026-09-30T06:51:13.191382+00:00 | FINISH model=LightGBM; strategy=No handling; outer_fold=33; elapsed_seconds=0.594
2026-09-30T06:51:13.192666+00:00 | START model=LightGBM; strategy=No handling; outer_fold=34
2026-09-30T06:51:13.856437+00:00 | FINISH model=LightGBM; strategy=No handling; outer_fold=34; elapsed_seconds=0.664
2026-09-30T06:51:13.857825+00:00 | START model=LightGBM; strategy=No handling; outer_fold=35
2026-09-30T06:51:14.464437+00:00 | FINISH model=LightGBM; strategy=No handling; outer_fold=35; elapsed_seconds=0.607
2026-09-30T06:51:14.465117+00:00 | START model=LightGBM; strategy=No handling; outer_fold=36
2026-09-30T06:51:15.094067+00:00 | FINISH model=LightGBM; strategy=No handling; outer_fold=36; elapsed_seconds=0.629
2026-09-30T06:51:15.094640+00:00 | START model=LightGBM; strategy=No handling; outer_fold=37
2026-09-30T06:51:15.672909+00:00 | FINISH model=LightGBM; strategy=No handling; outer_fold=37; elapsed_seconds=0.578
2026-09-30T06:51:15.673596+00:00 | START model=LightGBM; strategy=No handling; outer_fold=38
2026-09-30T06:51:16.326384+00:00 | FINISH model=LightGBM; strategy=No handling; outer_fold=38; elapsed_seconds=0.653
2026-09-30T06:51:16.328659+00:00 | START model=LightGBM; strategy=No handling; outer_fold=39
2026-09-30T06:51:16.919505+00:00 | FINISH model=LightGBM; strategy=No handling; outer_fold=39; elapsed_seconds=0.591
2026-09-30T06:51:16.920102+00:00 | START model=LightGBM; strategy=No handling; outer_fold=40
2026-09-30T06:51:17.550667+00:00 | FINISH model=LightGBM; strategy=No handling; outer_fold=40; elapsed_seconds=0.631
2026-09-30T06:51:17.552285+00:00 | START model=LightGBM; strategy=No handling; outer_fold=41
2026-09-30T06:51:18.138906+00:00 | FINISH model=LightGBM; strategy=No handling; outer_fold=41; elapsed_seconds=0.587
2026-09-30T06:51:18.139474+00:00 | START model=LightGBM; strategy=No handling; outer_fold=42
2026-09-30T06:51:18.691589+00:00 | FINISH model=LightGBM; strategy=No handling; outer_fold=42; elapsed_seconds=0.552
2026-09-30T06:51:18.692243+00:00 | START model=LightGBM; strategy=No handling; outer_fold=43
2026-09-30T06:51:19.231054+00:00 | FINISH model=LightGBM; strategy=No handling; outer_fold=43; elapsed_seconds=0.539
2026-09-30T06:51:19.231919+00:00 | START model=LightGBM; strategy=No handling; outer_fold=44
2026-09-30T06:51:20.001165+00:00 | FINISH model=LightGBM; strategy=No handling; outer_fold=44; elapsed_seconds=0.769
2026-09-30T06:51:20.001783+00:00 | START model=LightGBM; strategy=No handling; outer_fold=45
2026-09-30T06:51:20.838572+00:00 | FINISH model=LightGBM; strategy=No handling; outer_fold=45; elapsed_seconds=0.837
2026-09-30T06:51:20.839246+00:00 | START model=LightGBM; strategy=No handling; outer_fold=46
2026-09-30T06:51:21.472727+00:00 | FINISH model=LightGBM; strategy=No handling; outer_fold=46; elapsed_seconds=0.633
2026-09-30T06:51:21.473427+00:00 | START model=LightGBM; strategy=No handling; outer_fold=47
2026-09-30T06:51:22.183179+00:00 | FINISH model=LightGBM; strategy=No handling; outer_fold=47; elapsed_seconds=0.710
2026-09-30T06:51:22.183679+00:00 | START model=LightGBM; strategy=No handling; outer_fold=48
2026-09-30T06:51:22.769843+00:00 | FINISH model=LightGBM; strategy=No handling; outer_fold=48; elapsed_seconds=0.586
2026-09-30T06:51:22.771299+00:00 | START model=LightGBM; strategy=No handling; outer_fold=49
2026-09-30T06:51:23.457350+00:00 | FINISH model=LightGBM; strategy=No handling; outer_fold=49; elapsed_seconds=0.686
2026-09-30T06:51:23.457964+00:00 | CONFIG_FINISH model=LightGBM; strategy=No handling; elapsed_seconds=31.939; n_iter=12; expanded_search=False
2026-09-30T06:51:23.474182+00:00 | SAVED_CONFIG model=LightGBM; strategy=No handling; rows=1100
2026-09-30T06:51:23.474405+00:00 | CONFIG_START model=LightGBM; strategy=Class weight; n_iter=12; expanded_search=False
2026-09-30T06:51:23.474798+00:00 | START model=LightGBM; strategy=Class weight; outer_fold=0
2026-09-30T06:51:24.258299+00:00 | FINISH model=LightGBM; strategy=Class weight; outer_fold=0; elapsed_seconds=0.783
2026-09-30T06:51:24.259009+00:00 | START model=LightGBM; strategy=Class weight; outer_fold=1
2026-09-30T06:51:24.891464+00:00 | FINISH model=LightGBM; strategy=Class weight; outer_fold=1; elapsed_seconds=0.632
2026-09-30T06:51:24.892068+00:00 | START model=LightGBM; strategy=Class weight; outer_fold=2
2026-09-30T06:51:25.567694+00:00 | FINISH model=LightGBM; strategy=Class weight; outer_fold=2; elapsed_seconds=0.676
2026-09-30T06:51:25.568346+00:00 | START model=LightGBM; strategy=Class weight; outer_fold=3
2026-09-30T06:51:26.224030+00:00 | FINISH model=LightGBM; strategy=Class weight; outer_fold=3; elapsed_seconds=0.656
2026-09-30T06:51:26.224657+00:00 | START model=LightGBM; strategy=Class weight; outer_fold=4
2026-09-30T06:51:26.792925+00:00 | FINISH model=LightGBM; strategy=Class weight; outer_fold=4; elapsed_seconds=0.568
2026-09-30T06:51:26.793527+00:00 | START model=LightGBM; strategy=Class weight; outer_fold=5
2026-09-30T06:51:27.404819+00:00 | FINISH model=LightGBM; strategy=Class weight; outer_fold=5; elapsed_seconds=0.611
2026-09-30T06:51:27.405533+00:00 | START model=LightGBM; strategy=Class weight; outer_fold=6
2026-09-30T06:51:28.043705+00:00 | FINISH model=LightGBM; strategy=Class weight; outer_fold=6; elapsed_seconds=0.638
2026-09-30T06:51:28.045274+00:00 | START model=LightGBM; strategy=Class weight; outer_fold=7
2026-09-30T06:51:28.741191+00:00 | FINISH model=LightGBM; strategy=Class weight; outer_fold=7; elapsed_seconds=0.696
2026-09-30T06:51:28.743844+00:00 | START model=LightGBM; strategy=Class weight; outer_fold=8
2026-09-30T06:51:29.510866+00:00 | FINISH model=LightGBM; strategy=Class weight; outer_fold=8; elapsed_seconds=0.767
2026-09-30T06:51:29.513224+00:00 | START model=LightGBM; strategy=Class weight; outer_fold=9
2026-09-30T06:51:30.245070+00:00 | FINISH model=LightGBM; strategy=Class weight; outer_fold=9; elapsed_seconds=0.732
2026-09-30T06:51:30.245905+00:00 | START model=LightGBM; strategy=Class weight; outer_fold=10
2026-09-30T06:51:30.878424+00:00 | FINISH model=LightGBM; strategy=Class weight; outer_fold=10; elapsed_seconds=0.633
2026-09-30T06:51:30.878957+00:00 | START model=LightGBM; strategy=Class weight; outer_fold=11
2026-09-30T06:51:31.474283+00:00 | FINISH model=LightGBM; strategy=Class weight; outer_fold=11; elapsed_seconds=0.595
2026-09-30T06:51:31.474821+00:00 | START model=LightGBM; strategy=Class weight; outer_fold=12
2026-09-30T06:51:32.215682+00:00 | FINISH model=LightGBM; strategy=Class weight; outer_fold=12; elapsed_seconds=0.741
2026-09-30T06:51:32.217049+00:00 | START model=LightGBM; strategy=Class weight; outer_fold=13
2026-09-30T06:51:32.809054+00:00 | FINISH model=LightGBM; strategy=Class weight; outer_fold=13; elapsed_seconds=0.592
2026-09-30T06:51:32.811309+00:00 | START model=LightGBM; strategy=Class weight; outer_fold=14
2026-09-30T06:51:33.483111+00:00 | FINISH model=LightGBM; strategy=Class weight; outer_fold=14; elapsed_seconds=0.672
2026-09-30T06:51:33.483911+00:00 | START model=LightGBM; strategy=Class weight; outer_fold=15
2026-09-30T06:51:34.041474+00:00 | FINISH model=LightGBM; strategy=Class weight; outer_fold=15; elapsed_seconds=0.557
2026-09-30T06:51:34.042122+00:00 | START model=LightGBM; strategy=Class weight; outer_fold=16
2026-09-30T06:51:34.658773+00:00 | FINISH model=LightGBM; strategy=Class weight; outer_fold=16; elapsed_seconds=0.617
2026-09-30T06:51:34.660317+00:00 | START model=LightGBM; strategy=Class weight; outer_fold=17
2026-09-30T06:51:35.273498+00:00 | FINISH model=LightGBM; strategy=Class weight; outer_fold=17; elapsed_seconds=0.613
2026-09-30T06:51:35.274085+00:00 | START model=LightGBM; strategy=Class weight; outer_fold=18
2026-09-30T06:51:36.101098+00:00 | FINISH model=LightGBM; strategy=Class weight; outer_fold=18; elapsed_seconds=0.827
2026-09-30T06:51:36.101748+00:00 | START model=LightGBM; strategy=Class weight; outer_fold=19
2026-09-30T06:51:36.796661+00:00 | FINISH model=LightGBM; strategy=Class weight; outer_fold=19; elapsed_seconds=0.695
2026-09-30T06:51:36.797252+00:00 | START model=LightGBM; strategy=Class weight; outer_fold=20
2026-09-30T06:51:37.451981+00:00 | FINISH model=LightGBM; strategy=Class weight; outer_fold=20; elapsed_seconds=0.655
2026-09-30T06:51:37.452464+00:00 | START model=LightGBM; strategy=Class weight; outer_fold=21
2026-09-30T06:51:38.166910+00:00 | FINISH model=LightGBM; strategy=Class weight; outer_fold=21; elapsed_seconds=0.714
2026-09-30T06:51:38.168421+00:00 | START model=LightGBM; strategy=Class weight; outer_fold=22
2026-09-30T06:51:38.892945+00:00 | FINISH model=LightGBM; strategy=Class weight; outer_fold=22; elapsed_seconds=0.725
2026-09-30T06:51:38.893503+00:00 | START model=LightGBM; strategy=Class weight; outer_fold=23
2026-09-30T06:51:39.586553+00:00 | FINISH model=LightGBM; strategy=Class weight; outer_fold=23; elapsed_seconds=0.693
2026-09-30T06:51:39.588389+00:00 | START model=LightGBM; strategy=Class weight; outer_fold=24
2026-09-30T06:51:40.232644+00:00 | FINISH model=LightGBM; strategy=Class weight; outer_fold=24; elapsed_seconds=0.644
2026-09-30T06:51:40.234836+00:00 | START model=LightGBM; strategy=Class weight; outer_fold=25
2026-09-30T06:51:40.949256+00:00 | FINISH model=LightGBM; strategy=Class weight; outer_fold=25; elapsed_seconds=0.714
2026-09-30T06:51:40.949952+00:00 | START model=LightGBM; strategy=Class weight; outer_fold=26
2026-09-30T06:51:41.623025+00:00 | FINISH model=LightGBM; strategy=Class weight; outer_fold=26; elapsed_seconds=0.673
2026-09-30T06:51:41.623805+00:00 | START model=LightGBM; strategy=Class weight; outer_fold=27
2026-09-30T06:51:42.270205+00:00 | FINISH model=LightGBM; strategy=Class weight; outer_fold=27; elapsed_seconds=0.646
2026-09-30T06:51:42.273174+00:00 | START model=LightGBM; strategy=Class weight; outer_fold=28
2026-09-30T06:51:42.864692+00:00 | FINISH model=LightGBM; strategy=Class weight; outer_fold=28; elapsed_seconds=0.592
2026-09-30T06:51:42.865366+00:00 | START model=LightGBM; strategy=Class weight; outer_fold=29
2026-09-30T06:51:43.538993+00:00 | FINISH model=LightGBM; strategy=Class weight; outer_fold=29; elapsed_seconds=0.674
2026-09-30T06:51:43.540354+00:00 | START model=LightGBM; strategy=Class weight; outer_fold=30
2026-09-30T06:51:44.218269+00:00 | FINISH model=LightGBM; strategy=Class weight; outer_fold=30; elapsed_seconds=0.678
2026-09-30T06:51:44.218981+00:00 | START model=LightGBM; strategy=Class weight; outer_fold=31
2026-09-30T06:51:44.890373+00:00 | FINISH model=LightGBM; strategy=Class weight; outer_fold=31; elapsed_seconds=0.671
2026-09-30T06:51:44.892763+00:00 | START model=LightGBM; strategy=Class weight; outer_fold=32
2026-09-30T06:51:45.591343+00:00 | FINISH model=LightGBM; strategy=Class weight; outer_fold=32; elapsed_seconds=0.699
2026-09-30T06:51:45.593548+00:00 | START model=LightGBM; strategy=Class weight; outer_fold=33
2026-09-30T06:51:46.249316+00:00 | FINISH model=LightGBM; strategy=Class weight; outer_fold=33; elapsed_seconds=0.656
2026-09-30T06:51:46.251674+00:00 | START model=LightGBM; strategy=Class weight; outer_fold=34
2026-09-30T06:51:46.832786+00:00 | FINISH model=LightGBM; strategy=Class weight; outer_fold=34; elapsed_seconds=0.581
2026-09-30T06:51:46.833397+00:00 | START model=LightGBM; strategy=Class weight; outer_fold=35
2026-09-30T06:51:47.569428+00:00 | FINISH model=LightGBM; strategy=Class weight; outer_fold=35; elapsed_seconds=0.736
2026-09-30T06:51:47.571591+00:00 | START model=LightGBM; strategy=Class weight; outer_fold=36
2026-09-30T06:51:48.239610+00:00 | FINISH model=LightGBM; strategy=Class weight; outer_fold=36; elapsed_seconds=0.668
2026-09-30T06:51:48.241052+00:00 | START model=LightGBM; strategy=Class weight; outer_fold=37
2026-09-30T06:51:48.990151+00:00 | FINISH model=LightGBM; strategy=Class weight; outer_fold=37; elapsed_seconds=0.749
2026-09-30T06:51:48.992587+00:00 | START model=LightGBM; strategy=Class weight; outer_fold=38
2026-09-30T06:51:49.773642+00:00 | FINISH model=LightGBM; strategy=Class weight; outer_fold=38; elapsed_seconds=0.781
2026-09-30T06:51:49.774118+00:00 | START model=LightGBM; strategy=Class weight; outer_fold=39
2026-09-30T06:51:50.410088+00:00 | FINISH model=LightGBM; strategy=Class weight; outer_fold=39; elapsed_seconds=0.636
2026-09-30T06:51:50.410990+00:00 | START model=LightGBM; strategy=Class weight; outer_fold=40
2026-09-30T06:51:51.164715+00:00 | FINISH model=LightGBM; strategy=Class weight; outer_fold=40; elapsed_seconds=0.754
2026-09-30T06:51:51.167939+00:00 | START model=LightGBM; strategy=Class weight; outer_fold=41
2026-09-30T06:51:51.760379+00:00 | FINISH model=LightGBM; strategy=Class weight; outer_fold=41; elapsed_seconds=0.592
2026-09-30T06:51:51.761807+00:00 | START model=LightGBM; strategy=Class weight; outer_fold=42
2026-09-30T06:51:52.416098+00:00 | FINISH model=LightGBM; strategy=Class weight; outer_fold=42; elapsed_seconds=0.654
2026-09-30T06:51:52.416623+00:00 | START model=LightGBM; strategy=Class weight; outer_fold=43
2026-09-30T06:51:53.029261+00:00 | FINISH model=LightGBM; strategy=Class weight; outer_fold=43; elapsed_seconds=0.613
2026-09-30T06:51:53.029771+00:00 | START model=LightGBM; strategy=Class weight; outer_fold=44
2026-09-30T06:51:53.747011+00:00 | FINISH model=LightGBM; strategy=Class weight; outer_fold=44; elapsed_seconds=0.717
2026-09-30T06:51:53.749205+00:00 | START model=LightGBM; strategy=Class weight; outer_fold=45
2026-09-30T06:51:54.366698+00:00 | FINISH model=LightGBM; strategy=Class weight; outer_fold=45; elapsed_seconds=0.617
2026-09-30T06:51:54.368061+00:00 | START model=LightGBM; strategy=Class weight; outer_fold=46
2026-09-30T06:51:54.994724+00:00 | FINISH model=LightGBM; strategy=Class weight; outer_fold=46; elapsed_seconds=0.627
2026-09-30T06:51:54.996321+00:00 | START model=LightGBM; strategy=Class weight; outer_fold=47
2026-09-30T06:51:55.711500+00:00 | FINISH model=LightGBM; strategy=Class weight; outer_fold=47; elapsed_seconds=0.715
2026-09-30T06:51:55.712728+00:00 | START model=LightGBM; strategy=Class weight; outer_fold=48
2026-09-30T06:51:56.367238+00:00 | FINISH model=LightGBM; strategy=Class weight; outer_fold=48; elapsed_seconds=0.654
2026-09-30T06:51:56.367852+00:00 | START model=LightGBM; strategy=Class weight; outer_fold=49
2026-09-30T06:51:57.000508+00:00 | FINISH model=LightGBM; strategy=Class weight; outer_fold=49; elapsed_seconds=0.633
2026-09-30T06:51:57.001218+00:00 | CONFIG_FINISH model=LightGBM; strategy=Class weight; elapsed_seconds=33.527; n_iter=12; expanded_search=False
2026-09-30T06:51:57.016893+00:00 | SAVED_CONFIG model=LightGBM; strategy=Class weight; rows=1150
2026-09-30T06:51:57.017145+00:00 | CONFIG_START model=LightGBM; strategy=SMOTE-NC; n_iter=12; expanded_search=False
2026-09-30T06:51:57.017440+00:00 | START model=LightGBM; strategy=SMOTE-NC; outer_fold=0
2026-09-30T06:51:58.553615+00:00 | FINISH model=LightGBM; strategy=SMOTE-NC; outer_fold=0; elapsed_seconds=1.536
2026-09-30T06:51:58.554194+00:00 | START model=LightGBM; strategy=SMOTE-NC; outer_fold=1
2026-09-30T06:52:00.236998+00:00 | FINISH model=LightGBM; strategy=SMOTE-NC; outer_fold=1; elapsed_seconds=1.683
2026-09-30T06:52:00.238430+00:00 | START model=LightGBM; strategy=SMOTE-NC; outer_fold=2
2026-09-30T06:52:01.766902+00:00 | FINISH model=LightGBM; strategy=SMOTE-NC; outer_fold=2; elapsed_seconds=1.528
2026-09-30T06:52:01.767508+00:00 | START model=LightGBM; strategy=SMOTE-NC; outer_fold=3
2026-09-30T06:52:03.605576+00:00 | FINISH model=LightGBM; strategy=SMOTE-NC; outer_fold=3; elapsed_seconds=1.838
2026-09-30T06:52:03.606257+00:00 | START model=LightGBM; strategy=SMOTE-NC; outer_fold=4
2026-09-30T06:52:05.469085+00:00 | FINISH model=LightGBM; strategy=SMOTE-NC; outer_fold=4; elapsed_seconds=1.863
2026-09-30T06:52:05.469739+00:00 | START model=LightGBM; strategy=SMOTE-NC; outer_fold=5
2026-09-30T06:52:06.958453+00:00 | FINISH model=LightGBM; strategy=SMOTE-NC; outer_fold=5; elapsed_seconds=1.489
2026-09-30T06:52:06.959042+00:00 | START model=LightGBM; strategy=SMOTE-NC; outer_fold=6
2026-09-30T06:52:08.638986+00:00 | FINISH model=LightGBM; strategy=SMOTE-NC; outer_fold=6; elapsed_seconds=1.680
2026-09-30T06:52:08.640310+00:00 | START model=LightGBM; strategy=SMOTE-NC; outer_fold=7
2026-09-30T06:52:09.918983+00:00 | FINISH model=LightGBM; strategy=SMOTE-NC; outer_fold=7; elapsed_seconds=1.279
2026-09-30T06:52:09.919521+00:00 | START model=LightGBM; strategy=SMOTE-NC; outer_fold=8
2026-09-30T06:52:11.575715+00:00 | FINISH model=LightGBM; strategy=SMOTE-NC; outer_fold=8; elapsed_seconds=1.656
2026-09-30T06:52:11.576619+00:00 | START model=LightGBM; strategy=SMOTE-NC; outer_fold=9
2026-09-30T06:52:12.769232+00:00 | FINISH model=LightGBM; strategy=SMOTE-NC; outer_fold=9; elapsed_seconds=1.193
2026-09-30T06:52:12.769965+00:00 | START model=LightGBM; strategy=SMOTE-NC; outer_fold=10
2026-09-30T06:52:14.231376+00:00 | FINISH model=LightGBM; strategy=SMOTE-NC; outer_fold=10; elapsed_seconds=1.461
2026-09-30T06:52:14.231979+00:00 | START model=LightGBM; strategy=SMOTE-NC; outer_fold=11
2026-09-30T06:52:15.605579+00:00 | FINISH model=LightGBM; strategy=SMOTE-NC; outer_fold=11; elapsed_seconds=1.374
2026-09-30T06:52:15.606204+00:00 | START model=LightGBM; strategy=SMOTE-NC; outer_fold=12
2026-09-30T06:52:17.037892+00:00 | FINISH model=LightGBM; strategy=SMOTE-NC; outer_fold=12; elapsed_seconds=1.432
2026-09-30T06:52:17.038727+00:00 | START model=LightGBM; strategy=SMOTE-NC; outer_fold=13
2026-09-30T06:52:18.293024+00:00 | FINISH model=LightGBM; strategy=SMOTE-NC; outer_fold=13; elapsed_seconds=1.254
2026-09-30T06:52:18.294253+00:00 | START model=LightGBM; strategy=SMOTE-NC; outer_fold=14
2026-09-30T06:52:19.936118+00:00 | FINISH model=LightGBM; strategy=SMOTE-NC; outer_fold=14; elapsed_seconds=1.642
2026-09-30T06:52:19.936590+00:00 | START model=LightGBM; strategy=SMOTE-NC; outer_fold=15
2026-09-30T06:52:21.392658+00:00 | FINISH model=LightGBM; strategy=SMOTE-NC; outer_fold=15; elapsed_seconds=1.456
2026-09-30T06:52:21.394744+00:00 | START model=LightGBM; strategy=SMOTE-NC; outer_fold=16
2026-09-30T06:52:22.855968+00:00 | FINISH model=LightGBM; strategy=SMOTE-NC; outer_fold=16; elapsed_seconds=1.461
2026-09-30T06:52:22.858118+00:00 | START model=LightGBM; strategy=SMOTE-NC; outer_fold=17
2026-09-30T06:52:24.385853+00:00 | FINISH model=LightGBM; strategy=SMOTE-NC; outer_fold=17; elapsed_seconds=1.528
2026-09-30T06:52:24.388283+00:00 | START model=LightGBM; strategy=SMOTE-NC; outer_fold=18
2026-09-30T06:52:25.981502+00:00 | FINISH model=LightGBM; strategy=SMOTE-NC; outer_fold=18; elapsed_seconds=1.593
2026-09-30T06:52:25.983797+00:00 | START model=LightGBM; strategy=SMOTE-NC; outer_fold=19
2026-09-30T06:52:27.744535+00:00 | FINISH model=LightGBM; strategy=SMOTE-NC; outer_fold=19; elapsed_seconds=1.761
2026-09-30T06:52:27.744997+00:00 | START model=LightGBM; strategy=SMOTE-NC; outer_fold=20
2026-09-30T06:52:29.850314+00:00 | FINISH model=LightGBM; strategy=SMOTE-NC; outer_fold=20; elapsed_seconds=2.105
2026-09-30T06:52:29.851894+00:00 | START model=LightGBM; strategy=SMOTE-NC; outer_fold=21
2026-09-30T06:52:31.326787+00:00 | FINISH model=LightGBM; strategy=SMOTE-NC; outer_fold=21; elapsed_seconds=1.475
2026-09-30T06:52:31.328694+00:00 | START model=LightGBM; strategy=SMOTE-NC; outer_fold=22
2026-09-30T06:52:33.047951+00:00 | FINISH model=LightGBM; strategy=SMOTE-NC; outer_fold=22; elapsed_seconds=1.719
2026-09-30T06:52:33.048791+00:00 | START model=LightGBM; strategy=SMOTE-NC; outer_fold=23
2026-09-30T06:52:34.666893+00:00 | FINISH model=LightGBM; strategy=SMOTE-NC; outer_fold=23; elapsed_seconds=1.618
2026-09-30T06:52:34.669185+00:00 | START model=LightGBM; strategy=SMOTE-NC; outer_fold=24
2026-09-30T06:52:36.246489+00:00 | FINISH model=LightGBM; strategy=SMOTE-NC; outer_fold=24; elapsed_seconds=1.577
2026-09-30T06:52:36.247151+00:00 | START model=LightGBM; strategy=SMOTE-NC; outer_fold=25
2026-09-30T06:52:37.981396+00:00 | FINISH model=LightGBM; strategy=SMOTE-NC; outer_fold=25; elapsed_seconds=1.734
2026-09-30T06:52:37.983596+00:00 | START model=LightGBM; strategy=SMOTE-NC; outer_fold=26
2026-09-30T06:52:39.396388+00:00 | FINISH model=LightGBM; strategy=SMOTE-NC; outer_fold=26; elapsed_seconds=1.413
2026-09-30T06:52:39.397651+00:00 | START model=LightGBM; strategy=SMOTE-NC; outer_fold=27
2026-09-30T06:52:40.665157+00:00 | FINISH model=LightGBM; strategy=SMOTE-NC; outer_fold=27; elapsed_seconds=1.267
2026-09-30T06:52:40.667653+00:00 | START model=LightGBM; strategy=SMOTE-NC; outer_fold=28
2026-09-30T06:52:42.205013+00:00 | FINISH model=LightGBM; strategy=SMOTE-NC; outer_fold=28; elapsed_seconds=1.537
2026-09-30T06:52:42.205714+00:00 | START model=LightGBM; strategy=SMOTE-NC; outer_fold=29
2026-09-30T06:52:43.492742+00:00 | FINISH model=LightGBM; strategy=SMOTE-NC; outer_fold=29; elapsed_seconds=1.287
2026-09-30T06:52:43.516681+00:00 | START model=LightGBM; strategy=SMOTE-NC; outer_fold=30
2026-09-30T06:52:45.222874+00:00 | FINISH model=LightGBM; strategy=SMOTE-NC; outer_fold=30; elapsed_seconds=1.706
2026-09-30T06:52:45.230217+00:00 | START model=LightGBM; strategy=SMOTE-NC; outer_fold=31
2026-09-30T06:52:46.531100+00:00 | FINISH model=LightGBM; strategy=SMOTE-NC; outer_fold=31; elapsed_seconds=1.301
2026-09-30T06:52:46.532412+00:00 | START model=LightGBM; strategy=SMOTE-NC; outer_fold=32
2026-09-30T06:52:48.357561+00:00 | FINISH model=LightGBM; strategy=SMOTE-NC; outer_fold=32; elapsed_seconds=1.825
2026-09-30T06:52:48.358067+00:00 | START model=LightGBM; strategy=SMOTE-NC; outer_fold=33
2026-09-30T06:52:50.137096+00:00 | FINISH model=LightGBM; strategy=SMOTE-NC; outer_fold=33; elapsed_seconds=1.779
2026-09-30T06:52:50.139524+00:00 | START model=LightGBM; strategy=SMOTE-NC; outer_fold=34
2026-09-30T06:52:51.435370+00:00 | FINISH model=LightGBM; strategy=SMOTE-NC; outer_fold=34; elapsed_seconds=1.296
2026-09-30T06:52:51.435940+00:00 | START model=LightGBM; strategy=SMOTE-NC; outer_fold=35
2026-09-30T06:52:53.147028+00:00 | FINISH model=LightGBM; strategy=SMOTE-NC; outer_fold=35; elapsed_seconds=1.711
2026-09-30T06:52:53.149401+00:00 | START model=LightGBM; strategy=SMOTE-NC; outer_fold=36
2026-09-30T06:52:54.964167+00:00 | FINISH model=LightGBM; strategy=SMOTE-NC; outer_fold=36; elapsed_seconds=1.815
2026-09-30T06:52:54.966521+00:00 | START model=LightGBM; strategy=SMOTE-NC; outer_fold=37
2026-09-30T06:52:56.355946+00:00 | FINISH model=LightGBM; strategy=SMOTE-NC; outer_fold=37; elapsed_seconds=1.389
2026-09-30T06:52:56.358101+00:00 | START model=LightGBM; strategy=SMOTE-NC; outer_fold=38
2026-09-30T06:52:57.732226+00:00 | FINISH model=LightGBM; strategy=SMOTE-NC; outer_fold=38; elapsed_seconds=1.374
2026-09-30T06:52:57.732970+00:00 | START model=LightGBM; strategy=SMOTE-NC; outer_fold=39
2026-09-30T06:52:59.692529+00:00 | FINISH model=LightGBM; strategy=SMOTE-NC; outer_fold=39; elapsed_seconds=1.960
2026-09-30T06:52:59.694887+00:00 | START model=LightGBM; strategy=SMOTE-NC; outer_fold=40
2026-09-30T06:53:00.961148+00:00 | FINISH model=LightGBM; strategy=SMOTE-NC; outer_fold=40; elapsed_seconds=1.266
2026-09-30T06:53:00.961663+00:00 | START model=LightGBM; strategy=SMOTE-NC; outer_fold=41
2026-09-30T06:53:02.376885+00:00 | FINISH model=LightGBM; strategy=SMOTE-NC; outer_fold=41; elapsed_seconds=1.415
2026-09-30T06:53:02.380136+00:00 | START model=LightGBM; strategy=SMOTE-NC; outer_fold=42
2026-09-30T06:53:03.778697+00:00 | FINISH model=LightGBM; strategy=SMOTE-NC; outer_fold=42; elapsed_seconds=1.399
2026-09-30T06:53:03.780110+00:00 | START model=LightGBM; strategy=SMOTE-NC; outer_fold=43
2026-09-30T06:53:05.367459+00:00 | FINISH model=LightGBM; strategy=SMOTE-NC; outer_fold=43; elapsed_seconds=1.587
2026-09-30T06:53:05.368234+00:00 | START model=LightGBM; strategy=SMOTE-NC; outer_fold=44
2026-09-30T06:53:06.728326+00:00 | FINISH model=LightGBM; strategy=SMOTE-NC; outer_fold=44; elapsed_seconds=1.360
2026-09-30T06:53:06.732535+00:00 | START model=LightGBM; strategy=SMOTE-NC; outer_fold=45
2026-09-30T06:53:08.532212+00:00 | FINISH model=LightGBM; strategy=SMOTE-NC; outer_fold=45; elapsed_seconds=1.800
2026-09-30T06:53:08.532831+00:00 | START model=LightGBM; strategy=SMOTE-NC; outer_fold=46
2026-09-30T06:53:09.992312+00:00 | FINISH model=LightGBM; strategy=SMOTE-NC; outer_fold=46; elapsed_seconds=1.460
2026-09-30T06:53:09.992871+00:00 | START model=LightGBM; strategy=SMOTE-NC; outer_fold=47
2026-09-30T06:53:11.446950+00:00 | FINISH model=LightGBM; strategy=SMOTE-NC; outer_fold=47; elapsed_seconds=1.454
2026-09-30T06:53:11.448412+00:00 | START model=LightGBM; strategy=SMOTE-NC; outer_fold=48
2026-09-30T06:53:12.920114+00:00 | FINISH model=LightGBM; strategy=SMOTE-NC; outer_fold=48; elapsed_seconds=1.472
2026-09-30T06:53:12.920609+00:00 | START model=LightGBM; strategy=SMOTE-NC; outer_fold=49
2026-09-30T06:53:14.565266+00:00 | FINISH model=LightGBM; strategy=SMOTE-NC; outer_fold=49; elapsed_seconds=1.645
2026-09-30T06:53:14.566511+00:00 | CONFIG_FINISH model=LightGBM; strategy=SMOTE-NC; elapsed_seconds=77.549; n_iter=12; expanded_search=False
2026-09-30T06:53:14.585690+00:00 | SAVED_CONFIG model=LightGBM; strategy=SMOTE-NC; rows=1200
2026-09-30T06:53:14.585932+00:00 | CONFIG_START model=LightGBM; strategy=Random undersampling; n_iter=12; expanded_search=False
2026-09-30T06:53:14.586191+00:00 | START model=LightGBM; strategy=Random undersampling; outer_fold=0
2026-09-30T06:53:15.015731+00:00 | FINISH model=LightGBM; strategy=Random undersampling; outer_fold=0; elapsed_seconds=0.430
2026-09-30T06:53:15.017030+00:00 | START model=LightGBM; strategy=Random undersampling; outer_fold=1
2026-09-30T06:53:15.413388+00:00 | FINISH model=LightGBM; strategy=Random undersampling; outer_fold=1; elapsed_seconds=0.396
2026-09-30T06:53:15.414809+00:00 | START model=LightGBM; strategy=Random undersampling; outer_fold=2
2026-09-30T06:53:15.829402+00:00 | FINISH model=LightGBM; strategy=Random undersampling; outer_fold=2; elapsed_seconds=0.415
2026-09-30T06:53:15.830273+00:00 | START model=LightGBM; strategy=Random undersampling; outer_fold=3
2026-09-30T06:53:16.204873+00:00 | FINISH model=LightGBM; strategy=Random undersampling; outer_fold=3; elapsed_seconds=0.375
2026-09-30T06:53:16.206622+00:00 | START model=LightGBM; strategy=Random undersampling; outer_fold=4
2026-09-30T06:53:16.592982+00:00 | FINISH model=LightGBM; strategy=Random undersampling; outer_fold=4; elapsed_seconds=0.386
2026-09-30T06:53:16.593497+00:00 | START model=LightGBM; strategy=Random undersampling; outer_fold=5
2026-09-30T06:53:17.019037+00:00 | FINISH model=LightGBM; strategy=Random undersampling; outer_fold=5; elapsed_seconds=0.426
2026-09-30T06:53:17.019722+00:00 | START model=LightGBM; strategy=Random undersampling; outer_fold=6
2026-09-30T06:53:17.422406+00:00 | FINISH model=LightGBM; strategy=Random undersampling; outer_fold=6; elapsed_seconds=0.403
2026-09-30T06:53:17.423120+00:00 | START model=LightGBM; strategy=Random undersampling; outer_fold=7
2026-09-30T06:53:17.865634+00:00 | FINISH model=LightGBM; strategy=Random undersampling; outer_fold=7; elapsed_seconds=0.442
2026-09-30T06:53:17.867885+00:00 | START model=LightGBM; strategy=Random undersampling; outer_fold=8
2026-09-30T06:53:18.328660+00:00 | FINISH model=LightGBM; strategy=Random undersampling; outer_fold=8; elapsed_seconds=0.461
2026-09-30T06:53:18.329392+00:00 | START model=LightGBM; strategy=Random undersampling; outer_fold=9
2026-09-30T06:53:18.757921+00:00 | FINISH model=LightGBM; strategy=Random undersampling; outer_fold=9; elapsed_seconds=0.428
2026-09-30T06:53:18.758809+00:00 | START model=LightGBM; strategy=Random undersampling; outer_fold=10
2026-09-30T06:53:19.163953+00:00 | FINISH model=LightGBM; strategy=Random undersampling; outer_fold=10; elapsed_seconds=0.405
2026-09-30T06:53:19.164649+00:00 | START model=LightGBM; strategy=Random undersampling; outer_fold=11
2026-09-30T06:53:19.618147+00:00 | FINISH model=LightGBM; strategy=Random undersampling; outer_fold=11; elapsed_seconds=0.453
2026-09-30T06:53:19.619602+00:00 | START model=LightGBM; strategy=Random undersampling; outer_fold=12
2026-09-30T06:53:20.023916+00:00 | FINISH model=LightGBM; strategy=Random undersampling; outer_fold=12; elapsed_seconds=0.404
2026-09-30T06:53:20.024532+00:00 | START model=LightGBM; strategy=Random undersampling; outer_fold=13
2026-09-30T06:53:20.435684+00:00 | FINISH model=LightGBM; strategy=Random undersampling; outer_fold=13; elapsed_seconds=0.411
2026-09-30T06:53:20.438222+00:00 | START model=LightGBM; strategy=Random undersampling; outer_fold=14
2026-09-30T06:53:20.925591+00:00 | FINISH model=LightGBM; strategy=Random undersampling; outer_fold=14; elapsed_seconds=0.487
2026-09-30T06:53:20.926910+00:00 | START model=LightGBM; strategy=Random undersampling; outer_fold=15
2026-09-30T06:53:21.320847+00:00 | FINISH model=LightGBM; strategy=Random undersampling; outer_fold=15; elapsed_seconds=0.394
2026-09-30T06:53:21.323339+00:00 | START model=LightGBM; strategy=Random undersampling; outer_fold=16
2026-09-30T06:53:21.762595+00:00 | FINISH model=LightGBM; strategy=Random undersampling; outer_fold=16; elapsed_seconds=0.439
2026-09-30T06:53:21.764131+00:00 | START model=LightGBM; strategy=Random undersampling; outer_fold=17
2026-09-30T06:53:22.138525+00:00 | FINISH model=LightGBM; strategy=Random undersampling; outer_fold=17; elapsed_seconds=0.374
2026-09-30T06:53:22.139962+00:00 | START model=LightGBM; strategy=Random undersampling; outer_fold=18
2026-09-30T06:53:22.629374+00:00 | FINISH model=LightGBM; strategy=Random undersampling; outer_fold=18; elapsed_seconds=0.489
2026-09-30T06:53:22.631801+00:00 | START model=LightGBM; strategy=Random undersampling; outer_fold=19
2026-09-30T06:53:23.038001+00:00 | FINISH model=LightGBM; strategy=Random undersampling; outer_fold=19; elapsed_seconds=0.406
2026-09-30T06:53:23.038873+00:00 | START model=LightGBM; strategy=Random undersampling; outer_fold=20
2026-09-30T06:53:23.455570+00:00 | FINISH model=LightGBM; strategy=Random undersampling; outer_fold=20; elapsed_seconds=0.417
2026-09-30T06:53:23.456074+00:00 | START model=LightGBM; strategy=Random undersampling; outer_fold=21
2026-09-30T06:53:23.870322+00:00 | FINISH model=LightGBM; strategy=Random undersampling; outer_fold=21; elapsed_seconds=0.414
2026-09-30T06:53:23.870909+00:00 | START model=LightGBM; strategy=Random undersampling; outer_fold=22
2026-09-30T06:53:24.299555+00:00 | FINISH model=LightGBM; strategy=Random undersampling; outer_fold=22; elapsed_seconds=0.429
2026-09-30T06:53:24.301047+00:00 | START model=LightGBM; strategy=Random undersampling; outer_fold=23
2026-09-30T06:53:24.769094+00:00 | FINISH model=LightGBM; strategy=Random undersampling; outer_fold=23; elapsed_seconds=0.468
2026-09-30T06:53:24.771350+00:00 | START model=LightGBM; strategy=Random undersampling; outer_fold=24
2026-09-30T06:53:25.225210+00:00 | FINISH model=LightGBM; strategy=Random undersampling; outer_fold=24; elapsed_seconds=0.454
2026-09-30T06:53:25.227568+00:00 | START model=LightGBM; strategy=Random undersampling; outer_fold=25
2026-09-30T06:53:25.652090+00:00 | FINISH model=LightGBM; strategy=Random undersampling; outer_fold=25; elapsed_seconds=0.425
2026-09-30T06:53:25.654246+00:00 | START model=LightGBM; strategy=Random undersampling; outer_fold=26
2026-09-30T06:53:26.131223+00:00 | FINISH model=LightGBM; strategy=Random undersampling; outer_fold=26; elapsed_seconds=0.477
2026-09-30T06:53:26.132791+00:00 | START model=LightGBM; strategy=Random undersampling; outer_fold=27
2026-09-30T06:53:26.528116+00:00 | FINISH model=LightGBM; strategy=Random undersampling; outer_fold=27; elapsed_seconds=0.395
2026-09-30T06:53:26.529430+00:00 | START model=LightGBM; strategy=Random undersampling; outer_fold=28
2026-09-30T06:53:26.936704+00:00 | FINISH model=LightGBM; strategy=Random undersampling; outer_fold=28; elapsed_seconds=0.407
2026-09-30T06:53:26.939048+00:00 | START model=LightGBM; strategy=Random undersampling; outer_fold=29
2026-09-30T06:53:27.321754+00:00 | FINISH model=LightGBM; strategy=Random undersampling; outer_fold=29; elapsed_seconds=0.383
2026-09-30T06:53:27.323408+00:00 | START model=LightGBM; strategy=Random undersampling; outer_fold=30
2026-09-30T06:53:27.701300+00:00 | FINISH model=LightGBM; strategy=Random undersampling; outer_fold=30; elapsed_seconds=0.378
2026-09-30T06:53:27.702717+00:00 | START model=LightGBM; strategy=Random undersampling; outer_fold=31
2026-09-30T06:53:28.115120+00:00 | FINISH model=LightGBM; strategy=Random undersampling; outer_fold=31; elapsed_seconds=0.412
2026-09-30T06:53:28.117676+00:00 | START model=LightGBM; strategy=Random undersampling; outer_fold=32
2026-09-30T06:53:28.548727+00:00 | FINISH model=LightGBM; strategy=Random undersampling; outer_fold=32; elapsed_seconds=0.431
2026-09-30T06:53:28.550918+00:00 | START model=LightGBM; strategy=Random undersampling; outer_fold=33
2026-09-30T06:53:28.938083+00:00 | FINISH model=LightGBM; strategy=Random undersampling; outer_fold=33; elapsed_seconds=0.387
2026-09-30T06:53:28.939014+00:00 | START model=LightGBM; strategy=Random undersampling; outer_fold=34
2026-09-30T06:53:29.344041+00:00 | FINISH model=LightGBM; strategy=Random undersampling; outer_fold=34; elapsed_seconds=0.405
2026-09-30T06:53:29.344673+00:00 | START model=LightGBM; strategy=Random undersampling; outer_fold=35
2026-09-30T06:53:29.769334+00:00 | FINISH model=LightGBM; strategy=Random undersampling; outer_fold=35; elapsed_seconds=0.425
2026-09-30T06:53:29.769944+00:00 | START model=LightGBM; strategy=Random undersampling; outer_fold=36
2026-09-30T06:53:30.192515+00:00 | FINISH model=LightGBM; strategy=Random undersampling; outer_fold=36; elapsed_seconds=0.423
2026-09-30T06:53:30.194054+00:00 | START model=LightGBM; strategy=Random undersampling; outer_fold=37
2026-09-30T06:53:30.602048+00:00 | FINISH model=LightGBM; strategy=Random undersampling; outer_fold=37; elapsed_seconds=0.408
2026-09-30T06:53:30.603386+00:00 | START model=LightGBM; strategy=Random undersampling; outer_fold=38
2026-09-30T06:53:31.063580+00:00 | FINISH model=LightGBM; strategy=Random undersampling; outer_fold=38; elapsed_seconds=0.460
2026-09-30T06:53:31.065888+00:00 | START model=LightGBM; strategy=Random undersampling; outer_fold=39
2026-09-30T06:53:31.479136+00:00 | FINISH model=LightGBM; strategy=Random undersampling; outer_fold=39; elapsed_seconds=0.413
2026-09-30T06:53:31.480404+00:00 | START model=LightGBM; strategy=Random undersampling; outer_fold=40
2026-09-30T06:53:31.845397+00:00 | FINISH model=LightGBM; strategy=Random undersampling; outer_fold=40; elapsed_seconds=0.365
2026-09-30T06:53:31.846828+00:00 | START model=LightGBM; strategy=Random undersampling; outer_fold=41
2026-09-30T06:53:32.259655+00:00 | FINISH model=LightGBM; strategy=Random undersampling; outer_fold=41; elapsed_seconds=0.413
2026-09-30T06:53:32.261882+00:00 | START model=LightGBM; strategy=Random undersampling; outer_fold=42
2026-09-30T06:53:32.701908+00:00 | FINISH model=LightGBM; strategy=Random undersampling; outer_fold=42; elapsed_seconds=0.440
2026-09-30T06:53:32.704026+00:00 | START model=LightGBM; strategy=Random undersampling; outer_fold=43
2026-09-30T06:53:33.109016+00:00 | FINISH model=LightGBM; strategy=Random undersampling; outer_fold=43; elapsed_seconds=0.405
2026-09-30T06:53:33.111286+00:00 | START model=LightGBM; strategy=Random undersampling; outer_fold=44
2026-09-30T06:53:33.535023+00:00 | FINISH model=LightGBM; strategy=Random undersampling; outer_fold=44; elapsed_seconds=0.424
2026-09-30T06:53:33.535608+00:00 | START model=LightGBM; strategy=Random undersampling; outer_fold=45
2026-09-30T06:53:33.947580+00:00 | FINISH model=LightGBM; strategy=Random undersampling; outer_fold=45; elapsed_seconds=0.412
2026-09-30T06:53:33.948470+00:00 | START model=LightGBM; strategy=Random undersampling; outer_fold=46
2026-09-30T06:53:34.357684+00:00 | FINISH model=LightGBM; strategy=Random undersampling; outer_fold=46; elapsed_seconds=0.409
2026-09-30T06:53:34.360149+00:00 | START model=LightGBM; strategy=Random undersampling; outer_fold=47
2026-09-30T06:53:34.806442+00:00 | FINISH model=LightGBM; strategy=Random undersampling; outer_fold=47; elapsed_seconds=0.446
2026-09-30T06:53:34.808938+00:00 | START model=LightGBM; strategy=Random undersampling; outer_fold=48
2026-09-30T06:53:35.247665+00:00 | FINISH model=LightGBM; strategy=Random undersampling; outer_fold=48; elapsed_seconds=0.439
2026-09-30T06:53:35.248300+00:00 | START model=LightGBM; strategy=Random undersampling; outer_fold=49
2026-09-30T06:53:35.645220+00:00 | FINISH model=LightGBM; strategy=Random undersampling; outer_fold=49; elapsed_seconds=0.397
2026-09-30T06:53:35.645822+00:00 | CONFIG_FINISH model=LightGBM; strategy=Random undersampling; elapsed_seconds=21.060; n_iter=12; expanded_search=False
2026-09-30T06:53:35.662748+00:00 | SAVED_CONFIG model=LightGBM; strategy=Random undersampling; rows=1250
2026-09-30T06:53:35.663093+00:00 | CONFIG_START model=LightGBM; strategy=Threshold tuning; n_iter=12; expanded_search=False
2026-09-30T06:53:35.663375+00:00 | START model=LightGBM; strategy=Threshold tuning; outer_fold=0
2026-09-30T06:53:37.727216+00:00 | FINISH model=LightGBM; strategy=Threshold tuning; outer_fold=0; elapsed_seconds=2.064
2026-09-30T06:53:37.729592+00:00 | START model=LightGBM; strategy=Threshold tuning; outer_fold=1
2026-09-30T06:53:40.117293+00:00 | FINISH model=LightGBM; strategy=Threshold tuning; outer_fold=1; elapsed_seconds=2.388
2026-09-30T06:53:40.117834+00:00 | START model=LightGBM; strategy=Threshold tuning; outer_fold=2
2026-09-30T06:53:42.349178+00:00 | FINISH model=LightGBM; strategy=Threshold tuning; outer_fold=2; elapsed_seconds=2.231
2026-09-30T06:53:42.351605+00:00 | START model=LightGBM; strategy=Threshold tuning; outer_fold=3
2026-09-30T06:53:44.333589+00:00 | FINISH model=LightGBM; strategy=Threshold tuning; outer_fold=3; elapsed_seconds=1.982
2026-09-30T06:53:44.334985+00:00 | START model=LightGBM; strategy=Threshold tuning; outer_fold=4
2026-09-30T06:53:46.359464+00:00 | FINISH model=LightGBM; strategy=Threshold tuning; outer_fold=4; elapsed_seconds=2.024
2026-09-30T06:53:46.361792+00:00 | START model=LightGBM; strategy=Threshold tuning; outer_fold=5
2026-09-30T06:53:48.598000+00:00 | FINISH model=LightGBM; strategy=Threshold tuning; outer_fold=5; elapsed_seconds=2.236
2026-09-30T06:53:48.600378+00:00 | START model=LightGBM; strategy=Threshold tuning; outer_fold=6
2026-09-30T06:53:50.853489+00:00 | FINISH model=LightGBM; strategy=Threshold tuning; outer_fold=6; elapsed_seconds=2.253
2026-09-30T06:53:50.855769+00:00 | START model=LightGBM; strategy=Threshold tuning; outer_fold=7
2026-09-30T06:53:52.881435+00:00 | FINISH model=LightGBM; strategy=Threshold tuning; outer_fold=7; elapsed_seconds=2.026
2026-09-30T06:53:52.883026+00:00 | START model=LightGBM; strategy=Threshold tuning; outer_fold=8
2026-09-30T06:53:54.997721+00:00 | FINISH model=LightGBM; strategy=Threshold tuning; outer_fold=8; elapsed_seconds=2.115
2026-09-30T06:53:55.000030+00:00 | START model=LightGBM; strategy=Threshold tuning; outer_fold=9
2026-09-30T06:53:57.158210+00:00 | FINISH model=LightGBM; strategy=Threshold tuning; outer_fold=9; elapsed_seconds=2.158
2026-09-30T06:53:57.160681+00:00 | START model=LightGBM; strategy=Threshold tuning; outer_fold=10
2026-09-30T06:53:59.320003+00:00 | FINISH model=LightGBM; strategy=Threshold tuning; outer_fold=10; elapsed_seconds=2.159
2026-09-30T06:53:59.320464+00:00 | START model=LightGBM; strategy=Threshold tuning; outer_fold=11
2026-09-30T06:54:01.297771+00:00 | FINISH model=LightGBM; strategy=Threshold tuning; outer_fold=11; elapsed_seconds=1.977
2026-09-30T06:54:01.300376+00:00 | START model=LightGBM; strategy=Threshold tuning; outer_fold=12
2026-09-30T06:54:03.506893+00:00 | FINISH model=LightGBM; strategy=Threshold tuning; outer_fold=12; elapsed_seconds=2.207
2026-09-30T06:54:03.509506+00:00 | START model=LightGBM; strategy=Threshold tuning; outer_fold=13
2026-09-30T06:54:05.663418+00:00 | FINISH model=LightGBM; strategy=Threshold tuning; outer_fold=13; elapsed_seconds=2.154
2026-09-30T06:54:05.664872+00:00 | START model=LightGBM; strategy=Threshold tuning; outer_fold=14
2026-09-30T06:54:07.693836+00:00 | FINISH model=LightGBM; strategy=Threshold tuning; outer_fold=14; elapsed_seconds=2.029
2026-09-30T06:54:07.696055+00:00 | START model=LightGBM; strategy=Threshold tuning; outer_fold=15
2026-09-30T06:54:09.686797+00:00 | FINISH model=LightGBM; strategy=Threshold tuning; outer_fold=15; elapsed_seconds=1.991
2026-09-30T06:54:09.687350+00:00 | START model=LightGBM; strategy=Threshold tuning; outer_fold=16
2026-09-30T06:54:11.851420+00:00 | FINISH model=LightGBM; strategy=Threshold tuning; outer_fold=16; elapsed_seconds=2.164
2026-09-30T06:54:11.853935+00:00 | START model=LightGBM; strategy=Threshold tuning; outer_fold=17
2026-09-30T06:54:13.926614+00:00 | FINISH model=LightGBM; strategy=Threshold tuning; outer_fold=17; elapsed_seconds=2.073
2026-09-30T06:54:13.927133+00:00 | START model=LightGBM; strategy=Threshold tuning; outer_fold=18
2026-09-30T06:54:15.977114+00:00 | FINISH model=LightGBM; strategy=Threshold tuning; outer_fold=18; elapsed_seconds=2.050
2026-09-30T06:54:15.979476+00:00 | START model=LightGBM; strategy=Threshold tuning; outer_fold=19
2026-09-30T06:54:18.151900+00:00 | FINISH model=LightGBM; strategy=Threshold tuning; outer_fold=19; elapsed_seconds=2.172
2026-09-30T06:54:18.154172+00:00 | START model=LightGBM; strategy=Threshold tuning; outer_fold=20
2026-09-30T06:54:20.162282+00:00 | FINISH model=LightGBM; strategy=Threshold tuning; outer_fold=20; elapsed_seconds=2.008
2026-09-30T06:54:20.162911+00:00 | START model=LightGBM; strategy=Threshold tuning; outer_fold=21
2026-09-30T06:54:22.347094+00:00 | FINISH model=LightGBM; strategy=Threshold tuning; outer_fold=21; elapsed_seconds=2.184
2026-09-30T06:54:22.349361+00:00 | START model=LightGBM; strategy=Threshold tuning; outer_fold=22
2026-09-30T06:54:24.427169+00:00 | FINISH model=LightGBM; strategy=Threshold tuning; outer_fold=22; elapsed_seconds=2.078
2026-09-30T06:54:24.429214+00:00 | START model=LightGBM; strategy=Threshold tuning; outer_fold=23
2026-09-30T06:54:26.643673+00:00 | FINISH model=LightGBM; strategy=Threshold tuning; outer_fold=23; elapsed_seconds=2.214
2026-09-30T06:54:26.645263+00:00 | START model=LightGBM; strategy=Threshold tuning; outer_fold=24
2026-09-30T06:54:28.942076+00:00 | FINISH model=LightGBM; strategy=Threshold tuning; outer_fold=24; elapsed_seconds=2.297
2026-09-30T06:54:28.942679+00:00 | START model=LightGBM; strategy=Threshold tuning; outer_fold=25
2026-09-30T06:54:31.084301+00:00 | FINISH model=LightGBM; strategy=Threshold tuning; outer_fold=25; elapsed_seconds=2.142
2026-09-30T06:54:31.086853+00:00 | START model=LightGBM; strategy=Threshold tuning; outer_fold=26
2026-09-30T06:54:33.423445+00:00 | FINISH model=LightGBM; strategy=Threshold tuning; outer_fold=26; elapsed_seconds=2.337
2026-09-30T06:54:33.424202+00:00 | START model=LightGBM; strategy=Threshold tuning; outer_fold=27
2026-09-30T06:54:35.658459+00:00 | FINISH model=LightGBM; strategy=Threshold tuning; outer_fold=27; elapsed_seconds=2.234
2026-09-30T06:54:35.659294+00:00 | START model=LightGBM; strategy=Threshold tuning; outer_fold=28
2026-09-30T06:54:37.824141+00:00 | FINISH model=LightGBM; strategy=Threshold tuning; outer_fold=28; elapsed_seconds=2.165
2026-09-30T06:54:37.824756+00:00 | START model=LightGBM; strategy=Threshold tuning; outer_fold=29
2026-09-30T06:54:40.339761+00:00 | FINISH model=LightGBM; strategy=Threshold tuning; outer_fold=29; elapsed_seconds=2.515
2026-09-30T06:54:40.340546+00:00 | START model=LightGBM; strategy=Threshold tuning; outer_fold=30
2026-09-30T06:54:42.428274+00:00 | FINISH model=LightGBM; strategy=Threshold tuning; outer_fold=30; elapsed_seconds=2.088
2026-09-30T06:54:42.428766+00:00 | START model=LightGBM; strategy=Threshold tuning; outer_fold=31
2026-09-30T06:54:44.629799+00:00 | FINISH model=LightGBM; strategy=Threshold tuning; outer_fold=31; elapsed_seconds=2.201
2026-09-30T06:54:44.631945+00:00 | START model=LightGBM; strategy=Threshold tuning; outer_fold=32
2026-09-30T06:54:46.621409+00:00 | FINISH model=LightGBM; strategy=Threshold tuning; outer_fold=32; elapsed_seconds=1.989
2026-09-30T06:54:46.623111+00:00 | START model=LightGBM; strategy=Threshold tuning; outer_fold=33
2026-09-30T06:54:48.375707+00:00 | FINISH model=LightGBM; strategy=Threshold tuning; outer_fold=33; elapsed_seconds=1.753
2026-09-30T06:54:48.377916+00:00 | START model=LightGBM; strategy=Threshold tuning; outer_fold=34
2026-09-30T06:54:50.482410+00:00 | FINISH model=LightGBM; strategy=Threshold tuning; outer_fold=34; elapsed_seconds=2.104
2026-09-30T06:54:50.482980+00:00 | START model=LightGBM; strategy=Threshold tuning; outer_fold=35
2026-09-30T06:54:52.703575+00:00 | FINISH model=LightGBM; strategy=Threshold tuning; outer_fold=35; elapsed_seconds=2.221
2026-09-30T06:54:52.704271+00:00 | START model=LightGBM; strategy=Threshold tuning; outer_fold=36
2026-09-30T06:54:55.008647+00:00 | FINISH model=LightGBM; strategy=Threshold tuning; outer_fold=36; elapsed_seconds=2.304
2026-09-30T06:54:55.010967+00:00 | START model=LightGBM; strategy=Threshold tuning; outer_fold=37
2026-09-30T06:54:57.167389+00:00 | FINISH model=LightGBM; strategy=Threshold tuning; outer_fold=37; elapsed_seconds=2.156
2026-09-30T06:54:57.167969+00:00 | START model=LightGBM; strategy=Threshold tuning; outer_fold=38
2026-09-30T06:54:59.199592+00:00 | FINISH model=LightGBM; strategy=Threshold tuning; outer_fold=38; elapsed_seconds=2.032
2026-09-30T06:54:59.201997+00:00 | START model=LightGBM; strategy=Threshold tuning; outer_fold=39
2026-09-30T06:55:01.379065+00:00 | FINISH model=LightGBM; strategy=Threshold tuning; outer_fold=39; elapsed_seconds=2.177
2026-09-30T06:55:01.381350+00:00 | START model=LightGBM; strategy=Threshold tuning; outer_fold=40
2026-09-30T06:55:03.769609+00:00 | FINISH model=LightGBM; strategy=Threshold tuning; outer_fold=40; elapsed_seconds=2.388
2026-09-30T06:55:03.771989+00:00 | START model=LightGBM; strategy=Threshold tuning; outer_fold=41
2026-09-30T06:55:05.881954+00:00 | FINISH model=LightGBM; strategy=Threshold tuning; outer_fold=41; elapsed_seconds=2.110
2026-09-30T06:55:05.883384+00:00 | START model=LightGBM; strategy=Threshold tuning; outer_fold=42
2026-09-30T06:55:07.992448+00:00 | FINISH model=LightGBM; strategy=Threshold tuning; outer_fold=42; elapsed_seconds=2.109
2026-09-30T06:55:07.994873+00:00 | START model=LightGBM; strategy=Threshold tuning; outer_fold=43
2026-09-30T06:55:10.125862+00:00 | FINISH model=LightGBM; strategy=Threshold tuning; outer_fold=43; elapsed_seconds=2.131
2026-09-30T06:55:10.128113+00:00 | START model=LightGBM; strategy=Threshold tuning; outer_fold=44
2026-09-30T06:55:12.243280+00:00 | FINISH model=LightGBM; strategy=Threshold tuning; outer_fold=44; elapsed_seconds=2.115
2026-09-30T06:55:12.245567+00:00 | START model=LightGBM; strategy=Threshold tuning; outer_fold=45
2026-09-30T06:55:14.238225+00:00 | FINISH model=LightGBM; strategy=Threshold tuning; outer_fold=45; elapsed_seconds=1.993
2026-09-30T06:55:14.240390+00:00 | START model=LightGBM; strategy=Threshold tuning; outer_fold=46
2026-09-30T06:55:16.383045+00:00 | FINISH model=LightGBM; strategy=Threshold tuning; outer_fold=46; elapsed_seconds=2.143
2026-09-30T06:55:16.384764+00:00 | START model=LightGBM; strategy=Threshold tuning; outer_fold=47
2026-09-30T06:55:18.502031+00:00 | FINISH model=LightGBM; strategy=Threshold tuning; outer_fold=47; elapsed_seconds=2.117
2026-09-30T06:55:18.504008+00:00 | START model=LightGBM; strategy=Threshold tuning; outer_fold=48
2026-09-30T06:55:20.477894+00:00 | FINISH model=LightGBM; strategy=Threshold tuning; outer_fold=48; elapsed_seconds=1.974
2026-09-30T06:55:20.478509+00:00 | START model=LightGBM; strategy=Threshold tuning; outer_fold=49
2026-09-30T06:55:22.477679+00:00 | FINISH model=LightGBM; strategy=Threshold tuning; outer_fold=49; elapsed_seconds=1.999
2026-09-30T06:55:22.478315+00:00 | CONFIG_FINISH model=LightGBM; strategy=Threshold tuning; elapsed_seconds=106.815; n_iter=12; expanded_search=False
2026-09-30T06:55:22.495436+00:00 | SAVED_CONFIG model=LightGBM; strategy=Threshold tuning; rows=1300
2026-09-30T06:55:22.495779+00:00 | CONFIG_START model=LightGBM; strategy=Calibrated sigmoid + threshold; n_iter=12; expanded_search=False
2026-09-30T06:55:22.496046+00:00 | START model=LightGBM; strategy=Calibrated sigmoid + threshold; outer_fold=0
2026-09-30T06:55:28.115160+00:00 | FINISH model=LightGBM; strategy=Calibrated sigmoid + threshold; outer_fold=0; elapsed_seconds=5.619
2026-09-30T06:55:28.116588+00:00 | START model=LightGBM; strategy=Calibrated sigmoid + threshold; outer_fold=1
2026-09-30T06:55:33.734687+00:00 | FINISH model=LightGBM; strategy=Calibrated sigmoid + threshold; outer_fold=1; elapsed_seconds=5.618
2026-09-30T06:55:33.735272+00:00 | START model=LightGBM; strategy=Calibrated sigmoid + threshold; outer_fold=2
2026-09-30T06:55:39.965247+00:00 | FINISH model=LightGBM; strategy=Calibrated sigmoid + threshold; outer_fold=2; elapsed_seconds=6.230
2026-09-30T06:55:39.968717+00:00 | START model=LightGBM; strategy=Calibrated sigmoid + threshold; outer_fold=3
2026-09-30T06:55:46.139598+00:00 | FINISH model=LightGBM; strategy=Calibrated sigmoid + threshold; outer_fold=3; elapsed_seconds=6.171
2026-09-30T06:55:46.140199+00:00 | START model=LightGBM; strategy=Calibrated sigmoid + threshold; outer_fold=4
2026-09-30T06:55:52.171824+00:00 | FINISH model=LightGBM; strategy=Calibrated sigmoid + threshold; outer_fold=4; elapsed_seconds=6.032
2026-09-30T06:55:52.172373+00:00 | START model=LightGBM; strategy=Calibrated sigmoid + threshold; outer_fold=5
2026-09-30T06:55:58.156155+00:00 | FINISH model=LightGBM; strategy=Calibrated sigmoid + threshold; outer_fold=5; elapsed_seconds=5.984
2026-09-30T06:55:58.158350+00:00 | START model=LightGBM; strategy=Calibrated sigmoid + threshold; outer_fold=6
2026-09-30T06:56:03.666190+00:00 | FINISH model=LightGBM; strategy=Calibrated sigmoid + threshold; outer_fold=6; elapsed_seconds=5.508
2026-09-30T06:56:03.668602+00:00 | START model=LightGBM; strategy=Calibrated sigmoid + threshold; outer_fold=7
2026-09-30T06:56:09.274885+00:00 | FINISH model=LightGBM; strategy=Calibrated sigmoid + threshold; outer_fold=7; elapsed_seconds=5.606
2026-09-30T06:56:09.275413+00:00 | START model=LightGBM; strategy=Calibrated sigmoid + threshold; outer_fold=8
2026-09-30T06:56:15.193060+00:00 | FINISH model=LightGBM; strategy=Calibrated sigmoid + threshold; outer_fold=8; elapsed_seconds=5.918
2026-09-30T06:56:15.195461+00:00 | START model=LightGBM; strategy=Calibrated sigmoid + threshold; outer_fold=9
2026-09-30T06:56:21.391218+00:00 | FINISH model=LightGBM; strategy=Calibrated sigmoid + threshold; outer_fold=9; elapsed_seconds=6.196
2026-09-30T06:56:21.393348+00:00 | START model=LightGBM; strategy=Calibrated sigmoid + threshold; outer_fold=10
2026-09-30T06:56:27.211209+00:00 | FINISH model=LightGBM; strategy=Calibrated sigmoid + threshold; outer_fold=10; elapsed_seconds=5.818
2026-09-30T06:56:27.212706+00:00 | START model=LightGBM; strategy=Calibrated sigmoid + threshold; outer_fold=11
2026-09-30T06:56:32.735950+00:00 | FINISH model=LightGBM; strategy=Calibrated sigmoid + threshold; outer_fold=11; elapsed_seconds=5.523
2026-09-30T06:56:32.738515+00:00 | START model=LightGBM; strategy=Calibrated sigmoid + threshold; outer_fold=12
2026-09-30T06:56:38.212191+00:00 | FINISH model=LightGBM; strategy=Calibrated sigmoid + threshold; outer_fold=12; elapsed_seconds=5.474
2026-09-30T06:56:38.213671+00:00 | START model=LightGBM; strategy=Calibrated sigmoid + threshold; outer_fold=13
2026-09-30T06:56:44.378097+00:00 | FINISH model=LightGBM; strategy=Calibrated sigmoid + threshold; outer_fold=13; elapsed_seconds=6.164
2026-09-30T06:56:44.378631+00:00 | START model=LightGBM; strategy=Calibrated sigmoid + threshold; outer_fold=14
2026-09-30T06:56:50.718837+00:00 | FINISH model=LightGBM; strategy=Calibrated sigmoid + threshold; outer_fold=14; elapsed_seconds=6.340
2026-09-30T06:56:50.719415+00:00 | START model=LightGBM; strategy=Calibrated sigmoid + threshold; outer_fold=15
2026-09-30T06:56:56.660563+00:00 | FINISH model=LightGBM; strategy=Calibrated sigmoid + threshold; outer_fold=15; elapsed_seconds=5.941
2026-09-30T06:56:56.662901+00:00 | START model=LightGBM; strategy=Calibrated sigmoid + threshold; outer_fold=16
2026-09-30T06:57:02.461353+00:00 | FINISH model=LightGBM; strategy=Calibrated sigmoid + threshold; outer_fold=16; elapsed_seconds=5.798
2026-09-30T06:57:02.462093+00:00 | START model=LightGBM; strategy=Calibrated sigmoid + threshold; outer_fold=17
2026-09-30T06:57:08.207098+00:00 | FINISH model=LightGBM; strategy=Calibrated sigmoid + threshold; outer_fold=17; elapsed_seconds=5.745
2026-09-30T06:57:08.207696+00:00 | START model=LightGBM; strategy=Calibrated sigmoid + threshold; outer_fold=18
2026-09-30T06:57:14.057377+00:00 | FINISH model=LightGBM; strategy=Calibrated sigmoid + threshold; outer_fold=18; elapsed_seconds=5.850
2026-09-30T06:57:14.057952+00:00 | START model=LightGBM; strategy=Calibrated sigmoid + threshold; outer_fold=19
2026-09-30T06:57:20.218705+00:00 | FINISH model=LightGBM; strategy=Calibrated sigmoid + threshold; outer_fold=19; elapsed_seconds=6.161
2026-09-30T06:57:20.220102+00:00 | START model=LightGBM; strategy=Calibrated sigmoid + threshold; outer_fold=20
2026-09-30T06:57:26.202786+00:00 | FINISH model=LightGBM; strategy=Calibrated sigmoid + threshold; outer_fold=20; elapsed_seconds=5.983
2026-09-30T06:57:26.234643+00:00 | START model=LightGBM; strategy=Calibrated sigmoid + threshold; outer_fold=21
2026-09-30T06:57:31.836320+00:00 | FINISH model=LightGBM; strategy=Calibrated sigmoid + threshold; outer_fold=21; elapsed_seconds=5.602
2026-09-30T06:57:31.836970+00:00 | START model=LightGBM; strategy=Calibrated sigmoid + threshold; outer_fold=22
2026-09-30T06:57:37.242170+00:00 | FINISH model=LightGBM; strategy=Calibrated sigmoid + threshold; outer_fold=22; elapsed_seconds=5.405
2026-09-30T06:57:37.243472+00:00 | START model=LightGBM; strategy=Calibrated sigmoid + threshold; outer_fold=23
2026-09-30T06:57:43.037718+00:00 | FINISH model=LightGBM; strategy=Calibrated sigmoid + threshold; outer_fold=23; elapsed_seconds=5.794
2026-09-30T06:57:43.040022+00:00 | START model=LightGBM; strategy=Calibrated sigmoid + threshold; outer_fold=24
2026-09-30T06:57:49.191543+00:00 | FINISH model=LightGBM; strategy=Calibrated sigmoid + threshold; outer_fold=24; elapsed_seconds=6.152
2026-09-30T06:57:49.194055+00:00 | START model=LightGBM; strategy=Calibrated sigmoid + threshold; outer_fold=25
2026-09-30T06:57:55.358389+00:00 | FINISH model=LightGBM; strategy=Calibrated sigmoid + threshold; outer_fold=25; elapsed_seconds=6.164
2026-09-30T06:57:55.361617+00:00 | START model=LightGBM; strategy=Calibrated sigmoid + threshold; outer_fold=26
2026-09-30T06:58:00.978507+00:00 | FINISH model=LightGBM; strategy=Calibrated sigmoid + threshold; outer_fold=26; elapsed_seconds=5.617
2026-09-30T06:58:00.980662+00:00 | START model=LightGBM; strategy=Calibrated sigmoid + threshold; outer_fold=27
2026-09-30T06:58:06.629439+00:00 | FINISH model=LightGBM; strategy=Calibrated sigmoid + threshold; outer_fold=27; elapsed_seconds=5.649
2026-09-30T06:58:06.631792+00:00 | START model=LightGBM; strategy=Calibrated sigmoid + threshold; outer_fold=28
2026-09-30T06:58:12.702686+00:00 | FINISH model=LightGBM; strategy=Calibrated sigmoid + threshold; outer_fold=28; elapsed_seconds=6.071
2026-09-30T06:58:12.704998+00:00 | START model=LightGBM; strategy=Calibrated sigmoid + threshold; outer_fold=29
2026-09-30T06:58:19.205519+00:00 | FINISH model=LightGBM; strategy=Calibrated sigmoid + threshold; outer_fold=29; elapsed_seconds=6.501
2026-09-30T06:58:19.206905+00:00 | START model=LightGBM; strategy=Calibrated sigmoid + threshold; outer_fold=30
2026-09-30T06:58:25.191798+00:00 | FINISH model=LightGBM; strategy=Calibrated sigmoid + threshold; outer_fold=30; elapsed_seconds=5.985
2026-09-30T06:58:25.236016+00:00 | START model=LightGBM; strategy=Calibrated sigmoid + threshold; outer_fold=31
2026-09-30T06:58:31.253732+00:00 | FINISH model=LightGBM; strategy=Calibrated sigmoid + threshold; outer_fold=31; elapsed_seconds=6.018
2026-09-30T06:58:31.255818+00:00 | START model=LightGBM; strategy=Calibrated sigmoid + threshold; outer_fold=32
2026-09-30T06:58:37.469724+00:00 | FINISH model=LightGBM; strategy=Calibrated sigmoid + threshold; outer_fold=32; elapsed_seconds=6.214
2026-09-30T06:58:37.472204+00:00 | START model=LightGBM; strategy=Calibrated sigmoid + threshold; outer_fold=33
2026-09-30T06:58:43.318432+00:00 | FINISH model=LightGBM; strategy=Calibrated sigmoid + threshold; outer_fold=33; elapsed_seconds=5.846
2026-09-30T06:58:43.319038+00:00 | START model=LightGBM; strategy=Calibrated sigmoid + threshold; outer_fold=34
2026-09-30T06:58:49.286529+00:00 | FINISH model=LightGBM; strategy=Calibrated sigmoid + threshold; outer_fold=34; elapsed_seconds=5.967
2026-09-30T06:58:49.289433+00:00 | START model=LightGBM; strategy=Calibrated sigmoid + threshold; outer_fold=35
2026-09-30T06:58:55.359667+00:00 | FINISH model=LightGBM; strategy=Calibrated sigmoid + threshold; outer_fold=35; elapsed_seconds=6.070
2026-09-30T06:58:55.360221+00:00 | START model=LightGBM; strategy=Calibrated sigmoid + threshold; outer_fold=36
2026-09-30T06:59:00.890398+00:00 | FINISH model=LightGBM; strategy=Calibrated sigmoid + threshold; outer_fold=36; elapsed_seconds=5.530
2026-09-30T06:59:00.891000+00:00 | START model=LightGBM; strategy=Calibrated sigmoid + threshold; outer_fold=37
2026-09-30T06:59:06.856181+00:00 | FINISH model=LightGBM; strategy=Calibrated sigmoid + threshold; outer_fold=37; elapsed_seconds=5.965
2026-09-30T06:59:06.859785+00:00 | START model=LightGBM; strategy=Calibrated sigmoid + threshold; outer_fold=38
2026-09-30T06:59:12.630132+00:00 | FINISH model=LightGBM; strategy=Calibrated sigmoid + threshold; outer_fold=38; elapsed_seconds=5.770
2026-09-30T06:59:12.631649+00:00 | START model=LightGBM; strategy=Calibrated sigmoid + threshold; outer_fold=39
2026-09-30T06:59:18.539550+00:00 | FINISH model=LightGBM; strategy=Calibrated sigmoid + threshold; outer_fold=39; elapsed_seconds=5.908
2026-09-30T06:59:18.540430+00:00 | START model=LightGBM; strategy=Calibrated sigmoid + threshold; outer_fold=40
2026-09-30T06:59:23.675738+00:00 | FINISH model=LightGBM; strategy=Calibrated sigmoid + threshold; outer_fold=40; elapsed_seconds=5.135
2026-09-30T06:59:23.677944+00:00 | START model=LightGBM; strategy=Calibrated sigmoid + threshold; outer_fold=41
2026-09-30T06:59:28.950107+00:00 | FINISH model=LightGBM; strategy=Calibrated sigmoid + threshold; outer_fold=41; elapsed_seconds=5.272
2026-09-30T06:59:28.952248+00:00 | START model=LightGBM; strategy=Calibrated sigmoid + threshold; outer_fold=42
2026-09-30T06:59:34.010897+00:00 | FINISH model=LightGBM; strategy=Calibrated sigmoid + threshold; outer_fold=42; elapsed_seconds=5.059
2026-09-30T06:59:34.013155+00:00 | START model=LightGBM; strategy=Calibrated sigmoid + threshold; outer_fold=43
2026-09-30T06:59:38.716378+00:00 | FINISH model=LightGBM; strategy=Calibrated sigmoid + threshold; outer_fold=43; elapsed_seconds=4.703
2026-09-30T06:59:38.716957+00:00 | START model=LightGBM; strategy=Calibrated sigmoid + threshold; outer_fold=44
2026-09-30T06:59:43.967493+00:00 | FINISH model=LightGBM; strategy=Calibrated sigmoid + threshold; outer_fold=44; elapsed_seconds=5.250
2026-09-30T06:59:43.969734+00:00 | START model=LightGBM; strategy=Calibrated sigmoid + threshold; outer_fold=45
2026-09-30T06:59:49.103395+00:00 | FINISH model=LightGBM; strategy=Calibrated sigmoid + threshold; outer_fold=45; elapsed_seconds=5.134
2026-09-30T06:59:49.104096+00:00 | START model=LightGBM; strategy=Calibrated sigmoid + threshold; outer_fold=46
2026-09-30T06:59:54.473790+00:00 | FINISH model=LightGBM; strategy=Calibrated sigmoid + threshold; outer_fold=46; elapsed_seconds=5.370
2026-09-30T06:59:54.476105+00:00 | START model=LightGBM; strategy=Calibrated sigmoid + threshold; outer_fold=47
2026-09-30T06:59:59.598792+00:00 | FINISH model=LightGBM; strategy=Calibrated sigmoid + threshold; outer_fold=47; elapsed_seconds=5.123
2026-09-30T06:59:59.600951+00:00 | START model=LightGBM; strategy=Calibrated sigmoid + threshold; outer_fold=48
2026-09-30T07:00:04.459858+00:00 | FINISH model=LightGBM; strategy=Calibrated sigmoid + threshold; outer_fold=48; elapsed_seconds=4.859
2026-09-30T07:00:04.461100+00:00 | START model=LightGBM; strategy=Calibrated sigmoid + threshold; outer_fold=49
2026-09-30T07:00:09.309360+00:00 | FINISH model=LightGBM; strategy=Calibrated sigmoid + threshold; outer_fold=49; elapsed_seconds=4.848
2026-09-30T07:00:09.311696+00:00 | CONFIG_FINISH model=LightGBM; strategy=Calibrated sigmoid + threshold; elapsed_seconds=286.816; n_iter=12; expanded_search=False
2026-09-30T07:00:09.327071+00:00 | SAVED_CONFIG model=LightGBM; strategy=Calibrated sigmoid + threshold; rows=1350
2026-09-30T07:00:09.327300+00:00 | CONFIG_START model=LightGBM; strategy=Calibrated isotonic + threshold; n_iter=12; expanded_search=False
2026-09-30T07:00:09.327539+00:00 | START model=LightGBM; strategy=Calibrated isotonic + threshold; outer_fold=0
2026-09-30T07:00:14.642097+00:00 | FINISH model=LightGBM; strategy=Calibrated isotonic + threshold; outer_fold=0; elapsed_seconds=5.315
2026-09-30T07:00:14.643709+00:00 | START model=LightGBM; strategy=Calibrated isotonic + threshold; outer_fold=1
2026-09-30T07:00:19.756789+00:00 | FINISH model=LightGBM; strategy=Calibrated isotonic + threshold; outer_fold=1; elapsed_seconds=5.113
2026-09-30T07:00:19.758317+00:00 | START model=LightGBM; strategy=Calibrated isotonic + threshold; outer_fold=2
2026-09-30T07:00:25.174312+00:00 | FINISH model=LightGBM; strategy=Calibrated isotonic + threshold; outer_fold=2; elapsed_seconds=5.416
2026-09-30T07:00:25.174794+00:00 | START model=LightGBM; strategy=Calibrated isotonic + threshold; outer_fold=3
2026-09-30T07:00:30.191031+00:00 | FINISH model=LightGBM; strategy=Calibrated isotonic + threshold; outer_fold=3; elapsed_seconds=5.016
2026-09-30T07:00:30.193515+00:00 | START model=LightGBM; strategy=Calibrated isotonic + threshold; outer_fold=4
2026-09-30T07:00:35.176587+00:00 | FINISH model=LightGBM; strategy=Calibrated isotonic + threshold; outer_fold=4; elapsed_seconds=4.983
2026-09-30T07:00:35.177268+00:00 | START model=LightGBM; strategy=Calibrated isotonic + threshold; outer_fold=5
2026-09-30T07:00:40.124619+00:00 | FINISH model=LightGBM; strategy=Calibrated isotonic + threshold; outer_fold=5; elapsed_seconds=4.947
2026-09-30T07:00:40.126793+00:00 | START model=LightGBM; strategy=Calibrated isotonic + threshold; outer_fold=6
2026-09-30T07:00:45.790353+00:00 | FINISH model=LightGBM; strategy=Calibrated isotonic + threshold; outer_fold=6; elapsed_seconds=5.664
2026-09-30T07:00:45.792763+00:00 | START model=LightGBM; strategy=Calibrated isotonic + threshold; outer_fold=7
2026-09-30T07:00:51.736425+00:00 | FINISH model=LightGBM; strategy=Calibrated isotonic + threshold; outer_fold=7; elapsed_seconds=5.944
2026-09-30T07:00:51.738876+00:00 | START model=LightGBM; strategy=Calibrated isotonic + threshold; outer_fold=8
2026-09-30T07:00:57.813407+00:00 | FINISH model=LightGBM; strategy=Calibrated isotonic + threshold; outer_fold=8; elapsed_seconds=6.075
2026-09-30T07:00:57.813917+00:00 | START model=LightGBM; strategy=Calibrated isotonic + threshold; outer_fold=9
2026-09-30T07:01:03.291012+00:00 | FINISH model=LightGBM; strategy=Calibrated isotonic + threshold; outer_fold=9; elapsed_seconds=5.477
2026-09-30T07:01:03.291522+00:00 | START model=LightGBM; strategy=Calibrated isotonic + threshold; outer_fold=10
2026-09-30T07:01:09.318934+00:00 | FINISH model=LightGBM; strategy=Calibrated isotonic + threshold; outer_fold=10; elapsed_seconds=6.027
2026-09-30T07:01:09.320403+00:00 | START model=LightGBM; strategy=Calibrated isotonic + threshold; outer_fold=11
2026-09-30T07:01:15.080441+00:00 | FINISH model=LightGBM; strategy=Calibrated isotonic + threshold; outer_fold=11; elapsed_seconds=5.760
2026-09-30T07:01:15.080979+00:00 | START model=LightGBM; strategy=Calibrated isotonic + threshold; outer_fold=12
2026-09-30T07:01:20.882981+00:00 | FINISH model=LightGBM; strategy=Calibrated isotonic + threshold; outer_fold=12; elapsed_seconds=5.802
2026-09-30T07:01:20.884576+00:00 | START model=LightGBM; strategy=Calibrated isotonic + threshold; outer_fold=13
2026-09-30T07:01:26.365829+00:00 | FINISH model=LightGBM; strategy=Calibrated isotonic + threshold; outer_fold=13; elapsed_seconds=5.481
2026-09-30T07:01:26.366476+00:00 | START model=LightGBM; strategy=Calibrated isotonic + threshold; outer_fold=14
2026-09-30T07:01:32.440771+00:00 | FINISH model=LightGBM; strategy=Calibrated isotonic + threshold; outer_fold=14; elapsed_seconds=6.074
2026-09-30T07:01:32.442007+00:00 | START model=LightGBM; strategy=Calibrated isotonic + threshold; outer_fold=15
2026-09-30T07:01:37.765930+00:00 | FINISH model=LightGBM; strategy=Calibrated isotonic + threshold; outer_fold=15; elapsed_seconds=5.324
2026-09-30T07:01:37.768265+00:00 | START model=LightGBM; strategy=Calibrated isotonic + threshold; outer_fold=16
2026-09-30T07:01:42.751135+00:00 | FINISH model=LightGBM; strategy=Calibrated isotonic + threshold; outer_fold=16; elapsed_seconds=4.983
2026-09-30T07:01:42.753440+00:00 | START model=LightGBM; strategy=Calibrated isotonic + threshold; outer_fold=17
2026-09-30T07:01:47.381191+00:00 | FINISH model=LightGBM; strategy=Calibrated isotonic + threshold; outer_fold=17; elapsed_seconds=4.628
2026-09-30T07:01:47.381669+00:00 | START model=LightGBM; strategy=Calibrated isotonic + threshold; outer_fold=18
2026-09-30T07:01:52.563498+00:00 | FINISH model=LightGBM; strategy=Calibrated isotonic + threshold; outer_fold=18; elapsed_seconds=5.182
2026-09-30T07:01:52.564803+00:00 | START model=LightGBM; strategy=Calibrated isotonic + threshold; outer_fold=19
2026-09-30T07:01:57.903078+00:00 | FINISH model=LightGBM; strategy=Calibrated isotonic + threshold; outer_fold=19; elapsed_seconds=5.338
2026-09-30T07:01:57.903637+00:00 | START model=LightGBM; strategy=Calibrated isotonic + threshold; outer_fold=20
2026-09-30T07:02:03.078804+00:00 | FINISH model=LightGBM; strategy=Calibrated isotonic + threshold; outer_fold=20; elapsed_seconds=5.175
2026-09-30T07:02:03.080120+00:00 | START model=LightGBM; strategy=Calibrated isotonic + threshold; outer_fold=21
2026-09-30T07:02:08.938330+00:00 | FINISH model=LightGBM; strategy=Calibrated isotonic + threshold; outer_fold=21; elapsed_seconds=5.858
2026-09-30T07:02:08.938928+00:00 | START model=LightGBM; strategy=Calibrated isotonic + threshold; outer_fold=22
2026-09-30T07:02:14.629122+00:00 | FINISH model=LightGBM; strategy=Calibrated isotonic + threshold; outer_fold=22; elapsed_seconds=5.690
2026-09-30T07:02:14.629750+00:00 | START model=LightGBM; strategy=Calibrated isotonic + threshold; outer_fold=23
2026-09-30T07:02:20.203035+00:00 | FINISH model=LightGBM; strategy=Calibrated isotonic + threshold; outer_fold=23; elapsed_seconds=5.573
2026-09-30T07:02:20.204571+00:00 | START model=LightGBM; strategy=Calibrated isotonic + threshold; outer_fold=24
2026-09-30T07:02:26.173650+00:00 | FINISH model=LightGBM; strategy=Calibrated isotonic + threshold; outer_fold=24; elapsed_seconds=5.969
2026-09-30T07:02:26.175124+00:00 | START model=LightGBM; strategy=Calibrated isotonic + threshold; outer_fold=25
2026-09-30T07:02:31.414221+00:00 | FINISH model=LightGBM; strategy=Calibrated isotonic + threshold; outer_fold=25; elapsed_seconds=5.239
2026-09-30T07:02:31.415754+00:00 | START model=LightGBM; strategy=Calibrated isotonic + threshold; outer_fold=26
2026-09-30T07:02:36.801147+00:00 | FINISH model=LightGBM; strategy=Calibrated isotonic + threshold; outer_fold=26; elapsed_seconds=5.385
2026-09-30T07:02:36.803413+00:00 | START model=LightGBM; strategy=Calibrated isotonic + threshold; outer_fold=27
2026-09-30T07:02:42.033861+00:00 | FINISH model=LightGBM; strategy=Calibrated isotonic + threshold; outer_fold=27; elapsed_seconds=5.230
2026-09-30T07:02:42.035297+00:00 | START model=LightGBM; strategy=Calibrated isotonic + threshold; outer_fold=28
2026-09-30T07:02:47.082477+00:00 | FINISH model=LightGBM; strategy=Calibrated isotonic + threshold; outer_fold=28; elapsed_seconds=5.047
2026-09-30T07:02:47.083238+00:00 | START model=LightGBM; strategy=Calibrated isotonic + threshold; outer_fold=29
2026-09-30T07:02:52.060302+00:00 | FINISH model=LightGBM; strategy=Calibrated isotonic + threshold; outer_fold=29; elapsed_seconds=4.977
2026-09-30T07:02:52.062504+00:00 | START model=LightGBM; strategy=Calibrated isotonic + threshold; outer_fold=30
2026-09-30T07:02:56.869034+00:00 | FINISH model=LightGBM; strategy=Calibrated isotonic + threshold; outer_fold=30; elapsed_seconds=4.807
2026-09-30T07:02:56.869845+00:00 | START model=LightGBM; strategy=Calibrated isotonic + threshold; outer_fold=31
2026-09-30T07:03:02.286986+00:00 | FINISH model=LightGBM; strategy=Calibrated isotonic + threshold; outer_fold=31; elapsed_seconds=5.417
2026-09-30T07:03:02.287583+00:00 | START model=LightGBM; strategy=Calibrated isotonic + threshold; outer_fold=32
2026-09-30T07:03:07.631764+00:00 | FINISH model=LightGBM; strategy=Calibrated isotonic + threshold; outer_fold=32; elapsed_seconds=5.344
2026-09-30T07:03:07.632274+00:00 | START model=LightGBM; strategy=Calibrated isotonic + threshold; outer_fold=33
2026-09-30T07:03:12.847212+00:00 | FINISH model=LightGBM; strategy=Calibrated isotonic + threshold; outer_fold=33; elapsed_seconds=5.215
2026-09-30T07:03:12.849361+00:00 | START model=LightGBM; strategy=Calibrated isotonic + threshold; outer_fold=34
2026-09-30T07:03:17.812589+00:00 | FINISH model=LightGBM; strategy=Calibrated isotonic + threshold; outer_fold=34; elapsed_seconds=4.963
2026-09-30T07:03:17.814150+00:00 | START model=LightGBM; strategy=Calibrated isotonic + threshold; outer_fold=35
2026-09-30T07:03:22.758408+00:00 | FINISH model=LightGBM; strategy=Calibrated isotonic + threshold; outer_fold=35; elapsed_seconds=4.944
2026-09-30T07:03:22.758982+00:00 | START model=LightGBM; strategy=Calibrated isotonic + threshold; outer_fold=36
2026-09-30T07:03:27.667776+00:00 | FINISH model=LightGBM; strategy=Calibrated isotonic + threshold; outer_fold=36; elapsed_seconds=4.909
2026-09-30T07:03:27.668340+00:00 | START model=LightGBM; strategy=Calibrated isotonic + threshold; outer_fold=37
2026-09-30T07:03:32.839926+00:00 | FINISH model=LightGBM; strategy=Calibrated isotonic + threshold; outer_fold=37; elapsed_seconds=5.172
2026-09-30T07:03:32.840567+00:00 | START model=LightGBM; strategy=Calibrated isotonic + threshold; outer_fold=38
2026-09-30T07:03:37.847914+00:00 | FINISH model=LightGBM; strategy=Calibrated isotonic + threshold; outer_fold=38; elapsed_seconds=5.007
2026-09-30T07:03:37.850035+00:00 | START model=LightGBM; strategy=Calibrated isotonic + threshold; outer_fold=39
2026-09-30T07:03:42.842449+00:00 | FINISH model=LightGBM; strategy=Calibrated isotonic + threshold; outer_fold=39; elapsed_seconds=4.992
2026-09-30T07:03:42.844663+00:00 | START model=LightGBM; strategy=Calibrated isotonic + threshold; outer_fold=40
2026-09-30T07:03:47.628840+00:00 | FINISH model=LightGBM; strategy=Calibrated isotonic + threshold; outer_fold=40; elapsed_seconds=4.784
2026-09-30T07:03:47.629454+00:00 | START model=LightGBM; strategy=Calibrated isotonic + threshold; outer_fold=41
2026-09-30T07:03:52.444807+00:00 | FINISH model=LightGBM; strategy=Calibrated isotonic + threshold; outer_fold=41; elapsed_seconds=4.815
2026-09-30T07:03:52.445376+00:00 | START model=LightGBM; strategy=Calibrated isotonic + threshold; outer_fold=42
2026-09-30T07:03:57.082173+00:00 | FINISH model=LightGBM; strategy=Calibrated isotonic + threshold; outer_fold=42; elapsed_seconds=4.637
2026-09-30T07:03:57.084465+00:00 | START model=LightGBM; strategy=Calibrated isotonic + threshold; outer_fold=43
2026-09-30T07:04:02.289902+00:00 | FINISH model=LightGBM; strategy=Calibrated isotonic + threshold; outer_fold=43; elapsed_seconds=5.205
2026-09-30T07:04:02.291197+00:00 | START model=LightGBM; strategy=Calibrated isotonic + threshold; outer_fold=44
2026-09-30T07:04:07.534825+00:00 | FINISH model=LightGBM; strategy=Calibrated isotonic + threshold; outer_fold=44; elapsed_seconds=5.244
2026-09-30T07:04:07.535284+00:00 | START model=LightGBM; strategy=Calibrated isotonic + threshold; outer_fold=45
2026-09-30T07:04:12.620568+00:00 | FINISH model=LightGBM; strategy=Calibrated isotonic + threshold; outer_fold=45; elapsed_seconds=5.085
2026-09-30T07:04:12.623107+00:00 | START model=LightGBM; strategy=Calibrated isotonic + threshold; outer_fold=46
2026-09-30T07:04:17.716005+00:00 | FINISH model=LightGBM; strategy=Calibrated isotonic + threshold; outer_fold=46; elapsed_seconds=5.093
2026-09-30T07:04:17.718226+00:00 | START model=LightGBM; strategy=Calibrated isotonic + threshold; outer_fold=47
2026-09-30T07:04:22.912942+00:00 | FINISH model=LightGBM; strategy=Calibrated isotonic + threshold; outer_fold=47; elapsed_seconds=5.195
2026-09-30T07:04:22.913485+00:00 | START model=LightGBM; strategy=Calibrated isotonic + threshold; outer_fold=48
2026-09-30T07:04:27.532135+00:00 | FINISH model=LightGBM; strategy=Calibrated isotonic + threshold; outer_fold=48; elapsed_seconds=4.619
2026-09-30T07:04:27.534412+00:00 | START model=LightGBM; strategy=Calibrated isotonic + threshold; outer_fold=49
2026-09-30T07:04:32.868516+00:00 | FINISH model=LightGBM; strategy=Calibrated isotonic + threshold; outer_fold=49; elapsed_seconds=5.334
2026-09-30T07:04:32.869051+00:00 | CONFIG_FINISH model=LightGBM; strategy=Calibrated isotonic + threshold; elapsed_seconds=263.542; n_iter=12; expanded_search=False
2026-09-30T07:04:32.890184+00:00 | SAVED_CONFIG model=LightGBM; strategy=Calibrated isotonic + threshold; rows=1400
2026-09-30T07:04:32.890511+00:00 | CONFIG_START model=Stacking; strategy=No handling; n_iter=12; expanded_search=False
2026-09-30T07:04:32.890759+00:00 | START model=Stacking; strategy=No handling; outer_fold=0
2026-09-30T07:04:44.323647+00:00 | FINISH model=Stacking; strategy=No handling; outer_fold=0; elapsed_seconds=11.433
2026-09-30T07:04:44.325915+00:00 | START model=Stacking; strategy=No handling; outer_fold=1
2026-09-30T07:04:55.011422+00:00 | FINISH model=Stacking; strategy=No handling; outer_fold=1; elapsed_seconds=10.685
2026-09-30T07:04:55.012014+00:00 | START model=Stacking; strategy=No handling; outer_fold=2
2026-09-30T07:05:05.982812+00:00 | FINISH model=Stacking; strategy=No handling; outer_fold=2; elapsed_seconds=10.971
2026-09-30T07:05:05.984817+00:00 | START model=Stacking; strategy=No handling; outer_fold=3
2026-09-30T07:05:16.568528+00:00 | FINISH model=Stacking; strategy=No handling; outer_fold=3; elapsed_seconds=10.584
2026-09-30T07:05:16.568993+00:00 | START model=Stacking; strategy=No handling; outer_fold=4
2026-09-30T07:05:27.717124+00:00 | FINISH model=Stacking; strategy=No handling; outer_fold=4; elapsed_seconds=11.148
2026-09-30T07:05:27.717653+00:00 | START model=Stacking; strategy=No handling; outer_fold=5
2026-09-30T07:05:38.716268+00:00 | FINISH model=Stacking; strategy=No handling; outer_fold=5; elapsed_seconds=10.999
2026-09-30T07:05:38.718602+00:00 | START model=Stacking; strategy=No handling; outer_fold=6
2026-09-30T07:05:49.596877+00:00 | FINISH model=Stacking; strategy=No handling; outer_fold=6; elapsed_seconds=10.878
2026-09-30T07:05:49.597546+00:00 | START model=Stacking; strategy=No handling; outer_fold=7
2026-09-30T07:06:00.708373+00:00 | FINISH model=Stacking; strategy=No handling; outer_fold=7; elapsed_seconds=11.111
2026-09-30T07:06:00.709143+00:00 | START model=Stacking; strategy=No handling; outer_fold=8
2026-09-30T07:06:11.982800+00:00 | FINISH model=Stacking; strategy=No handling; outer_fold=8; elapsed_seconds=11.274
2026-09-30T07:06:11.984042+00:00 | START model=Stacking; strategy=No handling; outer_fold=9
2026-09-30T07:06:23.524754+00:00 | FINISH model=Stacking; strategy=No handling; outer_fold=9; elapsed_seconds=11.541
2026-09-30T07:06:23.526210+00:00 | START model=Stacking; strategy=No handling; outer_fold=10
2026-09-30T07:06:35.563239+00:00 | FINISH model=Stacking; strategy=No handling; outer_fold=10; elapsed_seconds=12.037
2026-09-30T07:06:35.564930+00:00 | START model=Stacking; strategy=No handling; outer_fold=11
2026-09-30T07:06:50.097640+00:00 | FINISH model=Stacking; strategy=No handling; outer_fold=11; elapsed_seconds=14.533
2026-09-30T07:06:50.098250+00:00 | START model=Stacking; strategy=No handling; outer_fold=12
2026-09-30T07:07:03.511041+00:00 | FINISH model=Stacking; strategy=No handling; outer_fold=12; elapsed_seconds=13.413
2026-09-30T07:07:03.513506+00:00 | START model=Stacking; strategy=No handling; outer_fold=13
2026-09-30T07:07:17.358437+00:00 | FINISH model=Stacking; strategy=No handling; outer_fold=13; elapsed_seconds=13.845
2026-09-30T07:07:17.360636+00:00 | START model=Stacking; strategy=No handling; outer_fold=14
2026-09-30T07:07:29.067174+00:00 | FINISH model=Stacking; strategy=No handling; outer_fold=14; elapsed_seconds=11.706
2026-09-30T07:07:29.068842+00:00 | START model=Stacking; strategy=No handling; outer_fold=15
2026-09-30T07:07:40.736411+00:00 | FINISH model=Stacking; strategy=No handling; outer_fold=15; elapsed_seconds=11.667
2026-09-30T07:07:40.738919+00:00 | START model=Stacking; strategy=No handling; outer_fold=16
2026-09-30T07:07:53.827850+00:00 | FINISH model=Stacking; strategy=No handling; outer_fold=16; elapsed_seconds=13.089
2026-09-30T07:07:53.830379+00:00 | START model=Stacking; strategy=No handling; outer_fold=17
2026-09-30T07:08:07.873271+00:00 | FINISH model=Stacking; strategy=No handling; outer_fold=17; elapsed_seconds=14.043
2026-09-30T07:08:07.874211+00:00 | START model=Stacking; strategy=No handling; outer_fold=18
2026-09-30T07:08:21.346896+00:00 | FINISH model=Stacking; strategy=No handling; outer_fold=18; elapsed_seconds=13.473
2026-09-30T07:08:21.349288+00:00 | START model=Stacking; strategy=No handling; outer_fold=19
2026-09-30T07:08:32.901821+00:00 | FINISH model=Stacking; strategy=No handling; outer_fold=19; elapsed_seconds=11.552
2026-09-30T07:08:32.904123+00:00 | START model=Stacking; strategy=No handling; outer_fold=20
2026-09-30T07:08:44.392985+00:00 | FINISH model=Stacking; strategy=No handling; outer_fold=20; elapsed_seconds=11.489
2026-09-30T07:08:44.394731+00:00 | START model=Stacking; strategy=No handling; outer_fold=21
2026-09-30T07:08:55.979836+00:00 | FINISH model=Stacking; strategy=No handling; outer_fold=21; elapsed_seconds=11.585
2026-09-30T07:08:55.982267+00:00 | START model=Stacking; strategy=No handling; outer_fold=22
2026-09-30T07:09:07.114148+00:00 | FINISH model=Stacking; strategy=No handling; outer_fold=22; elapsed_seconds=11.132
2026-09-30T07:09:07.115765+00:00 | START model=Stacking; strategy=No handling; outer_fold=23
2026-09-30T07:09:17.441609+00:00 | FINISH model=Stacking; strategy=No handling; outer_fold=23; elapsed_seconds=10.326
2026-09-30T07:09:17.444138+00:00 | START model=Stacking; strategy=No handling; outer_fold=24
2026-09-30T07:09:28.564888+00:00 | FINISH model=Stacking; strategy=No handling; outer_fold=24; elapsed_seconds=11.121
2026-09-30T07:09:28.567845+00:00 | START model=Stacking; strategy=No handling; outer_fold=25
2026-09-30T07:09:39.702623+00:00 | FINISH model=Stacking; strategy=No handling; outer_fold=25; elapsed_seconds=11.135
2026-09-30T07:09:39.704851+00:00 | START model=Stacking; strategy=No handling; outer_fold=26
2026-09-30T07:09:50.689536+00:00 | FINISH model=Stacking; strategy=No handling; outer_fold=26; elapsed_seconds=10.985
2026-09-30T07:09:50.691583+00:00 | START model=Stacking; strategy=No handling; outer_fold=27
2026-09-30T07:10:01.786962+00:00 | FINISH model=Stacking; strategy=No handling; outer_fold=27; elapsed_seconds=11.095
2026-09-30T07:10:01.788458+00:00 | START model=Stacking; strategy=No handling; outer_fold=28
2026-09-30T07:10:12.599990+00:00 | FINISH model=Stacking; strategy=No handling; outer_fold=28; elapsed_seconds=10.811
2026-09-30T07:10:12.602521+00:00 | START model=Stacking; strategy=No handling; outer_fold=29
2026-09-30T07:10:23.427195+00:00 | FINISH model=Stacking; strategy=No handling; outer_fold=29; elapsed_seconds=10.825
2026-09-30T07:10:23.429582+00:00 | START model=Stacking; strategy=No handling; outer_fold=30
2026-09-30T07:10:34.074506+00:00 | FINISH model=Stacking; strategy=No handling; outer_fold=30; elapsed_seconds=10.645
2026-09-30T07:10:34.076773+00:00 | START model=Stacking; strategy=No handling; outer_fold=31
2026-09-30T07:10:44.922621+00:00 | FINISH model=Stacking; strategy=No handling; outer_fold=31; elapsed_seconds=10.846
2026-09-30T07:10:44.924812+00:00 | START model=Stacking; strategy=No handling; outer_fold=32
2026-09-30T07:10:56.202386+00:00 | FINISH model=Stacking; strategy=No handling; outer_fold=32; elapsed_seconds=11.278
2026-09-30T07:10:56.203904+00:00 | START model=Stacking; strategy=No handling; outer_fold=33
2026-09-30T07:11:07.263183+00:00 | FINISH model=Stacking; strategy=No handling; outer_fold=33; elapsed_seconds=11.059
2026-09-30T07:11:07.264828+00:00 | START model=Stacking; strategy=No handling; outer_fold=34
2026-09-30T07:11:18.201062+00:00 | FINISH model=Stacking; strategy=No handling; outer_fold=34; elapsed_seconds=10.936
2026-09-30T07:11:18.201768+00:00 | START model=Stacking; strategy=No handling; outer_fold=35
2026-09-30T07:11:29.095370+00:00 | FINISH model=Stacking; strategy=No handling; outer_fold=35; elapsed_seconds=10.894
2026-09-30T07:11:29.097663+00:00 | START model=Stacking; strategy=No handling; outer_fold=36
2026-09-30T07:11:40.125893+00:00 | FINISH model=Stacking; strategy=No handling; outer_fold=36; elapsed_seconds=11.028
2026-09-30T07:11:40.128347+00:00 | START model=Stacking; strategy=No handling; outer_fold=37
2026-09-30T07:11:51.798454+00:00 | FINISH model=Stacking; strategy=No handling; outer_fold=37; elapsed_seconds=11.670
2026-09-30T07:11:51.801104+00:00 | START model=Stacking; strategy=No handling; outer_fold=38
2026-09-30T07:12:04.225313+00:00 | FINISH model=Stacking; strategy=No handling; outer_fold=38; elapsed_seconds=12.424
2026-09-30T07:12:04.227730+00:00 | START model=Stacking; strategy=No handling; outer_fold=39
2026-09-30T07:12:15.426097+00:00 | FINISH model=Stacking; strategy=No handling; outer_fold=39; elapsed_seconds=11.198
2026-09-30T07:12:15.427181+00:00 | START model=Stacking; strategy=No handling; outer_fold=40
2026-09-30T07:12:26.473203+00:00 | FINISH model=Stacking; strategy=No handling; outer_fold=40; elapsed_seconds=11.046
2026-09-30T07:12:26.475656+00:00 | START model=Stacking; strategy=No handling; outer_fold=41
2026-09-30T07:12:37.391455+00:00 | FINISH model=Stacking; strategy=No handling; outer_fold=41; elapsed_seconds=10.916
2026-09-30T07:12:37.392242+00:00 | START model=Stacking; strategy=No handling; outer_fold=42
2026-09-30T07:12:48.944533+00:00 | FINISH model=Stacking; strategy=No handling; outer_fold=42; elapsed_seconds=11.552
2026-09-30T07:12:48.946109+00:00 | START model=Stacking; strategy=No handling; outer_fold=43
2026-09-30T07:12:59.725033+00:00 | FINISH model=Stacking; strategy=No handling; outer_fold=43; elapsed_seconds=10.779
2026-09-30T07:12:59.727325+00:00 | START model=Stacking; strategy=No handling; outer_fold=44
2026-09-30T07:13:11.117405+00:00 | FINISH model=Stacking; strategy=No handling; outer_fold=44; elapsed_seconds=11.390
2026-09-30T07:13:11.118156+00:00 | START model=Stacking; strategy=No handling; outer_fold=45
2026-09-30T07:13:21.946230+00:00 | FINISH model=Stacking; strategy=No handling; outer_fold=45; elapsed_seconds=10.828
2026-09-30T07:13:21.946942+00:00 | START model=Stacking; strategy=No handling; outer_fold=46
2026-09-30T07:13:34.550754+00:00 | FINISH model=Stacking; strategy=No handling; outer_fold=46; elapsed_seconds=12.604
2026-09-30T07:13:34.551373+00:00 | START model=Stacking; strategy=No handling; outer_fold=47
2026-09-30T07:13:49.200077+00:00 | FINISH model=Stacking; strategy=No handling; outer_fold=47; elapsed_seconds=14.649
2026-09-30T07:13:49.200907+00:00 | START model=Stacking; strategy=No handling; outer_fold=48
2026-09-30T07:14:03.138825+00:00 | FINISH model=Stacking; strategy=No handling; outer_fold=48; elapsed_seconds=13.938
2026-09-30T07:14:03.140246+00:00 | START model=Stacking; strategy=No handling; outer_fold=49
2026-09-30T07:14:16.293266+00:00 | FINISH model=Stacking; strategy=No handling; outer_fold=49; elapsed_seconds=13.153
2026-09-30T07:14:16.294342+00:00 | CONFIG_FINISH model=Stacking; strategy=No handling; elapsed_seconds=583.404; n_iter=12; expanded_search=False
2026-09-30T07:14:16.329185+00:00 | SAVED_CONFIG model=Stacking; strategy=No handling; rows=1450
2026-09-30T07:14:16.329401+00:00 | CONFIG_START model=Stacking; strategy=Class weight; n_iter=12; expanded_search=False
2026-09-30T07:14:16.329652+00:00 | START model=Stacking; strategy=Class weight; outer_fold=0
2026-09-30T07:14:29.167214+00:00 | FINISH model=Stacking; strategy=Class weight; outer_fold=0; elapsed_seconds=12.838
2026-09-30T07:14:29.169802+00:00 | START model=Stacking; strategy=Class weight; outer_fold=1
2026-09-30T07:14:41.684125+00:00 | FINISH model=Stacking; strategy=Class weight; outer_fold=1; elapsed_seconds=12.514
2026-09-30T07:14:41.686542+00:00 | START model=Stacking; strategy=Class weight; outer_fold=2
2026-09-30T07:14:55.022561+00:00 | FINISH model=Stacking; strategy=Class weight; outer_fold=2; elapsed_seconds=13.336
2026-09-30T07:14:55.023226+00:00 | START model=Stacking; strategy=Class weight; outer_fold=3
2026-09-30T07:15:07.961449+00:00 | FINISH model=Stacking; strategy=Class weight; outer_fold=3; elapsed_seconds=12.938
2026-09-30T07:15:07.963872+00:00 | START model=Stacking; strategy=Class weight; outer_fold=4
2026-09-30T07:15:21.462879+00:00 | FINISH model=Stacking; strategy=Class weight; outer_fold=4; elapsed_seconds=13.499
2026-09-30T07:15:21.464639+00:00 | START model=Stacking; strategy=Class weight; outer_fold=5
2026-09-30T07:15:34.325701+00:00 | FINISH model=Stacking; strategy=Class weight; outer_fold=5; elapsed_seconds=12.861
2026-09-30T07:15:34.326695+00:00 | START model=Stacking; strategy=Class weight; outer_fold=6
2026-09-30T07:15:48.404928+00:00 | FINISH model=Stacking; strategy=Class weight; outer_fold=6; elapsed_seconds=14.078
2026-09-30T07:15:48.414649+00:00 | START model=Stacking; strategy=Class weight; outer_fold=7
2026-09-30T07:16:02.721485+00:00 | FINISH model=Stacking; strategy=Class weight; outer_fold=7; elapsed_seconds=14.307
2026-09-30T07:16:02.735961+00:00 | START model=Stacking; strategy=Class weight; outer_fold=8
2026-09-30T07:16:16.803180+00:00 | FINISH model=Stacking; strategy=Class weight; outer_fold=8; elapsed_seconds=14.067
2026-09-30T07:16:16.809736+00:00 | START model=Stacking; strategy=Class weight; outer_fold=9
2026-09-30T07:16:29.807141+00:00 | FINISH model=Stacking; strategy=Class weight; outer_fold=9; elapsed_seconds=12.997
2026-09-30T07:16:29.808586+00:00 | START model=Stacking; strategy=Class weight; outer_fold=10
2026-09-30T07:16:42.132268+00:00 | FINISH model=Stacking; strategy=Class weight; outer_fold=10; elapsed_seconds=12.324
2026-09-30T07:16:42.133012+00:00 | START model=Stacking; strategy=Class weight; outer_fold=11
2026-09-30T07:17:00.128037+00:00 | FINISH model=Stacking; strategy=Class weight; outer_fold=11; elapsed_seconds=17.995
2026-09-30T07:17:00.175809+00:00 | START model=Stacking; strategy=Class weight; outer_fold=12
2026-09-30T07:17:15.554405+00:00 | FINISH model=Stacking; strategy=Class weight; outer_fold=12; elapsed_seconds=15.379
2026-09-30T07:17:15.555131+00:00 | START model=Stacking; strategy=Class weight; outer_fold=13
2026-09-30T07:17:29.845917+00:00 | FINISH model=Stacking; strategy=Class weight; outer_fold=13; elapsed_seconds=14.291
2026-09-30T07:17:29.853568+00:00 | START model=Stacking; strategy=Class weight; outer_fold=14
2026-09-30T07:17:43.632195+00:00 | FINISH model=Stacking; strategy=Class weight; outer_fold=14; elapsed_seconds=13.779
2026-09-30T07:17:43.632804+00:00 | START model=Stacking; strategy=Class weight; outer_fold=15
2026-09-30T07:17:56.783638+00:00 | FINISH model=Stacking; strategy=Class weight; outer_fold=15; elapsed_seconds=13.151
2026-09-30T07:17:56.784297+00:00 | START model=Stacking; strategy=Class weight; outer_fold=16
2026-09-30T07:18:09.525500+00:00 | FINISH model=Stacking; strategy=Class weight; outer_fold=16; elapsed_seconds=12.741
2026-09-30T07:18:09.526427+00:00 | START model=Stacking; strategy=Class weight; outer_fold=17
2026-09-30T07:18:21.591837+00:00 | FINISH model=Stacking; strategy=Class weight; outer_fold=17; elapsed_seconds=12.065
2026-09-30T07:18:21.592400+00:00 | START model=Stacking; strategy=Class weight; outer_fold=18
2026-09-30T07:18:34.044900+00:00 | FINISH model=Stacking; strategy=Class weight; outer_fold=18; elapsed_seconds=12.452
2026-09-30T07:18:34.066792+00:00 | START model=Stacking; strategy=Class weight; outer_fold=19
2026-09-30T07:18:47.255745+00:00 | FINISH model=Stacking; strategy=Class weight; outer_fold=19; elapsed_seconds=13.189
2026-09-30T07:18:47.256537+00:00 | START model=Stacking; strategy=Class weight; outer_fold=20
2026-09-30T07:19:01.206574+00:00 | FINISH model=Stacking; strategy=Class weight; outer_fold=20; elapsed_seconds=13.950
2026-09-30T07:19:01.218145+00:00 | START model=Stacking; strategy=Class weight; outer_fold=21
2026-09-30T07:19:13.747944+00:00 | FINISH model=Stacking; strategy=Class weight; outer_fold=21; elapsed_seconds=12.530
2026-09-30T07:19:13.748533+00:00 | START model=Stacking; strategy=Class weight; outer_fold=22
2026-09-30T07:19:27.183905+00:00 | FINISH model=Stacking; strategy=Class weight; outer_fold=22; elapsed_seconds=13.435
2026-09-30T07:19:27.184410+00:00 | START model=Stacking; strategy=Class weight; outer_fold=23
2026-09-30T07:19:39.974745+00:00 | FINISH model=Stacking; strategy=Class weight; outer_fold=23; elapsed_seconds=12.790
2026-09-30T07:19:39.985483+00:00 | START model=Stacking; strategy=Class weight; outer_fold=24
2026-09-30T07:19:51.948674+00:00 | FINISH model=Stacking; strategy=Class weight; outer_fold=24; elapsed_seconds=11.963
2026-09-30T07:19:51.950825+00:00 | START model=Stacking; strategy=Class weight; outer_fold=25
2026-09-30T07:20:04.557115+00:00 | FINISH model=Stacking; strategy=Class weight; outer_fold=25; elapsed_seconds=12.606
2026-09-30T07:20:04.557611+00:00 | START model=Stacking; strategy=Class weight; outer_fold=26
2026-09-30T07:20:17.075437+00:00 | FINISH model=Stacking; strategy=Class weight; outer_fold=26; elapsed_seconds=12.518
2026-09-30T07:20:17.075980+00:00 | START model=Stacking; strategy=Class weight; outer_fold=27
2026-09-30T07:20:29.673227+00:00 | FINISH model=Stacking; strategy=Class weight; outer_fold=27; elapsed_seconds=12.597
2026-09-30T07:20:29.675457+00:00 | START model=Stacking; strategy=Class weight; outer_fold=28
2026-09-30T07:20:42.214327+00:00 | FINISH model=Stacking; strategy=Class weight; outer_fold=28; elapsed_seconds=12.539
2026-09-30T07:20:42.215012+00:00 | START model=Stacking; strategy=Class weight; outer_fold=29
2026-09-30T07:20:54.074216+00:00 | FINISH model=Stacking; strategy=Class weight; outer_fold=29; elapsed_seconds=11.859
2026-09-30T07:20:54.076371+00:00 | START model=Stacking; strategy=Class weight; outer_fold=30
2026-09-30T07:21:06.960747+00:00 | FINISH model=Stacking; strategy=Class weight; outer_fold=30; elapsed_seconds=12.884
2026-09-30T07:21:06.963383+00:00 | START model=Stacking; strategy=Class weight; outer_fold=31
2026-09-30T07:21:19.559998+00:00 | FINISH model=Stacking; strategy=Class weight; outer_fold=31; elapsed_seconds=12.597
2026-09-30T07:21:19.560535+00:00 | START model=Stacking; strategy=Class weight; outer_fold=32
2026-09-30T07:21:31.620272+00:00 | FINISH model=Stacking; strategy=Class weight; outer_fold=32; elapsed_seconds=12.060
2026-09-30T07:21:31.621621+00:00 | START model=Stacking; strategy=Class weight; outer_fold=33
2026-09-30T07:21:43.880546+00:00 | FINISH model=Stacking; strategy=Class weight; outer_fold=33; elapsed_seconds=12.259
2026-09-30T07:21:43.882783+00:00 | START model=Stacking; strategy=Class weight; outer_fold=34
2026-09-30T07:21:55.999118+00:00 | FINISH model=Stacking; strategy=Class weight; outer_fold=34; elapsed_seconds=12.116
2026-09-30T07:21:56.001373+00:00 | START model=Stacking; strategy=Class weight; outer_fold=35
2026-09-30T07:22:08.887910+00:00 | FINISH model=Stacking; strategy=Class weight; outer_fold=35; elapsed_seconds=12.887
2026-09-30T07:22:08.901836+00:00 | START model=Stacking; strategy=Class weight; outer_fold=36
2026-09-30T07:22:21.041390+00:00 | FINISH model=Stacking; strategy=Class weight; outer_fold=36; elapsed_seconds=12.139
2026-09-30T07:22:21.043075+00:00 | START model=Stacking; strategy=Class weight; outer_fold=37
2026-09-30T07:22:33.172229+00:00 | FINISH model=Stacking; strategy=Class weight; outer_fold=37; elapsed_seconds=12.129
2026-09-30T07:22:33.174614+00:00 | START model=Stacking; strategy=Class weight; outer_fold=38
2026-09-30T07:22:45.747374+00:00 | FINISH model=Stacking; strategy=Class weight; outer_fold=38; elapsed_seconds=12.573
2026-09-30T07:22:45.749598+00:00 | START model=Stacking; strategy=Class weight; outer_fold=39
2026-09-30T07:22:58.587108+00:00 | FINISH model=Stacking; strategy=Class weight; outer_fold=39; elapsed_seconds=12.837
2026-09-30T07:22:58.587880+00:00 | START model=Stacking; strategy=Class weight; outer_fold=40
2026-09-30T07:23:11.507069+00:00 | FINISH model=Stacking; strategy=Class weight; outer_fold=40; elapsed_seconds=12.919
2026-09-30T07:23:11.509643+00:00 | START model=Stacking; strategy=Class weight; outer_fold=41
2026-09-30T07:23:23.334122+00:00 | FINISH model=Stacking; strategy=Class weight; outer_fold=41; elapsed_seconds=11.825
2026-09-30T07:23:23.336277+00:00 | START model=Stacking; strategy=Class weight; outer_fold=42
2026-09-30T07:23:35.677402+00:00 | FINISH model=Stacking; strategy=Class weight; outer_fold=42; elapsed_seconds=12.341
2026-09-30T07:23:35.679624+00:00 | START model=Stacking; strategy=Class weight; outer_fold=43
2026-09-30T07:23:48.003956+00:00 | FINISH model=Stacking; strategy=Class weight; outer_fold=43; elapsed_seconds=12.324
2026-09-30T07:23:48.006502+00:00 | START model=Stacking; strategy=Class weight; outer_fold=44
2026-09-30T07:24:00.035823+00:00 | FINISH model=Stacking; strategy=Class weight; outer_fold=44; elapsed_seconds=12.029
2026-09-30T07:24:00.038065+00:00 | START model=Stacking; strategy=Class weight; outer_fold=45
2026-09-30T07:24:11.978476+00:00 | FINISH model=Stacking; strategy=Class weight; outer_fold=45; elapsed_seconds=11.940
2026-09-30T07:24:11.980720+00:00 | START model=Stacking; strategy=Class weight; outer_fold=46
2026-09-30T07:24:24.486088+00:00 | FINISH model=Stacking; strategy=Class weight; outer_fold=46; elapsed_seconds=12.505
2026-09-30T07:24:24.488426+00:00 | START model=Stacking; strategy=Class weight; outer_fold=47
2026-09-30T07:24:36.663399+00:00 | FINISH model=Stacking; strategy=Class weight; outer_fold=47; elapsed_seconds=12.175
2026-09-30T07:24:36.665680+00:00 | START model=Stacking; strategy=Class weight; outer_fold=48
2026-09-30T07:24:48.661827+00:00 | FINISH model=Stacking; strategy=Class weight; outer_fold=48; elapsed_seconds=11.996
2026-09-30T07:24:48.664189+00:00 | START model=Stacking; strategy=Class weight; outer_fold=49
2026-09-30T07:25:00.829160+00:00 | FINISH model=Stacking; strategy=Class weight; outer_fold=49; elapsed_seconds=12.165
2026-09-30T07:25:00.831215+00:00 | CONFIG_FINISH model=Stacking; strategy=Class weight; elapsed_seconds=644.502; n_iter=12; expanded_search=False
2026-09-30T07:25:00.850788+00:00 | SAVED_CONFIG model=Stacking; strategy=Class weight; rows=1500
2026-09-30T07:25:00.850973+00:00 | CONFIG_START model=Stacking; strategy=SMOTE-NC; n_iter=12; expanded_search=False
2026-09-30T07:25:00.851182+00:00 | START model=Stacking; strategy=SMOTE-NC; outer_fold=0
2026-09-30T07:25:19.891780+00:00 | FINISH model=Stacking; strategy=SMOTE-NC; outer_fold=0; elapsed_seconds=19.041
2026-09-30T07:25:19.893983+00:00 | START model=Stacking; strategy=SMOTE-NC; outer_fold=1
2026-09-30T07:25:39.814504+00:00 | FINISH model=Stacking; strategy=SMOTE-NC; outer_fold=1; elapsed_seconds=19.920
2026-09-30T07:25:39.817457+00:00 | START model=Stacking; strategy=SMOTE-NC; outer_fold=2
2026-09-30T07:25:58.096325+00:00 | FINISH model=Stacking; strategy=SMOTE-NC; outer_fold=2; elapsed_seconds=18.279
2026-09-30T07:25:58.098593+00:00 | START model=Stacking; strategy=SMOTE-NC; outer_fold=3
2026-09-30T07:26:18.418701+00:00 | FINISH model=Stacking; strategy=SMOTE-NC; outer_fold=3; elapsed_seconds=20.320
2026-09-30T07:26:18.420853+00:00 | START model=Stacking; strategy=SMOTE-NC; outer_fold=4
2026-09-30T07:26:37.818146+00:00 | FINISH model=Stacking; strategy=SMOTE-NC; outer_fold=4; elapsed_seconds=19.397
2026-09-30T07:26:37.820433+00:00 | START model=Stacking; strategy=SMOTE-NC; outer_fold=5
2026-09-30T07:26:56.813648+00:00 | FINISH model=Stacking; strategy=SMOTE-NC; outer_fold=5; elapsed_seconds=18.993
2026-09-30T07:26:56.816059+00:00 | START model=Stacking; strategy=SMOTE-NC; outer_fold=6
2026-09-30T07:27:15.648125+00:00 | FINISH model=Stacking; strategy=SMOTE-NC; outer_fold=6; elapsed_seconds=18.832
2026-09-30T07:27:15.650359+00:00 | START model=Stacking; strategy=SMOTE-NC; outer_fold=7
2026-09-30T07:27:33.636761+00:00 | FINISH model=Stacking; strategy=SMOTE-NC; outer_fold=7; elapsed_seconds=17.986
2026-09-30T07:27:33.639068+00:00 | START model=Stacking; strategy=SMOTE-NC; outer_fold=8
2026-09-30T07:27:50.409790+00:00 | FINISH model=Stacking; strategy=SMOTE-NC; outer_fold=8; elapsed_seconds=16.771
2026-09-30T07:27:50.412107+00:00 | START model=Stacking; strategy=SMOTE-NC; outer_fold=9
2026-09-30T07:28:09.154994+00:00 | FINISH model=Stacking; strategy=SMOTE-NC; outer_fold=9; elapsed_seconds=18.743
2026-09-30T07:28:09.157101+00:00 | START model=Stacking; strategy=SMOTE-NC; outer_fold=10
2026-09-30T07:28:30.042325+00:00 | FINISH model=Stacking; strategy=SMOTE-NC; outer_fold=10; elapsed_seconds=20.885
2026-09-30T07:28:30.044544+00:00 | START model=Stacking; strategy=SMOTE-NC; outer_fold=11
2026-09-30T07:28:50.204846+00:00 | FINISH model=Stacking; strategy=SMOTE-NC; outer_fold=11; elapsed_seconds=20.160
2026-09-30T07:28:50.207211+00:00 | START model=Stacking; strategy=SMOTE-NC; outer_fold=12
2026-09-30T07:29:10.437931+00:00 | FINISH model=Stacking; strategy=SMOTE-NC; outer_fold=12; elapsed_seconds=20.231
2026-09-30T07:29:10.440338+00:00 | START model=Stacking; strategy=SMOTE-NC; outer_fold=13
2026-09-30T07:29:30.045654+00:00 | FINISH model=Stacking; strategy=SMOTE-NC; outer_fold=13; elapsed_seconds=19.605
2026-09-30T07:29:30.047988+00:00 | START model=Stacking; strategy=SMOTE-NC; outer_fold=14
2026-09-30T07:29:49.360667+00:00 | FINISH model=Stacking; strategy=SMOTE-NC; outer_fold=14; elapsed_seconds=19.313
2026-09-30T07:29:49.363023+00:00 | START model=Stacking; strategy=SMOTE-NC; outer_fold=15
2026-09-30T07:30:08.337057+00:00 | FINISH model=Stacking; strategy=SMOTE-NC; outer_fold=15; elapsed_seconds=18.974
2026-09-30T07:30:08.339701+00:00 | START model=Stacking; strategy=SMOTE-NC; outer_fold=16
2026-09-30T07:30:27.824077+00:00 | FINISH model=Stacking; strategy=SMOTE-NC; outer_fold=16; elapsed_seconds=19.484
2026-09-30T07:30:27.824616+00:00 | START model=Stacking; strategy=SMOTE-NC; outer_fold=17
2026-09-30T07:30:47.919676+00:00 | FINISH model=Stacking; strategy=SMOTE-NC; outer_fold=17; elapsed_seconds=20.095
2026-09-30T07:30:47.922170+00:00 | START model=Stacking; strategy=SMOTE-NC; outer_fold=18
2026-09-30T07:31:07.946161+00:00 | FINISH model=Stacking; strategy=SMOTE-NC; outer_fold=18; elapsed_seconds=20.024
2026-09-30T07:31:07.948499+00:00 | START model=Stacking; strategy=SMOTE-NC; outer_fold=19
2026-09-30T07:31:26.473234+00:00 | FINISH model=Stacking; strategy=SMOTE-NC; outer_fold=19; elapsed_seconds=18.525
2026-09-30T07:31:26.474500+00:00 | START model=Stacking; strategy=SMOTE-NC; outer_fold=20
2026-09-30T07:31:46.991787+00:00 | FINISH model=Stacking; strategy=SMOTE-NC; outer_fold=20; elapsed_seconds=20.517
2026-09-30T07:31:46.992666+00:00 | START model=Stacking; strategy=SMOTE-NC; outer_fold=21
2026-09-30T07:32:17.746098+00:00 | FINISH model=Stacking; strategy=SMOTE-NC; outer_fold=21; elapsed_seconds=30.753
2026-09-30T07:32:17.748306+00:00 | START model=Stacking; strategy=SMOTE-NC; outer_fold=22
2026-09-30T07:32:43.679726+00:00 | FINISH model=Stacking; strategy=SMOTE-NC; outer_fold=22; elapsed_seconds=25.931
2026-09-30T07:32:43.682024+00:00 | START model=Stacking; strategy=SMOTE-NC; outer_fold=23
2026-09-30T07:33:08.738636+00:00 | FINISH model=Stacking; strategy=SMOTE-NC; outer_fold=23; elapsed_seconds=25.057
2026-09-30T07:33:08.739970+00:00 | START model=Stacking; strategy=SMOTE-NC; outer_fold=24
2026-09-30T07:33:30.815828+00:00 | FINISH model=Stacking; strategy=SMOTE-NC; outer_fold=24; elapsed_seconds=22.076
2026-09-30T07:33:30.818217+00:00 | START model=Stacking; strategy=SMOTE-NC; outer_fold=25
2026-09-30T07:34:00.349197+00:00 | FINISH model=Stacking; strategy=SMOTE-NC; outer_fold=25; elapsed_seconds=29.531
2026-09-30T07:34:00.352085+00:00 | START model=Stacking; strategy=SMOTE-NC; outer_fold=26
2026-09-30T07:34:25.202832+00:00 | FINISH model=Stacking; strategy=SMOTE-NC; outer_fold=26; elapsed_seconds=24.851
2026-09-30T07:34:25.203386+00:00 | START model=Stacking; strategy=SMOTE-NC; outer_fold=27
2026-09-30T07:34:47.826391+00:00 | FINISH model=Stacking; strategy=SMOTE-NC; outer_fold=27; elapsed_seconds=22.623
2026-09-30T07:34:47.828578+00:00 | START model=Stacking; strategy=SMOTE-NC; outer_fold=28
2026-09-30T07:35:11.343130+00:00 | FINISH model=Stacking; strategy=SMOTE-NC; outer_fold=28; elapsed_seconds=23.514
2026-09-30T07:35:11.345452+00:00 | START model=Stacking; strategy=SMOTE-NC; outer_fold=29
2026-09-30T07:35:33.471137+00:00 | FINISH model=Stacking; strategy=SMOTE-NC; outer_fold=29; elapsed_seconds=22.126
2026-09-30T07:35:33.473963+00:00 | START model=Stacking; strategy=SMOTE-NC; outer_fold=30
2026-09-30T07:35:55.985388+00:00 | FINISH model=Stacking; strategy=SMOTE-NC; outer_fold=30; elapsed_seconds=22.512
2026-09-30T07:35:55.987920+00:00 | START model=Stacking; strategy=SMOTE-NC; outer_fold=31
2026-09-30T07:36:18.544796+00:00 | FINISH model=Stacking; strategy=SMOTE-NC; outer_fold=31; elapsed_seconds=22.557
2026-09-30T07:36:18.546993+00:00 | START model=Stacking; strategy=SMOTE-NC; outer_fold=32
2026-09-30T07:36:41.562115+00:00 | FINISH model=Stacking; strategy=SMOTE-NC; outer_fold=32; elapsed_seconds=23.015
2026-09-30T07:36:41.564455+00:00 | START model=Stacking; strategy=SMOTE-NC; outer_fold=33
2026-09-30T07:37:06.463035+00:00 | FINISH model=Stacking; strategy=SMOTE-NC; outer_fold=33; elapsed_seconds=24.899
2026-09-30T07:37:06.463911+00:00 | START model=Stacking; strategy=SMOTE-NC; outer_fold=34
2026-09-30T07:37:30.061538+00:00 | FINISH model=Stacking; strategy=SMOTE-NC; outer_fold=34; elapsed_seconds=23.598
2026-09-30T07:37:30.064444+00:00 | START model=Stacking; strategy=SMOTE-NC; outer_fold=35
2026-09-30T07:37:54.031906+00:00 | FINISH model=Stacking; strategy=SMOTE-NC; outer_fold=35; elapsed_seconds=23.967
2026-09-30T07:37:54.033195+00:00 | START model=Stacking; strategy=SMOTE-NC; outer_fold=36
2026-09-30T07:38:19.953232+00:00 | FINISH model=Stacking; strategy=SMOTE-NC; outer_fold=36; elapsed_seconds=25.920
2026-09-30T07:38:19.955851+00:00 | START model=Stacking; strategy=SMOTE-NC; outer_fold=37
2026-09-30T07:38:43.062388+00:00 | FINISH model=Stacking; strategy=SMOTE-NC; outer_fold=37; elapsed_seconds=23.106
2026-09-30T07:38:43.064817+00:00 | START model=Stacking; strategy=SMOTE-NC; outer_fold=38
2026-09-30T07:39:06.248149+00:00 | FINISH model=Stacking; strategy=SMOTE-NC; outer_fold=38; elapsed_seconds=23.183
2026-09-30T07:39:06.250838+00:00 | START model=Stacking; strategy=SMOTE-NC; outer_fold=39
2026-09-30T07:39:29.500327+00:00 | FINISH model=Stacking; strategy=SMOTE-NC; outer_fold=39; elapsed_seconds=23.250
2026-09-30T07:39:29.502506+00:00 | START model=Stacking; strategy=SMOTE-NC; outer_fold=40
2026-09-30T07:39:49.071838+00:00 | FINISH model=Stacking; strategy=SMOTE-NC; outer_fold=40; elapsed_seconds=19.569
2026-09-30T07:39:49.074423+00:00 | START model=Stacking; strategy=SMOTE-NC; outer_fold=41
2026-09-30T07:40:10.813217+00:00 | FINISH model=Stacking; strategy=SMOTE-NC; outer_fold=41; elapsed_seconds=21.739
2026-09-30T07:40:10.814281+00:00 | START model=Stacking; strategy=SMOTE-NC; outer_fold=42
2026-09-30T07:40:32.925458+00:00 | FINISH model=Stacking; strategy=SMOTE-NC; outer_fold=42; elapsed_seconds=22.111
2026-09-30T07:40:32.926743+00:00 | START model=Stacking; strategy=SMOTE-NC; outer_fold=43
2026-09-30T07:40:55.089181+00:00 | FINISH model=Stacking; strategy=SMOTE-NC; outer_fold=43; elapsed_seconds=22.162
2026-09-30T07:40:55.089898+00:00 | START model=Stacking; strategy=SMOTE-NC; outer_fold=44
2026-09-30T07:41:16.774972+00:00 | FINISH model=Stacking; strategy=SMOTE-NC; outer_fold=44; elapsed_seconds=21.685
2026-09-30T07:41:16.775749+00:00 | START model=Stacking; strategy=SMOTE-NC; outer_fold=45
2026-09-30T07:41:37.769826+00:00 | FINISH model=Stacking; strategy=SMOTE-NC; outer_fold=45; elapsed_seconds=20.994
2026-09-30T07:41:37.770595+00:00 | START model=Stacking; strategy=SMOTE-NC; outer_fold=46
2026-09-30T07:41:57.931858+00:00 | FINISH model=Stacking; strategy=SMOTE-NC; outer_fold=46; elapsed_seconds=20.161
2026-09-30T07:41:57.932759+00:00 | START model=Stacking; strategy=SMOTE-NC; outer_fold=47
2026-09-30T07:42:19.075386+00:00 | FINISH model=Stacking; strategy=SMOTE-NC; outer_fold=47; elapsed_seconds=21.143
2026-09-30T07:42:19.075920+00:00 | START model=Stacking; strategy=SMOTE-NC; outer_fold=48
2026-09-30T07:42:40.932890+00:00 | FINISH model=Stacking; strategy=SMOTE-NC; outer_fold=48; elapsed_seconds=21.857
2026-09-30T07:42:40.933702+00:00 | START model=Stacking; strategy=SMOTE-NC; outer_fold=49
2026-09-30T07:43:01.436552+00:00 | FINISH model=Stacking; strategy=SMOTE-NC; outer_fold=49; elapsed_seconds=20.503
2026-09-30T07:43:01.437824+00:00 | CONFIG_FINISH model=Stacking; strategy=SMOTE-NC; elapsed_seconds=1080.587; n_iter=12; expanded_search=False
2026-09-30T07:43:01.458844+00:00 | SAVED_CONFIG model=Stacking; strategy=SMOTE-NC; rows=1550
2026-09-30T07:43:01.459051+00:00 | CONFIG_START model=Stacking; strategy=Random undersampling; n_iter=12; expanded_search=False
2026-09-30T07:43:01.459270+00:00 | START model=Stacking; strategy=Random undersampling; outer_fold=0
2026-09-30T07:43:11.620519+00:00 | FINISH model=Stacking; strategy=Random undersampling; outer_fold=0; elapsed_seconds=10.161
2026-09-30T07:43:11.621127+00:00 | START model=Stacking; strategy=Random undersampling; outer_fold=1
2026-09-30T07:43:21.753428+00:00 | FINISH model=Stacking; strategy=Random undersampling; outer_fold=1; elapsed_seconds=10.132
2026-09-30T07:43:21.759242+00:00 | START model=Stacking; strategy=Random undersampling; outer_fold=2
2026-09-30T07:43:31.929245+00:00 | FINISH model=Stacking; strategy=Random undersampling; outer_fold=2; elapsed_seconds=10.170
2026-09-30T07:43:31.929890+00:00 | START model=Stacking; strategy=Random undersampling; outer_fold=3
2026-09-30T07:43:42.279889+00:00 | FINISH model=Stacking; strategy=Random undersampling; outer_fold=3; elapsed_seconds=10.350
2026-09-30T07:43:42.281148+00:00 | START model=Stacking; strategy=Random undersampling; outer_fold=4
2026-09-30T07:43:52.822124+00:00 | FINISH model=Stacking; strategy=Random undersampling; outer_fold=4; elapsed_seconds=10.541
2026-09-30T07:43:52.822680+00:00 | START model=Stacking; strategy=Random undersampling; outer_fold=5
2026-09-30T07:44:02.797459+00:00 | FINISH model=Stacking; strategy=Random undersampling; outer_fold=5; elapsed_seconds=9.975
2026-09-30T07:44:02.798268+00:00 | START model=Stacking; strategy=Random undersampling; outer_fold=6
2026-09-30T07:44:12.956763+00:00 | FINISH model=Stacking; strategy=Random undersampling; outer_fold=6; elapsed_seconds=10.158
2026-09-30T07:44:12.958969+00:00 | START model=Stacking; strategy=Random undersampling; outer_fold=7
2026-09-30T07:44:23.145403+00:00 | FINISH model=Stacking; strategy=Random undersampling; outer_fold=7; elapsed_seconds=10.186
2026-09-30T07:44:23.146013+00:00 | START model=Stacking; strategy=Random undersampling; outer_fold=8
2026-09-30T07:44:32.846039+00:00 | FINISH model=Stacking; strategy=Random undersampling; outer_fold=8; elapsed_seconds=9.700
2026-09-30T07:44:32.846590+00:00 | START model=Stacking; strategy=Random undersampling; outer_fold=9
2026-09-30T07:44:42.013753+00:00 | FINISH model=Stacking; strategy=Random undersampling; outer_fold=9; elapsed_seconds=9.167
2026-09-30T07:44:42.018958+00:00 | START model=Stacking; strategy=Random undersampling; outer_fold=10
2026-09-30T07:44:51.994570+00:00 | FINISH model=Stacking; strategy=Random undersampling; outer_fold=10; elapsed_seconds=9.976
2026-09-30T07:44:51.995933+00:00 | START model=Stacking; strategy=Random undersampling; outer_fold=11
2026-09-30T07:45:02.036938+00:00 | FINISH model=Stacking; strategy=Random undersampling; outer_fold=11; elapsed_seconds=10.041
2026-09-30T07:45:02.037419+00:00 | START model=Stacking; strategy=Random undersampling; outer_fold=12
2026-09-30T07:45:12.146540+00:00 | FINISH model=Stacking; strategy=Random undersampling; outer_fold=12; elapsed_seconds=10.109
2026-09-30T07:45:12.148913+00:00 | START model=Stacking; strategy=Random undersampling; outer_fold=13
2026-09-30T07:45:21.798974+00:00 | FINISH model=Stacking; strategy=Random undersampling; outer_fold=13; elapsed_seconds=9.650
2026-09-30T07:45:21.801256+00:00 | START model=Stacking; strategy=Random undersampling; outer_fold=14
2026-09-30T07:45:32.047552+00:00 | FINISH model=Stacking; strategy=Random undersampling; outer_fold=14; elapsed_seconds=10.246
2026-09-30T07:45:32.048815+00:00 | START model=Stacking; strategy=Random undersampling; outer_fold=15
2026-09-30T07:45:42.231301+00:00 | FINISH model=Stacking; strategy=Random undersampling; outer_fold=15; elapsed_seconds=10.182
2026-09-30T07:45:42.231854+00:00 | START model=Stacking; strategy=Random undersampling; outer_fold=16
2026-09-30T07:45:52.597833+00:00 | FINISH model=Stacking; strategy=Random undersampling; outer_fold=16; elapsed_seconds=10.366
2026-09-30T07:45:52.599923+00:00 | START model=Stacking; strategy=Random undersampling; outer_fold=17
2026-09-30T07:46:02.714566+00:00 | FINISH model=Stacking; strategy=Random undersampling; outer_fold=17; elapsed_seconds=10.115
2026-09-30T07:46:02.715035+00:00 | START model=Stacking; strategy=Random undersampling; outer_fold=18
2026-09-30T07:46:12.582983+00:00 | FINISH model=Stacking; strategy=Random undersampling; outer_fold=18; elapsed_seconds=9.868
2026-09-30T07:46:12.585187+00:00 | START model=Stacking; strategy=Random undersampling; outer_fold=19
2026-09-30T07:46:22.572022+00:00 | FINISH model=Stacking; strategy=Random undersampling; outer_fold=19; elapsed_seconds=9.987
2026-09-30T07:46:22.574421+00:00 | START model=Stacking; strategy=Random undersampling; outer_fold=20
2026-09-30T07:46:32.450243+00:00 | FINISH model=Stacking; strategy=Random undersampling; outer_fold=20; elapsed_seconds=9.876
2026-09-30T07:46:32.450826+00:00 | START model=Stacking; strategy=Random undersampling; outer_fold=21
2026-09-30T07:46:42.428402+00:00 | FINISH model=Stacking; strategy=Random undersampling; outer_fold=21; elapsed_seconds=9.978
2026-09-30T07:46:42.429710+00:00 | START model=Stacking; strategy=Random undersampling; outer_fold=22
2026-09-30T07:46:52.332464+00:00 | FINISH model=Stacking; strategy=Random undersampling; outer_fold=22; elapsed_seconds=9.903
2026-09-30T07:46:52.333918+00:00 | START model=Stacking; strategy=Random undersampling; outer_fold=23
2026-09-30T07:47:02.059658+00:00 | FINISH model=Stacking; strategy=Random undersampling; outer_fold=23; elapsed_seconds=9.726
2026-09-30T07:47:02.060187+00:00 | START model=Stacking; strategy=Random undersampling; outer_fold=24
2026-09-30T07:47:11.696206+00:00 | FINISH model=Stacking; strategy=Random undersampling; outer_fold=24; elapsed_seconds=9.636
2026-09-30T07:47:11.698503+00:00 | START model=Stacking; strategy=Random undersampling; outer_fold=25
2026-09-30T07:47:21.718325+00:00 | FINISH model=Stacking; strategy=Random undersampling; outer_fold=25; elapsed_seconds=10.020
2026-09-30T07:47:21.718789+00:00 | START model=Stacking; strategy=Random undersampling; outer_fold=26
2026-09-30T07:47:31.961499+00:00 | FINISH model=Stacking; strategy=Random undersampling; outer_fold=26; elapsed_seconds=10.243
2026-09-30T07:47:31.962013+00:00 | START model=Stacking; strategy=Random undersampling; outer_fold=27
2026-09-30T07:47:41.878627+00:00 | FINISH model=Stacking; strategy=Random undersampling; outer_fold=27; elapsed_seconds=9.917
2026-09-30T07:47:41.880822+00:00 | START model=Stacking; strategy=Random undersampling; outer_fold=28
2026-09-30T07:47:51.886305+00:00 | FINISH model=Stacking; strategy=Random undersampling; outer_fold=28; elapsed_seconds=10.005
2026-09-30T07:47:51.888758+00:00 | START model=Stacking; strategy=Random undersampling; outer_fold=29
2026-09-30T07:48:01.699549+00:00 | FINISH model=Stacking; strategy=Random undersampling; outer_fold=29; elapsed_seconds=9.811
2026-09-30T07:48:01.700039+00:00 | START model=Stacking; strategy=Random undersampling; outer_fold=30
2026-09-30T07:48:11.292229+00:00 | FINISH model=Stacking; strategy=Random undersampling; outer_fold=30; elapsed_seconds=9.592
2026-09-30T07:48:11.294610+00:00 | START model=Stacking; strategy=Random undersampling; outer_fold=31
2026-09-30T07:48:21.245554+00:00 | FINISH model=Stacking; strategy=Random undersampling; outer_fold=31; elapsed_seconds=9.951
2026-09-30T07:48:21.247730+00:00 | START model=Stacking; strategy=Random undersampling; outer_fold=32
2026-09-30T07:48:31.597108+00:00 | FINISH model=Stacking; strategy=Random undersampling; outer_fold=32; elapsed_seconds=10.349
2026-09-30T07:48:31.597664+00:00 | START model=Stacking; strategy=Random undersampling; outer_fold=33
2026-09-30T07:48:41.695040+00:00 | FINISH model=Stacking; strategy=Random undersampling; outer_fold=33; elapsed_seconds=10.097
2026-09-30T07:48:41.697160+00:00 | START model=Stacking; strategy=Random undersampling; outer_fold=34
2026-09-30T07:48:51.831581+00:00 | FINISH model=Stacking; strategy=Random undersampling; outer_fold=34; elapsed_seconds=10.134
2026-09-30T07:48:51.833738+00:00 | START model=Stacking; strategy=Random undersampling; outer_fold=35
2026-09-30T07:49:01.789108+00:00 | FINISH model=Stacking; strategy=Random undersampling; outer_fold=35; elapsed_seconds=9.955
2026-09-30T07:49:01.789827+00:00 | START model=Stacking; strategy=Random undersampling; outer_fold=36
2026-09-30T07:49:11.579512+00:00 | FINISH model=Stacking; strategy=Random undersampling; outer_fold=36; elapsed_seconds=9.790
2026-09-30T07:49:11.581257+00:00 | START model=Stacking; strategy=Random undersampling; outer_fold=37
2026-09-30T07:49:21.779387+00:00 | FINISH model=Stacking; strategy=Random undersampling; outer_fold=37; elapsed_seconds=10.198
2026-09-30T07:49:21.781748+00:00 | START model=Stacking; strategy=Random undersampling; outer_fold=38
2026-09-30T07:49:31.396150+00:00 | FINISH model=Stacking; strategy=Random undersampling; outer_fold=38; elapsed_seconds=9.614
2026-09-30T07:49:31.396665+00:00 | START model=Stacking; strategy=Random undersampling; outer_fold=39
2026-09-30T07:49:41.024211+00:00 | FINISH model=Stacking; strategy=Random undersampling; outer_fold=39; elapsed_seconds=9.627
2026-09-30T07:49:41.026365+00:00 | START model=Stacking; strategy=Random undersampling; outer_fold=40
2026-09-30T07:49:50.838631+00:00 | FINISH model=Stacking; strategy=Random undersampling; outer_fold=40; elapsed_seconds=9.812
2026-09-30T07:49:50.840811+00:00 | START model=Stacking; strategy=Random undersampling; outer_fold=41
2026-09-30T07:50:01.148421+00:00 | FINISH model=Stacking; strategy=Random undersampling; outer_fold=41; elapsed_seconds=10.308
2026-09-30T07:50:01.149006+00:00 | START model=Stacking; strategy=Random undersampling; outer_fold=42
2026-09-30T07:50:10.996780+00:00 | FINISH model=Stacking; strategy=Random undersampling; outer_fold=42; elapsed_seconds=9.848
2026-09-30T07:50:10.998978+00:00 | START model=Stacking; strategy=Random undersampling; outer_fold=43
2026-09-30T07:50:20.991116+00:00 | FINISH model=Stacking; strategy=Random undersampling; outer_fold=43; elapsed_seconds=9.992
2026-09-30T07:50:20.993479+00:00 | START model=Stacking; strategy=Random undersampling; outer_fold=44
2026-09-30T07:50:30.504960+00:00 | FINISH model=Stacking; strategy=Random undersampling; outer_fold=44; elapsed_seconds=9.511
2026-09-30T07:50:30.505553+00:00 | START model=Stacking; strategy=Random undersampling; outer_fold=45
2026-09-30T07:50:40.208200+00:00 | FINISH model=Stacking; strategy=Random undersampling; outer_fold=45; elapsed_seconds=9.703
2026-09-30T07:50:40.210438+00:00 | START model=Stacking; strategy=Random undersampling; outer_fold=46
2026-09-30T07:50:50.010436+00:00 | FINISH model=Stacking; strategy=Random undersampling; outer_fold=46; elapsed_seconds=9.800
2026-09-30T07:50:50.011682+00:00 | START model=Stacking; strategy=Random undersampling; outer_fold=47
2026-09-30T07:51:00.193703+00:00 | FINISH model=Stacking; strategy=Random undersampling; outer_fold=47; elapsed_seconds=10.182
2026-09-30T07:51:00.194434+00:00 | START model=Stacking; strategy=Random undersampling; outer_fold=48
2026-09-30T07:51:10.538966+00:00 | FINISH model=Stacking; strategy=Random undersampling; outer_fold=48; elapsed_seconds=10.344
2026-09-30T07:51:10.541333+00:00 | START model=Stacking; strategy=Random undersampling; outer_fold=49
2026-09-30T07:51:20.685456+00:00 | FINISH model=Stacking; strategy=Random undersampling; outer_fold=49; elapsed_seconds=10.144
2026-09-30T07:51:20.687622+00:00 | CONFIG_FINISH model=Stacking; strategy=Random undersampling; elapsed_seconds=499.229; n_iter=12; expanded_search=False
2026-09-30T07:51:20.708546+00:00 | SAVED_CONFIG model=Stacking; strategy=Random undersampling; rows=1600
2026-09-30T07:51:20.708789+00:00 | CONFIG_START model=Stacking; strategy=Threshold tuning; n_iter=12; expanded_search=False
2026-09-30T07:51:20.709109+00:00 | START model=Stacking; strategy=Threshold tuning; outer_fold=0
2026-09-30T07:52:07.068441+00:00 | FINISH model=Stacking; strategy=Threshold tuning; outer_fold=0; elapsed_seconds=46.359
2026-09-30T07:52:07.070786+00:00 | START model=Stacking; strategy=Threshold tuning; outer_fold=1
2026-09-30T07:52:51.292860+00:00 | FINISH model=Stacking; strategy=Threshold tuning; outer_fold=1; elapsed_seconds=44.222
2026-09-30T07:52:51.294981+00:00 | START model=Stacking; strategy=Threshold tuning; outer_fold=2
2026-09-30T07:53:35.568747+00:00 | FINISH model=Stacking; strategy=Threshold tuning; outer_fold=2; elapsed_seconds=44.274
2026-09-30T07:53:35.570094+00:00 | START model=Stacking; strategy=Threshold tuning; outer_fold=3
2026-09-30T07:54:20.418634+00:00 | FINISH model=Stacking; strategy=Threshold tuning; outer_fold=3; elapsed_seconds=44.848
2026-09-30T07:54:20.420132+00:00 | START model=Stacking; strategy=Threshold tuning; outer_fold=4
2026-09-30T07:55:03.895931+00:00 | FINISH model=Stacking; strategy=Threshold tuning; outer_fold=4; elapsed_seconds=43.476
2026-09-30T07:55:03.896482+00:00 | START model=Stacking; strategy=Threshold tuning; outer_fold=5
2026-09-30T07:55:48.415101+00:00 | FINISH model=Stacking; strategy=Threshold tuning; outer_fold=5; elapsed_seconds=44.519
2026-09-30T07:55:48.417321+00:00 | START model=Stacking; strategy=Threshold tuning; outer_fold=6
2026-09-30T07:56:34.733022+00:00 | FINISH model=Stacking; strategy=Threshold tuning; outer_fold=6; elapsed_seconds=46.316
2026-09-30T07:56:34.733669+00:00 | START model=Stacking; strategy=Threshold tuning; outer_fold=7
2026-09-30T07:57:18.538274+00:00 | FINISH model=Stacking; strategy=Threshold tuning; outer_fold=7; elapsed_seconds=43.805
2026-09-30T07:57:18.540503+00:00 | START model=Stacking; strategy=Threshold tuning; outer_fold=8
2026-09-30T07:58:01.865812+00:00 | FINISH model=Stacking; strategy=Threshold tuning; outer_fold=8; elapsed_seconds=43.325
2026-09-30T07:58:01.868122+00:00 | START model=Stacking; strategy=Threshold tuning; outer_fold=9
2026-09-30T07:58:47.108639+00:00 | FINISH model=Stacking; strategy=Threshold tuning; outer_fold=9; elapsed_seconds=45.240
2026-09-30T07:58:47.109424+00:00 | START model=Stacking; strategy=Threshold tuning; outer_fold=10
2026-09-30T07:59:32.966845+00:00 | FINISH model=Stacking; strategy=Threshold tuning; outer_fold=10; elapsed_seconds=45.857
2026-09-30T07:59:32.969684+00:00 | START model=Stacking; strategy=Threshold tuning; outer_fold=11
2026-09-30T08:00:31.023169+00:00 | FINISH model=Stacking; strategy=Threshold tuning; outer_fold=11; elapsed_seconds=58.053
2026-09-30T08:00:31.025596+00:00 | START model=Stacking; strategy=Threshold tuning; outer_fold=12
2026-09-30T08:01:35.270572+00:00 | FINISH model=Stacking; strategy=Threshold tuning; outer_fold=12; elapsed_seconds=64.245
2026-09-30T08:01:35.271240+00:00 | START model=Stacking; strategy=Threshold tuning; outer_fold=13
2026-09-30T08:02:39.067630+00:00 | FINISH model=Stacking; strategy=Threshold tuning; outer_fold=13; elapsed_seconds=63.796
2026-09-30T08:02:39.068341+00:00 | START model=Stacking; strategy=Threshold tuning; outer_fold=14
2026-09-30T08:03:35.394236+00:00 | FINISH model=Stacking; strategy=Threshold tuning; outer_fold=14; elapsed_seconds=56.326
2026-09-30T08:03:35.395690+00:00 | START model=Stacking; strategy=Threshold tuning; outer_fold=15
2026-09-30T08:04:30.755423+00:00 | FINISH model=Stacking; strategy=Threshold tuning; outer_fold=15; elapsed_seconds=55.360
2026-09-30T08:04:30.758174+00:00 | START model=Stacking; strategy=Threshold tuning; outer_fold=16
2026-09-30T08:05:26.775674+00:00 | FINISH model=Stacking; strategy=Threshold tuning; outer_fold=16; elapsed_seconds=56.017
2026-09-30T08:05:26.776619+00:00 | START model=Stacking; strategy=Threshold tuning; outer_fold=17
2026-09-30T08:06:23.371959+00:00 | FINISH model=Stacking; strategy=Threshold tuning; outer_fold=17; elapsed_seconds=56.595
2026-09-30T08:06:23.374928+00:00 | START model=Stacking; strategy=Threshold tuning; outer_fold=18
2026-09-30T08:07:18.388996+00:00 | FINISH model=Stacking; strategy=Threshold tuning; outer_fold=18; elapsed_seconds=55.014
2026-09-30T08:07:18.391959+00:00 | START model=Stacking; strategy=Threshold tuning; outer_fold=19
2026-09-30T08:08:12.538905+00:00 | FINISH model=Stacking; strategy=Threshold tuning; outer_fold=19; elapsed_seconds=54.147
2026-09-30T08:08:12.541286+00:00 | START model=Stacking; strategy=Threshold tuning; outer_fold=20
2026-09-30T08:10:22.916539+00:00 | FINISH model=Stacking; strategy=Threshold tuning; outer_fold=20; elapsed_seconds=130.375
2026-09-30T08:10:22.917466+00:00 | START model=Stacking; strategy=Threshold tuning; outer_fold=21
2026-09-30T08:11:14.971626+00:00 | FINISH model=Stacking; strategy=Threshold tuning; outer_fold=21; elapsed_seconds=52.054
2026-09-30T08:11:14.974157+00:00 | START model=Stacking; strategy=Threshold tuning; outer_fold=22
2026-09-30T08:12:08.429279+00:00 | FINISH model=Stacking; strategy=Threshold tuning; outer_fold=22; elapsed_seconds=53.455
2026-09-30T08:12:08.431737+00:00 | START model=Stacking; strategy=Threshold tuning; outer_fold=23
2026-09-30T08:12:58.455519+00:00 | FINISH model=Stacking; strategy=Threshold tuning; outer_fold=23; elapsed_seconds=50.024
2026-09-30T08:12:58.456244+00:00 | START model=Stacking; strategy=Threshold tuning; outer_fold=24
2026-09-30T08:13:49.566187+00:00 | FINISH model=Stacking; strategy=Threshold tuning; outer_fold=24; elapsed_seconds=51.110
2026-09-30T08:13:49.568613+00:00 | START model=Stacking; strategy=Threshold tuning; outer_fold=25
2026-09-30T08:14:34.595970+00:00 | FINISH model=Stacking; strategy=Threshold tuning; outer_fold=25; elapsed_seconds=45.027
2026-09-30T08:14:34.596596+00:00 | START model=Stacking; strategy=Threshold tuning; outer_fold=26
2026-09-30T08:15:15.107226+00:00 | FINISH model=Stacking; strategy=Threshold tuning; outer_fold=26; elapsed_seconds=40.511
2026-09-30T08:15:15.108440+00:00 | START model=Stacking; strategy=Threshold tuning; outer_fold=27
2026-09-30T08:15:53.185589+00:00 | FINISH model=Stacking; strategy=Threshold tuning; outer_fold=27; elapsed_seconds=38.077
2026-09-30T08:15:53.217912+00:00 | START model=Stacking; strategy=Threshold tuning; outer_fold=28
2026-09-30T08:16:32.362360+00:00 | FINISH model=Stacking; strategy=Threshold tuning; outer_fold=28; elapsed_seconds=39.145
2026-09-30T08:16:32.387591+00:00 | START model=Stacking; strategy=Threshold tuning; outer_fold=29
2026-09-30T08:17:11.450930+00:00 | FINISH model=Stacking; strategy=Threshold tuning; outer_fold=29; elapsed_seconds=39.063
2026-09-30T08:17:11.488956+00:00 | START model=Stacking; strategy=Threshold tuning; outer_fold=30
2026-09-30T08:17:49.908908+00:00 | FINISH model=Stacking; strategy=Threshold tuning; outer_fold=30; elapsed_seconds=38.420
2026-09-30T08:17:49.968169+00:00 | START model=Stacking; strategy=Threshold tuning; outer_fold=31
2026-09-30T08:18:29.410089+00:00 | FINISH model=Stacking; strategy=Threshold tuning; outer_fold=31; elapsed_seconds=39.442
2026-09-30T08:18:29.410674+00:00 | START model=Stacking; strategy=Threshold tuning; outer_fold=32
2026-09-30T08:19:09.470087+00:00 | FINISH model=Stacking; strategy=Threshold tuning; outer_fold=32; elapsed_seconds=40.059
2026-09-30T08:19:09.482662+00:00 | START model=Stacking; strategy=Threshold tuning; outer_fold=33
2026-09-30T08:19:49.508020+00:00 | FINISH model=Stacking; strategy=Threshold tuning; outer_fold=33; elapsed_seconds=40.025
2026-09-30T08:19:49.508512+00:00 | START model=Stacking; strategy=Threshold tuning; outer_fold=34
2026-09-30T08:20:36.141021+00:00 | FINISH model=Stacking; strategy=Threshold tuning; outer_fold=34; elapsed_seconds=46.632
2026-09-30T08:20:36.141548+00:00 | START model=Stacking; strategy=Threshold tuning; outer_fold=35
2026-09-30T08:21:15.204259+00:00 | FINISH model=Stacking; strategy=Threshold tuning; outer_fold=35; elapsed_seconds=39.063
2026-09-30T08:21:15.204796+00:00 | START model=Stacking; strategy=Threshold tuning; outer_fold=36
2026-09-30T08:21:53.572737+00:00 | FINISH model=Stacking; strategy=Threshold tuning; outer_fold=36; elapsed_seconds=38.368
2026-09-30T08:21:53.574094+00:00 | START model=Stacking; strategy=Threshold tuning; outer_fold=37
2026-09-30T08:22:31.276597+00:00 | FINISH model=Stacking; strategy=Threshold tuning; outer_fold=37; elapsed_seconds=37.702
2026-09-30T08:22:31.279772+00:00 | START model=Stacking; strategy=Threshold tuning; outer_fold=38
2026-09-30T08:23:08.954180+00:00 | FINISH model=Stacking; strategy=Threshold tuning; outer_fold=38; elapsed_seconds=37.674
2026-09-30T08:23:08.956226+00:00 | START model=Stacking; strategy=Threshold tuning; outer_fold=39
2026-09-30T08:23:46.927451+00:00 | FINISH model=Stacking; strategy=Threshold tuning; outer_fold=39; elapsed_seconds=37.971
2026-09-30T08:23:46.931115+00:00 | START model=Stacking; strategy=Threshold tuning; outer_fold=40
2026-09-30T08:24:24.848347+00:00 | FINISH model=Stacking; strategy=Threshold tuning; outer_fold=40; elapsed_seconds=37.917
2026-09-30T08:24:24.848930+00:00 | START model=Stacking; strategy=Threshold tuning; outer_fold=41
2026-09-30T08:25:02.658357+00:00 | FINISH model=Stacking; strategy=Threshold tuning; outer_fold=41; elapsed_seconds=37.809
2026-09-30T08:25:02.660719+00:00 | START model=Stacking; strategy=Threshold tuning; outer_fold=42
2026-09-30T08:25:41.091031+00:00 | FINISH model=Stacking; strategy=Threshold tuning; outer_fold=42; elapsed_seconds=38.430
2026-09-30T08:25:41.092411+00:00 | START model=Stacking; strategy=Threshold tuning; outer_fold=43
2026-09-30T08:26:19.014117+00:00 | FINISH model=Stacking; strategy=Threshold tuning; outer_fold=43; elapsed_seconds=37.922
2026-09-30T08:26:19.016218+00:00 | START model=Stacking; strategy=Threshold tuning; outer_fold=44
2026-09-30T08:26:56.878719+00:00 | FINISH model=Stacking; strategy=Threshold tuning; outer_fold=44; elapsed_seconds=37.862
2026-09-30T08:26:56.880879+00:00 | START model=Stacking; strategy=Threshold tuning; outer_fold=45
2026-09-30T08:27:34.762165+00:00 | FINISH model=Stacking; strategy=Threshold tuning; outer_fold=45; elapsed_seconds=37.881
2026-09-30T08:27:34.764367+00:00 | START model=Stacking; strategy=Threshold tuning; outer_fold=46
2026-09-30T08:28:12.826817+00:00 | FINISH model=Stacking; strategy=Threshold tuning; outer_fold=46; elapsed_seconds=38.062
2026-09-30T08:28:12.829252+00:00 | START model=Stacking; strategy=Threshold tuning; outer_fold=47
2026-09-30T08:28:51.229770+00:00 | FINISH model=Stacking; strategy=Threshold tuning; outer_fold=47; elapsed_seconds=38.400
2026-09-30T08:28:51.231871+00:00 | START model=Stacking; strategy=Threshold tuning; outer_fold=48
2026-09-30T08:29:29.407529+00:00 | FINISH model=Stacking; strategy=Threshold tuning; outer_fold=48; elapsed_seconds=38.176
2026-09-30T08:29:29.408835+00:00 | START model=Stacking; strategy=Threshold tuning; outer_fold=49
2026-09-30T08:30:06.953337+00:00 | FINISH model=Stacking; strategy=Threshold tuning; outer_fold=49; elapsed_seconds=37.544
2026-09-30T08:30:06.953760+00:00 | CONFIG_FINISH model=Stacking; strategy=Threshold tuning; elapsed_seconds=2326.245; n_iter=12; expanded_search=False
2026-09-30T08:30:06.970900+00:00 | SAVED_CONFIG model=Stacking; strategy=Threshold tuning; rows=1650
2026-09-30T08:30:06.971336+00:00 | CONFIG_START model=Stacking; strategy=Calibrated sigmoid + threshold; n_iter=12; expanded_search=False
2026-09-30T08:30:06.971591+00:00 | START model=Stacking; strategy=Calibrated sigmoid + threshold; outer_fold=0
2026-09-30T08:31:54.493161+00:00 | FINISH model=Stacking; strategy=Calibrated sigmoid + threshold; outer_fold=0; elapsed_seconds=107.521
2026-09-30T08:31:54.493618+00:00 | START model=Stacking; strategy=Calibrated sigmoid + threshold; outer_fold=1
2026-09-30T08:33:42.826925+00:00 | FINISH model=Stacking; strategy=Calibrated sigmoid + threshold; outer_fold=1; elapsed_seconds=108.333
2026-09-30T08:33:42.829002+00:00 | START model=Stacking; strategy=Calibrated sigmoid + threshold; outer_fold=2
2026-09-30T08:35:31.632464+00:00 | FINISH model=Stacking; strategy=Calibrated sigmoid + threshold; outer_fold=2; elapsed_seconds=108.803
2026-09-30T08:35:31.635074+00:00 | START model=Stacking; strategy=Calibrated sigmoid + threshold; outer_fold=3
2026-09-30T08:37:20.284226+00:00 | FINISH model=Stacking; strategy=Calibrated sigmoid + threshold; outer_fold=3; elapsed_seconds=108.649
2026-09-30T08:37:20.286668+00:00 | START model=Stacking; strategy=Calibrated sigmoid + threshold; outer_fold=4
2026-09-30T08:39:06.096316+00:00 | FINISH model=Stacking; strategy=Calibrated sigmoid + threshold; outer_fold=4; elapsed_seconds=105.810
2026-09-30T08:39:06.097236+00:00 | START model=Stacking; strategy=Calibrated sigmoid + threshold; outer_fold=5
2026-09-30T08:40:54.781059+00:00 | FINISH model=Stacking; strategy=Calibrated sigmoid + threshold; outer_fold=5; elapsed_seconds=108.684
2026-09-30T08:40:54.783336+00:00 | START model=Stacking; strategy=Calibrated sigmoid + threshold; outer_fold=6
2026-09-30T08:42:42.713474+00:00 | FINISH model=Stacking; strategy=Calibrated sigmoid + threshold; outer_fold=6; elapsed_seconds=107.930
2026-09-30T08:42:42.713981+00:00 | START model=Stacking; strategy=Calibrated sigmoid + threshold; outer_fold=7
2026-09-30T08:44:43.156737+00:00 | FINISH model=Stacking; strategy=Calibrated sigmoid + threshold; outer_fold=7; elapsed_seconds=120.443
2026-09-30T08:44:43.159079+00:00 | START model=Stacking; strategy=Calibrated sigmoid + threshold; outer_fold=8
2026-09-30T08:46:39.859497+00:00 | FINISH model=Stacking; strategy=Calibrated sigmoid + threshold; outer_fold=8; elapsed_seconds=116.700
2026-09-30T08:46:39.861732+00:00 | START model=Stacking; strategy=Calibrated sigmoid + threshold; outer_fold=9
2026-09-30T08:48:59.907677+00:00 | FINISH model=Stacking; strategy=Calibrated sigmoid + threshold; outer_fold=9; elapsed_seconds=140.046
2026-09-30T08:48:59.910355+00:00 | START model=Stacking; strategy=Calibrated sigmoid + threshold; outer_fold=10
2026-09-30T08:51:21.726970+00:00 | FINISH model=Stacking; strategy=Calibrated sigmoid + threshold; outer_fold=10; elapsed_seconds=141.817
2026-09-30T08:51:21.729557+00:00 | START model=Stacking; strategy=Calibrated sigmoid + threshold; outer_fold=11
2026-09-30T08:53:33.331796+00:00 | FINISH model=Stacking; strategy=Calibrated sigmoid + threshold; outer_fold=11; elapsed_seconds=131.602
2026-09-30T08:53:33.334004+00:00 | START model=Stacking; strategy=Calibrated sigmoid + threshold; outer_fold=12
2026-09-30T08:55:25.722581+00:00 | FINISH model=Stacking; strategy=Calibrated sigmoid + threshold; outer_fold=12; elapsed_seconds=112.389
2026-09-30T08:55:25.724651+00:00 | START model=Stacking; strategy=Calibrated sigmoid + threshold; outer_fold=13
2026-09-30T08:57:30.092844+00:00 | FINISH model=Stacking; strategy=Calibrated sigmoid + threshold; outer_fold=13; elapsed_seconds=124.368
2026-09-30T08:57:30.093510+00:00 | START model=Stacking; strategy=Calibrated sigmoid + threshold; outer_fold=14
2026-09-30T08:59:36.774900+00:00 | FINISH model=Stacking; strategy=Calibrated sigmoid + threshold; outer_fold=14; elapsed_seconds=126.681
2026-09-30T08:59:36.777302+00:00 | START model=Stacking; strategy=Calibrated sigmoid + threshold; outer_fold=15
2026-09-30T09:01:29.721320+00:00 | FINISH model=Stacking; strategy=Calibrated sigmoid + threshold; outer_fold=15; elapsed_seconds=112.944
2026-09-30T09:01:29.723746+00:00 | START model=Stacking; strategy=Calibrated sigmoid + threshold; outer_fold=16
2026-09-30T09:03:20.509105+00:00 | FINISH model=Stacking; strategy=Calibrated sigmoid + threshold; outer_fold=16; elapsed_seconds=110.785
2026-09-30T09:03:20.511258+00:00 | START model=Stacking; strategy=Calibrated sigmoid + threshold; outer_fold=17
2026-09-30T09:05:12.416796+00:00 | FINISH model=Stacking; strategy=Calibrated sigmoid + threshold; outer_fold=17; elapsed_seconds=111.906
2026-09-30T09:05:12.417348+00:00 | START model=Stacking; strategy=Calibrated sigmoid + threshold; outer_fold=18
2026-09-30T09:07:02.469353+00:00 | FINISH model=Stacking; strategy=Calibrated sigmoid + threshold; outer_fold=18; elapsed_seconds=110.052
2026-09-30T09:07:02.471597+00:00 | START model=Stacking; strategy=Calibrated sigmoid + threshold; outer_fold=19
2026-09-30T09:08:53.739356+00:00 | FINISH model=Stacking; strategy=Calibrated sigmoid + threshold; outer_fold=19; elapsed_seconds=111.268
2026-09-30T09:08:53.739937+00:00 | START model=Stacking; strategy=Calibrated sigmoid + threshold; outer_fold=20
2026-09-30T09:10:46.100155+00:00 | FINISH model=Stacking; strategy=Calibrated sigmoid + threshold; outer_fold=20; elapsed_seconds=112.360
2026-09-30T09:10:46.101454+00:00 | START model=Stacking; strategy=Calibrated sigmoid + threshold; outer_fold=21
2026-09-30T09:12:52.598750+00:00 | FINISH model=Stacking; strategy=Calibrated sigmoid + threshold; outer_fold=21; elapsed_seconds=126.497
2026-09-30T09:12:52.600173+00:00 | START model=Stacking; strategy=Calibrated sigmoid + threshold; outer_fold=22
2026-09-30T09:14:46.034598+00:00 | FINISH model=Stacking; strategy=Calibrated sigmoid + threshold; outer_fold=22; elapsed_seconds=113.434
2026-09-30T09:14:46.036951+00:00 | START model=Stacking; strategy=Calibrated sigmoid + threshold; outer_fold=23
2026-09-30T09:16:53.865870+00:00 | FINISH model=Stacking; strategy=Calibrated sigmoid + threshold; outer_fold=23; elapsed_seconds=127.829
2026-09-30T09:16:53.867207+00:00 | START model=Stacking; strategy=Calibrated sigmoid + threshold; outer_fold=24
2026-09-30T09:18:49.341353+00:00 | FINISH model=Stacking; strategy=Calibrated sigmoid + threshold; outer_fold=24; elapsed_seconds=115.474
2026-09-30T09:18:49.343127+00:00 | START model=Stacking; strategy=Calibrated sigmoid + threshold; outer_fold=25
2026-09-30T09:20:43.485915+00:00 | FINISH model=Stacking; strategy=Calibrated sigmoid + threshold; outer_fold=25; elapsed_seconds=114.143
2026-09-30T09:20:43.486578+00:00 | START model=Stacking; strategy=Calibrated sigmoid + threshold; outer_fold=26
2026-09-30T09:22:31.002039+00:00 | FINISH model=Stacking; strategy=Calibrated sigmoid + threshold; outer_fold=26; elapsed_seconds=107.515
2026-09-30T09:22:31.004277+00:00 | START model=Stacking; strategy=Calibrated sigmoid + threshold; outer_fold=27
2026-09-30T09:24:17.357343+00:00 | FINISH model=Stacking; strategy=Calibrated sigmoid + threshold; outer_fold=27; elapsed_seconds=106.353
2026-09-30T09:24:17.359599+00:00 | START model=Stacking; strategy=Calibrated sigmoid + threshold; outer_fold=28
2026-09-30T09:26:02.693883+00:00 | FINISH model=Stacking; strategy=Calibrated sigmoid + threshold; outer_fold=28; elapsed_seconds=105.334
2026-09-30T09:26:02.696395+00:00 | START model=Stacking; strategy=Calibrated sigmoid + threshold; outer_fold=29
2026-09-30T09:27:48.604752+00:00 | FINISH model=Stacking; strategy=Calibrated sigmoid + threshold; outer_fold=29; elapsed_seconds=105.908
2026-09-30T09:27:48.605478+00:00 | START model=Stacking; strategy=Calibrated sigmoid + threshold; outer_fold=30
2026-09-30T09:29:33.803339+00:00 | FINISH model=Stacking; strategy=Calibrated sigmoid + threshold; outer_fold=30; elapsed_seconds=105.198
2026-09-30T09:29:33.805476+00:00 | START model=Stacking; strategy=Calibrated sigmoid + threshold; outer_fold=31
2026-09-30T09:31:20.251690+00:00 | FINISH model=Stacking; strategy=Calibrated sigmoid + threshold; outer_fold=31; elapsed_seconds=106.446
2026-09-30T09:31:20.252218+00:00 | START model=Stacking; strategy=Calibrated sigmoid + threshold; outer_fold=32
2026-09-30T09:33:06.213995+00:00 | FINISH model=Stacking; strategy=Calibrated sigmoid + threshold; outer_fold=32; elapsed_seconds=105.962
2026-09-30T09:33:06.216178+00:00 | START model=Stacking; strategy=Calibrated sigmoid + threshold; outer_fold=33
2026-09-30T09:34:51.328462+00:00 | FINISH model=Stacking; strategy=Calibrated sigmoid + threshold; outer_fold=33; elapsed_seconds=105.112
2026-09-30T09:34:51.329002+00:00 | START model=Stacking; strategy=Calibrated sigmoid + threshold; outer_fold=34
2026-09-30T09:36:36.526622+00:00 | FINISH model=Stacking; strategy=Calibrated sigmoid + threshold; outer_fold=34; elapsed_seconds=105.198
2026-09-30T09:36:36.529074+00:00 | START model=Stacking; strategy=Calibrated sigmoid + threshold; outer_fold=35
2026-09-30T09:38:20.388004+00:00 | FINISH model=Stacking; strategy=Calibrated sigmoid + threshold; outer_fold=35; elapsed_seconds=103.859
2026-09-30T09:38:20.390204+00:00 | START model=Stacking; strategy=Calibrated sigmoid + threshold; outer_fold=36
2026-09-30T09:40:05.944542+00:00 | FINISH model=Stacking; strategy=Calibrated sigmoid + threshold; outer_fold=36; elapsed_seconds=105.554
2026-09-30T09:40:05.946881+00:00 | START model=Stacking; strategy=Calibrated sigmoid + threshold; outer_fold=37
2026-09-30T09:41:51.900961+00:00 | FINISH model=Stacking; strategy=Calibrated sigmoid + threshold; outer_fold=37; elapsed_seconds=105.954
2026-09-30T09:41:51.901700+00:00 | START model=Stacking; strategy=Calibrated sigmoid + threshold; outer_fold=38
2026-09-30T09:43:39.202757+00:00 | FINISH model=Stacking; strategy=Calibrated sigmoid + threshold; outer_fold=38; elapsed_seconds=107.301
2026-09-30T09:43:39.233252+00:00 | START model=Stacking; strategy=Calibrated sigmoid + threshold; outer_fold=39
2026-09-30T09:45:28.259928+00:00 | FINISH model=Stacking; strategy=Calibrated sigmoid + threshold; outer_fold=39; elapsed_seconds=109.027
2026-09-30T09:45:28.260542+00:00 | START model=Stacking; strategy=Calibrated sigmoid + threshold; outer_fold=40
2026-09-30T09:47:16.429270+00:00 | FINISH model=Stacking; strategy=Calibrated sigmoid + threshold; outer_fold=40; elapsed_seconds=108.169
2026-09-30T09:47:16.431334+00:00 | START model=Stacking; strategy=Calibrated sigmoid + threshold; outer_fold=41
2026-09-30T09:49:04.165094+00:00 | FINISH model=Stacking; strategy=Calibrated sigmoid + threshold; outer_fold=41; elapsed_seconds=107.734
2026-09-30T09:49:04.167257+00:00 | START model=Stacking; strategy=Calibrated sigmoid + threshold; outer_fold=42
2026-09-30T09:50:58.523287+00:00 | FINISH model=Stacking; strategy=Calibrated sigmoid + threshold; outer_fold=42; elapsed_seconds=114.356
2026-09-30T09:50:58.525655+00:00 | START model=Stacking; strategy=Calibrated sigmoid + threshold; outer_fold=43
2026-09-30T09:57:52.604272+00:00 | FINISH model=Stacking; strategy=Calibrated sigmoid + threshold; outer_fold=43; elapsed_seconds=414.078
2026-09-30T09:57:52.605950+00:00 | START model=Stacking; strategy=Calibrated sigmoid + threshold; outer_fold=44
2026-09-30T10:00:09.113043+00:00 | FINISH model=Stacking; strategy=Calibrated sigmoid + threshold; outer_fold=44; elapsed_seconds=136.507
2026-09-30T10:00:09.115193+00:00 | START model=Stacking; strategy=Calibrated sigmoid + threshold; outer_fold=45
2026-09-30T10:02:28.553277+00:00 | FINISH model=Stacking; strategy=Calibrated sigmoid + threshold; outer_fold=45; elapsed_seconds=139.438
2026-09-30T10:02:28.555690+00:00 | START model=Stacking; strategy=Calibrated sigmoid + threshold; outer_fold=46
2026-09-30T10:05:28.692389+00:00 | FINISH model=Stacking; strategy=Calibrated sigmoid + threshold; outer_fold=46; elapsed_seconds=180.137
2026-09-30T10:05:28.694765+00:00 | START model=Stacking; strategy=Calibrated sigmoid + threshold; outer_fold=47
2026-09-30T10:08:10.958946+00:00 | FINISH model=Stacking; strategy=Calibrated sigmoid + threshold; outer_fold=47; elapsed_seconds=162.264
2026-09-30T10:08:10.961241+00:00 | START model=Stacking; strategy=Calibrated sigmoid + threshold; outer_fold=48
2026-09-30T10:10:53.081938+00:00 | FINISH model=Stacking; strategy=Calibrated sigmoid + threshold; outer_fold=48; elapsed_seconds=162.120
2026-09-30T10:10:53.084343+00:00 | START model=Stacking; strategy=Calibrated sigmoid + threshold; outer_fold=49
2026-09-30T10:13:23.893047+00:00 | FINISH model=Stacking; strategy=Calibrated sigmoid + threshold; outer_fold=49; elapsed_seconds=150.809
2026-09-30T10:13:23.895838+00:00 | CONFIG_FINISH model=Stacking; strategy=Calibrated sigmoid + threshold; elapsed_seconds=6196.924; n_iter=12; expanded_search=False
2026-09-30T10:13:23.927767+00:00 | SAVED_CONFIG model=Stacking; strategy=Calibrated sigmoid + threshold; rows=1700
2026-09-30T10:13:23.928055+00:00 | CONFIG_START model=Stacking; strategy=Calibrated isotonic + threshold; n_iter=12; expanded_search=False
2026-09-30T10:13:23.928346+00:00 | START model=Stacking; strategy=Calibrated isotonic + threshold; outer_fold=0
2026-09-30T10:15:50.487051+00:00 | FINISH model=Stacking; strategy=Calibrated isotonic + threshold; outer_fold=0; elapsed_seconds=146.559
2026-09-30T10:15:50.488367+00:00 | START model=Stacking; strategy=Calibrated isotonic + threshold; outer_fold=1
2026-09-30T10:17:57.670132+00:00 | FINISH model=Stacking; strategy=Calibrated isotonic + threshold; outer_fold=1; elapsed_seconds=127.182
2026-09-30T10:17:57.670737+00:00 | START model=Stacking; strategy=Calibrated isotonic + threshold; outer_fold=2
2026-09-30T10:20:02.278279+00:00 | FINISH model=Stacking; strategy=Calibrated isotonic + threshold; outer_fold=2; elapsed_seconds=124.608
2026-09-30T10:20:02.280494+00:00 | START model=Stacking; strategy=Calibrated isotonic + threshold; outer_fold=3
2026-09-30T10:22:06.243761+00:00 | FINISH model=Stacking; strategy=Calibrated isotonic + threshold; outer_fold=3; elapsed_seconds=123.963
2026-09-30T10:22:06.244621+00:00 | START model=Stacking; strategy=Calibrated isotonic + threshold; outer_fold=4
2026-09-30T10:24:10.979427+00:00 | FINISH model=Stacking; strategy=Calibrated isotonic + threshold; outer_fold=4; elapsed_seconds=124.735
2026-09-30T10:24:10.981655+00:00 | START model=Stacking; strategy=Calibrated isotonic + threshold; outer_fold=5
2026-09-30T10:26:41.781985+00:00 | FINISH model=Stacking; strategy=Calibrated isotonic + threshold; outer_fold=5; elapsed_seconds=150.800
2026-09-30T10:26:41.782856+00:00 | START model=Stacking; strategy=Calibrated isotonic + threshold; outer_fold=6
2026-09-30T10:28:53.706166+00:00 | FINISH model=Stacking; strategy=Calibrated isotonic + threshold; outer_fold=6; elapsed_seconds=131.923
2026-09-30T10:28:53.707116+00:00 | START model=Stacking; strategy=Calibrated isotonic + threshold; outer_fold=7
2026-09-30T10:31:02.632571+00:00 | FINISH model=Stacking; strategy=Calibrated isotonic + threshold; outer_fold=7; elapsed_seconds=128.925
2026-09-30T10:31:02.635024+00:00 | START model=Stacking; strategy=Calibrated isotonic + threshold; outer_fold=8
2026-09-30T10:33:14.073895+00:00 | FINISH model=Stacking; strategy=Calibrated isotonic + threshold; outer_fold=8; elapsed_seconds=131.439
2026-09-30T10:33:14.074838+00:00 | START model=Stacking; strategy=Calibrated isotonic + threshold; outer_fold=9
2026-09-30T10:35:34.368209+00:00 | FINISH model=Stacking; strategy=Calibrated isotonic + threshold; outer_fold=9; elapsed_seconds=140.293
2026-09-30T10:35:34.370523+00:00 | START model=Stacking; strategy=Calibrated isotonic + threshold; outer_fold=10
2026-09-30T10:37:46.016466+00:00 | FINISH model=Stacking; strategy=Calibrated isotonic + threshold; outer_fold=10; elapsed_seconds=131.646
2026-09-30T10:37:46.017115+00:00 | START model=Stacking; strategy=Calibrated isotonic + threshold; outer_fold=11
2026-09-30T11:19:53.045551+00:00 | FINISH model=Stacking; strategy=Calibrated isotonic + threshold; outer_fold=11; elapsed_seconds=2527.028
2026-09-30T11:19:53.047884+00:00 | START model=Stacking; strategy=Calibrated isotonic + threshold; outer_fold=12
2026-09-30T11:21:56.680677+00:00 | FINISH model=Stacking; strategy=Calibrated isotonic + threshold; outer_fold=12; elapsed_seconds=123.633
2026-09-30T11:21:56.681277+00:00 | START model=Stacking; strategy=Calibrated isotonic + threshold; outer_fold=13
2026-09-30T11:23:50.906386+00:00 | FINISH model=Stacking; strategy=Calibrated isotonic + threshold; outer_fold=13; elapsed_seconds=114.225
2026-09-30T11:23:50.907723+00:00 | START model=Stacking; strategy=Calibrated isotonic + threshold; outer_fold=14
2026-09-30T11:25:44.555765+00:00 | FINISH model=Stacking; strategy=Calibrated isotonic + threshold; outer_fold=14; elapsed_seconds=113.648
2026-09-30T11:25:44.558225+00:00 | START model=Stacking; strategy=Calibrated isotonic + threshold; outer_fold=15
2026-09-30T11:27:44.184022+00:00 | FINISH model=Stacking; strategy=Calibrated isotonic + threshold; outer_fold=15; elapsed_seconds=119.626
2026-09-30T11:27:44.186727+00:00 | START model=Stacking; strategy=Calibrated isotonic + threshold; outer_fold=16
2026-09-30T11:32:44.413616+00:00 | FINISH model=Stacking; strategy=Calibrated isotonic + threshold; outer_fold=16; elapsed_seconds=300.227
2026-09-30T11:32:44.414797+00:00 | START model=Stacking; strategy=Calibrated isotonic + threshold; outer_fold=17
2026-09-30T11:34:53.560931+00:00 | FINISH model=Stacking; strategy=Calibrated isotonic + threshold; outer_fold=17; elapsed_seconds=129.146
2026-09-30T11:34:53.562149+00:00 | START model=Stacking; strategy=Calibrated isotonic + threshold; outer_fold=18
2026-09-30T11:36:56.236592+00:00 | FINISH model=Stacking; strategy=Calibrated isotonic + threshold; outer_fold=18; elapsed_seconds=122.674
2026-09-30T11:36:56.239144+00:00 | START model=Stacking; strategy=Calibrated isotonic + threshold; outer_fold=19
2026-09-30T11:39:02.754666+00:00 | FINISH model=Stacking; strategy=Calibrated isotonic + threshold; outer_fold=19; elapsed_seconds=126.515
2026-09-30T11:39:02.755178+00:00 | START model=Stacking; strategy=Calibrated isotonic + threshold; outer_fold=20
2026-09-30T11:41:06.670779+00:00 | FINISH model=Stacking; strategy=Calibrated isotonic + threshold; outer_fold=20; elapsed_seconds=123.916
2026-09-30T11:41:06.671411+00:00 | START model=Stacking; strategy=Calibrated isotonic + threshold; outer_fold=21
2026-09-30T11:43:12.597226+00:00 | FINISH model=Stacking; strategy=Calibrated isotonic + threshold; outer_fold=21; elapsed_seconds=125.926
2026-09-30T11:43:12.598714+00:00 | START model=Stacking; strategy=Calibrated isotonic + threshold; outer_fold=22
2026-09-30T11:45:15.672779+00:00 | FINISH model=Stacking; strategy=Calibrated isotonic + threshold; outer_fold=22; elapsed_seconds=123.074
2026-09-30T11:45:15.675079+00:00 | START model=Stacking; strategy=Calibrated isotonic + threshold; outer_fold=23
2026-09-30T11:47:22.619165+00:00 | FINISH model=Stacking; strategy=Calibrated isotonic + threshold; outer_fold=23; elapsed_seconds=126.944
2026-09-30T11:47:22.621494+00:00 | START model=Stacking; strategy=Calibrated isotonic + threshold; outer_fold=24
2026-09-30T11:49:25.630867+00:00 | FINISH model=Stacking; strategy=Calibrated isotonic + threshold; outer_fold=24; elapsed_seconds=123.009
2026-09-30T11:49:25.631414+00:00 | START model=Stacking; strategy=Calibrated isotonic + threshold; outer_fold=25
2026-09-30T11:51:26.982796+00:00 | FINISH model=Stacking; strategy=Calibrated isotonic + threshold; outer_fold=25; elapsed_seconds=121.351
2026-09-30T11:51:26.984271+00:00 | START model=Stacking; strategy=Calibrated isotonic + threshold; outer_fold=26
2026-09-30T11:53:25.041477+00:00 | FINISH model=Stacking; strategy=Calibrated isotonic + threshold; outer_fold=26; elapsed_seconds=118.057
2026-09-30T11:53:25.043778+00:00 | START model=Stacking; strategy=Calibrated isotonic + threshold; outer_fold=27
2026-09-30T11:55:36.017684+00:00 | FINISH model=Stacking; strategy=Calibrated isotonic + threshold; outer_fold=27; elapsed_seconds=130.974
2026-09-30T11:55:36.018770+00:00 | START model=Stacking; strategy=Calibrated isotonic + threshold; outer_fold=28
2026-09-30T11:57:49.824279+00:00 | FINISH model=Stacking; strategy=Calibrated isotonic + threshold; outer_fold=28; elapsed_seconds=133.806
2026-09-30T11:57:49.826568+00:00 | START model=Stacking; strategy=Calibrated isotonic + threshold; outer_fold=29
2026-09-30T11:59:58.031476+00:00 | FINISH model=Stacking; strategy=Calibrated isotonic + threshold; outer_fold=29; elapsed_seconds=128.205
2026-09-30T11:59:58.033803+00:00 | START model=Stacking; strategy=Calibrated isotonic + threshold; outer_fold=30
2026-09-30T12:01:58.724540+00:00 | FINISH model=Stacking; strategy=Calibrated isotonic + threshold; outer_fold=30; elapsed_seconds=120.691
2026-09-30T12:01:58.726728+00:00 | START model=Stacking; strategy=Calibrated isotonic + threshold; outer_fold=31
2026-09-30T12:04:01.932534+00:00 | FINISH model=Stacking; strategy=Calibrated isotonic + threshold; outer_fold=31; elapsed_seconds=123.206
2026-09-30T12:04:01.934757+00:00 | START model=Stacking; strategy=Calibrated isotonic + threshold; outer_fold=32
2026-09-30T12:05:57.694964+00:00 | FINISH model=Stacking; strategy=Calibrated isotonic + threshold; outer_fold=32; elapsed_seconds=115.760
2026-09-30T12:05:57.695439+00:00 | START model=Stacking; strategy=Calibrated isotonic + threshold; outer_fold=33
2026-09-30T12:07:46.550135+00:00 | FINISH model=Stacking; strategy=Calibrated isotonic + threshold; outer_fold=33; elapsed_seconds=108.855
2026-09-30T12:07:46.552192+00:00 | START model=Stacking; strategy=Calibrated isotonic + threshold; outer_fold=34
2026-09-30T12:09:48.036704+00:00 | FINISH model=Stacking; strategy=Calibrated isotonic + threshold; outer_fold=34; elapsed_seconds=121.484
2026-09-30T12:09:48.039068+00:00 | START model=Stacking; strategy=Calibrated isotonic + threshold; outer_fold=35
2026-09-30T12:11:48.703478+00:00 | FINISH model=Stacking; strategy=Calibrated isotonic + threshold; outer_fold=35; elapsed_seconds=120.664
2026-09-30T12:11:48.705692+00:00 | START model=Stacking; strategy=Calibrated isotonic + threshold; outer_fold=36
2026-09-30T12:13:49.584174+00:00 | FINISH model=Stacking; strategy=Calibrated isotonic + threshold; outer_fold=36; elapsed_seconds=120.878
2026-09-30T12:13:49.586508+00:00 | START model=Stacking; strategy=Calibrated isotonic + threshold; outer_fold=37
2026-09-30T12:15:49.317419+00:00 | FINISH model=Stacking; strategy=Calibrated isotonic + threshold; outer_fold=37; elapsed_seconds=119.731
2026-09-30T12:15:49.354680+00:00 | START model=Stacking; strategy=Calibrated isotonic + threshold; outer_fold=38
2026-09-30T12:18:03.297315+00:00 | FINISH model=Stacking; strategy=Calibrated isotonic + threshold; outer_fold=38; elapsed_seconds=133.942
2026-09-30T12:18:03.299905+00:00 | START model=Stacking; strategy=Calibrated isotonic + threshold; outer_fold=39
2026-09-30T12:20:27.072745+00:00 | FINISH model=Stacking; strategy=Calibrated isotonic + threshold; outer_fold=39; elapsed_seconds=143.773
2026-09-30T12:20:27.073943+00:00 | START model=Stacking; strategy=Calibrated isotonic + threshold; outer_fold=40
2026-09-30T12:23:00.657818+00:00 | FINISH model=Stacking; strategy=Calibrated isotonic + threshold; outer_fold=40; elapsed_seconds=153.584
2026-09-30T12:23:00.659424+00:00 | START model=Stacking; strategy=Calibrated isotonic + threshold; outer_fold=41
2026-09-30T12:25:27.078051+00:00 | FINISH model=Stacking; strategy=Calibrated isotonic + threshold; outer_fold=41; elapsed_seconds=146.418
2026-09-30T12:25:27.079303+00:00 | START model=Stacking; strategy=Calibrated isotonic + threshold; outer_fold=42
2026-09-30T12:27:46.478862+00:00 | FINISH model=Stacking; strategy=Calibrated isotonic + threshold; outer_fold=42; elapsed_seconds=139.400
2026-09-30T12:27:46.479722+00:00 | START model=Stacking; strategy=Calibrated isotonic + threshold; outer_fold=43
2026-09-30T12:30:13.329141+00:00 | FINISH model=Stacking; strategy=Calibrated isotonic + threshold; outer_fold=43; elapsed_seconds=146.849
2026-09-30T12:30:13.329633+00:00 | START model=Stacking; strategy=Calibrated isotonic + threshold; outer_fold=44
2026-09-30T12:32:18.079301+00:00 | FINISH model=Stacking; strategy=Calibrated isotonic + threshold; outer_fold=44; elapsed_seconds=124.750
2026-09-30T12:32:18.080729+00:00 | START model=Stacking; strategy=Calibrated isotonic + threshold; outer_fold=45
2026-09-30T12:34:25.512033+00:00 | FINISH model=Stacking; strategy=Calibrated isotonic + threshold; outer_fold=45; elapsed_seconds=127.431
2026-09-30T12:34:25.512682+00:00 | START model=Stacking; strategy=Calibrated isotonic + threshold; outer_fold=46
2026-09-30T12:36:31.193640+00:00 | FINISH model=Stacking; strategy=Calibrated isotonic + threshold; outer_fold=46; elapsed_seconds=125.681
2026-09-30T12:36:31.194344+00:00 | START model=Stacking; strategy=Calibrated isotonic + threshold; outer_fold=47
2026-09-30T12:38:39.924368+00:00 | FINISH model=Stacking; strategy=Calibrated isotonic + threshold; outer_fold=47; elapsed_seconds=128.730
2026-09-30T12:38:39.925022+00:00 | START model=Stacking; strategy=Calibrated isotonic + threshold; outer_fold=48
2026-09-30T12:40:40.642469+00:00 | FINISH model=Stacking; strategy=Calibrated isotonic + threshold; outer_fold=48; elapsed_seconds=120.717
2026-09-30T12:40:40.644468+00:00 | START model=Stacking; strategy=Calibrated isotonic + threshold; outer_fold=49
2026-09-30T12:42:39.920194+00:00 | FINISH model=Stacking; strategy=Calibrated isotonic + threshold; outer_fold=49; elapsed_seconds=119.276
2026-09-30T12:42:39.922377+00:00 | CONFIG_FINISH model=Stacking; strategy=Calibrated isotonic + threshold; elapsed_seconds=8955.994; n_iter=12; expanded_search=False
2026-09-30T12:42:39.949517+00:00 | SAVED_CONFIG model=Stacking; strategy=Calibrated isotonic + threshold; rows=1750
